Coord,Var,Season,TScale,ERA-I,HIRHAM (EAS),HadRM3P (EAS),RegCM4-1 (WAS),RegCM4-4 (WAS),HadRM3P (WAS),RCA4 (WAS),CCLM (EAS)
10.25_104.75,preci,All,Day,1.6395304624208906,0.0616376762909145,1.593310874178868,10.438547552795429,5.011306345506696,1.6943416825097977,0.5651318382464862,115.63086721054796
10.25_105.25,preci,All,Day,1.335631324577733,0.143507294001508,0.7492004125646621,9.732926150246472,1.5980471547114714,0.7159411951076515,2.4655613259023426,105.36089973339712
10.25_105.75,preci,All,Day,1.3057947549791495,0.8285849721750527,0.2737159637718714,8.068114217959453,0.7516486302833099,0.1101855199896565,2.5004243483846977,95.4652431107254
10.25_106.25,preci,All,Day,1.450257055353661,0.8237247020547263,0.3996917344998087,7.233584891968703,0.9180296682200632,0.344474725928541,1.7388246331323396,96.96467086791245
10.25_106.75,preci,All,Day,1.4648960702584963,0.4983823283301755,1.0723706273567022,8.12671331569162,0.4964609323571322,0.0846249282892543,0.6576934723033769,115.22911542122796
10.75_104.75,preci,All,Day,2.224287149503392,0.6109861989600877,1.4019703236886347,11.555187642107503,4.178771195407575,1.537786188497041,1.520403408869349,86.39113603091734
10.75_105.25,preci,All,Day,1.7047504669440867,0.1813399708642774,1.127142385065502,8.918872658867079,1.902670468770301,1.212455109948071,3.3552618824396108,83.04500870992499
10.75_105.75,preci,All,Day,1.192604746201859,0.3087662214496168,0.4723553573196745,6.9463090896939335,1.2432351662781496,0.5076129268366796,3.0897131984210526,89.99359078114948
11.25_104.25,preci,All,Day,2.4203910862103504,0.1223524129796424,1.0416364779919285,11.567676462844002,2.788668806523749,1.411488899347664,1.466847404490356,73.63838974857016
11.25_104.75,preci,All,Day,2.045568624090916,0.615855066695426,0.7831187285400201,8.492261731606959,2.8670263487737357,1.197906523149586,2.3462681780672345,63.38848863539216
11.25_105.25,preci,All,Day,1.8181281218549965,0.3248546795695845,1.3671997064551022,7.216061072478533,2.834938738747343,1.3508027400527636,4.070007906288439,68.2300200717668
11.75_104.25,preci,All,Day,2.265829079049875,0.2447967135840992,0.3195687194877576,8.87324037408281,3.349525209776749,0.0424103052709116,2.686207134375555,55.49353275703824
11.75_104.75,preci,All,Day,1.8427594545115595,0.2630468257190272,0.346075053983201,5.863274970251947,3.3977629697266525,0.5668452772737075,2.7409271689036965,49.74869969029651
11.75_105.25,preci,All,Day,1.7984716818029476,0.7938914510199009,1.3197396141045294,6.479863753769361,3.315940534047013,1.380063528254421,4.517995158986706,61.121673660250615
12.25_103.25,preci,All,Day,1.9360928978583816,4.479267918450892,0.8106938008957937,17.434757557395624,1.7307981095435994,1.922191754435536,5.34613345009066,108.28334879149811
12.25_103.75,preci,All,Day,2.104610297499117,1.4951907959464237,0.3857504333644114,11.058164428610093,2.410391910694426,0.2897917426436578,2.5916680437376938,68.14904337066888
12.25_104.25,preci,All,Day,1.4906617545322385,0.1718885324042805,0.5615133867568429,6.681963934666183,2.3942152883134526,0.8983750363674592,3.898554279714861,53.19872610263693
12.25_104.75,preci,All,Day,1.327452964963076,0.022774782422005,0.7216826004444576,4.706528327139618,2.472966905158766,0.994355860129457,3.064462791711591,55.21259291705958
12.25_105.25,preci,All,Day,1.4397260588624048,1.1706082589588327,1.505483553998064,6.382825402544095,2.6628354979213165,1.2835430828421055,4.364080021914375,71.87168739426329
12.25_105.75,preci,All,Day,1.6687986725616146,0.7124204289534876,1.3601296081053271,7.882211614504291,2.868679409625122,1.3371934940678551,4.657128575828567,98.9515527962932
12.25_106.25,preci,All,Day,1.66964772636326,0.1221138135769767,1.5854639834483073,7.315533398742336,3.033927028240338,1.7746340878473434,3.948010996834469,142.3780100241382
12.25_106.75,preci,All,Day,1.160848806132217,0.0341393946023374,1.1617795449436683,7.438940650920312,2.434503744616404,0.4443449131131622,2.5164429906562216,207.4488108474637
12.25_107.25,preci,All,Day,0.1471264164379011,4.0330317645303,3.7549291442873542,6.687554393672672,0.8971078186453695,1.5523231073814583,6.132986010643748,258.5752084967757
12.25_107.75,preci,All,Day,0.395620970786118,3.096141329475276,0.7020768910461153,5.443305976410033,0.2092694746453696,1.0732117687406375,0.0853284540247033,171.90252577500345
12.25_108.25,preci,All,Day,0.2423263131588157,6.994497348001524,1.180317651075952,6.888601502701072,0.6873026536776726,1.616481371320841,3.341550004024034,105.33937707984116
12.75_102.75,preci,All,Day,2.4108535945896272,0.5090283992272979,1.5861191520402351,16.257056666049174,1.7460605919318872,2.4118897305822733,1.7360941936591117,102.79806118236166
12.75_103.25,preci,All,Day,1.9602341241108177,0.2868775490142422,0.1344784292266364,10.200236403176792,2.050889243752095,0.4349543621051861,0.0256757595391086,72.47582208105467
12.75_103.75,preci,All,Day,1.5550317751811784,1.1219077488016136,0.3205582600036497,5.871276233244759,1.7185450670686953,0.1948232333177765,0.1099552664097961,57.892164702277135
12.75_104.25,preci,All,Day,1.2777472788782192,0.6676464365359619,0.4388964207007013,4.881168327129704,2.7014756720212048,0.4829184231540696,1.1789367959556434,57.97650621270735
12.75_104.75,preci,All,Day,1.441900705088271,0.2626318155497418,1.1364642511996446,4.666411031353961,1.4760491108470986,0.9576966892954558,2.246530051487025,71.2574765321137
12.75_105.25,preci,All,Day,1.5635975256885917,0.6408564023204854,1.2836471927628743,7.180191438897468,1.947839981568352,1.363069046606965,4.186624542366078,87.77810255169936
12.75_105.75,preci,All,Day,1.7106259633013998,0.693769630824467,1.4356076499260926,8.102877473995706,2.2906384353873905,1.2331594228306642,3.756376522205628,105.06020288026195
12.75_106.25,preci,All,Day,1.4528321732382736,0.5152319232931251,1.264993008094106,5.280165713509185,2.4218223326550805,1.0870764907844612,2.742314332039961,128.743684393904
12.75_106.75,preci,All,Day,0.9109767369484284,0.5278796822772617,1.6168856595170298,5.581787947973418,1.9345232338556344,1.4851660578458443,2.373007285966383,157.2126207002224
12.75_107.25,preci,All,Day,0.2336350142819918,1.0992074945143526,0.4712062451453949,5.362806949041059,0.6445992920823951,1.3782566316742275,1.4778730423490114,171.43155251130077
12.75_107.75,preci,All,Day,0.3159655991387222,2.0726671051331045,1.0878562733616306,4.325234332456143,0.1463281719237041,0.6597278313994414,1.5575003679259354,134.0264227457856
12.75_108.25,preci,All,Day,0.1169442360297271,0.2828937757121954,1.5759194370534817,4.255136725404599,0.5049095523984461,0.2737851518185749,1.1855518794155766,89.90236669594154
13.25_102.75,preci,All,Day,2.3451171752588,0.1028512794673715,0.4814081819625401,8.580388903749302,1.6370509457792282,0.138950738533769,0.1330724532905689,79.31388312748726
13.25_103.25,preci,All,Day,1.8315957765727893,0.339924033227513,0.599178601571017,4.995279294843532,1.4982511122622533,0.9072561519932134,1.14361193701582,69.2478223532524
13.25_103.75,preci,All,Day,1.4491890188556242,0.177457993997001,1.2946658411838552,4.132912793610795,1.9022377692048371,1.2933701108272064,2.024559747891101,69.32416819891472
13.25_104.25,preci,All,Day,1.473980839064111,0.4296164332727676,1.8015343201900984,4.752945527557739,1.4633630992144966,1.7913941101646904,3.2228802379882877,83.060601494259
13.25_104.75,preci,All,Day,1.759884246198634,0.3858420601945976,1.855835897032397,5.9388308252222926,1.2172648849707253,1.845636027418226,2.9316418174656222,99.1507894279106
13.25_105.25,preci,All,Day,1.710464338452608,0.569438181947072,1.270713359891174,6.9366259446149545,1.4712160660601488,1.4498221437059988,4.054083303863067,105.3735638761988
13.25_105.75,preci,All,Day,1.5423110852014998,0.8404977462027161,1.3355740450661815,7.609562340670903,1.5057543136669431,0.9857583998360948,3.700350137348099,107.52248035856364
13.25_106.25,preci,All,Day,1.2375415273671186,0.214848149055173,1.770691030725562,5.637454867670136,1.476296059484155,1.7998995698200888,3.2496644227523577,120.48346242342996
13.25_106.75,preci,All,Day,0.6530632445190534,0.5484903884433714,1.334658293747656,4.078936696123932,0.9061416487586964,1.7627714360152082,1.9849046158310009,142.43601195373944
13.25_107.25,preci,All,Day,0.1568163241733751,2.2566964510833163,0.332007295599782,3.3492546662651788,0.1617803498898426,0.1519528590041198,1.2494523858293276,155.54964772137825
13.25_107.75,preci,All,Day,0.2909103148738134,2.3814726375772635,0.905168397524856,3.2666798429589097,0.677734565999368,1.223486722242462,1.8292574667315484,124.30039700765305
13.25_108.25,preci,All,Day,0.0193519743741302,1.1381910062298457,0.1842937769480962,3.9039891140239433,0.4451136508072371,0.5683983700180013,0.6312720116907257,87.23704008695121
13.75_102.75,preci,All,Day,1.6672833843589527,0.6244635340457368,0.6643085221808992,4.450987974457933,1.358553610269399,0.5361000508863666,0.6741366154370246,85.86304781187826
13.75_103.25,preci,All,Day,2.053411387376089,0.0133484330958055,1.3148761634205994,3.8949422769660886,1.4746641982678768,1.1898302578707758,1.605145749348266,86.89692691663272
13.75_103.75,preci,All,Day,1.8912084015642,0.3395058571947543,1.5809749425146176,4.945364742098783,1.3905238201333587,1.398044837738146,2.6164366199145115,97.64804008412608
13.75_104.25,preci,All,Day,1.9042951538213428,0.2371825614717215,1.6418689693145392,5.244351592108605,1.0566303169329,1.5453133624802369,3.263785688837055,109.95037394242446
13.75_104.75,preci,All,Day,1.8868691462758305,0.2052743934173584,1.445805636200966,4.299973242013126,0.9445062216917082,1.2799623228506012,1.872302356095832,113.94766412825427
13.75_105.25,preci,All,Day,1.7070259052010974,0.3519929868405457,0.8212732620723531,4.626213509914993,0.9448683377441188,0.8918320876219566,2.9272288944873743,113.44488392705588
13.75_105.75,preci,All,Day,1.3799537746929291,0.2392032956920121,1.165370070602275,5.301531845792943,0.919474263162172,1.2177513936734048,2.2879575500911167,118.3755997630784
13.75_106.25,preci,All,Day,1.1516244459330196,0.2457518125268792,1.7219621343967504,4.761478026743056,0.855530310816769,1.0999904985912716,2.061100911330697,140.79841376175006
13.75_106.75,preci,All,Day,0.5254949938486168,0.7337387749167505,0.6369035897964263,3.947610632330812,0.1289589018769217,0.7578995888102699,2.1417383394047764,182.42064554433017
13.75_107.25,preci,All,Day,0.0061168414701787,1.6107230069298324,0.6448963707050677,3.5613019931522727,0.7213911664550811,0.1498389986027511,0.5612400375352905,213.47341354903023
13.75_107.75,preci,All,Day,0.4814730408472547,1.6435877974613715,0.3319601298659047,2.430762422427735,1.3201328825006236,0.1377070859633804,0.4661922921339671,161.11401765690127
14.25_102.25,preci,All,Day,2.264514670439434,4.106426179156642,1.673085761877667,6.709356302532333,1.157181953085275,1.0147315754328434,3.849165609415774,92.59538040980851
14.25_102.75,preci,All,Day,1.912023431026268,2.066953844309839,0.8840867797630958,5.831880002706716,1.1160814479760834,0.9855892743572904,2.728202455958716,85.64722226446526
14.25_103.25,preci,All,Day,1.8032155539239425,0.5380247020318386,0.8459517774180222,4.341435805340035,1.0122520881794337,0.7392292822501088,1.982962172445543,90.32189038954296
14.25_103.75,preci,All,Day,1.6514156535744038,0.630807651756709,1.1314622790828042,4.460730627001546,0.8681672177995311,1.0807950126397448,3.356571333589641,99.52102402537146
14.25_104.25,preci,All,Day,1.7428145456933075,1.3281006972652247,1.710509537530309,5.064802597238365,0.8156240821095765,1.6375747001838363,5.305887343372573,104.91319844729269
14.25_104.75,preci,All,Day,1.415844325781173,0.1764800408116381,0.5344765333949155,3.357647677236045,0.4272577563870067,0.363098538633624,2.565085087353666,106.06409099985156
14.25_105.25,preci,All,Day,1.1343053769482958,1.1215347365213366,1.5626929335065878,3.615473111827317,0.1398462859937662,1.0414137771027163,5.436407794508823,114.7651999447872
14.25_105.75,preci,All,Day,0.9757276156860716,1.4127332498470786,0.4788897045633631,2.246617663188752,0.0757653774305879,0.5911654067331802,0.2612190337823243,144.34117454429634
14.25_106.25,preci,All,Day,0.7110722445883622,0.8227914340155453,0.537279072212727,2.574676532486016,0.1662757633523271,0.8528135717609389,1.2090694770218284,190.17075067285737
14.25_106.75,preci,All,Day,0.073184350112883,0.581540162681461,1.0141376986221933,2.4218654732578133,0.7926868418370121,1.0925137219626593,2.368990252697262,237.84516725951656
14.25_107.25,preci,All,Day,0.4122155385704663,0.9701601404002366,0.6602046024837009,1.95446269508326,1.3430286276237555,0.7197388352108706,1.1219446073332218,232.82444621504243
14.25_107.75,preci,All,Day,0.1688573663992289,0.324326296822704,0.9863913869651674,2.1346962272824297,1.1471790536996422,1.1511696297553171,0.2432220862051414,141.39035170508487
14.25_108.25,preci,All,Day,0.6768537648596308,3.785294697134842,0.6350097000383856,4.189084496721527,0.1099833760646744,0.6294958214935887,2.246847382078552,89.39416599576462
14.75_101.75,preci,All,Day,2.6298285239295747,2.0643938136930364,0.678224869242761,4.203000345923765,1.462325200358637,0.8450036479296208,2.5424139409123363,97.53170101029232
14.75_102.25,preci,All,Day,2.2219061141068424,0.3051580222897369,0.3185612894726392,3.2838329639093287,1.0902790974874466,0.0166688800402104,0.2866435798929114,77.24715525503069
14.75_102.75,preci,All,Day,1.607829742043226,0.1783097114553878,0.1593644774833737,2.676628973640901,0.6903307361974116,0.2521183488696507,0.9766697978007302,70.5207480795778
14.75_103.25,preci,All,Day,1.3984957552831274,0.0415333791621845,0.4424950848773787,2.274430747557745,0.5151971232884599,0.5414305617995783,1.6682263751060995,74.9310543856942
14.75_103.75,preci,All,Day,1.3396847898915794,0.0069183776769412,0.446214632432426,1.9866828294226533,0.4359966971457381,0.5015815908261873,1.97845571775143,81.97128106603924
14.75_104.25,preci,All,Day,1.483113712326944,0.2447149008946303,0.5286917103580682,1.945731610031972,0.3631566453568175,0.5675036940150776,2.057673135813599,88.68643176357791
14.75_104.75,preci,All,Day,1.1518971546807248,0.2351068142365884,0.4101807270432263,1.2263775175323763,0.0261477543457256,0.5300922534868668,1.5832268314627929,97.90788167395633
14.75_105.25,preci,All,Day,0.684058029884218,0.3340044555950429,0.8060712856128017,0.8228258713809565,0.4820095351413875,0.9358347654540649,1.360121079511089,122.83257362672008
14.75_105.75,preci,All,Day,0.0891505915315859,2.067277703782597,0.5451658293251422,0.9366375113453588,1.35011686244341,0.100278357256126,0.5446298944406602,174.4560448781926
14.75_106.25,preci,All,Day,0.1600644861109381,0.3566481562513713,0.0705037231594124,1.6667542138784397,1.480077833028621,0.0996643745607995,6.274446093451963,217.6312648970579
14.75_106.75,preci,All,Day,0.3343143474064724,0.1400380900052554,0.6048470207148898,0.7443705060965212,1.6057174124243885,0.8401401694826794,0.6435438257993916,210.86769753696305
14.75_107.25,preci,All,Day,0.5448126800934622,1.2949853066767252,1.5831242037250708,0.9912265962243162,1.5470766016627,2.004189469436453,1.571058660418771,152.94672009470938
14.75_107.75,preci,All,Day,0.1526189365115713,3.255066988579867,0.6207558299696405,2.40404602929912,0.7319367912931585,1.1025935356909244,0.9718764350675388,94.91337024788574
14.75_108.25,preci,All,Day,0.8669210729613159,6.65173478872819,0.1009887710820592,5.552752972964726,0.2610496028578148,0.4482676719298602,4.9180814023028745,89.09525547390862
15.25_101.75,preci,All,Day,2.1300351448555515,0.2390403056477578,0.4574616708342164,2.804753491761552,1.41092371294857,0.4702375164624178,0.4385630216349254,87.20436796530188
15.25_102.25,preci,All,Day,1.674294205812369,0.7958002582360516,0.0757639960113207,1.8896971251540475,0.9526844153126012,0.0200680822227126,0.1180766344575904,65.59855013831847
15.25_102.75,preci,All,Day,1.318368374770253,0.5063463740406318,0.5857646784343519,1.5861634707573862,0.5956255855110656,0.5604266851146,0.5474204761996502,58.10314136796436
15.25_103.25,preci,All,Day,1.2077434351038072,0.3743489656952578,0.6357776490928769,1.747798438973475,0.3394493616381779,0.5404977333033261,1.0202152291175846,62.68314044104714
15.25_103.75,preci,All,Day,1.0626107962411258,0.572756421505579,0.623007625946263,1.5126189743678873,0.1175502731733136,0.5776740956145892,1.0220032883506238,72.23110386552065
15.25_104.25,preci,All,Day,1.3182508760884997,0.3034195754923444,0.8742761905076359,1.6901440494681548,0.201134773423807,0.8365465751891581,1.5566493301346214,82.53508170495877
15.25_104.75,preci,All,Day,0.9879710544646276,0.5887100030807246,0.6323499712176945,1.062690641520768,0.169471211198441,0.5930141209759158,1.7356046296965315,97.57395059526752
15.25_105.25,preci,All,Day,0.6366605983721578,1.5660511923353615,0.0438180575362709,0.18380142861314,0.5923135141135326,0.2104882050228551,1.183322687678278,126.81910075781964
15.25_105.75,preci,All,Day,0.5774710758592572,0.2043115602355127,0.380691986224881,0.8782244145252206,1.1182522484482031,0.1625666606304364,1.2858320552975662,176.9322551461486
15.25_106.25,preci,All,Day,0.8396789657588646,4.05454599278347,2.427290834394446,0.2551891442741484,2.357123443285987,1.3863302072148012,8.807918574125084,193.42646697801493
15.25_106.75,preci,All,Day,0.2283286413977703,1.303022003603996,0.3958627194572879,0.6408979298890201,1.7280324900099553,0.8690122480082717,1.437274915887268,144.86803729006286
15.25_107.25,preci,All,Day,1.115987458517432,1.9600229684489603,3.438246437719265,0.6484983319115133,2.126504261322827,3.5233865279732117,0.3159778151400365,92.17679648834114
15.75_101.75,preci,All,Day,2.4776415153691005,0.512077343601971,0.7096977273828942,2.0392994858159743,0.9252992101300196,0.6814640241823171,0.2141377866457256,88.25289861906643
15.75_102.25,preci,All,Day,2.0404415092758823,0.6137976048603624,0.3706477625261802,1.4650146138232754,0.6495761100631839,0.4658208078135278,0.0880041673490112,59.7828862050819
15.75_102.75,preci,All,Day,1.58579252062883,0.4265595025493323,0.7098755109668454,1.3212245961360296,0.4873080315569967,0.7334383444040674,0.7058575157195467,52.739756864094645
15.75_103.25,preci,All,Day,1.352254751818906,0.2140367291867392,0.8042004543361877,1.4949314172234307,0.2099108394313315,0.8373232605261642,1.6203854876218438,61.557421893659175
15.75_103.75,preci,All,Day,1.3141073790331712,0.3842840602025592,0.8380800722848804,1.3910307593523568,0.0699567862510135,0.8485300333910327,1.6633162364828111,73.09709709819508
15.75_104.25,preci,All,Day,1.2690252130731556,0.4873516995427371,0.7211030418401845,1.2602839763846976,0.1330729625423565,0.895264030592571,1.9824781657477488,80.74300795590145
15.75_104.75,preci,All,Day,0.8783495191995252,0.5363090375007814,0.534676491979471,0.7505614504213532,0.6877087739661194,0.6900166839457696,2.594662426664056,89.48480866969349
15.75_105.25,preci,All,Day,0.6195293773688078,0.7978352656414018,1.188263794367087,0.0164081658144947,0.8839996044365597,0.8781817544085613,2.162587859848357,114.6606741355394
15.75_105.75,preci,All,Day,0.4403666616333118,1.6264719362354212,0.8472481807183325,0.9398350547996788,1.2052423868608737,0.9065503177859044,1.403205120106191,153.72755452458915
15.75_106.25,preci,All,Day,0.2574627601362601,2.1325918202160814,1.7363979269776575,0.8052570569516411,1.3889039757876218,0.3323175827716407,0.9304669788415424,149.62954058351698
15.75_106.75,preci,All,Day,0.7591508447222715,1.565152333442492,2.211657839417973,0.2334336530202533,2.3358389810413867,2.8301661148733324,1.9456299279642684,96.47143772468672
16.25_101.75,preci,All,Day,2.9488522798492878,2.062417767866429,1.1710327318573008,1.9127007554434223,0.9067528243393276,1.1247992940399163,1.9970333604888348,80.9843871553502
16.25_102.25,preci,All,Day,2.471555076050193,0.2425626459789817,1.200930656138033,1.5122962320561275,0.7626983796982716,1.312244794667398,0.2081202029683297,54.05925706458447
16.25_102.75,preci,All,Day,1.5301377173670003,0.5292463591938863,0.4804209699058446,1.118171236638445,0.2746830790180009,0.5151993757850598,0.4190350084361119,50.37869021434933
16.25_103.25,preci,All,Day,1.29349660585547,0.4462236099556773,0.5171628970361294,1.3691593029007356,0.0495018957226188,0.5513097238705179,1.1885624696153028,61.34356209494994
16.25_103.75,preci,All,Day,1.2738854637482626,0.6250106431069857,0.5478915298022693,1.4620872642620362,0.2444809865795964,0.7628579377738532,1.6735944810771677,72.86572431430147
16.25_104.25,preci,All,Day,1.1198703383931168,0.0802048367529148,0.8759107696863089,1.243255735562266,0.6266145036672207,1.0496425794453552,2.9004286726735624,75.51021591310729
16.25_104.75,preci,All,Day,0.7674498593156258,0.2738602066749078,0.9465726016142296,0.6213546902686062,1.2035860387140171,0.7758593597619186,3.0825970409277152,81.25254410593693
16.25_105.25,preci,All,Day,0.5124706809885294,0.8964019129591041,0.0137455758485099,0.2978339081411891,1.5002794895199785,0.3769144424086425,2.100490776316778,106.32038639987306
16.25_105.75,preci,All,Day,0.6477600312586189,1.522284130840035,0.3484160787177141,0.5965375635766486,1.371481685999825,0.5044691600286013,0.5350471378319592,129.73383978673726
16.25_106.25,preci,All,Day,0.2069072299776496,2.0496262918858954,0.2240913551471929,0.556094593501209,1.7345441060960924,0.7996492944828073,0.0929322068372528,103.03353587357924
16.25_106.75,preci,All,Day,0.5022120520347749,0.4494976592660626,0.698040959530685,1.009698655682984,2.065385863822983,0.3703646556518368,0.6724786578128994,78.17437463203709
16.25_107.25,preci,All,Day,0.1157952227800157,2.3872121612213366,1.353526404150306,3.5609206844362373,1.5863281218955814,1.8503810536191887,2.2158756094157286,98.78331932616088
16.75_101.75,preci,All,Day,3.2304512668375445,0.755841734156436,1.5960195927494911,1.385679269307532,0.5399068335932221,2.029722220106602,1.2350607458083511,64.54206684340573
16.75_102.25,preci,All,Day,2.593059196460458,0.7046172519426386,0.937096124344234,1.115860540757429,0.4165236125470439,0.8190378195945054,0.2440103849728171,48.59362493817056
16.75_102.75,preci,All,Day,1.749385503003025,0.19173737947119,0.4352933881835001,1.179107334218472,0.1290283946269289,0.5815524146742795,0.972886637324612,48.6662297698665
16.75_103.25,preci,All,Day,1.5437677166487789,0.0701884067919105,0.4109946529951642,1.755946916618934,0.1254491456007809,0.6627058590174211,2.5113051893415883,59.07623414452435
16.75_103.75,preci,All,Day,1.2830093842832837,0.3673089838673765,0.9372528846235348,1.875655261340196,0.4964070570725909,1.1079437688956797,3.5341742106324614,67.62529436486261
16.75_104.25,preci,All,Day,1.1330183942979568,0.7672044454172278,1.098450030683583,1.2572642017803288,0.8794628456908279,1.2147352656279853,4.39047050512055,71.36503159259392
16.75_104.75,preci,All,Day,1.1576336679032868,0.4321954180960351,0.2976939920728591,0.5970460976808551,1.086991826170732,0.8185279450529983,2.394109013294235,83.58448049012388
16.75_105.25,preci,All,Day,0.8099595145609885,0.8034630923492341,0.1978335275082562,0.0104813468280269,1.5718221821039204,0.6959184814376549,1.6840589166710984,108.1168728822484
16.75_105.75,preci,All,Day,0.4894684230447989,1.8874430982882309,0.3545804345305247,0.128885488485261,1.80206898602164,0.1253313114353597,0.361705451711728,107.92761109552774
16.75_106.25,preci,All,Day,0.6642336549031727,1.3063578894037586,0.4444341867496282,1.2431510832744486,1.321963891364605,0.0115114920719096,0.5154209880914968,76.57452634295878
17.25_101.75,preci,All,Day,3.160238124284009,0.2820421753112164,1.0067870234312175,0.818316236932301,0.1463806069983647,1.3975859101397392,0.0238090805436111,54.04196680031676
17.25_102.25,preci,All,Day,2.518809320485705,0.9047131808404908,0.3044660930635268,0.6676604877872423,0.0930026671595706,0.3612981719636447,0.4389886682835108,45.47626796949066
17.25_102.75,preci,All,Day,1.7506367095126458,0.3867917909285358,0.0562942569043981,0.6730123390208459,0.4939011489077725,0.435683018865352,1.4406785827111956,47.69065602396488
17.25_103.25,preci,All,Day,1.602081502327025,0.0285195378562504,0.2932964648511763,1.017416922381993,0.6194764820576782,0.695912807966363,2.393351889727198,56.40734636438431
17.25_103.75,preci,All,Day,1.258294365373848,0.2961254972271601,0.6867412754526019,0.8323158849407051,0.8880178768656556,1.36212531826111,3.754685355727259,64.88973584796281
17.25_104.25,preci,All,Day,0.4560435390732062,0.9247623118145144,0.2373703615747701,0.2177308956794147,1.6082787318244522,0.1976934460153249,1.6758187633664436,74.74080288392315
17.25_104.75,preci,All,Day,0.1654377101006555,2.409109515857792,0.8365698196618304,0.8681094934318382,2.1415350060151592,0.4547263741583589,0.7572515238681928,90.31018825232744
17.25_105.25,preci,All,Day,0.0323234657293931,2.743766878098692,0.942690793286536,0.6372086621103711,2.499726416937436,0.5429327772427438,1.2194158138608304,96.55058689372872
17.25_105.75,preci,All,Day,0.7588467118024951,1.4284916481420429,0.1492722844358034,0.6047247904852653,1.895780311119628,0.2824979236462552,0.1868940787601156,79.04439026971886
17.25_106.25,preci,All,Day,0.935779841785512,0.125677668956619,0.3630072548795364,2.5609477560627734,1.3761191353224886,1.799125550309817,2.738707711870855,65.11638754913267
17.75_101.25,preci,All,Day,4.09388548660939,0.045377500898181,0.3015889661221139,0.6161465681191599,0.1869956399914812,0.5004848771615263,1.357681182954822,59.71964961755669
17.75_101.75,preci,All,Day,3.1748237731403117,1.00245628036596,0.4446454193827234,0.3472305148481628,0.0374036821980969,0.1994813873242271,0.850935457867265,49.53378605378863
17.75_102.25,preci,All,Day,2.322512547061136,1.540808268309319,0.0487718606566899,0.0260829632880462,0.5674981753140961,0.3847775063060758,0.7888642352944782,47.161533326227485
17.75_102.75,preci,All,Day,1.5748292572971645,1.668674221813593,0.5878159123218375,0.1205988265947831,0.967310877800498,0.2255066962609446,0.5153688841486158,53.28590508149653
17.75_103.25,preci,All,Day,1.0318485484469797,1.363149717846044,0.2776527581653926,0.4161360996650342,1.4048797038581409,0.193986853139919,0.0012224238238059,62.77879199537998
17.75_103.75,preci,All,Day,0.4344979881155181,2.050359210777497,0.0498191422328159,0.9124642387161456,1.9119988706845712,0.5982905488335856,0.7365103744678583,75.17859676124887
17.75_104.25,preci,All,Day,1.0312076084257429,3.759481719552112,2.005862029799018,1.892170279567928,3.1775383357086406,1.4033636699531575,2.185208370730757,85.81812995475977
17.75_104.75,preci,All,Day,1.3655878165910489,3.260949497944535,2.019654059884893,2.3508715776738507,3.734963357863668,0.8073435992711877,0.0118666883325676,83.91118054248103
17.75_105.25,preci,All,Day,0.3250107251558361,0.5571547141341185,0.7186300272435214,0.4676248193282177,2.709222537036072,0.0492612363147046,3.685636774037587,71.77821451170459
18.25_101.25,preci,All,Day,4.133145942199133,0.4540793027674641,0.7709854840871635,0.1737144592208416,0.2994696273062171,0.1248103402385726,0.8788402515742775,53.17920668009732
18.25_101.75,preci,All,Day,3.430659419247761,1.45171135258908,0.2052221711307995,0.093330955173787,0.043838703270568,0.0510952651755895,1.5285583297324308,51.0877128103032
18.25_102.25,preci,All,Day,2.322674686682114,2.9033036113914763,0.6363059100177976,0.7108021515159898,0.8813234083395256,0.1429360458342474,2.1988843480404627,56.15946429988725
18.25_102.75,preci,All,Day,1.3672241869994022,2.1794848217041807,0.0205411914841136,1.165178325590639,1.7282379088874469,0.4278192695454346,1.0724754769635991,66.46921988652014
18.25_103.25,preci,All,Day,0.3054295846977311,4.1204584525767975,0.8645361239911179,2.359434475415662,2.974647578624539,0.2967642479604209,1.5108498971153486,77.84526760958937
18.25_103.75,preci,All,Day,1.6272792389325648,5.617634497330777,3.1678738270860696,3.446925902833724,4.084021812544339,2.0704591670415167,4.3536424022913,85.43454524434368
18.25_104.25,preci,All,Day,1.5634398859257048,3.940106065855753,1.367651908598497,2.322686766178869,3.735823653263509,0.8399328422745996,0.8963665767015667,79.46400293661333
18.25_104.75,preci,All,Day,0.4901687145462915,0.5267328403902107,0.0333524938517256,1.181825410307306,2.9168095852397227,0.1677404614084189,3.839011205555902,65.64475697967241
18.25_105.25,preci,All,Day,0.5508185205925806,2.0229396279222938,0.962934369750415,0.2662468439973648,1.714273690886578,2.7571200964999045,4.84186804637983,62.974781761219184
18.75_101.25,preci,All,Day,4.55999191508903,3.049960846030145,3.673434014985648,0.2238747761783431,0.2989245580170213,3.268352513123081,5.357227546986887,59.82306160082561
18.75_101.75,preci,All,Day,4.005445957323914,0.8168732442642581,0.5996905762104631,0.0622523896756735,0.1566187426500978,0.6819552283752844,1.6306984669628233,59.49281210861145
18.75_102.25,preci,All,Day,2.118011290469697,3.459436845301276,2.1610214550594624,1.538249622114163,1.407630589643072,1.3813875618225249,2.3851034648343474,66.08254212174255
18.75_102.75,preci,All,Day,1.008230430771136,2.008731861959033,0.3771640086459998,1.822564254393229,2.1823489985168187,0.5753729042701288,0.1205044016405536,81.85683133518057
18.75_103.25,preci,All,Day,0.6615684545330236,2.985895546519548,1.859277040643708,1.4267512430348024,2.052748479185869,1.559565293186621,1.8590520892408275,93.68738555775704
18.75_103.75,preci,All,Day,1.020580456953869,4.565517493330895,2.983371909883674,2.8707641242800888,3.4661966195408342,2.038980185006346,3.404441455039945,89.90205719915687
18.75_104.25,preci,All,Day,0.2613324367902688,1.421319297543006,0.8569167492842018,1.1525010505495064,2.304420431043944,0.1447124943806889,0.5986280573221783,69.24031612690786
18.75_104.75,preci,All,Day,0.5802557978468548,1.5799164228967324,1.9716533111582804,0.3662285605593042,1.6378242275415869,2.5585655846798083,2.650909410477928,59.45043436770808
19.25_101.25,preci,All,Day,4.588387083651312,3.802699536776765,1.5143853643768834,0.1220578407779648,0.1279805279112345,1.6741836526708829,6.589101458110754,65.32207489188282
19.25_101.75,preci,All,Day,4.207413649597786,0.4433870660516676,0.2857700967087304,0.0210679718723606,0.1426521135578189,0.4103535259297111,1.3779139523264377,65.30958589941875
19.25_102.25,preci,All,Day,2.920389497104268,0.1586179182679234,0.7236147444847891,1.0398662889333248,0.7807082274674358,1.8061059685467524,1.3753685269809857,68.32955707535193
19.25_102.75,preci,All,Day,2.2420286960786,2.559972861811304,0.2336073561785207,1.000492318224863,0.9682241719645264,0.7559197499830768,2.501541079012352,77.23999482968976
19.25_103.25,preci,All,Day,2.103263555816996,2.2827323458979785,0.8585701884697216,0.5711716194940056,0.6217282708645337,1.3244441692781066,2.945178253518862,85.09297649228469
19.25_99.75,preci,All,Day,4.966389621580106,0.4883259216152287,0.3513156350005656,0.0422956015393766,0.3990500885703547,0.0555363572023886,0.2940770185699574,65.0618839291743
19.75_100.25,preci,All,Day,4.712077524672371,1.324122012056366,0.2033200627031949,0.811000553906211,0.0673991767157067,0.2380951005101033,0.374836880111804,59.284753318822965
19.75_100.75,preci,All,Day,4.685092677254657,0.2969379402373857,0.9630519521175944,0.4679556896966177,0.1202934254743179,0.9654752175239044,1.021447286765896,62.53875170954693
19.75_101.25,preci,All,Day,4.646769466274606,1.4013023545955512,0.7338007096471614,0.3815077933491065,0.0998413825824765,1.2088907539619929,1.7844965818848189,64.55570129393153
19.75_101.75,preci,All,Day,4.103018126741652,0.7751937455329259,0.4554589443158803,0.5873792268024406,0.0743873379433482,0.5247145587475953,0.8796817393595681,61.34498883843884
19.75_102.25,preci,All,Day,3.3569956386958384,0.0742402247696006,1.399710847852418,1.136286121498269,0.4668966882748186,1.7101043663345936,0.1818568809018862,56.49471238968747
19.75_102.75,preci,All,Day,2.390064009131428,0.9668407230678052,0.7410394965259445,1.1305484031952635,0.893330624101373,0.6177865206531731,0.0845103827718131,57.90249666237301
19.75_103.25,preci,All,Day,1.9155416046815,0.9288399647485968,0.9174962465326072,0.9241148984552644,0.8330539677942077,1.1470631245384375,0.958704446756556,62.48429078671273
19.75_99.25,preci,All,Day,4.82605540297687,0.4514361083618207,0.2203397937673628,0.007059082461398,0.3994136678888977,0.0513516467510209,0.1788932298039245,72.65027533078903
19.75_99.75,preci,All,Day,4.46520407984127,1.878576367787661,1.2405156168374216,1.0803869729581363,0.2171227808011037,0.9531977727496144,1.6330589267913749,65.19261499003863
20.25_100.25,preci,All,Day,4.023579215912269,2.693480617469352,1.0577735982978562,1.5079484414450424,0.7138571534029141,1.1781610391846111,2.5207419839814422,64.44432773419742
20.25_100.75,preci,All,Day,4.210003044517172,1.2977013267715485,0.385158428075679,1.1747475475444031,0.6215273952693402,0.4272663063100445,0.1601890176493154,60.62378533906221
20.25_101.25,preci,All,Day,4.3926822287397815,0.5874692197206548,0.2868014190378999,0.9252905612940128,0.4766502070714535,0.2769534932637729,0.3236439788722239,60.912034304418775
20.25_101.75,preci,All,Day,3.9957866417426793,0.2277168763030981,0.2409595778206157,1.203723616232618,0.4709170414042335,0.4230034845283102,0.0395883721016428,55.18756586497767
20.25_102.25,preci,All,Day,3.620810260286965,1.3650712640375096,0.534848883918079,1.5953566494879323,0.6218746986260851,0.1485634615112892,1.289894242948433,47.63094884490376
20.25_102.75,preci,All,Day,2.719444502913828,1.622624563649363,0.3549256334782599,1.543030974902866,1.034015989108357,0.2369808216468589,1.5741584365608914,45.46090996143247
20.25_103.25,preci,All,Day,2.125970441516323,1.3357299608790143,0.6586911342598102,1.2141630315549747,1.0497861525299303,0.2278009448281492,0.1438960187108305,50.50109003172234
20.25_99.25,preci,All,Day,4.349933657554703,0.1370978015086069,0.6795511333117528,0.0597729219753632,0.1482599108813952,0.9290027366473534,0.7052659083603894,72.96258932437709
20.25_99.75,preci,All,Day,4.18586377980136,2.0179016251752486,1.0817696077534806,1.2556713375967918,0.494253183171576,0.378247511653053,1.5007660023917706,71.99884532453164
20.75_100.25,preci,All,Day,4.06722354009162,1.8216165790276784,0.2166502947670913,1.1987410640375038,0.3887693123878072,0.4770145438863569,2.106660994064253,72.06066605999513
20.75_100.75,preci,All,Day,3.934840584833768,1.5523472764403043,0.0906209021006141,1.411368950461168,0.5985428091967396,1.0968131325640906,0.1304364627412534,58.674236911499385
20.75_101.25,preci,All,Day,3.941466606403606,0.3274535883581735,0.3201943912666186,1.4124945679423282,0.7935215369293945,1.0008965111509167,0.7566869375727108,54.53023759469789
20.75_101.75,preci,All,Day,3.73895910299852,0.4690238804882451,0.621888833856141,1.3716967449072557,0.8250372615969374,0.1356347310709789,0.3417826669501217,54.11967523591078
20.75_102.25,preci,All,Day,3.4823850935539893,1.0570927154271352,0.7008343493248363,1.3644012106204837,0.9858595758999052,0.1629720912001829,0.9810311240064497,49.69030921569741
20.75_102.75,preci,All,Day,2.947116051614655,1.421798543562552,0.2346032113072803,1.2497683161675064,1.128713285298165,0.5258083167789647,1.1336821899154548,45.00405223371502
20.75_103.25,preci,All,Day,2.2755488645165416,0.3888268974066786,0.975669614494776,1.4238865836929009,1.3990208207328232,0.6652645013869607,0.7374560463565714,44.95537880653624
20.75_99.75,preci,All,Day,4.396298996303576,0.3801408286056224,0.0512699290982198,0.6665190487958723,0.1034913596544578,1.847604130003444,0.7516376603185732,77.71116264505113
21.25_100.25,preci,All,Day,4.102752874455874,0.8907854406411109,1.4275375501111225,0.947734041967753,0.0719691693949448,0.641468829893347,1.2040128551469425,71.98188376127872
21.25_100.75,preci,All,Day,3.8884245192006417,1.2309454839103686,0.7742715854177534,1.3290142102421745,0.2632188079138098,1.0441559846313644,0.954539169837481,56.67210378561005
21.25_101.25,preci,All,Day,3.6555058307435417,0.7472107716520889,0.0265717075633829,1.5029482460011834,0.7196241463468604,0.6510568341468481,0.174562314805111,50.8827138857858
21.25_101.75,preci,All,Day,3.4822838822498934,0.5261355947300673,0.0834346041548003,1.4495860929586628,1.0088270469584906,0.1047871004472609,0.4274415252441588,53.11935597703006
21.25_102.25,preci,All,Day,3.307305488814817,1.000273980450198,0.5856909828910632,1.2999547703222831,1.2480577166296298,0.6932078441921448,0.5479963617029207,52.503077814546266
21.25_102.75,preci,All,Day,2.6712981191257152,1.5396283281051144,0.1992335371605455,1.4306360523919075,1.584706738180099,0.138807508113397,1.0231744039646182,48.86740384694743
21.25_99.75,preci,All,Day,4.245664626478754,0.6991942843086454,2.19392682815553,0.4808883571792859,0.218775948332721,2.471443039328045,1.0258577908055522,76.02193734887068
21.75_100.25,preci,All,Day,3.236397411542803,0.8304767891447107,0.4553992538476095,0.9841914646774668,0.0253126108061743,0.5293250104397597,0.1680774720943109,62.21180541934648
21.75_100.75,preci,All,Day,3.361115685957541,0.8362095963139416,0.7309754023737237,1.144288293906305,0.0915522564525741,0.903349410270036,1.281295822620657,54.63364923262842
21.75_101.25,preci,All,Day,3.3193547738879032,1.2597780387555015,0.5319918595786763,1.2168408773094526,0.3749153612869749,0.4805104040141649,0.9918697004212048,49.41726609150329
21.75_101.75,preci,All,Day,3.009944300913449,0.2692748003279634,0.5229667356614053,1.4933574171341568,1.0106451285056854,0.7100214476347038,0.629273520623015,50.729498998992
21.75_102.25,preci,All,Day,2.850935932802723,1.5554651488075195,0.6147157380437274,1.7385951755799112,1.4250949381017672,0.3273746877956006,1.219375557850776,52.05208149674653
21.75_99.25,preci,All,Day,3.4435073900193607,1.2123091811641862,3.539263348155037,0.3105844879082292,0.1188603566384514,2.392112699457461,1.7628318057914512,57.881108754264176
21.75_99.75,preci,All,Day,3.3890625321307475,0.3266654404846599,0.1049574268993979,0.4475156535344716,0.201923743492833,0.1315886369990458,0.8144214966316551,63.49627419141408
22.25_100.25,preci,All,Day,2.439146545753687,0.2693650743388612,1.6708819407032565,1.2484813279171834,0.4323469762398605,2.3291406426795733,0.4488062161067843,53.74056433055793
22.25_100.75,preci,All,Day,2.6750384235489384,1.4061563862244035,0.5249895985135167,1.1895035981747692,0.3733056021472871,0.167223219672522,1.6960362703802252,53.68548819126861
22.25_101.25,preci,All,Day,2.583178848379994,1.297477110686027,0.0699959078204752,1.3763473148250145,0.7024198622896016,0.3528887492674235,1.2126882023027534,53.03907280630072
22.25_101.75,preci,All,Day,2.151758660804016,1.7587839903904217,0.1140749118099291,2.0208334268205568,1.552665717093897,0.1851846354453732,1.5041271280614543,53.44823998293303
22.25_102.25,preci,All,Day,2.098829542291305,2.5825395503298814,1.1358806470198244,2.234909072067216,1.8918600900572675,1.569098291125149,2.387563772901126,53.52342601536301
22.25_99.75,preci,All,Day,2.586530892874699,0.6940292585080143,0.6914933414544597,0.969688177778313,0.2384616968676068,0.8478073989399142,0.9131392155661696,55.24474984907141
22.75_100.25,preci,All,Day,1.5281245037358822,0.4672015265887539,0.0189442839067222,1.7498322337535617,0.5948717777255921,0.5181425523988474,1.604721718900943,50.22546754272116
22.75_100.75,preci,All,Day,1.571502873594016,1.3973466945139432,0.5791600260252903,1.697730238061858,0.6507227282449347,1.2561579139072234,1.385392722924399,52.2176895834547
22.75_101.25,preci,All,Day,1.4620985724645097,0.4871097524106265,2.3802435332450096,1.8147530731439172,1.0786234023907275,4.202786120266063,0.164895701106906,55.64060379851475
22.75_99.75,preci,All,Day,1.876522999182328,0.6717537929734243,0.1397494899182727,1.415298305460714,0.4887231683018134,0.592262581172677,0.2190490344771828,53.84381334126012
23.25_100.25,preci,All,Day,1.4171380987142503,0.7706224909874264,0.4881016366340528,1.3573547900534293,0.169084666781368,0.4384521091507588,1.5534648257990415,55.6027304884916
23.25_100.75,preci,All,Day,1.4434379643038215,0.8622676235471084,0.0744035285957284,1.331675956935718,0.209211351577578,0.956908014213063,1.0196107479126255,54.63776439114861
23.25_99.25,preci,All,Day,2.081627747047835,0.4290567676696377,0.011450132765486,0.8569076646675529,0.0481014805378154,0.4330838423131112,0.3775777112671889,64.31098851004442
23.25_99.75,preci,All,Day,1.6447378256226908,0.7439434260020682,0.290048529714311,1.117975036963767,0.1683012526361848,0.04430435409948,0.2519546301403559,61.85003428250273
23.75_100.25,preci,All,Day,1.5635673746992789,1.393171205925625,0.4422498567088733,0.9149035669991568,0.2501657334699465,0.6804462871265711,0.2462295879639793,64.056068987521
23.75_100.75,preci,All,Day,1.5508959808014031,0.2124531261473219,0.2254252819925798,0.9841771660398418,0.2374624690004971,0.4841764110604514,0.509704090096258,60.48908792892996
24.25_100.25,preci,All,Day,1.6035475173172429,0.7051017329303244,0.2594017790424827,0.8387695663679738,0.4482971173361923,0.2766280266826079,0.0788954136999847,68.65942755609312
24.25_100.75,preci,All,Day,1.5253290455659358,0.233497766139839,0.6316832834088163,0.9924881314054852,0.3646882057122281,0.2737253999571349,0.5790105143089442,68.64479587498859
24.25_99.75,preci,All,Day,1.8211949239693197,0.1636895667458693,0.8993777919395065,0.6999467632914278,0.5289894329784378,1.9636368392723005,0.0061412914379373,63.70302044328913
24.75_100.25,preci,All,Day,1.209029769397534,0.5343565446634875,0.5994483613059705,0.4173977155258858,0.7345720245371639,0.2399606220499421,0.1426956168628688,63.885545544921726
24.75_99.75,preci,All,Day,1.4396916054281712,0.1963667619873552,1.5347978231983737,0.2811702662398088,0.9056887921430185,1.1967448066369468,0.1693643117486157,61.10479543714317
25.25_99.75,preci,All,Day,1.2394552320411236,0.4124109815026438,0.7670144428196041,0.0471289587490201,1.0169260908883078,1.1523188087238505,0.298015837802236,67.26314991675835
25.75_100.25,preci,All,Day,0.3006653815985046,0.5889314616246245,0.9117471957559564,0.7050141238367462,0.4951376159599359,0.4273090218131968,0.5578649810952236,65.97887137742318
25.75_99.25,preci,All,Day,2.160750347700685,2.013107698362132,1.897815097216108,0.2900756502787532,1.3499850645409617,1.7097304049359556,0.1448318668341344,99.6515553141028
25.75_99.75,preci,All,Day,0.8413151772509164,1.1595978155948063,2.476367645825513,0.4826897170743957,0.9141363142478748,1.4832553284516297,0.3041077025220566,78.0162167991204
26.25_99.25,preci,All,Day,2.3655618335635653,4.184492080363933,2.2024805304437174,0.4983580439243451,1.6279345921609627,2.4910775136319523,0.4408633079878765,117.0645738187944
26.25_99.75,preci,All,Day,0.8073309488485348,2.212124300846137,2.3759382594053133,0.6458049910401121,0.9810837077147372,1.7754687724222886,0.1052012423885457,91.2545454675636
26.75_99.25,preci,All,Day,2.4419921225032297,4.503996569076556,4.963047624529637,0.0769763673768449,1.9071102460523743,5.2029485275000775,0.3664897477196684,124.95840925983433
27.25_99.25,preci,All,Day,2.658002200754706,4.402837682086002,2.9210064573837,0.3469577452968086,2.1249228633664354,3.826378697674728,0.2273632714735016,130.1114782355918
27.75_98.75,preci,All,Day,1.5234796021285542,6.859468288092505,6.332034592202299,0.2451953454842593,2.108734741699594,7.087297002334607,0.0808781447161545,134.94124998248918
28.25_98.75,preci,All,Day,1.6837726202386454,10.844896746134715,3.0005793406047583,0.6890675688353691,2.2947573032376622,4.022468762827169,2.004472098058488,111.08278336290408
28.75_98.75,preci,All,Day,1.8791553254026856,5.437621293468412,0.8623284960975373,0.177167275714519,2.597534445105642,0.872001233028347,0.7340334670643748,94.4420791958462
29.25_98.25,preci,All,Day,1.349085412848566,4.22738598253151,0.4661768524829175,0.21305357395981,1.806170302481056,2.1317221642791853,0.4798716135065257,62.32648189595968
29.75_98.25,preci,All,Day,1.3651249874383191,3.20737088714236,0.5355858250764984,0.2567641280225946,1.289613755355637,0.2400065816413528,0.7085285625058686,47.30285158340958
30.25_97.75,preci,All,Day,1.1782738991926227,3.800540382953049,1.4788416294800313,0.0295556447788783,0.6665669313684417,2.851080123334503,1.2259477583475813,53.680507459601
30.25_98.25,preci,All,Day,1.212296396925191,2.769748826798955,2.1930630112233622,0.2408359910613799,0.5886609688688256,2.2799808648252284,0.6204740973964207,47.20223564707027
30.75_97.25,preci,All,Day,1.2254981923914132,1.1028718089450014,2.214088602998099,0.1212481925271588,0.2661636885987602,2.065107138647644,0.3007361533897444,58.74986738881449
30.75_97.75,preci,All,Day,1.2459662009928298,1.8677655122632584,1.797353450533531,0.0145821889443442,0.197020343204032,0.8826208034082776,0.3787955654786583,65.90082267815704
31.25_96.25,preci,All,Day,1.3366873068756713,1.4630157646261306,1.9642736096442364,0.3008627670342338,0.1378668701996039,1.6879761587277715,0.0319118941286735,57.91416432203092
31.25_96.75,preci,All,Day,1.0325310433818409,0.5732298124040368,1.5903725360817242,0.3606623842189226,0.1042389364695469,1.4768012945703244,0.0911842834509279,49.09750790983631
31.25_97.25,preci,All,Day,1.1871006418278771,0.5436461292384053,2.1730421786661887,0.3177591621577759,0.0867614196288475,2.255866525501782,0.1317297148854578,52.49457352751225
31.75_95.75,preci,All,Day,1.5147186269058963,1.6077502977004847,2.7309705946074163,0.0883093269290164,0.3355343349636669,4.137586342850868,0.9629189824792972,66.42280738129836
31.75_96.25,preci,All,Day,1.3354347937260376,1.1827373280978453,1.987389430396395,0.0209698714775074,0.3206432009905578,2.254976792153164,0.4326964775882111,58.52761467187302
31.75_96.75,preci,All,Day,1.0785999632849848,0.4378956535110271,0.9709755937402031,0.0222756865389597,0.3108105389450375,0.9554896733677656,0.152120094538926,49.25357829921214
31.75_97.25,preci,All,Day,1.2600082583770875,0.7615777523601173,1.2079122527070296,0.1062668676608623,0.3319257631910755,1.4263854527437665,0.0284227039496349,48.90899481600593
31.75_97.75,preci,All,Day,1.2946365190621585,1.7141733844343277,2.490652320297741,0.0082221351003701,0.3489714823875599,2.281746324519637,0.2630120394275935,58.15853294471741
32.25_94.75,preci,All,Day,1.542450262652088,0.5488131680842836,1.2412492746423882,0.2677437742298657,0.4311048465158354,1.8369309202089752,0.3664966242836629,68.89395014163696
32.25_95.25,preci,All,Day,1.6304177756280414,1.0070004479865973,1.1237322648915242,0.2698924624095432,0.4256633743509538,0.0264263578879784,0.182018240025038,69.04915592571366
32.25_95.75,preci,All,Day,1.457573127350061,0.647946801039694,0.7124980703683612,0.2638998320662472,0.4060842937926298,0.2356341826460632,0.0312061743938849,63.86041898444618
32.25_96.25,preci,All,Day,1.3453263183432875,0.2441754823944962,1.64377287128514,0.145288613863805,0.4126794210143473,0.8224758636423766,0.1582172440582598,56.34118172397467
32.25_96.75,preci,All,Day,1.2616063878294452,0.6809242480118499,1.9238913316918316,0.2705488724954151,0.3645678579197832,1.8363803129484395,0.0237523997475509,51.45925237017016
32.25_97.25,preci,All,Day,1.379739134660774,1.586914704054987,2.603599331334384,0.4708484267328223,0.3704941996182564,2.508965392386356,0.3011943914537876,53.35271617959603
32.25_97.75,preci,All,Day,1.350150021599534,0.9198303642345574,1.5128646748880974,0.2565997219686956,0.416946861092638,1.724579266308593,0.1543837798216763,59.862503764810256
32.75_94.75,preci,All,Day,1.5071719263890233,0.5037277017374239,0.2703997778529332,0.1038004946376635,0.3248003350612716,0.4106647316479867,0.0418532598385305,70.11246559607503
32.75_95.25,preci,All,Day,1.5616158228733563,0.0444315075359327,1.4298404664523876,0.1663867612070004,0.3500260475918728,1.9298901645618045,0.3289008608368725,70.52000245442791
32.75_95.75,preci,All,Day,1.4791254470724544,0.1588411391834673,2.980110445166855,0.2521245218736858,0.3471134234368253,4.125043597400479,0.1521636072708092,65.63976938607293
32.75_96.25,preci,All,Day,1.4273169599368625,0.2597697787691529,2.530186079671488,0.196002417541517,0.3223508318655507,2.1581458272703986,0.1143914020082141,61.80624301387356
32.75_96.75,preci,All,Day,1.3397845414391802,0.8967017647922426,4.351464570985934,0.1990262185538349,0.3159309044752064,3.6803549494010777,0.1067620004688013,59.7901806400406
33.25_94.25,preci,All,Day,1.2843443435094946,0.1370508144335995,1.2463282083096532,0.0081916751097995,0.2109264289569618,1.1682226110120213,0.1069733484820961,65.17423470038624
33.25_94.75,preci,All,Day,1.3554725163778918,0.1056733786004511,1.1941297476514217,0.1882355127276367,0.2282391779406721,1.5908974222032095,0.1316342008563431,69.0142304037405
33.25_95.25,preci,All,Day,1.4543528047906205,0.5651429660138172,2.954214678980012,0.3986106987585037,0.2451478752113559,2.884437688372772,0.036169562081442,70.87370546468918
33.25_95.75,preci,All,Day,1.4608762327114528,1.2268847955961968,3.980930660134282,0.3530967354445802,0.2547183334819048,6.674109885264762,0.3426910945891542,69.88191020663919
9.25_105.25,preci,All,Day,0.4972734737037038,2.751464714893633,0.0486115804443415,3.357463846419598,0.3416069057683297,0.6492317789843527,0.353613701184819,98.19705180795528
9.25_105.75,preci,All,Day,1.003800329676152,1.302263088868892,0.4055879203001712,4.860939440172083,0.4660952693506767,0.1667271994395945,0.0817888058403103,100.6915552004966
9.75_105.25,preci,All,Day,0.6935702144846964,1.1797651599898715,0.2399845403773015,7.627126929838151,0.3080249668049149,0.1420177336305572,1.345095152129069,109.41366866750424
9.75_105.75,preci,All,Day,1.094533100001606,1.7426332369570867,0.2411423490866031,7.511199674446125,0.029730232551067,0.0418824943720575,1.6278530448667323,95.72482288386053
9.75_106.25,preci,All,Day,1.3498865160464977,1.2543746968316454,0.508528665713384,6.8099854270021964,0.3174705619209768,0.319270233818588,0.449022751470718,96.54473446516204
10.25_104.75,preci,All,Mon,1.6365792581804368,0.0673935352327283,1.5901258699112353,10.377866659454028,4.991825548103911,1.6869659677783515,0.5731461677875568,115.07371010673656
10.25_105.25,preci,All,Mon,1.3326050162484966,0.1388688421764651,0.7488933944826074,9.675515296878276,1.593251946305922,0.7140546218323605,2.46312698123841,104.82825850065775
10.25_105.75,preci,All,Mon,1.301132659321689,0.8233234515670742,0.2730745357862412,8.014906357869494,0.74699656084415,0.1098941573485017,2.493337683943184,94.96315665112796
10.25_106.25,preci,All,Mon,1.4445263467165033,0.8185504322344141,0.397985232036157,7.199424593073324,0.9123453501101048,0.3421040229671628,1.731556688488053,96.47340791254229
10.25_106.75,preci,All,Mon,1.4599599258704106,0.5005932237994168,1.0651334429532002,8.103444520131635,0.4955132976537348,0.0820256267758317,0.6559719290723453,114.68175417593702
10.75_104.75,preci,All,Mon,2.2186497808981525,0.6030156668662513,1.4005471852735851,11.489943089588015,4.161826320199404,1.532477675539924,1.525518918689693,86.04474356629528
10.75_105.25,preci,All,Mon,1.7001148215396638,0.1768258184941995,1.1262341504750393,8.855442984145633,1.894184718288891,1.208578261109193,3.348174671405684,82.72332799540511
10.75_105.75,preci,All,Mon,1.1875957689563492,0.3071581990566241,0.4706966551587687,6.896292254424918,1.2346135664558802,0.504212314869722,3.0809892777819865,89.59426030606541
11.25_104.25,preci,All,Mon,2.415006960941448,0.1177481323168511,1.0427264597123038,11.491686527933895,2.774255119462396,1.405227713589129,1.4768610244672584,73.38825209269501
11.25_104.75,preci,All,Mon,2.039657895287806,0.6095351443442731,0.785127439875526,8.436196036538835,2.851313398841595,1.1933038011281585,2.3453501009881776,63.18853452938021
11.25_105.25,preci,All,Mon,1.8127037870691756,0.3261808029266329,1.3665779766798352,7.166654063600448,2.818369468486783,1.345621319068999,4.059158228186584,68.02891921291301
11.75_104.25,preci,All,Mon,2.260490496560023,0.2465831278220799,0.3131023889435215,8.809662948419485,3.3319381677128086,0.0411482657584142,2.691183561269747,55.31001284584912
11.75_104.75,preci,All,Mon,1.8376629972982863,0.2603971830374916,0.3501125194834432,5.823734167399746,3.3798453048232626,0.5662671579475783,2.737459273427231,49.596530579845584
11.75_105.25,preci,All,Mon,1.79347461160564,0.7920347912240997,1.3196080746543628,6.436698979224128,3.298245404769657,1.374612667108182,4.507129688028332,60.935454256551424
12.25_103.25,preci,All,Mon,1.934723640254672,4.467876893352856,0.807602211713525,17.296585254251593,1.713701228009286,1.911017930346863,5.346127916835916,107.9177263867766
12.25_103.75,preci,All,Mon,2.100551913921695,1.493462402172769,0.3804447165671992,10.964887421463107,2.3924640523389478,0.2894531443639888,2.594698231876423,67.92321247897797
12.25_104.25,preci,All,Mon,1.4875526046761198,0.173742181439302,0.5652618836324541,6.633629101386028,2.3786491754125136,0.8952930157902832,3.8933706784893674,53.03477345148619
12.25_104.75,preci,All,Mon,1.325326177974419,0.0256726951445849,0.725063819926971,4.673409709228532,2.4596489694973003,0.9924826192180922,3.060442096276413,55.06394088720695
12.25_105.25,preci,All,Mon,1.4365901858937575,1.1665823754742024,1.5039594309375968,6.33892309196588,2.648918481391144,1.2793458533731454,4.355318328057619,71.66183563100572
12.25_105.75,preci,All,Mon,1.6646399197684514,0.7092737808570663,1.3570747534993235,7.827637689056865,2.85370630987507,1.3321710081631362,4.645114117193322,98.58868063015792
12.25_106.25,preci,All,Mon,1.6661481378612166,0.1212498699569364,1.5824805708216347,7.26780689660642,3.017768014179072,1.7680370420043134,3.936580593051459,141.78765921742112
12.25_106.75,preci,All,Mon,1.1598507679237706,0.0344838369010478,1.1591781097598837,7.393540807063041,2.418921518089252,0.4419786378755019,2.5099905319770324,206.47427439954424
12.25_107.25,preci,All,Mon,0.1432660975842111,4.011207303413713,3.742121635745761,6.645558777468019,0.8868143305819357,1.54375650376291,6.109251023117866,257.2628895864314
12.25_107.75,preci,All,Mon,0.3909642733254017,3.0852680172310327,0.6957301874177374,5.4080783240046735,0.2047390552146668,1.067816359634957,0.0886083796625956,171.12717322728528
12.25_108.25,preci,All,Mon,0.2436269988276503,6.967162400131859,1.171942346134517,6.847477159793924,0.6816686566902492,1.60855776293607,3.332681842877516,105.04012465918362
12.75_102.75,preci,All,Mon,2.4091762389976763,0.5069559131421552,1.58067646455257,16.122484192028814,1.7262981341112,2.3997487070667387,1.7428445606919558,102.4456197713984
12.75_103.25,preci,All,Mon,1.958144036473006,0.2843880112704768,0.1324117340403765,10.113321461662316,2.031204938603425,0.4338831012897046,0.0333595816010327,72.25180213893145
12.75_103.75,preci,All,Mon,1.553662288329269,1.115733642800016,0.3174112685589075,5.822073967883882,1.7029283544157796,0.1935721356183071,0.1133175615107972,57.74545127452387
12.75_104.25,preci,All,Mon,1.275879965174445,0.6632080723939153,0.4396081577337767,4.844205976507614,2.681771047115744,0.4809332417941213,1.1763820074874929,57.84361999636791
12.75_104.75,preci,All,Mon,1.4391854387986296,0.2598415761449198,1.1356381834606208,4.630639518285399,1.4640663360613966,0.9536088190395284,2.2419151903793586,71.07570397555041
12.75_105.25,preci,All,Mon,1.560850233186054,0.6387602773511353,1.2823600057754505,7.130947724184924,1.9346911478290008,1.3583597523195148,4.176794019127602,87.52638620233789
12.75_105.75,preci,All,Mon,1.7081969023937835,0.691320889353974,1.4329126662993534,8.049357565344767,2.2784231673784427,1.2293327773328708,3.748353117151566,104.69376786782033
12.75_106.25,preci,All,Mon,1.4509165520472804,0.5123594531600941,1.2624247902624763,5.246755404090836,2.410262851368059,1.0845960612947183,2.737156116399392,128.2149457055491
12.75_106.75,preci,All,Mon,0.9110908837118468,0.5254837096465339,1.613102990399746,5.546607382018431,1.9240354129943864,1.478812822943134,2.3678989536461774,156.49504640166742
12.75_107.25,preci,All,Mon,0.2291246362470551,1.0940490605919742,0.4744610066276565,5.326839251770461,0.6391084214345097,1.3724748067732817,1.478496443570371,170.6049952766432
12.75_107.75,preci,All,Mon,0.3107579150031607,2.0612555374231767,1.078620305871809,4.29502840859686,0.1445277797767042,0.6550939174824131,1.5466921304672132,133.4443246764133
12.75_108.25,preci,All,Mon,0.1196632975734765,0.277439447905515,1.5670641467653292,4.227750833682832,0.5034031371822125,0.2720055055300841,1.1835642420390482,89.66080298210092
13.25_102.75,preci,All,Mon,2.343053503502042,0.1032451004158539,0.4820972064086533,8.502517586085641,1.620070418183286,0.1395244207045908,0.1408759281448624,79.02898145830328
13.25_103.25,preci,All,Mon,1.8309861329821016,0.3378541899757432,0.6002773111961608,4.952607630806283,1.4830062985479362,0.9040277416962766,1.1449329195885605,69.05999376556152
13.25_103.75,preci,All,Mon,1.4490367541634903,0.178107215342436,1.292824717845802,4.098549842073197,1.8853472387729115,1.288138658247142,2.020128835402588,69.17657216144123
13.25_104.25,preci,All,Mon,1.471634725327049,0.4295734754063078,1.7969722867092566,4.716085323782152,1.4488104132502044,1.7826965929618197,3.212707182979682,82.86212480634467
13.25_104.75,preci,All,Mon,1.7563517584087454,0.3854366109039809,1.8515989259942431,5.89430981859207,1.2051731481476635,1.8373096627951264,2.9248441918059966,98.87200465728462
13.25_105.25,preci,All,Mon,1.70797210634495,0.567875181997327,1.2692360841361088,6.889412583806815,1.4593705707515938,1.444241138343966,4.0445928522504815,105.06471692767408
13.25_105.75,preci,All,Mon,1.5410172628760104,0.8373128581213983,1.3338369131376182,7.560409181201076,1.496679729839208,0.9830217913498546,3.692519986672696,107.13764910362876
13.25_106.25,preci,All,Mon,1.2365293307118113,0.2131056611485916,1.766436287581433,5.598454819366765,1.4695441532238775,1.7928512211996732,3.2422725607154974,119.99298903052346
13.25_106.75,preci,All,Mon,0.6538715946618092,0.5461538554839266,1.3318789399760325,4.049722144268692,0.9025262291735542,1.7559611544302487,1.9815706196041023,141.7777097646079
13.25_107.25,preci,All,Mon,0.1527673579123815,2.244648987685263,0.3268455246863621,3.3249741781266478,0.1584998124680132,0.1528549585551297,1.2385378613005675,154.75744334002593
13.25_107.75,preci,All,Mon,0.285005162654154,2.3676253692457183,0.897921821195312,3.2435995373205344,0.6705108105442021,1.2164910633912345,1.8175472971323747,123.69896290992116
13.25_108.25,preci,All,Mon,0.015826944126831,1.1312748983189824,0.1808958828164148,3.876109263921907,0.4397913409674672,0.5671672913652929,0.6307777050265755,86.89868302097442
13.75_102.75,preci,All,Mon,1.665403624608813,0.6233956564359309,0.6637726793010623,4.41053507387374,1.3436251491269646,0.5316088644892051,0.6762822859075782,85.5453148269113
13.75_103.25,preci,All,Mon,2.051613388834645,0.0128123637463054,1.3124331006513952,3.861748123843045,1.460917431398004,1.1837963637491304,1.6034091125913363,86.60989239544334
13.75_103.75,preci,All,Mon,1.8900058805934543,0.3389346565230345,1.576932482540073,4.904643397015756,1.3769472501995093,1.3909205813839531,2.609182439018101,97.32661743202036
13.75_104.25,preci,All,Mon,1.9019361325647428,0.2369855979169815,1.6376923304574773,5.203517139194984,1.044368507427454,1.5371617346543247,3.254704784780243,109.57049554122403
13.75_104.75,preci,All,Mon,1.8840866708661648,0.2040207086313094,1.4432759602624374,4.265888662957797,0.9346254115753722,1.27370078925727,1.8698868517840888,113.57150133671485
13.75_105.25,preci,All,Mon,1.7052407786335744,0.3492071692791362,0.8213368705069158,4.593221317103312,0.9376627998761452,0.8879514434790214,2.920296061499687,113.08209495672688
13.75_105.75,preci,All,Mon,1.378262224677116,0.2392913000595677,1.1633900835859456,5.266828530608401,0.9151917897568824,1.2124771046405205,2.283991089981072,117.927950053985
13.75_106.25,preci,All,Mon,1.1494824252370304,0.2431414079827139,1.716558426082672,4.728546199627651,0.8514956618947986,1.0957446347265356,2.056622085979112,140.19245515499824
13.75_106.75,preci,All,Mon,0.5263087553768686,0.7288993004511958,0.6363817184433984,3.919535221838966,0.1289715339493888,0.7551442156143873,2.135677608508882,181.4945540352299
13.75_107.25,preci,All,Mon,0.0032209988178797,1.601366186543785,0.6444193744295065,3.538950119581492,0.7140470390702942,0.1490645189786004,0.5555325544949342,212.2806097027061
13.75_107.75,preci,All,Mon,0.4738557431143292,1.632149732309388,0.3262246275214127,2.4177849478875384,1.3095078849381363,0.1367962908162013,0.4670697879553052,160.2986151110255
14.25_102.25,preci,All,Mon,2.2640197265706514,4.087715263563099,1.6684601759405655,6.655482173382088,1.1422145647731226,1.008592066940806,3.841533796597481,92.24314799670576
14.25_102.75,preci,All,Mon,1.9123022283485307,2.0565019119557366,0.8819296759920505,5.78282763244182,1.102337049237084,0.9787155904314596,2.724258785746803,85.34833189033725
14.25_103.25,preci,All,Mon,1.804845770531316,0.5348684988408691,0.8448093772048163,4.302877267394641,1.00106930669745,0.7348655456588155,1.979522246868356,89.99058559941106
14.25_103.75,preci,All,Mon,1.6540027626029454,0.6281775954746567,1.1301784390471403,4.423009437730371,0.8583456081238511,1.076414943636063,3.347762446174721,99.12318752064547
14.25_104.25,preci,All,Mon,1.7436756892098506,1.322354570449141,1.7067568689224126,5.02409897161599,0.8064782728427297,1.6307570062667065,5.292783141531014,104.50600775292558
14.25_104.75,preci,All,Mon,1.4162249493339596,0.176966223178618,0.5345848576438271,3.327441033504785,0.4220960561889501,0.3610854318863286,2.5613220375729195,105.68580426460454
14.25_105.25,preci,All,Mon,1.1368479182169298,1.1178287301529808,1.5602044122767833,3.5878728272422458,0.140434841234736,1.038554314803979,5.420956433444213,114.33898076610406
14.25_105.75,preci,All,Mon,0.9771140568291764,1.4014867328646758,0.4797233450467474,2.2294193649526863,0.0717995376144219,0.589845936703078,0.2657542292113494,143.71562174711647
14.25_106.25,preci,All,Mon,0.7120584565895115,0.8143831967689623,0.5368827758029335,2.5575753666385634,0.1631944238349458,0.8490956892780863,1.2064541551553094,189.2058068579749
14.25_106.75,preci,All,Mon,0.0783835956439875,0.5743864411761526,1.0140041390432568,2.4090979859316404,0.7868564417033389,1.0889530577810826,2.360588484939402,236.4681363342408
14.25_107.25,preci,All,Mon,0.4043154511834086,0.9604366081618784,0.6627418887835136,1.9470690739800844,1.33337734325824,0.7169879513468085,1.1202032140081382,231.50020005336103
14.25_107.75,preci,All,Mon,0.1592374200124508,0.3151222305756616,0.9750978720019056,2.12821942773746,1.140100229744457,1.1449668564668825,0.237273259590408,140.77746489981453
14.25_108.25,preci,All,Mon,0.6816072224399012,3.772062634542906,0.6242404442104713,4.167679034770813,0.1109755914352818,0.6254899629357774,2.243784509712203,89.13280511298609
14.75_101.75,preci,All,Mon,2.628208960179798,2.053214556476331,0.676136722416494,4.168146428639987,1.4467063163983458,0.8403685482706107,2.538894682505693,97.11198641201298
14.75_102.25,preci,All,Mon,2.222137887547282,0.3064584094659756,0.3165728434176461,3.2550175016407668,1.077200896095311,0.0180611579427202,0.2898117229303755,76.95902517699848
14.75_102.75,preci,All,Mon,1.6112647663405189,0.1794850920642744,0.1602675847405026,2.6509781889283883,0.6803090739402,0.2494056185668867,0.9761914554968304,70.28825517874074
14.75_103.25,preci,All,Mon,1.4032825938112476,0.0409108438690451,0.4440181438276393,2.251905090666421,0.5070086098320533,0.5388801979755483,1.666111461421664,74.66840135509626
14.75_103.75,preci,All,Mon,1.344998452758766,0.0083313948362188,0.4489524298721774,1.9677390668373136,0.4290838165811365,0.5002029763920435,1.976519329830679,81.675248508048
14.75_104.25,preci,All,Mon,1.486080931983205,0.2442712847122143,0.5302872518285975,1.927988005919752,0.3578867547173513,0.5653601236754374,2.0566075542338904,88.34861056943781
14.75_104.75,preci,All,Mon,1.1542979140581535,0.2342656673895859,0.412529060357625,1.212662922811658,0.0242629728484024,0.527727914612583,1.582764592398217,97.52415161236884
14.75_105.25,preci,All,Mon,0.6896078058601437,0.3297498713507902,0.8077325072591949,0.81378123560564,0.4773293232444216,0.9333851509139078,1.3628509629507746,122.3035932408951
14.75_105.75,preci,All,Mon,0.1004004731532223,2.047969726266745,0.5514336363636837,0.9335956484797252,1.3345314337162772,0.1052062981435558,0.5507805606501355,173.59690577120716
14.75_106.25,preci,All,Mon,0.1506310298365565,0.3477635211953825,0.0632827620647676,1.660927229208282,1.4663376235433334,0.0963215105127512,6.2512388466262205,216.42447215673187
14.75_106.75,preci,All,Mon,0.3260280740230278,0.134680017099339,0.6095387373962893,0.7433452950646031,1.5944885679422445,0.8389559835259179,0.6446179237591259,209.67423285471136
14.75_107.25,preci,All,Mon,0.5349622667351535,1.2834250722221825,1.5678441086559696,0.9901257374212736,1.53631776401236,1.99224331690486,1.5594935075822125,152.2440668033158
14.75_107.75,preci,All,Mon,0.1632410327049073,3.2511937871025536,0.6041494251171972,2.3980692104344747,0.7239183489634577,1.094476564789319,0.976309969013119,94.64822755566868
14.75_108.25,preci,All,Mon,0.8726996573569948,6.631083623312057,0.1140933426799801,5.528263138333286,0.2645262458525123,0.4431094186179424,4.90862067028233,88.86221091557344
15.25_101.75,preci,All,Mon,2.1315983841424253,0.2362353928445967,0.4574162284385117,2.781688813326456,1.3987909419550082,0.4678989028922751,0.4417611341497786,86.82114824580627
15.25_102.25,preci,All,Mon,1.677873709840223,0.7942856272383297,0.076999322178573,1.8724476092931324,0.943498540560163,0.0196712638713654,0.1139102532583051,65.36797565846021
15.25_102.75,preci,All,Mon,1.3239301462178938,0.5059445401397681,0.5862451722978114,1.570159266323527,0.5895480642615889,0.5577075970885785,0.548427002769871,57.93282554136587
15.25_103.25,preci,All,Mon,1.212129253918098,0.3741346649839739,0.6355064807845527,1.7291646466032364,0.333334238997618,0.537067692368491,1.0187016254250307,62.49106655426239
15.25_103.75,preci,All,Mon,1.0676330310496656,0.5699014465580707,0.6240451792027217,1.495970801013333,0.1131844304591123,0.5748585936121613,1.022116249891372,71.98211102885547
15.25_104.25,preci,All,Mon,1.321100602685311,0.3011182732554674,0.8754407101809544,1.674301152002265,0.197808791300691,0.8330058635136366,1.5552192538326326,82.23615006006601
15.25_104.75,preci,All,Mon,0.9904254401612228,0.5862099902340387,0.6341597812984323,1.0506484176521187,0.1706629296823213,0.5894429811586277,1.7334534462992848,97.19712718140606
15.25_105.25,preci,All,Mon,0.6415425583623242,1.556913583017278,0.0485886904225108,0.18101319394586,0.5880503396896026,0.2100336304528997,1.1852408762934898,126.25519212374736
15.25_105.75,preci,All,Mon,0.5840873246760321,0.2072208035752413,0.3872962557556307,0.8770184477065422,1.1062084299199606,0.1593411580986529,1.286373043100536,176.01609509924583
15.25_106.25,preci,All,Mon,0.8223996730038948,4.042342235899277,2.431137823289673,0.2638054418985657,2.335351550512011,1.3859197032184922,8.777963251245628,192.3541216705036
15.25_106.75,preci,All,Mon,0.2176708361894045,1.290077240431103,0.3830782626082004,0.6437583836697308,1.7140005894614494,0.8604445109537203,1.424575946284426,144.17824314948282
15.25_107.25,preci,All,Mon,1.0977584624755918,1.942297753020592,3.408533524599988,0.651781004197692,2.108339938068104,3.499502603235561,0.3054881026620702,91.88562157955896
15.75_101.75,preci,All,Mon,2.477297626701991,0.5083431368582341,0.7090203027517407,2.021057624279083,0.9162960427804204,0.6780229741872483,0.2183970063829083,87.9173826891418
15.75_102.25,preci,All,Mon,2.041274558832632,0.6141308786484592,0.3698771803032999,1.45035864057124,0.6416420752490829,0.4623345016853576,0.0852550581563558,59.61810919228537
15.75_102.75,preci,All,Mon,1.5882016003294608,0.4282739812099908,0.7080864158307648,1.3065870464693077,0.4799556182007319,0.7282823673560609,0.7042160418510216,52.59591104739074
15.75_103.25,preci,All,Mon,1.3542833853786578,0.2156730478246913,0.802270858927079,1.4777222207725529,0.2036265974927776,0.8313338962238623,1.6150909065293926,61.36931345963183
15.75_103.75,preci,All,Mon,1.3163611970402838,0.3833902421086983,0.8372760834002713,1.3756844900508147,0.065700118321648,0.8432133396999726,1.6591748151605286,72.8399402694979
15.75_104.25,preci,All,Mon,1.2707053198387377,0.4850839386649181,0.7217342536999674,1.246584051706816,0.1344942717159578,0.8898651050574145,1.977814465958964,80.45777178721826
15.75_104.75,preci,All,Mon,0.8810725314874082,0.5335307708253643,0.5369158441395522,0.7408100616646048,0.685001745282383,0.6859205473433655,2.588142102298885,89.15800376810004
15.75_105.25,preci,All,Mon,0.6237678325167632,0.7931170367224197,1.1885022200418258,0.01883295955015,0.8780589341223499,0.8736476784495167,2.158236002946724,114.15345058541148
15.75_105.75,preci,All,Mon,0.4448941077828702,1.616844849940661,0.8500303434387209,0.9344119867072318,1.1955914062279347,0.901734733680178,1.40110838387415,152.9302739979042
15.75_106.25,preci,All,Mon,0.2654041067253856,2.1184058346695527,1.7206118866601738,0.8059166431385226,1.376681963033989,0.3274204618679072,0.9328163108793328,148.85278276544236
15.75_106.75,preci,All,Mon,0.7408978560766657,1.5499445528845237,2.1845649234870197,0.2419303130389694,2.314649024533575,2.8078338375028897,1.9257707575141791,96.1421204811658
16.25_101.75,preci,All,Mon,2.946655095484251,2.0527081128808984,1.1692185874948209,1.896509862033476,0.8983263263658151,1.1201592085704606,1.9959454684783309,80.76314028645476
16.25_102.25,preci,All,Mon,2.470588354382316,0.2440413783323162,1.1973512743352448,1.49721778776895,0.7537640646623521,1.3053168539986006,0.2099642695200654,53.96596002702274
16.25_102.75,preci,All,Mon,1.5312489137563272,0.5316342304240089,0.478220231023407,1.1030478072869494,0.266474927179527,0.5093635838119633,0.4165228282365638,50.26689421563147
16.25_103.25,preci,All,Mon,1.2948676026687762,0.4480554722490893,0.5158851267446235,1.3528856830590852,0.0550665071160553,0.5454829910516413,1.18319589869614,61.16258427106271
16.25_103.75,preci,All,Mon,1.2753554186912792,0.62487851213626,0.5473086271490097,1.4463821029955597,0.2473195367586584,0.7568058751109625,1.6679615962800975,72.60608692206806
16.25_104.25,preci,All,Mon,1.1218141800631454,0.0820865794630433,0.8754114642597818,1.2291659562279271,0.6249781894012868,1.042988057726519,2.8907286312318687,75.24613889332423
16.25_104.75,preci,All,Mon,0.7699690115677112,0.2747899219139893,0.9461709751476552,0.6119665813186188,1.1974864206013351,0.7702536992402421,3.071845725826256,80.9526610485584
16.25_105.25,preci,All,Mon,0.5167404669627447,0.8934653613662749,0.0193074499707424,0.2996915404473051,1.4906424506030584,0.3741929288141219,2.094632094590458,105.85202105490188
16.25_105.75,preci,All,Mon,0.6504747733855024,1.5145555328645233,0.3529255334327746,0.5919094272269327,1.361326790762429,0.5013848725687255,0.5359946018717433,129.1196418081962
16.25_106.25,preci,All,Mon,0.2143709663841952,2.0374617721632866,0.2137421456675142,0.5553387343939568,1.7207860491229436,0.7928425329462009,0.0869278109699173,102.62149645233028
16.25_106.75,preci,All,Mon,0.4878765692049616,0.4528929925030429,0.6770105166812926,1.0085542986332936,2.046657732747652,0.3580489854934445,0.681179621380473,78.04217286284249
16.25_107.25,preci,All,Mon,0.1057248769361718,2.377704616920308,1.335240360516922,3.5404029148162177,1.573658853454616,1.8380861347484891,2.216262852978759,98.61117109266236
16.75_101.75,preci,All,Mon,3.2250891908844777,0.7486432144077994,1.5910249714561686,1.3702408886178463,0.531393801831009,2.019461247058028,1.2336378221414723,64.44443416119451
16.75_102.25,preci,All,Mon,2.590346264642293,0.7062584372108162,0.9330107555296548,1.1007968561278445,0.4083328850119406,0.812851137576905,0.2420821604611413,48.52688772221047
16.75_102.75,preci,All,Mon,1.7492468936999064,0.1963684512691005,0.4322222021541173,1.163685319613755,0.1231074076481416,0.5756568936030699,0.9684504611977266,48.573626344795095
16.75_103.25,preci,All,Mon,1.543903434238682,0.0743172451187147,0.4095103034189243,1.738117191629313,0.1280145872218009,0.6571820471367533,2.501533708170651,58.90784687466267
16.75_103.75,preci,All,Mon,1.2843567534936813,0.3614405333518285,0.9345940638859718,1.856838352732095,0.4952786045745267,1.1007307279801075,3.5202811556492213,67.38417672630291
16.75_104.25,preci,All,Mon,1.134844668075694,0.7602203660304279,1.0964192065306837,1.2426902754468785,0.8748186104065475,1.2075139440109068,4.37409029506344,71.08556340026698
16.75_104.75,preci,All,Mon,1.159170990615732,0.4328953548537083,0.3005751119627316,0.5890164769251625,1.079981043995166,0.8131522051212293,2.3848307363532943,83.23687824219078
16.75_105.25,preci,All,Mon,0.8132466771290211,0.8011761272587568,0.2029653311215476,0.012994322130337,1.561353794004393,0.6913493192095288,1.6782920265312435,107.64478382325908
16.75_105.75,preci,All,Mon,0.4937570688125873,1.877225353474992,0.3446775141084433,0.1287189823434635,1.788970219184245,0.1254252580192229,0.3638783485369125,107.4785423351561
16.75_106.25,preci,All,Mon,0.6690275072709423,1.2995614769908552,0.4318910832119791,1.2340944913219454,1.3101786377535762,0.0090287578471903,0.5192104345467291,76.39299354119663
17.25_101.75,preci,All,Mon,3.1535421867803106,0.2860035645774006,1.004074109162499,0.8055196906306579,0.1401379760127402,1.3903341156628508,0.026132883970855,53.98506814037973
17.25_102.25,preci,All,Mon,2.51575512428979,0.905965926257673,0.3033839012363067,0.6552597760167345,0.0967161400176587,0.3610668636526228,0.4359362400335133,45.40892235250705
17.25_102.75,preci,All,Mon,1.749780903583096,0.3898221341224911,0.0560492320615924,0.6613145707449477,0.4932985709293541,0.4320882987504763,1.4371000365089854,47.59946022584772
17.25_103.25,preci,All,Mon,1.600992238212746,0.0244668601587552,0.2923566372581525,1.004203733904314,0.6174059855220262,0.6908998026676636,2.3854388103995365,56.24826676846719
17.25_103.75,preci,All,Mon,1.259244865938283,0.2918263447798528,0.6859098399317703,0.8205138133141042,0.8826232619789262,1.3546396863484036,3.7408335258978127,64.65591228631041
17.25_104.25,preci,All,Mon,0.4601171661511656,0.9230418737085152,0.233485297171296,0.2230090109291984,1.5991022784569098,0.1950647388874065,1.6703854822810718,74.3997125163845
17.25_104.75,preci,All,Mon,0.1719317405444922,2.3979984018026785,0.8270829602666924,0.8656964915949495,2.128313657335283,0.4529067926354387,0.7517795120029349,89.92315396533687
17.25_105.25,preci,All,Mon,0.040541071376026,2.730091504030637,0.9313829844116966,0.6347090063068981,2.4838472317571814,0.5397746621071075,1.2108865404439184,96.19051239825046
17.25_105.75,preci,All,Mon,0.7642676758756942,1.4224064439901074,0.1393268630601883,0.5985648769996149,1.884452412094984,0.2804041988857185,0.1901170125850629,78.83044248562081
17.25_106.25,preci,All,Mon,0.9383880013043968,0.1290597461113123,0.3697504012542202,2.5385338480163444,1.368833887457951,1.790319520761657,2.732530941781972,65.01504527880047
17.75_101.25,preci,All,Mon,4.0814978764142,0.0487848673503823,0.3026204694062708,0.6068651040861585,0.1843082517977993,0.4978675849053353,1.356757375083378,59.60022067338827
17.75_101.75,preci,All,Mon,3.1686093701115388,1.0015978285656342,0.4401837657013878,0.3383885198167879,0.0404162921630845,0.1988779791227771,0.8451214681669664,49.4659993541522
17.75_102.25,preci,All,Mon,2.3207789221907067,1.5369376567523076,0.0510083321857272,0.0329774335805663,0.5664421369410947,0.3826319453683017,0.7821181570293376,47.08439942607264
17.75_102.75,preci,All,Mon,1.574818788946151,1.6638938505545768,0.5838762647753603,0.126623117166639,0.962451304493206,0.2232806465545655,0.5101415770736316,53.175112280316725
17.75_103.25,preci,All,Mon,1.0329405313811657,1.36053396042132,0.2758483999860227,0.4210193474820433,1.398639349705464,0.19150861932794,0.0033769189047849,62.60253939642461
17.75_103.75,preci,All,Mon,0.4384213641717021,2.0431739712816137,0.0473522069002429,0.9142357557122884,1.9020073631826864,0.5937604013733401,0.7312977253318905,74.89000768241597
17.75_104.25,preci,All,Mon,1.0187611410018014,3.7412105887641074,1.9906644384738952,1.8853642358114604,3.158872737929748,1.3959252197428862,2.1723974571484934,85.45607461604605
17.75_104.75,preci,All,Mon,1.3484234561418291,3.242857006917337,2.0002465279923576,2.337473235726776,3.7108990928858607,0.8005747766803769,0.0152217703613246,83.6088194546894
17.75_105.25,preci,All,Mon,0.3140387827938551,0.554571603703129,0.704584485964395,0.4659488775867705,2.6920664451823964,0.0468134934539635,3.671732999506295,71.5917621726033
18.25_101.25,preci,All,Mon,4.1204757790448205,0.4548522869851132,0.7724815407855314,0.1684127641340979,0.2987408021635374,0.1237354837870288,0.8816962899204678,53.09118969847342
18.25_101.75,preci,All,Mon,3.422666484529381,1.4463301979781409,0.2101111872577457,0.0976611461602,0.0448447031181101,0.0504239309376626,1.5179071644801094,51.01183858748852
18.25_102.25,preci,All,Mon,2.320707589485462,2.8896554602871256,0.6275414726783856,0.7112567916238121,0.8763678929196674,0.1418679049418166,2.183782554560258,56.07339069421944
18.25_102.75,preci,All,Mon,1.3685401708173213,2.16875776791927,0.0255194607866124,1.1632710525538312,1.719297181360341,0.4264537005129301,1.063380412960938,66.31617124627805
18.25_103.25,preci,All,Mon,0.2991913830027399,4.103082254201152,0.8564657295660858,2.353621769767234,2.9614753682444706,0.2947017325127715,1.5019672395050545,77.6055338295822
18.25_103.75,preci,All,Mon,1.6149315782402984,5.592284337711522,3.1489429160948026,3.4349098958874382,4.063914193515991,2.0594308600712643,4.332009240082278,85.12131957223905
18.25_104.25,preci,All,Mon,1.5489780616722637,3.919995922337805,1.3515877449014342,2.312796565505113,3.7130711814966526,0.831986685940164,0.891232394429896,79.17250815399282
18.25_104.75,preci,All,Mon,0.4767208955012424,0.5232630624774278,0.0465562449603672,1.1768425094973467,2.8971771482441544,0.1705347843879028,3.8227582692152655,65.47497895366644
18.25_105.25,preci,All,Mon,0.5569696486964654,2.0107433255421947,0.9706314727573456,0.2595427987377887,1.705579851160384,2.750274788721355,4.833122549727938,62.8432180469818
18.75_101.25,preci,All,Mon,4.547573977264723,3.034063525923483,3.667245060517355,0.2223819592035488,0.3010100000002434,3.253315629983061,5.341016341316141,59.725869282933225
18.75_101.75,preci,All,Mon,3.994389123272856,0.8149222483831733,0.6045172510095218,0.064201886981585,0.1575677707583546,0.6781880301280554,1.618589704918146,59.38146166401046
18.75_102.25,preci,All,Mon,2.117057561333001,3.44344180203552,2.143870859521671,1.5323478686314462,1.399491627262051,1.3739195750711255,2.369536071257181,65.93022768056592
18.75_102.75,preci,All,Mon,1.0152041580490043,1.999299646566156,0.3637367048855629,1.8128074875407825,2.169466486972294,0.5768518887485337,0.1272795237617806,81.60005045158506
18.75_103.25,preci,All,Mon,0.6693631841164712,2.9722616527407544,1.8671912815378229,1.4203090366389188,2.0396122983334903,1.5565655404894132,1.8580194562609933,93.35057685895124
18.75_103.75,preci,All,Mon,1.0047474382192438,4.54120648954612,2.9587632962183346,2.8569177161442267,3.4443647452458865,2.0244685030818568,3.384556773260052,89.55712623708108
18.75_104.25,preci,All,Mon,0.2505702290014659,1.41394979942728,0.8677508551999931,1.1479242801735392,2.288388490095077,0.1485483834026307,0.5984518572404731,69.03798592758768
18.75_104.75,preci,All,Mon,0.5875684088963954,1.571541858382725,1.979072877311825,0.3601344439344152,1.6274939993524855,2.5534535655702224,2.647448609115208,59.33933470663207
19.25_101.25,preci,All,Mon,4.578203314761655,3.785209940928325,1.517070929907489,0.1250377221827343,0.1309867623419295,1.6677691555684524,6.571638821367762,65.1739437960083
19.25_101.75,preci,All,Mon,4.195747231838278,0.4439709066714268,0.2779675493138687,0.021244874362232,0.1417759742306303,0.4090792615696597,1.3681802707396389,65.16864993414686
19.25_102.25,preci,All,Mon,2.916098381365809,0.1547541260614661,0.7295317465052351,1.03536013363902,0.7754395009467138,1.79729864183998,1.3714245248805907,68.14559445216004
19.25_102.75,preci,All,Mon,2.2432999414284005,2.5470996448830188,0.243574696557361,0.995406758723451,0.959556426311014,0.7549905851294128,2.495594395992585,76.99422710961525
19.25_103.25,preci,All,Mon,2.1053149095304744,2.2733334536315275,0.8671492557709103,0.5678965525533007,0.6149084799625297,1.3213850688531912,2.9400311806213124,84.78100775737468
19.25_99.75,preci,All,Mon,4.953150601000203,0.4849623424729317,0.3452128506546849,0.0424816141892894,0.3994807211462823,0.0520040445952841,0.28634612706966,64.87417550276724
19.75_100.25,preci,All,Mon,4.7009547725424445,1.3164771279195548,0.2085859298717874,0.8040545530627348,0.0639321416831817,0.2398985593244791,0.3698300823440004,59.0972688434902
19.75_100.75,preci,All,Mon,4.675148817333611,0.2952402572796395,0.965735275771946,0.4618629610814141,0.1157167096585306,0.9637764707581492,1.0205925834183471,62.33796817782689
19.75_101.25,preci,All,Mon,4.637454639782734,1.3950413703090494,0.7381906524936331,0.3760623058476313,0.0963052155614668,1.2051353935957498,1.7844949171795847,64.3691313933943
19.75_101.75,preci,All,Mon,4.095048137905236,0.7721263914637249,0.4468940096636573,0.5823218352373689,0.072789342475378,0.5208284198222309,0.8715622366464423,61.18250493158679
19.75_102.25,preci,All,Mon,3.35255283736869,0.0710406274912803,1.399805129158112,1.129978387762237,0.4626617380348038,1.701749981351273,0.1823192168972658,56.32739936889417
19.75_102.75,preci,All,Mon,2.39167428835615,0.9630927735648674,0.7301647682718525,1.1241236638369758,0.8851246327001069,0.613505971137589,0.0877461324204178,57.725871341245245
19.75_103.25,preci,All,Mon,1.9192640773273155,0.923526402461976,0.905007535423569,0.9180654174136949,0.825660190455198,1.1400330910740548,0.9482571062178105,62.26909432821727
19.75_99.25,preci,All,Mon,4.812384555920585,0.4480181223663879,0.2140764507314249,0.0089026072366978,0.4004377611139785,0.0457498608459445,0.171148381510407,72.49288960054216
19.75_99.75,preci,All,Mon,4.455718941548454,1.867301979146119,1.2284908069962883,1.072664077163053,0.2125356849580153,0.9434785054050482,1.6192499785581782,65.00885518304271
20.25_100.25,preci,All,Mon,4.01536175183448,2.679885329366913,1.047185629315013,1.4969257939309653,0.7078933811557199,1.1691505430930855,2.506020498962932,64.18098653807697
20.25_100.75,preci,All,Mon,4.202107398968961,1.291497597319898,0.3777653300824805,1.1648654992872696,0.6144164323594088,0.4278064065843921,0.1576821539046691,60.40155364412852
20.25_101.25,preci,All,Mon,4.384762204246662,0.5853581228484843,0.2911063310696646,0.9169602163189464,0.4721360024340804,0.2778980409350862,0.3248817381147712,60.71483529541114
20.25_101.75,preci,All,Mon,3.9899466011340974,0.2267686177406522,0.2450324993748901,1.194833006049006,0.4674592872409698,0.4223664131564888,0.0428599459746353,55.02983232716676
20.25_102.25,preci,All,Mon,3.616408021476505,1.3589341287221084,0.5278895797750051,1.586081090765701,0.6170076123413564,0.1472823907708416,1.2807985950467284,47.48015934339888
20.25_102.75,preci,All,Mon,2.719023910747138,1.6163142976875675,0.3485918615062041,1.5343338573575271,1.0266641819850333,0.2352474627015547,1.5648803146154224,45.30583650078567
20.25_103.25,preci,All,Mon,2.1282215813699312,1.3308418287575097,0.6500320079516908,1.206858988286835,1.0418820806777986,0.226651040191874,0.1437701205999016,50.31398276560783
20.25_99.25,preci,All,Mon,4.337152864624124,0.1382156996057802,0.6832897699857265,0.063076484691246,0.1516185997915501,0.9300126683559043,0.7094127745253653,72.78665600390127
20.25_99.75,preci,All,Mon,4.176812436258339,2.0065932823953663,1.070048406304087,1.2459520012815612,0.4883231806522317,0.3717370985625945,1.4867810686722909,71.74511724583421
20.75_100.25,preci,All,Mon,4.0591560140836105,1.81121021359321,0.2093895251928057,1.187438215239223,0.3824445000365163,0.470606437756172,2.0923481957906103,71.77096598420563
20.75_100.75,preci,All,Mon,3.928607671564507,1.5438123021193502,0.096232719687148,1.3990704524093556,0.5910971136918132,1.093900660840788,0.1314524735403732,58.46375798362752
20.75_101.25,preci,All,Mon,3.936606822935285,0.3249497147758802,0.3238746428138903,1.4006039201911151,0.785918360015192,0.9984061351611108,0.7556375662804472,54.34611469532511
20.75_101.75,preci,All,Mon,3.7354392246011408,0.4658501022708876,0.6144422357617467,1.3613866145804532,0.8184754229736029,0.1370360786870163,0.3367333060298366,53.971948774629126
20.75_102.25,preci,All,Mon,3.4801714599606632,1.0508803315131876,0.7021994570006959,1.3552485919013593,0.9781252779259846,0.1603049135178434,0.9735153658444016,49.54083236676452
20.75_102.75,preci,All,Mon,2.946447048352932,1.4155189043237626,0.2293828603449695,1.2427811124812294,1.1207130999281585,0.5222610422904521,1.1280980296777348,44.85370497817335
20.75_103.25,preci,All,Mon,2.2778376494753347,0.3891452727391142,0.9766542146622352,1.416374088217353,1.3895959519982954,0.6621720151932924,0.7328180630754637,44.79621135199886
20.75_99.75,preci,All,Mon,4.385107889641343,0.3764497832501383,0.057959686961249,0.6587361021846703,0.0979452018049402,1.842911269154224,0.7572318287804592,77.41264641093076
21.25_100.25,preci,All,Mon,4.093421197068964,0.8833511568968618,1.4158557766047954,0.9370346868091564,0.077999405580091,0.6336499668649771,1.1929475265346658,71.73444901574017
21.25_100.75,preci,All,Mon,3.8825937694788792,1.222234826702585,0.7752619290770288,1.316494558423294,0.2553458444431284,1.0421037597236986,0.9468572588135544,56.50023028720289
21.25_101.25,preci,All,Mon,3.65295300446458,0.7420827385772355,0.0307424529952012,1.4899904256338516,0.7106248429822917,0.6503379396046342,0.1759202219125976,50.72442656833434
21.25_101.75,preci,All,Mon,3.482199257416683,0.5261714402209253,0.0784997659711705,1.437628469466696,0.9984710826824552,0.1067578333893823,0.4282351708750808,52.96845005303396
21.25_102.25,preci,All,Mon,3.309267179207888,0.9915514563351148,0.5891629971023994,1.289025060181077,1.2354493265817992,0.6928199780248583,0.540623611443851,52.33146755939885
21.25_102.75,preci,All,Mon,2.6757410498310588,1.5299476674578008,0.1920558076360777,1.4209344299813391,1.5710346148026864,0.141381407686392,1.0176481073690726,48.6718369315579
21.25_99.75,preci,All,Mon,4.231047829426329,0.6985910264133701,2.1892240333468207,0.4731397072754732,0.2228723532850612,2.461549784426674,1.028970148073,75.72932902739979
21.75_100.25,preci,All,Mon,3.2282115513931804,0.8300145923042312,0.4570540187769581,0.972139988658142,0.0165634627035242,0.5308354170234538,0.162886915838565,61.96347885272736
21.75_100.75,preci,All,Mon,3.353575180436027,0.8293355788876441,0.7300795478776023,1.132451587184915,0.0832203847012399,0.9012930814486426,1.2712938160952965,54.41296077663696
21.75_101.25,preci,All,Mon,3.3137335993571604,1.253147587259923,0.5275062185624553,1.20603855461198,0.3664887644222774,0.4768327752344855,0.9870637933982372,49.22245695938005
21.75_101.75,preci,All,Mon,3.0083090490341817,0.269005816667753,0.523307793178891,1.4818951336409072,0.9991538838782316,0.7074942709433331,0.6254096084489512,50.55254094668183
21.75_102.25,preci,All,Mon,2.854190508362967,1.5432621120945225,0.6056354245222015,1.7244528598446065,1.4094139095957543,0.3218354456601222,1.2097333801927157,51.845993345427296
21.75_99.25,preci,All,Mon,3.4285895535330826,1.2079896550933868,3.521550694601303,0.3024127090556695,0.1260043355775971,2.3801707771269225,1.755375908878089,57.64114231221798
21.75_99.75,preci,All,Mon,3.3759451791896264,0.3237575082542431,0.1069465787548374,0.4386034561028727,0.2085262445713625,0.1335000444124334,0.8071418101163863,63.22845054010992
22.25_100.25,preci,All,Mon,2.433234602724031,0.2651373335883799,1.666780778681277,1.2337983952785505,0.4195230733558944,2.320750829916894,0.4424530374095564,53.50320122165673
22.25_100.75,preci,All,Mon,2.668881010234452,1.397509931514588,0.5208290837850765,1.1756812527111755,0.3610899700815944,0.1684096018757439,1.685027081443549,53.44568110880663
22.25_101.25,preci,All,Mon,2.5792629841551182,1.2909970474463994,0.0726971604395349,1.3629249843345992,0.6890152733192406,0.3487948806216429,1.2067692719401066,52.805256699386106
22.25_101.75,preci,All,Mon,2.152490270790677,1.7493308811838235,0.1174426503019409,2.006139541783661,1.5361941658833216,0.1862773777152463,1.4957020771360856,53.21687121200553
22.25_102.25,preci,All,Mon,2.1028417185548136,2.566310953519155,1.1243168062916258,2.2192782303002363,1.873690015368462,1.5585248076229024,2.37398609593937,53.275153059139015
22.25_99.75,preci,All,Mon,2.5767074443518214,0.6901878790652755,0.6912909510857467,0.9568170697942316,0.2264342240894435,0.8407620964075373,0.9070755478158796,55.01833893349797
22.75_100.25,preci,All,Mon,1.5251930270316918,0.4613522676984695,0.0233899484488259,1.7318332910076617,0.5784445291560496,0.5120512549705638,1.592707155202756,50.00844921997984
22.75_100.75,preci,All,Mon,1.5690045436225093,1.3884272531485815,0.5731596056430378,1.6813252445860472,0.6342904853196741,1.2462394786294897,1.3785541340287395,51.99834420927783
22.75_101.25,preci,All,Mon,1.461822339648174,0.4831489426283668,2.374307508096972,1.7984370458236696,1.0607443176694356,4.186319618671214,0.1618390415156675,55.40771754248171
22.75_99.75,preci,All,Mon,1.8701120973868293,0.6685557260136729,0.1446391275857556,1.3987484164131614,0.4726324342064242,0.5931170787139309,0.213003463239575,53.63508419624722
23.25_100.25,preci,All,Mon,1.4147761545745594,0.7652145544724315,0.4815803627728435,1.3419898301810802,0.1543063932020068,0.43263880704843,1.5429835932335527,55.37367254114993
23.25_100.75,preci,All,Mon,1.4414503776477905,0.8576098393772033,0.0777692211670227,1.3176323483233716,0.1957345254364823,0.9567330333688852,1.0155593049915732,54.42053068946548
23.25_99.25,preci,All,Mon,2.073210742628654,0.4300920319371787,0.0070442433391145,0.8442657857863447,0.0318070712496338,0.4287195800933276,0.3758932684868353,64.11102008136429
23.25_99.75,preci,All,Mon,1.6396415339400296,0.7396842257060465,0.2941635237239794,1.1035856600526115,0.1520169750692927,0.0405977546418565,0.2481376466315284,61.60486121473794
23.75_100.25,preci,All,Mon,1.5601674073746243,1.3885815122003509,0.4450153273974695,0.9006318731450298,0.2625039478552566,0.681048268275502,0.2428500314645947,63.789257806179776
23.75_100.75,preci,All,Mon,1.5476588960956268,0.2111539339916363,0.2283255893695908,0.9705095475650768,0.24776894767314,0.485782284433402,0.5091732975720109,60.23743707085302
24.25_100.25,preci,All,Mon,1.598885589865685,0.7026670013090376,0.2540588659428082,0.824054910439656,0.4605317863157189,0.2719456250285179,0.0777921231269935,68.38178901490875
24.25_100.75,preci,All,Mon,1.5216277691167932,0.2340118703678479,0.6246446445359038,0.9780233859133546,0.3774525309478854,0.268592625452808,0.5770226451058911,68.35054841963445
24.25_99.75,preci,All,Mon,1.81324331779636,0.1614774099421732,0.9002299259779366,0.686624945725851,0.5425772155146357,1.9581631563473871,0.0086206332294357,63.45941397527012
24.75_100.25,preci,All,Mon,1.203986418000737,0.5339631532819572,0.600568351488251,0.4060093060919121,0.7460896172060278,0.2416811121895952,0.1432976106667804,63.60484470219716
24.75_99.75,preci,All,Mon,1.4322430943096296,0.1964405848975288,1.5318322322316422,0.2713369781601387,0.9174896494417918,1.1942525432746132,0.1707830935573326,60.89222687936182
25.25_99.75,preci,All,Mon,1.2319536517997238,0.4134200820896886,0.766650777730001,0.0408143856519655,1.0269652271771286,1.1503344538855989,0.2992295351830453,67.03935265183833
25.75_100.25,preci,All,Mon,0.3000345823606428,0.5939541694662602,0.9114318074611152,0.6936174427009708,0.5084126037072341,0.4291267382756938,0.5553512704067733,65.73034922915369
25.75_99.25,preci,All,Mon,2.1521155068138373,2.0074411142088477,1.8942431052099056,0.2816713518861434,1.3617985883736796,1.709022979704906,0.1451224190111099,99.34640401192884
25.75_99.75,preci,All,Mon,0.8361573141474051,1.160608559890459,2.4692550969180576,0.4748243976353133,0.9253157842572016,1.4804271090372023,0.3046148171420231,77.7574796834434
26.25_99.25,preci,All,Mon,2.360104915784736,4.1788939083943335,2.2036431023665872,0.4878418871000403,1.641075333445144,2.4933047632336347,0.4388176298263738,116.71627206825627
26.25_99.75,preci,All,Mon,0.8058383901157454,2.216226545838823,2.374410252279972,0.6357626417724362,0.994816894917849,1.7752675536011415,0.1044695999980021,90.9491978963605
26.75_99.25,preci,All,Mon,2.437680104238017,4.508961145188175,4.966944060336187,0.0900936999676769,1.921448959809842,5.210755914374441,0.3645973705799251,124.62542446276692
27.25_99.25,preci,All,Mon,2.6537272593068955,4.4053648334717295,2.929362518088661,0.3598660626897161,2.138613665544931,3.8354827703308434,0.2294255912754381,129.81703691107694
27.75_98.75,preci,All,Mon,1.5165191147497628,6.857670424477192,6.349001435934473,0.2566119884275697,2.121524636254867,7.10796672731396,0.0895771863306588,134.7630161133598
28.25_98.75,preci,All,Mon,1.679427735626324,10.836417552363285,3.0040806575251917,0.6967344257088974,2.3075073633819407,4.033478872172537,1.9933973359581527,110.99449992569582
28.75_98.75,preci,All,Mon,1.876093141501625,5.430308706490273,0.8623775284193875,0.184901370137367,2.6097937233292305,0.8746830439444319,0.7320879171541773,94.31530606221628
29.25_98.25,preci,All,Mon,1.3457681390765268,4.220039955384964,0.4670412837915434,0.2073083157440046,1.8183774356066755,2.126823247656493,0.4802053648338586,62.18446519856376
29.75_98.25,preci,All,Mon,1.361612054932957,3.2009798778585834,0.5363557896319651,0.2510354924064313,1.301752630880226,0.2408928339818599,0.7073485676241776,47.18677524973483
30.25_97.75,preci,All,Mon,1.174421990683654,3.7881171889434144,1.4761765412487835,0.0252684795181893,0.6756694399038968,2.8387192278360747,1.2211944996413495,53.53299913818718
30.25_98.25,preci,All,Mon,1.2086232358439075,2.762368687712777,2.1873813191573115,0.2448719433273693,0.5988743592149647,2.271158017301003,0.6189932160114701,47.07795910768933
30.75_97.25,preci,All,Mon,1.222048719034483,1.0981727310574303,2.2090614802160795,0.1162713420172691,0.2733794456644594,2.058556570943165,0.2999628436234789,58.55462378601455
30.75_97.75,preci,All,Mon,1.242267296469335,1.860055877133647,1.7928907952548656,0.019639589117502,0.2044372523247279,0.8812789838217568,0.3776836212900491,65.71506236607296
31.25_96.25,preci,All,Mon,1.3346440184987798,1.4551392932336786,1.962732121371627,0.2974214877123407,0.1326336550521485,1.686663316230194,0.0305939133129547,57.77453722248494
31.25_96.75,preci,All,Mon,1.0310024018739237,0.5691970059037994,1.5889004185056397,0.3566305277098837,0.0980026613341107,1.474571284598178,0.091250655344243,48.98087013104213
31.25_97.25,preci,All,Mon,1.1841902654814382,0.5395393219883042,2.1702431188327878,0.3129625244761578,0.0804060113246891,2.250994935227033,0.1314321019560619,52.36955614640311
31.75_95.75,preci,All,Mon,1.5114957142284229,1.5997564090973482,2.7303561856057,0.091844823052516,0.3316603031315355,4.1343768936269285,0.9572318317337492,66.25135435937533
31.75_96.25,preci,All,Mon,1.3329126065939627,1.1760596108503074,1.9858682370310576,0.0174580190601185,0.3160146627255213,2.2524915932639744,0.4297274918084053,58.3719031291886
31.75_96.75,preci,All,Mon,1.0770730590594098,0.434110304414845,0.971382233237897,0.0259198916689558,0.3056410959348834,0.9541925119136716,0.1522757062927895,49.14550033350195
31.75_97.25,preci,All,Mon,1.257713266439505,0.7568388786306358,1.208152461139833,0.1100924590769395,0.3262729146394451,1.4239792484698754,0.0286781046490585,48.808337699596485
31.75_97.75,preci,All,Mon,1.2921804190568384,1.706820065700675,2.4874810269551038,0.0127475223796041,0.343139924638037,2.27622450733287,0.2619706050942686,58.01908251586919
32.25_94.75,preci,All,Mon,1.538305355447379,0.5445082088021381,1.2417243306252743,0.2682942306670488,0.428855317517639,1.8332221772127015,0.3622232771947296,68.78955969008821
32.25_95.25,preci,All,Mon,1.626204589651007,1.0011600707203054,1.124207567955675,0.2716514152346643,0.4233277579693978,0.0241790254884056,0.1787038718570455,68.90734902784676
32.25_95.75,preci,All,Mon,1.4543641412680537,0.6433240275784908,0.7143103117836516,0.2661899001994673,0.4032370281859712,0.2370857335702574,0.0331501439197163,63.70459264630196
32.25_96.25,preci,All,Mon,1.342958752678885,0.2412523562525385,1.643904693664617,0.1479328360700977,0.4090940076491143,0.8224423209857443,0.1588138437184152,56.21393532960389
32.25_96.75,preci,All,Mon,1.2598687333435856,0.6768703678319696,1.9243478063343316,0.2727456304097246,0.3606983585174899,1.833989548297747,0.0243157156663279,51.362510218188056
32.25_97.25,preci,All,Mon,1.3773750334294552,1.5806844081889404,2.601276911777401,0.4733504219244184,0.3660782066932935,2.505101280983188,0.2999171790556538,53.25345930670924
32.25_97.75,preci,All,Mon,1.3475859017745746,0.9162553622273972,1.511787897486567,0.2605797717625723,0.4120555815502618,1.7218847490286509,0.1537732834192164,59.728998174562896
32.75_94.75,preci,All,Mon,1.5029443289367468,0.4991746262718891,0.2725954263442326,0.1045409300805457,0.3234055690868146,0.4101116591843052,0.0444171004523288,69.99610282761394
32.75_95.25,preci,All,Mon,1.557025049141506,0.0470790966936685,1.4300477038045825,0.1666867624149338,0.3487465041242913,1.925855798950507,0.3304999135386479,70.38208628146077
32.75_95.75,preci,All,Mon,1.4753945075579162,0.1557473913164404,2.9777018159775257,0.252819724800148,0.3452112254920707,4.115637601426166,0.1540769906860386,65.49485926514745
32.75_96.25,preci,All,Mon,1.424272435043528,0.2570946063578317,2.528551474463955,0.1971370442024078,0.3201354365295038,2.1544826598376705,0.1154811491969348,61.67580881299861
32.75_96.75,preci,All,Mon,1.3377168030472903,0.8925954988915381,4.346743161060527,0.2001133643465653,0.3134211421725666,3.672649353488372,0.1055923737288203,59.67448902848295
33.25_94.25,preci,All,Mon,1.2812946259845233,0.1339982445217717,1.2464985207677386,0.0085811511485611,0.2090611077920816,1.1668803575551268,0.1087018198250838,65.03226427759006
33.25_94.75,preci,All,Mon,1.3521332022424974,0.1078484070184865,1.194403107263477,0.1871308883064106,0.2268858146337206,1.5869731743215412,0.1334273372557274,68.86998528891908
33.25_95.25,preci,All,Mon,1.4505797350257732,0.5603631948285919,2.9510867787085804,0.3966202324093636,0.2436378712257031,2.8806212902993824,0.0389009705418707,70.7273818554441
33.25_95.75,preci,All,Mon,1.45748288824287,1.2198620346859774,3.975663521625131,0.3526106532393996,0.252894748383266,6.656304957269372,0.3385886737994156,69.72932343124157
9.25_105.25,preci,All,Mon,0.4959585085345105,2.736338666990244,0.0471640259399629,3.364680021608362,0.342149474584712,0.6457062677666398,0.3555563791397123,97.65014396126844
9.25_105.75,preci,All,Mon,1.0000340983043767,1.2928985863376503,0.4018803097960975,4.840828982172448,0.4642596633019185,0.1648881778433399,0.0792748217731844,100.14554188044067
9.75_105.25,preci,All,Mon,0.6926712192693273,1.1706382999061602,0.2366192524922606,7.609355272837525,0.3091765257867863,0.1420204499863112,1.3449902645772367,108.8181257489994
9.75_105.75,preci,All,Mon,1.0905994254835332,1.7328767705037431,0.239885520574997,7.479280530294866,0.0290919549447784,0.040963216377533,1.6224368076367013,95.1924276464054
9.75_106.25,preci,All,Mon,1.3450157665070537,1.246659356441984,0.5064483798957926,6.792408614956463,0.3156244998224984,0.3175605955475309,0.447919956601607,96.0323331106158
10.25_104.75,preci,All,Yr,1.639665294643308,0.0617058103068325,1.593582954446575,10.440120439328622,5.011206634340261,1.6945863424434495,0.5652998336557136,115.63471189896134
10.25_105.25,preci,All,Yr,1.335845034183801,0.1433268696828865,0.7495006307636493,9.734602577241091,1.5980627380754668,0.7162913464396231,2.465591927395301,105.36372886404271
10.25_105.75,preci,All,Yr,1.3059523709666527,0.8283581727320671,0.2739251384346633,8.06941423235836,0.7515001309977594,0.1104804350982306,2.500263646291569,95.46659689015785
10.25_106.25,preci,All,Yr,1.4503604431438326,0.8236092835300582,0.3998124756833166,7.234037740307623,0.9178238123261218,0.3446255749860337,1.738667414743314,96.96353114601274
10.25_106.75,preci,All,Yr,1.4649931617470942,0.4983561023178027,1.0722626704765303,8.126921052279965,0.4963647999347469,0.0844065158665905,0.6576774641212505,115.23152744349242
10.75_104.75,preci,All,Yr,2.2244099655675584,0.6108835668677132,1.402255829586896,11.556803096264847,4.178695639867806,1.5380735426997654,1.520550553191904,86.39266987943876
10.75_105.25,preci,All,Yr,1.704940141176152,0.1811296063851627,1.127492998641485,8.920114412879762,1.9026003441769883,1.212768710613132,3.355417838938224,83.04633589959744
10.75_105.75,preci,All,Yr,1.192741669738776,0.3085583733424706,0.4726196461641465,6.946973590682674,1.2429739378756963,0.5078919291077985,3.089662727478357,89.99433776383341
11.25_104.25,preci,All,Yr,2.4205240143829183,0.1222198084153496,1.0419529726760492,11.568872206313626,2.7886772425239346,1.411816717088884,1.4670081233580856,73.63741534739714
11.25_104.75,preci,All,Yr,2.04568366362635,0.6157076370384266,0.783412651299865,8.493194735459474,2.8669882380196494,1.1981516298787236,2.346429510418607,63.38883660922883
11.25_105.25,preci,All,Yr,1.8181657035847327,0.3249048434911513,1.3674757401195456,7.216546053900384,2.834695259279008,1.3509457892372094,4.070152399010259,68.23015683715813
11.75_104.25,preci,All,Yr,2.265857226598301,0.2448553788097879,0.3193460104093715,8.8739454512556,3.349502773460069,0.0422452844953491,2.686291907215997,55.49414994963498
11.75_104.75,preci,All,Yr,1.842776468632756,0.2630298587716564,0.3462701088213473,5.863542275229612,3.3976980975961704,0.5670026834030683,2.7409907651608534,49.7490327139252
11.75_105.25,preci,All,Yr,1.7984256548450566,0.793843034909766,1.3199341506285518,6.480029888730654,3.3156246690930957,1.3801354619100576,4.518020380161501,61.12217083346992
12.25_103.25,preci,All,Yr,1.9361325289709923,4.479280300464004,0.8109760752917999,17.435795933239476,1.730719230911254,1.92251864938236,5.346241677882407,108.28994946631694
12.25_103.75,preci,All,Yr,2.1047491422834623,1.4953091042979945,0.3854789591518092,11.058644126555484,2.410470895401451,0.2895634838436514,2.5918219761860146,68.15217910509897
12.25_104.25,preci,All,Yr,1.4906911698551255,0.1719315122530224,0.5617151001051803,6.682296142830791,2.394285132654256,0.8985812139709096,3.8986090419319694,53.19942242073584
12.25_104.75,preci,All,Yr,1.3274103326561462,0.0227152298826004,0.7218232351363297,4.706665191056381,2.473005153609998,0.9944564168564632,3.0644472879294167,55.21229970630674
12.25_105.25,preci,All,Yr,1.4396463594163422,1.1704274287515082,1.505536595454119,6.383006837932449,2.6626711513291177,1.2835878054949204,4.363932812102455,71.87182158256633
12.25_105.75,preci,All,Yr,1.6687328292414385,0.7121401620590775,1.3601989878824352,7.882085947141501,2.868281219893632,1.337235314732042,4.656973933772382,98.95234121118118
12.25_106.25,preci,All,Yr,1.6695683734939666,0.121885714923008,1.585548460229607,7.315307217325757,3.033502941498419,1.7746301715693538,3.947910858522152,142.38293980959483
12.25_106.75,preci,All,Yr,1.160790772367359,0.0342175636222149,1.1619288661003515,7.438752892940315,2.4341768972248627,0.4444113212727306,2.5163785074767904,207.45685536004544
12.25_107.25,preci,All,Yr,0.1469871622512036,4.032975271623825,3.755457531866444,6.687830177365382,0.8972099698952513,1.552620715718466,6.133024458763011,258.5865404227566
12.25_107.75,preci,All,Yr,0.3953764264772683,3.09608418352118,0.7016806197662102,5.443620961127569,0.2098451186295577,1.0729308523285277,0.0855175230418317,171.91139132307703
12.25_108.25,preci,All,Yr,0.2425893283291287,6.994428098785767,1.1800361583085133,6.888873558186761,0.6878402210126935,1.616161868347252,3.341776299229876,105.34308643445884
12.75_102.75,preci,All,Yr,2.410722084852322,0.5088270987619805,1.586189242719358,16.25774383800526,1.7458356797808934,2.412033601259355,1.735972203209882,102.80439477657734
12.75_103.25,preci,All,Yr,1.960209860960768,0.286939541307503,0.1343355997464843,10.200564347274373,2.050850392359296,0.4348781980707555,0.0256702674407152,72.47919197228566
12.75_103.75,preci,All,Yr,1.5551481420665318,1.1218108034445038,0.3203360531403675,5.871596266333686,1.7186898091921214,0.1945815437913446,0.1100412302412883,57.89341415656981
12.75_104.25,preci,All,Yr,1.2778132523288357,0.6676194668666321,0.4391127941666577,4.881318593660216,2.701566885632105,0.4831665993630152,1.1789759349339568,57.97670872869229
12.75_104.75,preci,All,Yr,1.4419233897323265,0.2626615762503431,1.136632356152992,4.666539628848324,1.4761130703608425,0.9578636328438396,2.246516095846908,71.25757462411183
12.75_105.25,preci,All,Yr,1.5636150040868744,0.6407313625297159,1.2837605030821613,7.1801716683292165,1.947886353512973,1.363238455877893,4.186508464352557,87.77897995813777
12.75_105.75,preci,All,Yr,1.7105155933180454,0.6934659271752897,1.435602594665246,8.102636655124167,2.2904970067398027,1.2331825706270454,3.756184466933896,105.06265884753968
12.75_106.25,preci,All,Yr,1.452686195156586,0.5154400079813174,1.2650427784568108,5.279747518702148,2.4216832032661446,1.087033137441678,2.742125318349056,128.74725111091368
12.75_106.75,preci,All,Yr,0.9108764806450828,0.5280418265326525,1.617014776289205,5.581505242110999,1.934382566824639,1.485131062624352,2.3729198894054573,157.21903370104292
12.75_107.25,preci,All,Yr,0.2334998664625132,1.099118349050025,0.471596919567441,5.362924922302282,0.6448531788641901,1.3784866284126842,1.47796127062409,171.440267367051
12.75_107.75,preci,All,Yr,0.3156927068191891,2.072377865646583,1.0874652912798983,4.325465201939298,0.1469249987407008,0.6594637989865587,1.557198795896226,134.03376610159594
12.75_108.25,preci,All,Yr,0.1172548442080055,0.2826247933471185,1.5755712606230954,4.255327886400636,0.5055067712959039,0.2735314553442801,1.1858560032287189,89.90645521534482
13.25_102.75,preci,All,Yr,2.345058405345553,0.1029631316635231,0.4815185311072153,8.580612299011113,1.6369024733844038,0.1388858110006095,0.1330151856797108,79.32043247786865
13.25_103.25,preci,All,Yr,1.8315311941485823,0.3400042743525752,0.5992929689124804,4.995439847569303,1.4982001870533042,0.9073252915491454,1.143525010946035,69.25265550441301
13.25_103.75,preci,All,Yr,1.4492038258902598,0.1774553277762467,1.294874555476841,4.133155689647873,1.9023149690471264,1.2935639676386943,2.02451258987314,69.32694607681591
13.25_104.25,preci,All,Yr,1.4739803224759376,0.4295807549703638,1.8017159949592307,4.753075454387457,1.4634717071723484,1.7915841616828507,3.2228283950723497,83.06307407692829
13.25_104.75,preci,All,Yr,1.759861818278906,0.3856991489754898,1.8559400470600675,5.938883289903116,1.2173375580318957,1.8457655014475332,2.931503252735957,99.15193004333834
13.25_105.25,preci,All,Yr,1.7104713201742625,0.5692604777731507,1.27080647053677,6.936469693228561,1.471268034027932,1.4499617370087734,4.053933387093679,105.37385984770825
13.25_105.75,preci,All,Yr,1.5422692556367938,0.840277095379474,1.3356215956921245,7.609519141318377,1.505847952058598,0.9858302452051564,3.700145942165352,107.52303248097788
13.25_106.25,preci,All,Yr,1.2374591147295928,0.2150020048568956,1.7707350262381167,5.637136688348187,1.476455912952124,1.7999283755248372,3.2494836462325334,120.48403509733804
13.25_106.75,preci,All,Yr,0.6530260328949078,0.5486247050532023,1.3347886717533664,4.0785961051153725,0.906311279224302,1.7628073483194768,1.984850164082316,142.43889474085512
13.25_107.25,preci,All,Yr,0.1566374589866817,2.25655483963674,0.3316480304006632,3.34922516346594,0.1614508829257563,0.152199650706937,1.249174596199231,155.55290870018746
13.25_107.75,preci,All,Yr,0.2906334174515197,2.381241752063737,0.9047774754526052,3.266844298665907,0.677318852219075,1.223259629438565,1.828870834830086,124.30141886668996
13.25_108.25,preci,All,Yr,0.0190642568550034,1.138023049623872,0.1839236027479614,3.904131325059087,0.4447284511106212,0.5685467610790271,0.6315470700233694,87.23604218022025
13.75_102.75,preci,All,Yr,1.6673317496180884,0.6244602638055424,0.6645665823137855,4.451107397597455,1.3586458620696806,0.5363042952593083,0.6741142674813888,85.86837487789886
13.75_103.25,preci,All,Yr,2.053409840750268,0.0133104263937396,1.3150973822096392,3.894947530634168,1.4747277375234005,1.1899645747176162,1.6051085483245136,86.90128868546951
13.75_103.75,preci,All,Yr,1.891219314814644,0.3394637988979136,1.5812228264567167,4.945468458303736,1.3905438132878432,1.3982436433827676,2.6164026068747352,97.65116980456229
13.75_104.25,preci,All,Yr,1.904304615022897,0.2371021558825069,1.6420677712382363,5.24451428282144,1.056675392613731,1.5454798184469614,3.263713812229577,109.95315507212273
13.75_104.75,preci,All,Yr,1.886876461064511,0.2054240014758917,1.4459528577960097,4.300057601729709,0.9446141331291824,1.2800967754403234,1.8721943802153092,113.94825841151696
13.75_105.25,preci,All,Yr,1.7070281927470898,0.3521761491536595,0.8213796621842053,4.626232574512397,0.9450164613911072,0.8920037526287159,2.927060915257082,113.44230916057175
13.75_105.75,preci,All,Yr,1.3799869475488429,0.2390858525365248,1.1655040833073076,5.301666385752032,0.9197291842751448,1.2179327930695285,2.2878065431632373,118.3740408680723
13.75_106.25,preci,All,Yr,1.1516467793547054,0.2458201402245131,1.7221012969920313,4.761366501592259,0.8558185023904102,1.10013535063816,2.060996348895128,140.79907408761045
13.75_106.75,preci,All,Yr,0.5254894035363882,0.7338206488057835,0.637061032644102,3.947268558343737,0.1290327248395354,0.7579648167190194,2.14165483844742,182.4237778588997
13.75_107.25,preci,All,Yr,0.0059027812003763,1.610566976174762,0.6452916601573525,3.5612378685103625,0.7211685794404827,0.1500760798009036,0.5610447850520082,213.4768273738085
13.75_107.75,preci,All,Yr,0.4810998524296786,1.6433203611185607,0.3314956762853719,2.4307724798101167,1.3197402989370857,0.1380372295960761,0.4665715718150049,161.11498073587043
14.25_102.25,preci,All,Yr,2.264582324199415,4.106283330228471,1.6734022250813887,6.70947071194125,1.1574017707586586,1.0150030818482356,3.8490569667203727,92.59799310781592
14.25_102.75,preci,All,Yr,1.9120738461249376,2.066819168293124,0.8843438999680131,5.832111707545062,1.1163190165162282,0.9858269335422368,2.7282013198964687,85.65038543484637
14.25_103.25,preci,All,Yr,1.8033076702823532,0.5379293943706591,0.8462232718914919,4.34168919100985,1.0124348881065524,0.7394608325260054,1.9829957561983853,90.3245635327038
14.25_103.75,preci,All,Yr,1.651529732643142,0.6307016463728216,1.1317654048513128,4.461087100747742,0.8681971935857313,1.0810750667379916,3.3565946098233623,99.523489340025
14.25_104.25,preci,All,Yr,1.7429977328064512,1.327988904802464,1.7108527478970144,5.065208747286583,0.8156707257722149,1.6378922375967775,5.305945262453816,104.91498548055372
14.25_104.75,preci,All,Yr,1.4160513879953924,0.1764682928312018,0.5348154138802705,3.3579736823834105,0.4275116414515366,0.3634274024327129,2.565197036112909,106.06442074819168
14.25_105.25,preci,All,Yr,1.1343916042883808,1.121390061222881,1.5629034734826532,3.6156170034578015,0.1401037851431928,1.0416556268588313,5.436292101319606,114.76362544285917
14.25_105.75,preci,All,Yr,0.9757908499112956,1.4127555521272592,0.4790209453676601,2.2467138625470096,0.0754916299922315,0.5913810275057542,0.261134555793189,144.3425757955744
14.25_106.25,preci,All,Yr,0.7111651931692283,0.8227418283459821,0.5375397910856952,2.574671028991072,0.1660190411659367,0.8530548532981963,1.2090622464262308,190.17593856502955
14.25_106.75,preci,All,Yr,0.0732624286288329,0.5814267883082882,1.014465036710671,2.421805027213644,0.7926525251345944,1.0927186954480084,2.368993570601768,237.85264247888784
14.25_107.25,preci,All,Yr,0.4119637316653959,0.9699222782230456,0.6606936020841762,1.954598529553701,1.342830862644638,0.7200795873846666,1.1221140730877273,232.8303546613947
14.25_107.75,preci,All,Yr,0.1684390151174904,0.3240272593172875,0.985895670975428,2.134839543434744,1.14665837954247,1.1507982333293445,0.2429029906645909,141.3923019289817
14.25_108.25,preci,All,Yr,0.6772231841176952,3.78538112792537,0.6346981506668191,4.18903603100782,0.110400402612437,0.6292651941664265,2.24694869079733,89.395443832498
14.75_101.75,preci,All,Yr,2.629949219791288,2.06424720688222,0.6785220177210999,4.202999019829497,1.4625657075194736,0.8452976106737239,2.542424599016675,97.53196209513509
14.75_102.25,preci,All,Yr,2.221966858712388,0.3052487091257567,0.318368074348977,3.283947190750268,1.0905537943594572,0.0164390285850481,0.2865867064583077,77.24635202224992
14.75_102.75,preci,All,Yr,1.6078531431953298,0.1784626125632095,0.1595591470250344,2.6768239674771803,0.6905825670159125,0.2523471345785191,0.9766259747521738,70.51973796477624
14.75_103.25,preci,All,Yr,1.3985283802789068,0.041734945303466,0.4426806209556837,2.2746301948767083,0.5153739516001742,0.5416372293489926,1.6681735354733869,74.93050120045493
14.75_103.75,preci,All,Yr,1.3397998724347715,0.0067837474635192,0.446493848648473,1.9869562483106136,0.4361181998701188,0.5018482840448036,1.9784960683794668,81.97015644501813
14.75_104.25,preci,All,Yr,1.4833767000787763,0.2447569283737333,0.5290832362846021,1.9461328426963256,0.3634475086133947,0.5679100512844166,2.0578117450280704,88.68496640240576
14.75_104.75,preci,All,Yr,1.152058608772395,0.2350823424598787,0.4104384230739824,1.2266344248582333,0.0264479573194616,0.5303829725640222,1.5832369403895552,97.90628762201214
14.75_105.25,preci,All,Yr,0.6841556494445116,0.3340643322540446,0.8062693932491098,0.8230098844748949,0.4817462985960763,0.9361194520349276,1.3600629919048932,122.83197177815345
14.75_105.75,preci,All,Yr,0.0893469959084191,2.0671694319890483,0.5455575322467641,0.936830189157844,1.3497948691997128,0.1006503631173368,0.5446816329647814,174.4587963526766
14.75_106.25,preci,All,Yr,0.1598995602387002,0.3564935073856534,0.0700466160317558,1.666868960216526,1.47986704904585,0.0993219123867533,6.274454147840263,217.63745675016756
14.75_106.75,preci,All,Yr,0.334250346453079,0.1399547285336673,0.6052234435454629,0.7442964396862811,1.605705250969489,0.8403761227009973,0.6434770546914611,210.8744919763431
14.75_107.25,preci,All,Yr,0.5445883437521836,1.2947623481458097,1.5827617212857763,0.991327601371144,1.5469272040273252,2.0039401941430346,1.5709789709743962,152.95111585596626
14.75_107.75,preci,All,Yr,0.1529750768551346,3.2551559858118253,0.6203750993123122,2.404172747076122,0.7315369046773132,1.102251846184498,0.9720347245573704,94.91451266940976
14.75_108.25,preci,All,Yr,0.8672770983561452,6.65166782340334,0.1012558087924525,5.552630024786831,0.2615018928614318,0.4479670248918781,4.918212718137241,89.09661445661992
15.25_101.75,preci,All,Yr,2.130182787225765,0.2389689081579986,0.457713410760588,2.8048028963892,1.4111189838814984,0.4705076570712734,0.4385868500685908,87.20315020903455
15.25_102.25,preci,All,Yr,1.674375315415247,0.7958529411020128,0.0759655519255332,1.8897824753545576,0.9529150248826956,0.0203561793920953,0.1181108578239501,65.5960465333693
15.25_102.75,preci,All,Yr,1.318344533691805,0.5065063311519564,0.5859380071808336,1.5862781879074124,0.5958011509937841,0.5606259786331348,0.5473344775257716,58.10002548558992
15.25_103.25,preci,All,Yr,1.207657862405809,0.3745924744694093,0.6359178504714044,1.7478965032798846,0.3395485435330974,0.5406423715769872,1.0200751235455217,62.67941104576185
15.25_103.75,preci,All,Yr,1.0625900367902743,0.5729100237304529,0.623248714447459,1.5128199819049633,0.1176654923647499,0.5778705275652272,1.0219475426999651,72.22615304736067
15.25_104.25,preci,All,Yr,1.3182582060793369,0.303503009570914,0.8745165254684921,1.6903804940036653,0.201320875878965,0.8367216628461546,1.556603030857689,82.52986546929878
15.25_104.75,preci,All,Yr,0.9879819121550296,0.5888056835622903,0.6325422185056104,1.062808981334635,0.1693144922365248,0.5931524764664915,1.7354376584078848,97.56947694589056
15.25_105.25,preci,All,Yr,0.6367387212637579,1.5660359616768451,0.0440523442844811,0.1839190599930745,0.5920765728090548,0.2107141675387734,1.1831588800473472,126.81491814901852
15.25_105.75,preci,All,Yr,0.5776628269317663,0.2044327071275371,0.3811735530945157,0.8783266747556474,1.1178901826540255,0.1622389886911481,1.285821008513362,176.93087523716147
15.25_106.25,preci,All,Yr,0.8395388058264798,4.054633697834963,2.428004432374528,0.2552703196688233,2.356917697122119,1.3867631749585398,8.80791723564058,193.4289933935933
15.25_106.75,preci,All,Yr,0.2282712942337614,1.3029131132276366,0.3954643340567283,0.6407661634594768,1.7280454313246076,0.8688608864421721,1.4373879361108717,144.86901016038527
15.25_107.25,preci,All,Yr,1.1158015864201998,1.959845068096117,3.437971890457077,0.6484443541986913,2.126461675566203,3.523262834655404,0.3159545832232642,92.17476861809553
15.75_101.75,preci,All,Yr,2.47789471237371,0.5120664210501248,0.7100541202996561,2.0394036810485803,0.925501135084556,0.6817599074839723,0.2141911686504396,88.24810713887942
15.75_102.25,preci,All,Yr,2.0405875647709197,0.6137629852418663,0.3709395077971968,1.4651570997518688,0.6497680179909175,0.4660979631403674,0.0880037749814667,59.77778555317694
15.75_102.75,preci,All,Yr,1.5857222591496238,0.4266876343752093,0.7100573144126096,1.3212919803090208,0.4874206946436326,0.7336059564381018,0.7057225346623341,52.73527607026293
15.75_103.25,preci,All,Yr,1.352134013087258,0.2142551031372339,0.8043805839805515,1.4950010012261854,0.2099824734974976,0.8374474795237872,1.6202109952433263,61.55151761109752
15.75_103.75,preci,All,Yr,1.313997228562454,0.3844700007215345,0.8383072712049588,1.3911778235642984,0.0699791143211862,0.8486605456341557,1.6631664680605318,73.09038128843639
15.75_104.25,preci,All,Yr,1.268945879418632,0.487530800981532,0.7213316174183285,1.2604395992064203,0.1330246302193794,0.8953937272723316,1.98229755465153,80.73644392391205
15.75_104.75,preci,All,Yr,0.8783575973996951,0.5364369154972132,0.5349311741816232,0.7507455865342967,0.687600129186487,0.6901639971480382,2.594419074458221,89.47902982359288
15.75_105.25,preci,All,Yr,0.6195312222556156,0.7979875475252458,1.1885133893099755,0.0163364916568714,0.8838897653973361,0.8783582742888046,2.162312769727456,114.65450990058032
15.75_105.75,preci,All,Yr,0.4404665300644936,1.6264873765564791,0.847629711754637,0.93990733832148,1.205071077311204,0.906824553807248,1.4030756253750285,153.72518489261716
15.75_106.25,preci,All,Yr,0.2577246241475051,2.132327088206955,1.7358894119445418,0.8055996778970252,1.388658578355583,0.3319267764403005,0.930600984238464,149.6294021075195
15.75_106.75,preci,All,Yr,0.7589164378254507,1.5649134394994335,2.2112042661974023,0.2335962342873917,2.335634508296531,2.8299261138022853,1.945574647664185,96.4666489543646
16.25_101.75,preci,All,Yr,2.9490519055410163,2.062298047560938,1.1713158103681818,1.9126669285630435,0.9069069790604216,1.1249214595844454,1.996972619853769,80.97670132360832
16.25_102.25,preci,All,Yr,2.4716611942113462,0.2425936205842971,1.2011996963308595,1.5123683847380385,0.7628035809297605,1.3123797522127731,0.2080409525419904,54.05190958274309
16.25_102.75,preci,All,Yr,1.5301021624723026,0.5293559781379354,0.4806726160064635,1.1183070083377988,0.2748053145245873,0.5153766711876134,0.4189073919953606,50.37255104183711
16.25_103.25,preci,All,Yr,1.2934581087339323,0.4463405560247707,0.5174623627137117,1.3693137695048234,0.0493741159773242,0.5514912013849541,1.188436412690653,61.3371751747498
16.25_103.75,preci,All,Yr,1.27376192084271,0.6251866362432703,0.5481275670833047,1.462224050794649,0.2444967292461861,0.7629324560586286,1.6733953699304642,72.85887390466118
16.25_104.25,preci,All,Yr,1.1197772575543612,0.0804680583805813,0.8761839099221916,1.2434440238576627,0.6266487218902954,1.04971888984032,2.900175523575955,75.50265597272912
16.25_104.75,preci,All,Yr,0.7674294399116579,0.2740797485665207,0.9468386056748956,0.6215574176944481,1.2035403148448127,0.7759933797960523,3.082308946255152,81.2452281155688
16.25_105.25,preci,All,Yr,0.5124412070066426,0.8965797507666946,0.0139533111747417,0.2977056125341816,1.5002770987498095,0.377058819924234,2.1001760560017644,106.3144999067414
16.25_105.75,preci,All,Yr,0.6478210751007991,1.5223137859181033,0.3487624466532022,0.5966547229272534,1.3714095540942373,0.5046990850755406,0.5349334934177945,129.73069581951844
16.25_106.25,preci,All,Yr,0.2070050168569647,2.0495491943483386,0.2237446029207991,0.5563075011380055,1.7344696677203553,0.7994646309853388,0.0929823597515835,103.03264219161257
16.25_106.75,preci,All,Yr,0.5020543137463643,0.4494845837405894,0.6977681664414858,1.0098897076071538,2.0651518896174337,0.3702866348826125,0.6724318168154869,78.17061340964982
16.25_107.25,preci,All,Yr,0.1155172288336354,2.3871595258385963,1.353365606912787,3.5610655761392502,1.5860368130120102,1.8503639400796943,2.215832026787535,98.78042465867122
16.75_101.75,preci,All,Yr,3.230648151694938,0.7556932910641074,1.596257624833867,1.3855969611319237,0.5400050254755803,2.0296738653209627,1.2349297242411112,64.53361227796681
16.75_102.25,preci,All,Yr,2.5931070768884945,0.7047731453432786,0.937265244476984,1.1158500571682506,0.416553803604156,0.8190377955188003,0.2441572739488479,48.58690094866805
16.75_102.75,preci,All,Yr,1.7493349414071997,0.1919519311440747,0.4355270819698286,1.1792235809111231,0.1290834511132532,0.5816029492275757,0.972755781807398,48.660319555255
16.75_103.25,preci,All,Yr,1.543692283716283,0.070437672614879,0.4112275927654013,1.7560694644862251,0.1254802660052114,0.6627274722342781,2.51103497102559,59.06997145732583
16.75_103.75,preci,All,Yr,1.282887876427215,0.3669569019762997,0.9374664242171412,1.8757716447390904,0.4965085726015052,1.1078884321624782,3.533852717074553,67.6182403439227
16.75_104.25,preci,All,Yr,1.13296313004928,0.7668195746806533,1.0987082388559213,1.2574142213443626,0.8795276352576842,1.2147623062546704,4.390154338618149,71.35722814702083
16.75_104.75,preci,All,Yr,1.1575829295879991,0.4323888344801201,0.2979199371102441,0.5971245498593969,1.087023733262,0.8186110261893883,2.3938497861158434,83.5764006817432
16.75_105.25,preci,All,Yr,0.809919370000318,0.8035972222781811,0.1981102259694865,0.0103736039896369,1.5718273364791493,0.6960915785186934,1.6838342101550838,108.10993075062136
16.75_105.75,preci,All,Yr,0.4894591987438311,1.8874968129387184,0.3543065248179798,0.1290347193627653,1.8020607101085515,0.1255185131597294,0.3615510861228803,107.92287466591296
16.75_106.25,preci,All,Yr,0.6642172449075204,1.3064160931415925,0.4443084128721019,1.2432467231554485,1.32203505254852,0.0114968819673198,0.5152588817980114,76.57180538927511
17.25_101.75,preci,All,Yr,3.16047104895952,0.2821602072526262,1.0070165224620864,0.8183227627685924,0.1464928776672381,1.3974961011873732,0.0236899236846101,54.03319149930415
17.25_102.25,preci,All,Yr,2.5189230399810176,0.9048443425141952,0.3042805750587661,0.6677118917736614,0.0929200399955805,0.3613323040114751,0.4391080497877152,45.46950883320016
17.25_102.75,preci,All,Yr,1.750668445182603,0.387022898865949,0.0565506598990233,0.6731294264448597,0.4938359426438399,0.4356173381838155,1.4405539389910738,47.68430770552897
17.25_103.25,preci,All,Yr,1.6020899026684985,0.0281624322119503,0.2935245499874945,1.017478891163743,0.6195407882089827,0.6958452038182891,2.3931307828442776,56.40091948381664
17.25_103.75,preci,All,Yr,1.2582304355535745,0.2957131434234222,0.6869090088120645,0.8323057818772903,0.8881303535996855,1.3619665511977412,3.754294845966481,64.88183114033384
17.25_104.25,preci,All,Yr,0.4559673475094455,0.9250802625303352,0.2371940664471286,0.2177800238783883,1.6083518075323076,0.1976073826853521,1.675486218456769,74.73294896603183
17.25_104.75,preci,All,Yr,0.1653958100254116,2.409234936554681,0.8362853850527965,0.8681445107336399,2.1415136083518367,0.4547090909288709,0.7574389271996632,90.30296997842252
17.25_105.25,preci,All,Yr,0.0321683298808374,2.743991749147478,0.9425063891429012,0.6373244625705434,2.499739559909828,0.5429701821721485,1.2197029952822975,96.54480353601122
17.25_105.75,preci,All,Yr,0.7587631540105959,1.428668326194438,0.1491152048604493,0.6047528648145887,1.895733914614699,0.2824901631737206,0.1866833695953115,79.04109112158329
17.25_106.25,preci,All,Yr,0.9357736275166836,0.1257924130682732,0.3631503793754321,2.561017564453846,1.3761393396269677,1.7991132844857454,2.738585158290986,65.1136448793856
17.75_101.25,preci,All,Yr,4.094142499419919,0.0455665046417209,0.301716758625563,0.6160283821366289,0.1869586730749916,0.5002950786388193,1.3575007692729713,59.70928005904617
17.75_101.75,preci,All,Yr,3.1749977900976942,1.002580302781917,0.4445023465870899,0.3472031820742782,0.0373620804627115,0.1996026925271306,0.8510723686993606,49.52506557522395
17.75_102.25,preci,All,Yr,2.3225810882979454,1.5409801046787022,0.0488945893757728,0.0260978687205244,0.5674451212480867,0.3845866379755217,0.7890315631918603,47.15385472761537
17.75_102.75,preci,All,Yr,1.5747883272766172,1.6689205162963656,0.5877031776412545,0.1206945966584764,0.967304688662314,0.2252679646443506,0.5155114024176406,53.27727818363191
17.75_103.25,preci,All,Yr,1.0318220710285688,1.3635391248988888,0.2775390769262382,0.4162175401591875,1.4049455565198794,0.1938043215966312,0.0010213906350487,62.76945887728167
17.75_103.75,preci,All,Yr,0.4344692398902075,2.0506507072906945,0.0497263233153579,0.9125731490355168,1.912093670013218,0.59813432782623,0.736761057819422,75.16901960060903
17.75_104.25,preci,All,Yr,1.031204204315466,3.759659122902719,2.005622599457664,1.8922838063983407,3.1775344245602914,1.4035000973705485,2.1853955332339714,85.80967705429835
17.75_104.75,preci,All,Yr,1.3656420473026625,3.261187737147327,2.019305855311109,2.350986954993772,3.734916572586021,0.8075121804107385,0.0114789321262363,83.90273303064373
17.75_105.25,preci,All,Yr,0.3251425059681456,0.5574910892961431,0.7183794757560669,0.4677892767220992,2.7091894344953142,0.0494573487071499,3.6852146060516375,71.77176600305333
18.25_101.25,preci,All,Yr,4.133364189977806,0.4542996185225442,0.7710718995586462,0.1737385833367944,0.2992831762249921,0.1246564759463726,0.878669587327376,53.16888605478413
18.25_101.75,preci,All,Yr,3.4307717193478044,1.4518805307218496,0.2052939594030594,0.0933575205806891,0.0437605606769482,0.0509540272166977,1.5286871442972012,51.07907674219436
18.25_102.25,preci,All,Yr,2.322760214086909,2.903433258192633,0.63619882159762,0.710878100685107,0.881389357021467,0.1430919402420345,2.1990003758065555,56.15190078608192
18.25_102.75,preci,All,Yr,1.3672765177020545,2.1797473483030774,0.0206774444825376,1.165304180804645,1.7283562238560173,0.4276763487985067,1.0726096053019547,66.46117504396761
18.25_103.25,preci,All,Yr,0.305521262492298,4.120897074906204,0.864561621813499,2.35975204606571,2.9749251408610404,0.2964780454827944,1.5111802765739917,77.83546308917903
18.25_103.75,preci,All,Yr,1.6273311055113768,5.617935339142663,3.1678382611136136,3.4472335990284697,4.084211245029836,2.0707397460797483,4.353901797204626,85.42456259423102
18.25_104.25,preci,All,Yr,1.5634066783437477,3.940324488497784,1.367317873981976,2.3229240694996407,3.735847608540091,0.8401826739562686,0.8966791587472789,79.45417018357843
18.25_104.75,preci,All,Yr,0.4900793490187387,0.5268549322603816,0.0338212050735927,1.181827054985103,2.916703289806416,0.167556882948886,3.8386431170428006,65.63389985061126
18.25_105.25,preci,All,Yr,0.5508867809044291,2.0227847220512816,0.9633963909487266,0.2663118163459543,1.7141792268541307,2.756818108608775,4.841590003635283,62.96629275723208
18.75_101.25,preci,All,Yr,4.5601328895874405,3.049436275523033,3.673518332149728,0.2238079979237467,0.2986436079199228,3.2680500776847703,5.357031061324429,59.81462623387296
18.75_101.75,preci,All,Yr,4.005545277749075,0.8171764445901758,0.5997177041970045,0.0623512269743492,0.1563420333449762,0.6817306365118172,1.6308155892816547,59.48646034074284
18.75_102.25,preci,All,Yr,2.1181626888363625,3.4596255331905983,2.1609107831593146,1.5383273052834252,1.4078827857467888,1.3815737800041623,2.385207761310872,66.0772534113259
18.75_102.75,preci,All,Yr,1.0084283476981817,2.0090178139648294,0.3768672574399507,1.8226285170747567,2.1825528675343056,0.5751479048175153,0.1203882292425709,81.85035145975706
18.75_103.25,preci,All,Yr,0.6616006658189215,2.985356046605132,1.8595699825587757,1.4269319035557777,2.0530679496378164,1.559218755589303,1.8587697193944035,93.67586806172118
18.75_103.75,preci,All,Yr,1.0206073774187825,4.565827596178895,2.983360634351426,2.8709623917356835,3.466506188794685,2.039344373336996,3.404768493517691,89.88873889121857
18.75_104.25,preci,All,Yr,0.2612642389829337,1.4214337035979916,0.8572098212464226,1.1525813658813315,2.3044236571581944,0.1444497025679614,0.5983469101353434,69.22583531064159
18.75_104.75,preci,All,Yr,0.5803405274506337,1.579864785456965,1.9720241844186672,0.3662312421341742,1.6376833620744686,2.558276629627537,2.65073582149698,59.43585236111916
19.25_101.25,preci,All,Yr,4.588481863042559,3.802055873417814,1.514473077969902,0.1218897826405089,0.1277147610225074,1.6739693043914072,6.588729039628055,65.31722778905537
19.25_101.75,preci,All,Yr,4.207523543913335,0.443785777356071,0.285721498250553,0.0212337373573397,0.1423659335725107,0.4105468579665488,1.378076241620339,65.3043714915186
19.25_102.25,preci,All,Yr,2.920588214807017,0.1583192553451664,0.7238032220148976,1.0399300173686925,0.7809234772998619,1.8058394766526047,1.3752189796318104,68.32429237859449
19.25_102.75,preci,All,Yr,2.242278692430561,2.5596997242413746,0.2339035287566263,1.000502467742584,0.9683660913868556,0.7557029732536528,2.501462793414822,77.23208980493749
19.25_103.25,preci,All,Yr,2.1034051506830544,2.2826195996664644,0.8588434908166814,0.5712187955304615,0.6219387279753541,1.3241837653759525,2.945013763188429,85.08367538117237
19.25_99.75,preci,All,Yr,4.966180345228576,0.4887127422317472,0.3514715829204941,0.0424435694864633,0.3987434321962925,0.055653621355503,0.2942664601611254,65.05158088091291
19.75_100.25,preci,All,Yr,4.711845840287325,1.324528474036519,0.2031310544952623,0.8112124767061514,0.067665556190997,0.237954950799306,0.3751157563876932,59.27898932957761
19.75_100.75,preci,All,Yr,4.685030530151258,0.2973576911059441,0.9630618355413826,0.4681143811321038,0.1205560798806736,0.9653939890211756,1.0212103676016622,62.53525831827713
19.75_101.25,preci,All,Yr,4.64683457189085,1.4008258889995129,0.7338645108595954,0.3816537376273599,0.1001765214261384,1.2087727390237792,1.784177341262727,64.55192484755516
19.75_101.75,preci,All,Yr,4.103172786830808,0.7754936193718543,0.4554061432504888,0.5874914619955232,0.0746799243079345,0.5248151748385135,0.8798859486862136,61.338319632556654
19.75_102.25,preci,All,Yr,3.357243048304634,0.0740519614280201,1.3999494096825318,1.136291003813792,0.4670890216930929,1.7099705190446075,0.1817289970807774,56.48662091392491
19.75_102.75,preci,All,Yr,2.390325368294344,0.9668764176569584,0.7408586763628092,1.13053183422902,0.8934802631703072,0.6178384262688795,0.0844316701148361,57.89555030716211
19.75_103.25,preci,All,Yr,1.9156899206608944,0.9288384087653418,0.917361577402238,0.9241168700282736,0.8331957116048463,1.1471174614858335,0.95881051118468,62.47916661441332
19.75_99.25,preci,All,Yr,4.8258855718172775,0.451601584192831,0.220311494955003,0.0070912854455726,0.3993487393555981,0.0512489247434803,0.1790319494241285,72.64280961843139
19.75_99.75,preci,All,Yr,4.464892624246101,1.8788368126782944,1.2406527468024655,1.080489021057095,0.2172712841773735,0.9532555781601428,1.6332920364637706,65.18618740626648
20.25_100.25,preci,All,Yr,4.023327333485198,2.6937484157635114,1.0578964349102018,1.508135688596589,0.7141321880607353,1.1782879534262147,2.521016747134508,64.43905738491732
20.25_100.75,preci,All,Yr,4.209906882895166,1.2980179923874289,0.385169114199175,1.1748795409247508,0.6218745058949552,0.4272026393055612,0.1604499670758168,60.620537994096935
20.25_101.25,preci,All,Yr,4.392822188777918,0.5877196099173372,0.2869197149176792,0.9253374336047658,0.4769739205497088,0.2769480093598188,0.3234754842273502,60.909452268667366
20.25_101.75,preci,All,Yr,3.995970841438639,0.2274264240818547,0.2410399399323251,1.2038365049278577,0.4712656926531934,0.4229611367771422,0.0393703918627954,55.18282154026741
20.25_102.25,preci,All,Yr,3.620926409910784,1.3653575298037144,0.5348722271544418,1.5955276365394238,0.6222477792704963,0.1486859738866118,1.2901526824278842,47.625398927041175
20.25_102.75,preci,All,Yr,2.719481796500451,1.6229074236030638,0.3550021435103138,1.543258141504516,1.034423500484596,0.237162029468433,1.5744529343230829,45.45639344111787
20.25_103.25,preci,All,Yr,2.1260279406648968,1.3358753212002403,0.6587182494955973,1.2142901144906322,1.0500601820639786,0.227742626909558,0.1437409677205092,50.49665601291171
20.25_99.25,preci,All,Yr,4.349679922459667,0.1368829265563095,0.6796923014929992,0.0597640943867676,0.1480575210721352,0.9291155070673692,0.7050861167821306,72.95738446830275
20.25_99.75,preci,All,Yr,4.185477722275078,2.0181913178580566,1.0818569893610976,1.255824086499565,0.4945176395142609,0.3783279143134259,1.5010821701467048,71.99332735228137
20.75_100.25,preci,All,Yr,4.067030595491826,1.821852913857569,0.2166855960178389,1.1988631372157212,0.3891686510169695,0.4770567090224639,2.106854432768804,72.05745261696664
20.75_100.75,preci,All,Yr,3.9348385830297423,1.5525503043516042,0.0906831533849591,1.411392377821801,0.5988714464046127,1.0968705315870275,0.1303114459717648,58.6717649016576
20.75_101.25,preci,All,Yr,3.941683981426569,0.327627189380264,0.3203829549271989,1.4124449697470718,0.7937650287739613,1.0010012699189783,0.7566444590368654,54.52670187366354
20.75_101.75,preci,All,Yr,3.739190850340656,0.4692472751336792,0.6218416007996302,1.37173412162418,0.8253275145177099,0.1356152332095271,0.3419100103810895,54.11521878446467
20.75_102.25,preci,All,Yr,3.48248029746888,1.0574387536140533,0.7007377477941331,1.364632847622112,0.9862384548001344,0.1631487841374728,0.981305562436487,49.68779919301849
20.75_102.75,preci,All,Yr,2.947095787965818,1.4222070860722256,0.2348228819581906,1.2501275328579151,1.12916619531144,0.5260620328389787,1.1340063894260035,45.002617360125306
20.75_103.25,preci,All,Yr,2.275629219914245,0.3890715348849343,0.9755833561236008,1.4240792785026806,1.3992753977512848,0.6651862949131317,0.7373643346264875,44.953563818963865
20.75_99.75,preci,All,Yr,4.396013678421817,0.3804326310629977,0.0513024416979889,0.666630301996769,0.10384229957851,1.8476017366349424,0.7514275526600362,77.70709015318684
21.25_100.25,preci,All,Yr,4.102715236974999,0.8909107664911278,1.4275682011574538,0.9477580657896182,0.0716402698001971,0.6414491732462342,1.2040599636628342,71.98090208749895
21.25_100.75,preci,All,Yr,3.888530318669989,1.2310327102672476,0.7743284012275229,1.3289751445949267,0.2634822087765181,1.044259520354078,0.9545220643959426,56.67021271885808
21.25_101.25,preci,All,Yr,3.65574056447116,0.747344339182733,0.0266397340191634,1.5029037511770809,0.7198562744081192,0.6511433884324065,0.1745550075481581,50.87987733017465
21.25_101.75,preci,All,Yr,3.482511932578561,0.525904244899428,0.0834368630811351,1.449661528230617,1.009101742248156,0.1047229764999741,0.4273604839206069,53.117101314591736
21.25_102.25,preci,All,Yr,3.307448492147955,1.0005491098310817,0.5855787860089133,1.3001900108409712,1.248422904242026,0.693023254367299,0.5481341393464583,52.50234227722754
21.25_102.75,preci,All,Yr,2.6713678338962725,1.53989503908839,0.1994309958926726,1.4309455642517963,1.585083469443932,0.1386075995194857,1.0233261113123124,48.86656821556876
21.25_99.75,preci,All,Yr,4.245538859502191,0.6989739075144544,2.193903158971124,0.4809328578182252,0.2184062762890454,2.4715159680972376,1.0258012695494385,76.01948903698107
21.75_100.25,preci,All,Yr,3.236362168064121,0.8303916142726305,0.4553411402731956,0.9840904722250908,0.0256529111505051,0.5293520541930307,0.1680799245040972,62.21281173299268
21.75_100.75,preci,All,Yr,3.361161109793132,0.8362794675429369,0.7308942389414139,1.1442284932202085,0.0918545041069183,0.903375777532729,1.2812691680620991,54.63350955382455
21.75_101.25,preci,All,Yr,3.319476739870762,1.259876602652121,0.532084333493921,1.2168538777662994,0.3752293172757479,0.4805546787479755,0.991869348868518,49.41651915360698
21.75_101.75,preci,All,Yr,3.010129081329445,0.2690827761215906,0.5228646744161015,1.4934297853369278,1.0109473044317836,0.709950981777553,0.629298951117864,50.72921893093065
21.75_102.25,preci,All,Yr,2.85110050044626,1.5556078939885074,0.6148627891253656,1.7387459217412604,1.425385705826486,0.3274821650594907,1.2193981708942974,52.0511070605806
21.75_99.25,preci,All,Yr,3.4434199219632005,1.2121682889921168,3.5391677104663763,0.3104904003924816,0.1185364512117698,2.392157539461905,1.762911232520894,57.8814882513236
21.75_99.75,preci,All,Yr,3.388932508888033,0.3267701871679171,0.1048454367392959,0.4474235119942336,0.2015432478237742,0.1315882481934333,0.8144299081253308,63.49633998939343
22.25_100.25,preci,All,Yr,2.4390645229121386,0.2694472607233553,1.6707659533061363,1.248355251430736,0.432665795052199,2.3291696524760086,0.4488420200699179,53.74257757158029
22.25_100.75,preci,All,Yr,2.6749982170817788,1.406271834794352,0.5251167627288044,1.189484982409999,0.3736588437970154,0.1671959538623531,1.6960748072969447,53.68715350555041
22.25_101.25,preci,All,Yr,2.583196488199628,1.2976401566697413,0.0698424322982803,1.3764048943544076,0.7028029261678429,0.3530038271087523,1.2127343142863376,53.04134267827115
22.25_101.75,preci,All,Yr,2.151779609285281,1.7589978358988794,0.1138290437001774,2.020965420254307,1.5531463770916456,0.184945186853768,1.5042369220117786,53.45026911502503
22.25_102.25,preci,All,Yr,2.0988414825317334,2.582695714727332,1.1361479057151804,2.235101424970388,1.8923709941203248,1.569294785120377,2.387717527976601,53.52433618859367
22.25_99.75,preci,All,Yr,2.586405681702342,0.6940802092099494,0.6913378545488263,0.9695321860177376,0.2387505338629073,0.8478428096171803,0.9131444791184032,55.24704539513184
22.75_100.25,preci,All,Yr,1.5279611905340231,0.4673224182307942,0.01883644189786,1.7497628698695762,0.595124362491619,0.5182225988200699,1.6047701642115693,50.22785235844216
22.75_100.75,preci,All,Yr,1.5713391527952392,1.3974561712897229,0.5792991291392822,1.6977691741574157,0.6510965855255495,1.2562880350474588,1.3854984785655595,52.22193298013769
22.75_101.25,preci,All,Yr,1.4619579142387311,0.4872936619201804,2.379971114325739,1.814880440651787,1.0791190548502625,4.202577823506236,0.165028023436253,55.64567449470751
22.75_99.75,preci,All,Yr,1.876374273796074,0.6716763609593621,0.1396923234440983,1.4151317797205722,0.4888929050854741,0.5922299803553857,0.2190531198602877,53.846052334955694
23.25_100.25,preci,All,Yr,1.4170463661752108,0.7706740535494472,0.4881386501695275,1.3572321548430248,0.1692938957926081,0.4385134540696085,1.553499434351445,55.60752702381824
23.25_100.75,preci,All,Yr,1.4433463290841972,0.862303527591628,0.0743091797564015,1.331615760289235,0.2094917365287626,0.956853896022635,1.0196767161984177,54.64431602684834
23.25_99.25,preci,All,Yr,2.0816562176514366,0.4290303480173173,0.0114585358444723,0.8566325809150963,0.0482194538112133,0.4330760174836787,0.3775422930210353,64.31423903352271
23.25_99.75,preci,All,Yr,1.6446628132091896,0.7439142308150095,0.2900392085854154,1.1177709628695425,0.168475326573579,0.0443535533145223,0.2519639221416024,61.85145670493432
23.75_100.25,preci,All,Yr,1.5635584782587255,1.3932261820730565,0.4422722125317312,0.9147264039760492,0.2499677491426576,0.680437987502261,0.2461904352624079,64.06305874479652
23.75_100.75,preci,All,Yr,1.5508529346562367,0.2124274586800866,0.2253580785484882,0.9840785292755708,0.2371688850659395,0.4841223015454237,0.5097303560013315,60.49575852867906
24.25_100.25,preci,All,Yr,1.6036156446998784,0.7051994998152435,0.2593537933647011,0.8386026539017979,0.4481643663174371,0.2766190314077058,0.0789910752381782,68.6644898017118
24.25_100.75,preci,All,Yr,1.5253157397437602,0.2334947248072761,0.6317169776571642,0.9924227098647632,0.3644123999300664,0.2738137687362329,0.5790214512950645,68.64709547089488
24.25_99.75,preci,All,Yr,1.8212955648030975,0.1638713618121533,0.899483803300319,0.6996976740867186,0.52893326521068,1.9637776465783392,0.0060101063748476,63.70904530295575
24.75_100.25,preci,All,Yr,1.2090959807430262,0.5343738032934784,0.5994902241575617,0.4172084141816861,0.7344671377355732,0.2399772923969899,0.1425833735948677,63.89133270735511
24.75_99.75,preci,All,Yr,1.4398268135989425,0.1965143843741345,1.5349250530532754,0.2809178933709704,0.905678184714572,1.196886461437943,0.1691864744030027,61.11292052437529
25.25_99.75,preci,All,Yr,1.239589451016751,0.4124835774367942,0.7671562142869444,0.046868639679818,1.0169232879722827,1.1524313439600349,0.2977932505195617,67.2705868170186
25.75_100.25,preci,All,Yr,0.3006831400019097,0.5888000366427888,0.9118152193454372,0.7049140969752598,0.4949305487602298,0.4273637987243593,0.5577402557648443,65.98237621094138
25.75_99.25,preci,All,Yr,2.160857873219145,2.013166435436589,1.8981079062472368,0.2898678084846302,1.3498924099837282,1.709898790567235,0.1445187312235873,99.66080286139284
25.75_99.75,preci,All,Yr,0.8414137372955612,1.159575588883505,2.476587472523114,0.4824804630951752,0.9140217948488724,1.4834080884858123,0.3038746582847769,78.02156752360038
26.25_99.25,preci,All,Yr,2.3655796934215303,4.1844871036246944,2.202799339973248,0.4983215947595138,1.627951033227648,2.491266879944281,0.4411494183740638,117.07442836378866
26.25_99.75,preci,All,Yr,0.8073355383082923,2.212092268296169,2.376173587331416,0.645733045732612,0.9810356630870232,1.7756255550445037,0.1053901401753958,91.26011029384313
26.75_99.25,preci,All,Yr,2.441953367587444,4.5041514295464,4.963324675053222,0.0769351340985994,1.9072493546651637,5.203126802694835,0.3666589786370809,124.9670706517291
27.25_99.25,preci,All,Yr,2.657942283965948,4.403297158659412,2.9212452001249263,0.3469546815793646,2.1250868062352875,3.826569148038732,0.2272356539297888,130.11797225678745
27.75_98.75,preci,All,Yr,1.5234785851549617,6.860389333124633,6.332480052803664,0.2452174743276174,2.1088383459565594,7.087627187958491,0.080720487796941,134.94371061065647
28.25_98.75,preci,All,Yr,1.6837452968121782,10.8459570718568,3.000922708813825,0.6890189020756403,2.294791478287955,4.022704766007506,2.004576288860508,111.08172534729984
28.75_98.75,preci,All,Yr,1.8791009067181976,5.438362209349834,0.8624633106063535,0.1771558940103666,2.5975379883730056,0.8721465225494546,0.734056250888334,94.4415098308517
29.25_98.25,preci,All,Yr,1.3490581382010411,4.227710661496976,0.466223602563703,0.212997242424594,1.8062558241364668,2.131840723341929,0.4798517120376405,62.32634931792521
29.75_98.25,preci,All,Yr,1.3651034872497552,3.2075792517245225,0.5355961231872741,0.2567183703749017,1.2896856455718406,0.2399904781228122,0.7085284331669884,47.303305389639576
30.25_97.75,preci,All,Yr,1.1783016121165533,3.8007132640775416,1.4788522541504918,0.0295006841625958,0.6666321020881653,2.8509714115104114,1.2259572366687443,53.6807541661731
30.25_98.25,preci,All,Yr,1.212313428283509,2.7698894251050388,2.193039474907742,0.240892529361921,0.5887319098160091,2.279895976663125,0.6205022538634596,47.20252991355498
30.75_97.25,preci,All,Yr,1.2255503793843847,1.102959066874531,2.214140947098891,0.1212331781884342,0.2661902701826497,2.065035938956795,0.300754168720276,58.74877223444956
30.75_97.75,preci,All,Yr,1.2460082762830251,1.867870929761173,1.7973627101793928,0.014650883710039,0.1970552094176482,0.8825648076494507,0.3788142077801786,65.89906604674759
31.25_96.25,preci,All,Yr,1.3367303655847913,1.463096429391263,1.964348869335699,0.3008451279902184,0.1378587009961404,1.6879619759410178,0.0319079560483715,57.91403050312393
31.25_96.75,preci,All,Yr,1.0325761730641505,0.5732914799654453,1.590395172194634,0.3606586768448088,0.1042388736677865,1.4767519095518595,0.0911771635529631,49.09750773295758
31.25_97.25,preci,All,Yr,1.1871470866186808,0.543710991127559,2.1730769112168327,0.317757924215358,0.0867551441980933,2.255807959521676,0.1317198337623907,52.49492320884602
31.75_95.75,preci,All,Yr,1.5147643021424262,1.6078003029472032,2.731083620419904,0.0883298862537415,0.3355432347397082,4.137599404120917,0.9629448121287114,66.42224730479123
31.75_96.25,preci,All,Yr,1.3354797946026444,1.1827995742828543,1.987463693034717,0.0209603947939207,0.3206413766593138,2.254971207484695,0.4327171648136775,58.526516722453
31.75_96.75,preci,All,Yr,1.0786335148446289,0.4379659211226672,0.9710003600806848,0.0222682047311705,0.3108234841428869,0.9554564717691152,0.1521168626789744,49.252769007541104
31.75_97.25,preci,All,Yr,1.2600323405700982,0.7617076482239662,1.2079313283713795,0.1063061544375627,0.331949343255618,1.4263497261806375,0.0284160684634372,48.90865536516989
31.75_97.75,preci,All,Yr,1.2946625597680186,1.714368384180859,2.4907113003885257,0.0082662958932663,0.3489858193373786,2.281710573816839,0.2630278609137711,58.15839836495513
32.25_94.75,preci,All,Yr,1.542490211416398,0.5488562313567181,1.2412482109798095,0.2678415203055641,0.4310957646217196,1.8369192576369635,0.3664863410639784,68.89108968705824
32.25_95.25,preci,All,Yr,1.6304662534874657,1.0070630685885802,1.1237403890553124,0.2699366586171751,0.4256602439478471,0.0264594313432361,0.1820385444122479,69.04687545792234
32.25_95.75,preci,All,Yr,1.4576158722979309,0.6479904405567977,0.7125086173205207,0.263913003332209,0.4060740042305282,0.2356255801752135,0.0311765485604338,63.85818152028522
32.25_96.25,preci,All,Yr,1.3453619443480231,0.2442086458679194,1.6437898051796165,0.1452772991448003,0.4126713341624082,0.8224782095907256,0.1582043293040715,56.339444104804095
32.25_96.75,preci,All,Yr,1.2616341160509406,0.6809920358892939,1.923917527453888,0.2705789006842854,0.3645680027384699,1.8363702685812884,0.0237566486776398,51.45790161068072
32.25_97.25,preci,All,Yr,1.3797687309486737,1.5870405183777194,2.6036474300212538,0.4709048433169026,0.3704995395521687,2.50893873688581,0.3011912555375021,53.35175230286614
32.25_97.75,preci,All,Yr,1.3501790807455272,0.9199671147860484,1.5128969476086416,0.2566734590093856,0.4169550623658828,1.7245394260284557,0.1543846893330029,59.86186057309841
32.75_94.75,preci,All,Yr,1.5072098962862617,0.5037759663640542,0.2703767026195687,0.1038227695974339,0.324779644529223,0.41061725723452,0.04185911343744,70.10956288916701
32.75_95.25,preci,All,Yr,1.5616630461998977,0.0444066690520723,1.429796235805517,0.1663935483069497,0.3500129845784283,1.9298622809949,0.3288879262381717,70.5174607754281
32.75_95.75,preci,All,Yr,1.479170151886918,0.1588537661241131,2.9800458116153874,0.2521371145154073,0.3471052142482498,4.125038902629025,0.1521493109456698,65.637702894488
32.75_96.25,preci,All,Yr,1.4273602589527856,0.259788926954702,2.5301565748271733,0.1960264189092031,0.322328096000642,2.1581401489869303,0.114384438096246,61.8049444802321
32.75_96.75,preci,All,Yr,1.3398194504798415,0.8967568546749666,4.35148887788486,0.1990583868872745,0.3159050049871486,3.680347065562456,0.1067581168981691,59.7887413084914
33.25_94.25,preci,All,Yr,1.2843542576196665,0.1370684671375183,1.2462930500496627,0.0081996151396975,0.2109096111990407,1.1681818299842643,0.10697445559257,65.17072120132416
33.25_94.75,preci,All,Yr,1.3554956066729678,0.105657365113625,1.1941036634140885,0.1882140657032315,0.2282241594326757,1.5908636316260787,0.1316247823173768,69.01160535474231
33.25_95.25,preci,All,Yr,1.454391504508625,0.5651353349907295,2.9541640825328788,0.3985931084080021,0.2451326229496222,2.8844000548094098,0.0361621248545547,70.87233899292613
33.25_95.75,preci,All,Yr,1.460924909378062,1.2268751704412355,3.980860233678778,0.3531131666307987,0.2546937993934036,6.6741337247925046,0.3426845384936062,69.88062939836425
9.25_105.25,preci,All,Yr,0.49738898318402,2.751392665946028,0.0485269233414646,3.3577301495073053,0.3416876708143455,0.6489885101332707,0.3535683415152284,98.19866772736268
9.25_105.75,preci,All,Yr,1.0039049299502298,1.3021189556177346,0.4054959703785307,4.861583694715659,0.4661490789280932,0.1669225231797141,0.0818058425564974,100.69353928873446
9.75_105.25,preci,All,Yr,0.6937304109602636,1.1796676780446138,0.2397807865967564,7.628384252913849,0.3080334540384458,0.1422801389063024,1.3450892687518567,109.41493255696268
9.75_105.75,preci,All,Yr,1.094644188133,1.742507492308589,0.2412884263665408,7.512425977610572,0.0296594983287629,0.0420884678979128,1.6277517756212805,95.72578103204874
9.75_106.25,preci,All,Yr,1.3499796602279472,1.2542645117946698,0.5086437305580672,6.8105761383616334,0.3173680997362224,0.3194337199845796,0.4489646611256847,96.54465328078165
10.25_104.75,preci,JJASO,Day,2.429046099530571,0.2193198464665918,3.0522190411270875,21.70526340322711,7.299471436248765,3.651424043159023,0.8512187896572257,169.6479826920374
10.25_105.25,preci,JJASO,Day,2.001811184722655,0.472485777229482,1.6511707883729907,19.871404377715173,2.2550942178228444,1.91231853576998,2.1122465477959333,151.997274329925
10.25_105.75,preci,JJASO,Day,1.951328747185255,1.543092808121996,0.8687927406181994,15.095034297542588,1.3363179481193823,0.9314208522375091,2.520843398885984,135.16134148685265
10.25_106.25,preci,JJASO,Day,2.301369760552685,1.543688992606383,1.0465845335298,11.291908235859683,1.724721296560518,1.4674430922290158,2.096296549085693,134.514121143021
10.25_106.75,preci,JJASO,Day,2.3340868304294102,0.9036476137207754,1.7412539820969082,9.72403468615394,1.0570371476225318,0.6056233802519893,0.8133174173445897,162.5221044078569
10.75_104.75,preci,JJASO,Day,3.260423681494561,1.4657316433887968,2.49806313862825,23.933437092593948,5.840174835272768,3.097315523275203,0.1581949776086419,121.62042678578683
10.75_105.25,preci,JJASO,Day,2.636198489649782,0.4728456791350636,2.197866319765403,18.27364458756697,2.960539697390025,2.603130257566813,3.865484503639071,116.35432024802644
10.75_105.75,preci,JJASO,Day,1.91369441635536,0.5883520410893166,1.1165563401605827,13.44054046873338,2.1685705711205125,1.4884455322257788,3.172169137832244,129.18826361579798
11.25_104.25,preci,JJASO,Day,3.116650568825673,0.7015291503031841,1.296411656278378,23.297882041120623,3.762174355180271,2.5882439070528696,0.9544027089048656,100.59515379836937
11.25_104.75,preci,JJASO,Day,2.7139896426793104,1.548212131630339,0.886989969260613,16.851210992069472,3.7474213304462975,1.9838218965805248,1.89825802543573,84.74159060384467
11.25_105.25,preci,JJASO,Day,2.541075633804656,0.2368792395930376,2.062719987553082,13.925167981734992,4.027983204249545,2.4275043811393395,5.287432029302542,93.46891223176895
11.75_104.25,preci,JJASO,Day,2.641082908217007,0.2965108287341655,1.319120858562519,17.414062033223228,4.645790577180776,0.3514838378663027,0.55936330985443,67.75173699938422
11.75_104.75,preci,JJASO,Day,2.1899904984093883,0.9473786881408818,0.0745661163481321,11.090755683326549,4.396973180429882,0.6950562919715958,2.8636325825054465,62.96609320655772
11.75_105.25,preci,JJASO,Day,2.3778116902489868,0.9995429971855524,1.8720506702048108,12.077128217552884,4.556757746041991,2.3376268204906068,5.980027617904502,85.04186656632585
12.25_103.25,preci,JJASO,Day,1.59908474724965,6.1173904644055925,0.8792793149174144,37.41416348772625,3.094434136436262,3.694113438724437,3.344861301515251,164.4318657550012
12.25_103.75,preci,JJASO,Day,2.0679976712830745,1.3571208044005114,1.6416986839103576,23.16000700349462,3.8974174603384655,0.8195724551533108,0.3043743467970225,86.36445115344424
12.25_104.25,preci,JJASO,Day,1.2176452545796863,0.5669200908079453,0.1685142274928605,12.88777172318488,3.329524578421285,1.0049167179087146,3.3128319217592237,64.13620080866771
12.25_104.75,preci,JJASO,Day,1.1881834458924605,0.675037625251627,0.4428309873781456,8.828812045745831,3.0565556688278845,1.4397919496069589,3.307610161422295,71.67637838909447
12.25_105.25,preci,JJASO,Day,1.7044455982695623,1.6152610079778564,2.1770747258901118,11.915790636487545,3.4770277882361142,2.281487562049918,5.73975534253849,104.36652833361458
12.25_105.75,preci,JJASO,Day,2.2292812058624936,0.904427453272334,2.001403686048271,14.665950842749126,3.948986761493427,2.4323576175773893,6.336428052360929,157.0038228009425
12.25_106.25,preci,JJASO,Day,2.4783955112256275,0.0312795524393933,2.481970426394538,13.567183306970424,4.623164275593966,3.2323791485724915,5.975644230944771,245.7661980195921
12.25_106.75,preci,JJASO,Day,1.7642971898438933,0.0509530850824228,2.129257278176466,13.096457012382244,3.9559733566643134,1.1243949541096414,3.673441534727669,382.9238216991925
12.25_107.25,preci,JJASO,Day,0.2355394555591569,6.934619066877272,6.996628112379155,11.393803914621817,1.590318831922747,3.297754647138708,9.095459840185184,492.5847062799383
12.25_107.75,preci,JJASO,Day,0.8191116263907045,3.7857262647062457,0.9300215948145316,8.781708664532282,0.711504903499171,1.4141535664883231,1.5438411597781407,288.027029520533
12.25_108.25,preci,JJASO,Day,0.1488359113861728,9.620545478625637,1.9975856548040087,10.558463781007028,1.8102190628394417,2.388728702690378,3.3247375034477127,122.85085853027726
12.75_102.75,preci,JJASO,Day,2.432380581429897,0.5735462809223016,2.536457746213049,35.56799246868777,3.394170642679144,4.466720981538735,0.2710449257915759,168.84405597257816
12.75_103.25,preci,JJASO,Day,1.8969629090248863,0.8900908418591055,0.8119996885242227,22.03728883487843,3.734407983356213,0.7146798174410792,1.796016444869281,105.8606213612329
12.75_103.75,preci,JJASO,Day,1.291492880545572,2.323501105262522,1.2837280335178365,12.183572950490072,2.845652308212129,0.558045090604753,0.7302892387047931,76.87097945579026
12.75_104.25,preci,JJASO,Day,0.9839361965084896,1.7672261887901186,0.0059380557228093,9.430669999524955,3.674349765100726,0.6725085329959759,1.0616739194887437,78.54395133200386
12.75_104.75,preci,JJASO,Day,1.458825281033463,1.066867840819561,1.412874280012729,8.863223794156143,1.8181920304769887,1.7020759629885385,2.6266993911702614,104.24994677781817
12.75_105.25,preci,JJASO,Day,1.8408090864445776,0.6312810514128612,1.8565888953710683,13.342692112568832,2.576678581900006,2.480385554685569,5.568268003271968,138.52832507061805
12.75_105.75,preci,JJASO,Day,2.2271609919271094,0.7579980888993151,2.1960162806028114,14.821613687057155,3.199090822658256,2.291644758255445,4.892383284454866,173.97280693306357
12.75_106.25,preci,JJASO,Day,1.998289823292109,1.249856500027588,2.0269696148732645,9.582292752170508,3.537414958199614,2.170027345728587,3.805466118418301,221.55221899407647
12.75_106.75,preci,JJASO,Day,1.219238179407402,1.0744799788572916,2.768731218906209,9.664839752924532,2.9051408433901766,2.9888083278476025,3.486370739225127,281.64942937522176
12.75_107.25,preci,JJASO,Day,0.6194392144393663,2.037004542770508,0.6101351465575834,9.118803464669886,0.9246044937807434,2.6525397180427484,0.576399890969499,313.70550327826805
12.75_107.75,preci,JJASO,Day,0.9581678695206972,4.048446287875817,2.1476766646396723,7.050047652674648,0.1940105385532521,1.1505872219142228,4.004230578605664,224.4288397815307
12.75_108.25,preci,JJASO,Day,0.2265343101868119,1.7327541281034855,2.6875632769256126,6.3415825581269205,1.1149034075325508,0.3578321163798438,0.6695678140424837,103.37146027565856
13.25_102.75,preci,JJASO,Day,2.418276593678053,0.4440595060279481,0.3669601340884261,18.63972407335579,3.2155761974193084,0.0658181446329675,1.467708913839143,129.3080242265759
13.25_103.25,preci,JJASO,Day,1.7009366367845362,0.9291976177341912,0.2999224330305944,10.53325971541106,2.7631649671147893,1.3661013334401897,0.9245789382207698,108.54026540415872
13.25_103.75,preci,JJASO,Day,1.0418791425876437,0.3223638070548251,1.3688361086583518,8.269753316249083,2.92492562142175,1.973382733020993,2.559072238660494,107.45853905257968
13.25_104.25,preci,JJASO,Day,1.2451191668495178,0.1332757850689868,2.3429785133078718,9.090223528330986,2.022025302153631,2.9513364428603843,4.304113369179375,134.43028868755718
13.25_104.75,preci,JJASO,Day,1.876605290884164,0.1573415848126264,2.661418072685023,11.012577956005154,1.7652928606695333,3.157445774364932,3.561513355928105,164.76497867141586
13.25_105.25,preci,JJASO,Day,2.0092864100191057,0.4035658817948503,1.858159215451604,12.703177824789906,2.215853228649403,2.620611111272819,5.496745634327887,177.94408578801617
13.25_105.75,preci,JJASO,Day,1.8792747667537184,0.9644950095230994,2.074855532780265,13.355827631184718,2.1899746873374863,1.872472037437743,4.879087423206826,182.72281272247068
13.25_106.25,preci,JJASO,Day,1.5261225422285307,0.7820139455105221,2.916777946249782,9.75324821217876,2.0763371822620744,3.4122261498670485,4.780770269560639,208.7730864146356
13.25_106.75,preci,JJASO,Day,0.5871828201290298,1.2353264100907693,2.1078945890149825,6.787883971409765,0.9852650178044228,3.321682061445512,3.008459157701525,253.59648446470703
13.25_107.25,preci,JJASO,Day,0.634114250219187,4.184377519403985,0.8491561222040408,5.275920792541802,0.7254920441121226,0.3397915621210821,2.7868847766018883,282.3522427297546
13.25_107.75,preci,JJASO,Day,1.0489982017104444,4.261637768679368,1.7818591342206695,5.0022629089918125,1.430599742709973,2.0713126550865937,3.573643511965505,213.22209784145957
13.25_108.25,preci,JJASO,Day,0.3273488405775468,1.7733283936557689,0.3399634776762405,6.269053083196471,0.6884451292985887,1.0067458708405692,0.4528722186554103,127.16707484143194
13.75_102.75,preci,JJASO,Day,1.6432011188985496,1.3440253388728982,0.6136641546141413,9.405660927011857,2.7646172687515884,0.9866808621224809,0.1411799540145243,145.94994618653243
13.75_103.25,preci,JJASO,Day,2.3168327703588654,0.3137611353091739,1.6338572114424703,7.944239717055537,2.759759593758366,1.9131776443917887,1.7918789609399055,149.940897866486
13.75_103.75,preci,JJASO,Day,2.032012573541694,0.0097713397440197,2.1786222722834774,9.678830631217044,2.387667361526035,2.411266092747743,3.655420965128904,171.15644768991802
13.75_104.25,preci,JJASO,Day,2.088954865768961,0.3427648856587411,2.3392210455911595,9.90873745229896,1.816749014647818,2.7517205959883766,4.418587043898257,194.78731639851893
13.75_104.75,preci,JJASO,Day,2.10495664323328,1.1451474757010072,2.0351962651002427,7.846080417928854,1.5380157494472058,2.212538364280465,1.9990489563977487,202.6339129228712
13.75_105.25,preci,JJASO,Day,1.9275440664562808,1.2561943774266464,1.018276760937535,8.127377913783453,1.4565411903363337,1.638193226314884,3.9520988232450978,199.19676450803956
13.75_105.75,preci,JJASO,Day,1.5947127549193556,0.0236644804956352,1.8051911626811128,8.818007530388185,1.2837389612024863,2.303106982102974,3.116535768611111,209.25025314228225
13.75_106.25,preci,JJASO,Day,1.394800608677481,0.7334196682425482,2.8523114033536823,7.639591687705112,1.1590029701964253,2.149155943429472,3.3380592734858388,257.6166493528487
13.75_106.75,preci,JJASO,Day,0.2594497694445247,1.6278269625802386,0.7656007276030279,5.697938215639022,0.332792730385669,1.3739413851578033,3.622178635822077,346.92081529821974
13.75_107.25,preci,JJASO,Day,0.3940923236205723,3.133909390981837,0.9323953615064592,4.640196088113611,1.859096235651772,0.3370877583050663,1.3522976695947713,412.55882258084745
13.75_107.75,preci,JJASO,Day,1.437458854555361,3.170781573757403,0.8374370879671983,2.5952546964655263,2.850731251013315,0.3950529592128837,0.3861654474481119,293.0442864900344
14.25_102.25,preci,JJASO,Day,2.549959794619696,6.550616464584865,2.498214632889734,13.620522588320709,2.633558422977993,2.113997695468882,3.879502072667393,160.88452560384837
14.25_102.75,preci,JJASO,Day,1.9324982204167107,3.098775997281635,1.0293507584297026,11.726838952792512,2.387255100893068,1.846837994553045,2.35072703514292,149.32821707446666
14.25_103.25,preci,JJASO,Day,1.747937138711801,0.5079908571539685,0.9903456842994376,8.6940307692648,1.987979415918611,1.3054416452104465,2.1287097195722584,162.0294683104944
14.25_103.75,preci,JJASO,Day,1.5682202648546146,0.6956099361376276,1.5808834856253269,8.803890558794052,1.6955118887322247,2.0575377157094805,4.837874980367829,181.07093108353448
14.25_104.25,preci,JJASO,Day,1.8365620170703756,1.8178338988373357,2.708121305941271,9.791614238689366,1.5736446459368667,3.1898958664427477,7.4699591326681185,191.44614136173263
14.25_104.75,preci,JJASO,Day,1.2800982725606038,0.9160269081848136,0.553971722541512,6.282262914465846,0.6458541275099112,0.7670750038550895,3.2219026923307914,194.2642940171993
14.25_105.25,preci,JJASO,Day,0.7182286508529561,1.225881299996738,2.277111047170308,6.106430872192807,0.19286690318031,1.8199982210496295,8.41694843893827,210.62925128647183
14.25_105.75,preci,JJASO,Day,0.6508637547206936,3.150262243596578,0.3106261265071691,3.1481001108808693,0.7230397221945507,1.0505701456330907,0.1158667315413943,270.6365722996356
14.25_106.25,preci,JJASO,Day,0.4573701827882657,1.7235688237095774,0.5402080913466524,3.3718369459156188,0.854750952967217,1.6330006202554177,2.1355730452374004,371.9120220797284
14.25_106.75,preci,JJASO,Day,0.7123575354168613,1.4734302279575098,1.360761957677564,2.461823190246571,2.175097756065528,2.044364644400703,3.9628478283605664,475.6666902522132
14.25_107.25,preci,JJASO,Day,1.502401380724051,2.3054769842487253,0.7720434726401688,1.44941548751191,3.1007520850829984,1.364745760228828,1.2154396717062457,457.07819630592905
14.25_107.75,preci,JJASO,Day,1.4119458589101903,1.2012751892451323,2.085976661883933,1.818135222728192,2.6697501397316743,1.9645051303850696,1.508878074502941,242.2544882474245
14.25_108.25,preci,JJASO,Day,0.2032103616368918,5.615975342598403,1.9097652328983137,5.894381776921179,0.3704228297008843,1.3610223475730483,2.0353052292578067,111.88039674496468
14.75_101.75,preci,JJASO,Day,3.372053986875822,3.379369369888063,1.230940478963486,8.772422883805799,3.385663963079036,2.094220377534389,2.137010886616449,174.5158703684877
14.75_102.25,preci,JJASO,Day,2.5495410255143613,0.6102640161437853,0.7499179037975496,6.894890257433085,2.4877717055552724,0.2843660075776942,0.7590282348387799,134.86063064235557
14.75_102.75,preci,JJASO,Day,1.4879437147580583,0.3851157108467612,0.0316322224467715,5.750868938599815,1.6208853267696557,0.7197578992866532,0.6443114544872912,122.82979385018604
14.75_103.25,preci,JJASO,Day,1.0715056399687777,0.3259918774963605,0.3787473599436713,4.8506701727748975,1.0470919150881186,1.0663211812582636,1.7140620763344228,133.50558550597825
14.75_103.75,preci,JJASO,Day,1.1043776882941334,0.1901681557291125,0.5622662197091997,4.27097383939027,0.8628578849212871,1.1619840410747713,2.420591704278141,150.3416978759375
14.75_104.25,preci,JJASO,Day,1.4609700649672517,0.1878672759702329,0.7495441312841252,4.042502049924615,0.6835039960114203,1.3390789915522974,2.484683760995643,164.20498178435332
14.75_104.75,preci,JJASO,Day,0.8326548042429774,0.9023069134611416,0.3272534328055636,2.4004472302609785,0.1759933618393409,1.1080970075890169,2.022509985667393,185.0085483709452
14.75_105.25,preci,JJASO,Day,0.1037445137505298,1.2695591501434202,0.9025887383379436,1.2524820381038653,1.3566878059620004,1.8061869534250563,1.8254479076670296,236.96401357813423
14.75_105.75,preci,JJASO,Day,1.3035312455661452,4.575508284269018,0.2195567171366295,0.3892495822529747,3.309703236789518,0.0318000231963863,0.2270603571979302,344.93447533778925
14.75_106.25,preci,JJASO,Day,1.165416830549747,0.9944412701521356,0.5246591706984103,1.5295700780376829,3.1792904115926737,0.0371826866532979,10.553479742847133,441.33886348740793
14.75_106.75,preci,JJASO,Day,1.538343668521872,0.9036291660625222,0.4534703466114397,0.2568944546656238,3.621631562786944,1.458341813028305,0.313454132267175,422.7997213860992
14.75_107.25,preci,JJASO,Day,2.0368902496326204,2.7679311873838754,3.557300027005419,0.0236990413679872,3.74398744526667,3.8048059146510016,3.638635813309804,280.60321436379326
14.75_107.75,preci,JJASO,Day,1.17750311007008,4.073264719770153,2.304578226975288,2.5222590472722586,2.13779579892047,2.2241777028016267,0.0203365128384168,130.23958043950287
14.75_108.25,preci,JJASO,Day,0.3630170601202251,8.965150619070842,1.2818744297015283,7.912521148669113,0.2400376210141822,1.473247951388613,5.503968701797785,93.17295965825328
15.25_101.75,preci,JJASO,Day,2.654049610508608,0.5380955427886839,0.8300054162298147,6.04345516007716,3.267520894359424,1.36417610066114,0.0647272586419753,157.27778276927282
15.25_102.25,preci,JJASO,Day,1.751807286613158,1.3319902570396311,0.0650983668015909,4.267146651458996,2.229788836507197,0.2938889988039651,0.8934443274753813,114.6375026257515
15.25_102.75,preci,JJASO,Day,1.1405187650993671,0.8580448379106564,0.8103508548952666,3.688511915440208,1.4931580039635302,1.2493822838503843,0.2973418945511982,99.98604330347185
15.25_103.25,preci,JJASO,Day,0.9570694421971052,0.8223541754585885,0.8218639668309298,3.882940650403335,0.7782965412651678,1.179740066602622,0.9485020301695716,111.04056427469406
15.25_103.75,preci,JJASO,Day,0.7354694746495571,1.211618487565714,0.7927046911812956,3.392447681368224,0.1630557649254621,1.2497480676475854,1.006887960173929,134.404407315681
15.25_104.25,preci,JJASO,Day,1.2172267585172565,0.7943794877305647,1.211232593819428,3.5241110345197817,0.2141984709880293,1.6804546929074544,2.078321905415759,158.45319614430773
15.25_104.75,preci,JJASO,Day,0.7362971717863046,1.3696723665210524,0.800198479343703,2.199682666008041,0.4702188422476644,1.2888938800824192,2.6280767480954976,189.37894693971933
15.25_105.25,preci,JJASO,Day,0.0153289800776771,3.3073310509516967,0.3199019970725952,0.2487980949384534,1.3817455401536587,0.5477991087669735,1.7544166649306463,249.55524353698192
15.25_105.75,preci,JJASO,Day,0.2162483824703438,0.4926747598623762,0.1067753195212346,0.5640349856266985,2.5720656932185486,0.2078435587922773,1.769651789996732,358.4858256624571
15.25_106.25,preci,JJASO,Day,2.5663856903082567,6.189113119594049,3.882032942020481,0.7234060187316231,4.654268280795033,2.8718101722617804,14.06064901185984,392.7573079140462
15.25_106.75,preci,JJASO,Day,1.5353951709045035,2.960951488622364,1.3755906198747117,0.0614200102554516,3.776047338925916,1.7404957180337763,3.411221457231663,274.99486095473725
15.25_107.25,preci,JJASO,Day,3.4435345356223683,4.146043782443354,7.178201802476755,0.2853586948185512,4.933588641789038,6.879686424509728,1.7239442237832243,139.63453887032688
15.75_101.75,preci,JJASO,Day,3.204205687892824,0.9551615747442388,1.154330598134839,4.441225062616772,2.2861088115335955,1.6736398223713236,0.529667494177342,160.6530330723987
15.75_102.25,preci,JJASO,Day,2.3628899817333413,1.1014055260393067,0.4029547805174587,3.3118371611331043,1.6283555641143734,1.0481643399945126,0.9239001779637982,102.4706256513793
15.75_102.75,preci,JJASO,Day,1.7332404703955633,0.7732138032409747,1.0026946666503764,3.102909921131592,1.2192126035491024,1.5378457042694444,0.6314091961417211,90.38814914266928
15.75_103.25,preci,JJASO,Day,1.4486746015437058,0.4854223395330251,1.1530327539921814,3.4189033920605088,0.5276193853770448,1.7346768021870052,2.126861291912128,111.01060863484962
15.75_103.75,preci,JJASO,Day,1.3322525854272127,0.8950617197084072,1.1373047854630227,3.0940820132699383,0.0211586767789201,1.678295739077938,2.200884583766521,137.93666141550247
15.75_104.25,preci,JJASO,Day,1.2879758373308248,1.0873588897211215,0.9559916749716192,2.7071606374837733,0.445838122292012,1.8009543390785003,2.938652802479303,154.10203704886965
15.75_104.75,preci,JJASO,Day,0.7075103769804071,1.152935627319884,0.7157310770678593,1.620563852373026,1.278470446074373,1.513877310321852,4.18158449220443,170.5565913395799
15.75_105.25,preci,JJASO,Day,0.2113954498615418,1.7353720730595394,1.808538114037274,0.0515840818084437,1.7150485742089128,1.8720186664096197,3.609230302851852,222.45454786025175
15.75_105.75,preci,JJASO,Day,0.1915150946552701,3.5022377920389567,0.959926826697203,1.1061663933440868,2.539315876316026,1.7149214727941813,2.148331694170189,310.8007666360795
15.75_106.25,preci,JJASO,Day,0.7644868472728638,4.4974897344222935,3.658693925528057,0.3970103189066943,3.1142665467920456,0.6443920552344001,0.3934918288983297,300.6429167401872
15.75_106.75,preci,JJASO,Day,3.0917692563271486,3.7272873183525768,5.280818598676954,1.1933228991299456,5.395253310535368,5.6270153232845805,4.731941673868191,163.6291380718172
16.25_101.75,preci,JJASO,Day,3.949913107738445,3.364990918444489,2.022673735843859,4.034681284623292,2.2887473097491697,2.4600419227003423,1.5515196964401234,144.21277986810875
16.25_102.25,preci,JJASO,Day,3.0627297403840767,0.4604650907639618,1.918569720189128,3.260249626498575,1.8452787245426847,2.654652112177892,0.5483765025758897,89.85948274894378
16.25_102.75,preci,JJASO,Day,1.6833224738086965,0.8649151217156663,0.664967465106542,2.6586374026550823,0.7373485432871248,1.19735757103095,0.3201104820424836,86.41185338713225
16.25_103.25,preci,JJASO,Day,1.392681962025247,0.8665664623489299,0.6638456018917993,3.156133061316621,0.0367449730969443,1.2170845800094854,1.597849285218228,112.09335422410258
16.25_103.75,preci,JJASO,Day,1.3788946701649214,1.228889032351981,0.7295555030814236,3.228542574967902,0.4509407317220965,1.5808076782744245,2.50163121257175,137.84076721374748
16.25_104.25,preci,JJASO,Day,1.0860885968211806,0.3007793961684706,1.2650685159282204,2.6796006496325684,1.248635683231861,2.123314527543056,4.547646206277052,140.7247688493503
16.25_104.75,preci,JJASO,Day,0.5226480847726787,0.6258697893997676,1.358866539716037,1.3314044759401893,2.311463414163136,1.605448930209585,5.041868788377996,151.16749058000167
16.25_105.25,preci,JJASO,Day,0.0494017969999992,1.8167967558042708,0.4598489094640806,0.6372562623582615,2.988514419750106,0.7680444151110082,3.5931104666358022,206.64411128330616
16.25_105.75,preci,JJASO,Day,0.4234132042886703,2.9478723962581594,0.1574831926588018,0.8069707331522773,2.8214443292721767,0.9708532983656656,0.7486622295951343,261.8251872195715
16.25_106.25,preci,JJASO,Day,0.9078740290287454,4.213862365152137,1.2310848523508204,0.1148104744867326,3.8397057798367222,1.7182836801810943,0.8788896774651416,195.9764081417426
16.25_106.75,preci,JJASO,Day,2.522381280550555,0.8563206274190255,3.179575118303221,0.0223701596120853,4.933730464873719,1.904560156667647,0.7893755885439361,107.10646682822386
16.25_107.25,preci,JJASO,Day,1.7949214716620363,2.1116378298075538,3.547382909224642,4.661136149774181,3.2160296315855965,3.7462643195378447,1.4768287202106027,110.24534871012114
16.75_101.75,preci,JJASO,Day,4.17890959952551,1.1046097356553466,2.755936110508489,2.912051618874306,1.7028599570151768,4.123921612965471,0.5284073625979666,108.97327948550998
16.75_102.25,preci,JJASO,Day,3.0382305658670754,1.214168965365012,1.5250237547866596,2.5185985892354963,1.2404507586364657,1.8355334850192635,1.0204473222132535,78.51539642695393
16.75_102.75,preci,JJASO,Day,1.921114644865692,0.2747121479589495,0.5637700178930733,2.6662727920417213,0.5015680648922348,1.3057381869048377,1.4719384201194623,82.56164844752168
16.75_103.25,preci,JJASO,Day,1.8462268156299668,0.1576473753341521,0.5200385631096183,3.81513520390508,0.1091814422024177,1.500784524315251,4.155081976124074,106.80212985814262
16.75_103.75,preci,JJASO,Day,1.5592552649931088,0.692132220851137,1.5902014091050922,4.077302692538828,0.8276167884631019,2.4502497962037224,5.955606249557734,125.83695324924408
16.75_104.25,preci,JJASO,Day,1.3481400023676433,1.424707251013268,1.7795903168490963,2.839373853234846,1.552833830821712,2.5898131516171943,7.397677421547023,133.8864852248826
16.75_104.75,preci,JJASO,Day,1.3951947776369773,0.7262894650765636,0.1999743355692553,1.3716429448334282,2.0368220327879127,1.6813261023088637,4.285617136455738,159.5678510483884
16.75_105.25,preci,JJASO,Day,0.6689253698507143,1.5048536573300169,0.1561511769109662,0.1380511667902517,3.155908513668225,1.302185074200962,3.2199970248413585,213.3057910483365
16.75_105.75,preci,JJASO,Day,0.2600069394088627,3.724166664182017,1.1368803898887518,0.0597067552333445,3.697507265398198,0.2647829418991181,0.4887143798993101,210.9303661424252
16.75_106.25,preci,JJASO,Day,0.1923497781413278,2.967262886431365,1.913265378948464,1.599294421726817,3.057696694960583,0.5398750609747861,0.120800371805374,126.26610922508982
17.25_101.75,preci,JJASO,Day,4.071775855374722,0.5691929600286325,1.742279764460548,1.883776007970755,1.014730416514384,3.103543085484709,1.0597434962051198,87.07859384958029
17.25_102.25,preci,JJASO,Day,2.867075489709712,1.5778384848492863,0.5917812861900581,1.7262242076987029,0.2152924719870945,0.3308326918087643,1.029119554438998,72.29888991203568
17.25_102.75,preci,JJASO,Day,1.9508571389265803,0.7239164444691154,0.1535706519284814,1.720037020977179,0.7640994497840352,1.0449664377809698,2.218294065419027,79.61450937120283
17.25_103.25,preci,JJASO,Day,2.0217962868413712,0.0575079670464237,0.3380550379960541,2.454655181311605,1.0695490507909708,1.6805713315194577,4.121893801396442,99.30159870680538
17.25_103.75,preci,JJASO,Day,1.5808770987349223,0.5861323419687869,1.114832927844871,2.1344188946763345,1.6401517953336748,3.0141503053955767,6.551307511471314,118.86607509153104
17.25_104.25,preci,JJASO,Day,0.1889321085785666,1.7019929270261254,0.7562660448725024,0.0445224508025916,3.0187363014046733,0.6283868727963413,2.8316594744589687,143.3289288239275
17.25_104.75,preci,JJASO,Day,0.4943246015910322,4.598638107677906,2.102286147327144,1.6429405950533211,4.213451842998484,0.9195651636713668,1.5342307274673204,178.30770151211885
17.25_105.25,preci,JJASO,Day,1.0818720885340585,5.441057385306486,2.425254230098997,1.6672277938208475,5.100430281332652,1.1530468114536123,2.7024586492135443,187.50752058488183
17.25_105.75,preci,JJASO,Day,0.0589957132979502,3.1738508250105224,1.076455021801992,0.6684455098102733,3.9772839410875305,0.7046307874519394,0.2915217733946986,138.34733451558986
17.25_106.25,preci,JJASO,Day,0.249333950972379,0.4950359367458155,0.1365458769360763,4.370970486144009,2.743559583760938,3.103439687765916,4.103856344278141,97.4811465146546
17.75_101.25,preci,JJASO,Day,5.936200842691272,0.1165034198914154,0.7093714686904413,1.3590074620105808,1.01482303340116,1.5575288991136522,1.5417596716710242,97.97370279612318
17.75_101.75,preci,JJASO,Day,4.094925067788345,1.716052207984876,0.733502965687472,1.052199499716991,0.4739020180447232,0.1257274024904904,1.6642872868031953,78.15701996203849
17.75_102.25,preci,JJASO,Day,2.452650106006597,2.870950426440785,0.1463915179574234,0.3453012859332171,0.881551982923549,0.9368764708917348,1.5894223914190269,75.71941856622381
17.75_102.75,preci,JJASO,Day,1.6148337151152017,3.157089203785376,1.3643824451427091,0.1556380935707137,1.7836302276199054,0.6835608842646334,1.0245762159676834,89.32196225819345
17.75_103.25,preci,JJASO,Day,0.8901637031884367,2.518572113478263,0.8507186518375697,0.3223402903347788,2.7501978226595445,0.683705187811539,0.0224441969636165,111.49283934939534
17.75_103.75,preci,JJASO,Day,0.0160560765816307,3.789600086159632,0.4733179701137322,1.2045922690598097,3.729557796843719,1.4517267734641646,1.2220214470710602,142.0421273523098
17.75_104.25,preci,JJASO,Day,2.714839805180464,7.124264171855098,4.223121603047252,3.4894774225537017,6.253841803957198,2.529030313556894,4.112501910088235,168.51656615018035
17.75_104.75,preci,JJASO,Day,3.6211840846072114,6.40928952429011,4.362875716934835,4.746159107974739,7.387779712229388,1.29730112181259,0.527664052576979,162.64183884320693
17.75_105.25,preci,JJASO,Day,1.905922189092376,2.008413255271235,2.517799446170664,1.2965321420327691,5.450688414276055,0.2348812341164882,5.831163535726216,125.83317765051548
18.25_101.25,preci,JJASO,Day,6.060057953862173,0.8555488115130888,1.3325990404717618,0.5968873761930038,1.1222034209591087,0.7493585908696639,1.2995760565199346,90.17396508423056
18.25_101.75,preci,JJASO,Day,4.680316932202753,2.6883461359121084,0.1548240528980971,0.1930365305445625,0.4694315938056209,0.4162931234278869,2.730539330342048,85.66999996391571
18.25_102.25,preci,JJASO,Day,2.57404052096473,5.40211019349271,1.5295798509308154,1.0475785395502506,1.696955465812118,0.0807342881078644,3.971497808100581,97.29110212445109
18.25_102.75,preci,JJASO,Day,1.1574182188586806,4.071918557030116,0.5043818548919795,1.9951555255219768,3.2793824119640758,1.2081675994843537,1.933902351935004,119.16497207856528
18.25_103.25,preci,JJASO,Day,1.8662881523149049,8.008601772054803,2.0928407184326665,4.332841067966316,5.825631195886462,0.8686212177408181,3.0234223634404502,146.45669954261243
18.25_103.75,preci,JJASO,Day,4.079653216225813,10.666460349308249,6.505545155186202,6.375994280327008,8.02193397778292,3.695280489877406,8.188870631850037,166.22392205436626
18.25_104.25,preci,JJASO,Day,3.5950774417290763,7.53854781533553,2.8990170709497285,4.554481277050994,7.437393746778984,1.3457242383923325,1.8359130256115104,152.61608472471903
18.25_104.75,preci,JJASO,Day,2.2001358003186184,1.6457631989918209,0.9106250805623708,2.576453761287778,5.771820986222192,0.3214750761511287,6.27587619855719,116.1051351802655
18.25_105.25,preci,JJASO,Day,0.313214124043646,2.42308253660095,0.4474993096418032,0.4267049860016314,3.2248006408963263,4.232209066100637,6.186382917621279,102.28827660199612
18.75_101.25,preci,JJASO,Day,6.499637349742174,5.5545283982498,6.509576919989091,0.6902458121065477,0.8391419614839412,6.908233226915327,9.899683552381951,103.4475768474184
18.75_101.75,preci,JJASO,Day,5.48505881173737,1.7266905148699905,0.8156302219674922,0.1457888424931515,0.4500161386277376,1.5365651991278555,3.121223336111837,102.8159453019922
18.75_102.25,preci,JJASO,Day,1.8336985597153252,6.513252715336944,4.2716409370112345,2.8361951202234663,2.882586736291718,2.345423801833103,4.409680620133623,118.7650773210655
18.75_102.75,preci,JJASO,Day,0.0700573229483047,3.775065664342762,0.9086086960834596,3.505842571954308,4.342157350163748,1.5481932211257434,0.3579857840479302,153.64350517058753
18.75_103.25,preci,JJASO,Day,0.4946480095940802,4.661495556523686,2.563532543026862,2.7810281183380057,4.081784479944041,3.240038558863534,2.355333209105374,176.74680044439444
18.75_103.75,preci,JJASO,Day,3.550896384948494,8.893928936805217,6.097889356705952,5.589922385229671,7.01655643652814,3.755390902553864,6.565636545406536,170.25427462790142
18.75_104.25,preci,JJASO,Day,1.5717441833998471,3.0207309723307807,0.7522729289367703,2.335824324293925,4.677889384385882,0.2845612521475536,0.9339066624382716,123.97477009879994
18.75_104.75,preci,JJASO,Day,0.1625509796963616,1.859163519494054,2.36353147143246,0.6593988014831114,3.1274655900028323,4.356521580556401,3.7246864336661583,97.78409375163592
19.25_101.25,preci,JJASO,Day,6.2407209122565135,6.770743100646348,2.8288909247229896,0.2063211483172522,0.1981427927845665,3.954566886972732,11.424220798104574,110.82825163167288
19.25_101.75,preci,JJASO,Day,5.722124381334234,0.94706870438125,0.5760381892722317,0.036194608364968,0.1922906122294253,0.3058591306309438,2.4716479257392883,109.7188850561918
19.25_102.25,preci,JJASO,Day,3.2987690521112625,0.5726609751579652,0.9886243540204624,1.997448490749811,1.734027290215299,4.084487638653116,2.86574321639252,116.6226675457922
19.25_102.75,preci,JJASO,Day,2.2950391212758725,4.612043679997471,0.0800939658630543,1.8872878339780927,2.013379883869092,2.0080325240489545,3.996768834202251,137.93390393966956
19.25_103.25,preci,JJASO,Day,2.455423347941335,3.7664379464375575,1.5308642112095292,0.9842325915893564,1.248004673074521,3.0715052883751413,4.421147951194263,152.05371652304513
19.25_99.75,preci,JJASO,Day,7.272410499719254,0.7813334087113118,0.4223682832791732,0.1025394808897263,0.9356670104133976,0.7226123046120037,0.2253549554070443,105.1023604371626
19.75_100.25,preci,JJASO,Day,6.302982572442089,2.256043561229097,0.3164722606147172,1.4529190907464653,0.3461271688855916,1.014040483495765,0.30730596484931,94.69237553626348
19.75_100.75,preci,JJASO,Day,6.127084850756214,0.2600324446165371,1.777836994051785,0.9509576528118284,0.4685664034218865,2.422776174512196,2.8311526404379084,100.24055876302744
19.75_101.25,preci,JJASO,Day,5.857398511911193,2.3836046561535373,1.3896396665741335,1.0141398411894862,0.4346790352453594,2.9762394368946734,3.183819875982861,104.28886195648298
19.75_101.75,preci,JJASO,Day,5.046191453661072,1.618668721507865,0.8944167759332529,1.3630236801888729,0.4661165044361181,0.536385171016926,1.4875048903168846,98.27600995482356
19.75_102.25,preci,JJASO,Day,3.79681749715358,0.2926507376056802,2.475267847528968,2.2252423058118964,1.231619995943916,3.7568967632505,0.762563123708424,90.20504464966284
19.75_102.75,preci,JJASO,Day,2.361619751345589,1.837258708878924,1.622105121609333,2.2737108077798367,1.9441227947859387,0.832887891265542,0.1010198284776325,96.55651418493431
19.75_103.25,preci,JJASO,Day,1.9103025144833268,1.7924455500733338,1.8445634357056704,1.970410756130616,1.7213429233297677,1.758796996135337,1.989232017066812,105.02441687701764
19.75_99.25,preci,JJASO,Day,7.668906624264607,0.9159333187570624,0.4015802825854031,0.2200140259011133,0.5159938528206958,0.5940199418021529,0.1325172610192447,115.17953582358209
19.75_99.75,preci,JJASO,Day,5.991854345304482,3.551582571763594,2.323138734175908,2.0976880567757124,0.6626565472417502,1.2141243238646866,2.6802926091020334,103.18006501521452
20.25_100.25,preci,JJASO,Day,4.716641124023787,5.007233026557341,2.1533135275537982,3.1151957518016,1.7596524229346755,1.912626194037072,4.004356901539216,102.56425351651056
20.25_100.75,preci,JJASO,Day,4.983090937507465,2.135034001117623,0.7452596270499637,2.455060369890369,1.522383423269835,1.343753957208738,0.7047554808649238,93.27006821285352
20.25_101.25,preci,JJASO,Day,5.1886124833591385,0.833190144717481,0.5719368166385085,2.011313924339399,1.152065994581664,1.1165808152605612,1.186422325453159,91.99009807902137
20.25_101.75,preci,JJASO,Day,4.554523539382905,0.3593050155785938,0.2832098657666127,2.423284643662702,1.225807307645639,1.2317548772341664,0.382944992052796,80.81774012790005
20.25_102.25,preci,JJASO,Day,3.9981815569218746,2.610050223061413,1.224970546726548,2.8786764989203526,1.5481782887083686,0.0481975345321232,2.1597967015835877,70.57229648964163
20.25_102.75,preci,JJASO,Day,2.786670159473782,2.904282552145549,1.0541788992633907,2.8505813471647814,2.2366169928112405,0.3773455126371559,2.5606899260598768,71.92904774021567
20.25_103.25,preci,JJASO,Day,2.169956728675538,2.1967708116212603,1.497960009049233,2.299181391682091,2.0706897671112388,0.5291631023702009,0.6729096176586783,83.03142903816945
20.25_99.25,preci,JJASO,Day,6.717296387529091,0.0821199138039385,1.1797846030175363,0.2241254452135413,0.3003673490271932,2.381318457867356,1.7268239991452434,117.56181010670558
20.25_99.75,preci,JJASO,Day,5.22176506897151,3.995616656700412,2.216445346881337,2.7286974596240263,1.5229258875033074,0.3225705286688239,2.6665205864172115,116.09605732105292
20.75_100.25,preci,JJASO,Day,4.781158240897828,3.4578439849601774,0.7354588896257661,2.789521257908554,1.3090492024213085,0.5943878457170517,3.3926973704140884,117.73887940436902
20.75_100.75,preci,JJASO,Day,4.489862872356372,2.595959507007964,0.055539510969726,2.9274470342723227,1.5484670584530154,2.6686784548966087,1.3445376451997095,89.53587557983752
20.75_101.25,preci,JJASO,Day,4.380206511620078,0.2863684039999825,0.6588118140823844,2.763848210385683,1.7475691333173706,2.6508219105483257,2.1838686908395064,78.4675335772104
20.75_101.75,preci,JJASO,Day,3.9674982942397032,0.8276716877983459,1.2224340174472383,2.6262158455743183,1.8915988825386207,0.6672148198941127,0.209890962580501,76.07232140881008
20.75_102.25,preci,JJASO,Day,3.5776117989035647,1.966401300865406,0.909874299030382,2.5376457155684298,2.283832312678061,0.1294689774990818,1.454093631475454,70.95798711781049
20.75_102.75,preci,JJASO,Day,3.054216897484045,2.470095121458185,0.9101653837311748,2.192199169604156,2.485189038914753,0.9518377548663765,1.5324402931266885,68.00912817625104
20.75_103.25,preci,JJASO,Day,2.2919000638964904,0.2319132667679509,1.1811043367167249,2.30292120270539,2.728725287071684,1.408648437300559,2.0836983903198982,72.32422846605546
20.75_99.75,preci,JJASO,Day,5.699702417219526,1.0156580204713033,0.1508380899064629,1.8670198665175493,0.9370284227048196,3.83690118600076,1.40294580992992,131.36291938811502
21.25_100.25,preci,JJASO,Day,5.047616327033169,1.8648357461561245,2.7153585637051285,2.2973795240626136,0.572039251250769,0.8159617537100788,1.923993790061365,116.54973372741526
21.25_100.75,preci,JJASO,Day,4.477709412237529,2.133633640538476,1.281778232518602,2.733092445179018,1.078756482820432,2.5057770193901696,0.9473907417254904,85.23809039625168
21.25_101.25,preci,JJASO,Day,3.902550860848824,1.097307992128885,0.0550900352987819,2.8914790708276445,1.7748948302462937,1.8867361742200337,1.30340161492992,72.39744832878833
21.25_101.75,preci,JJASO,Day,3.329101944574426,0.979119762622532,0.2375906466917236,2.7668135385763284,2.300387665723786,0.6612409943160452,1.5298552757525057,75.11786177602987
21.25_102.25,preci,JJASO,Day,3.003554261253354,1.8661760555043336,0.7430827947048941,2.472458125911817,2.763353011332468,1.559976621081916,0.7132668012251271,74.83900220304989
21.25_102.75,preci,JJASO,Day,2.2631738590100428,2.641730871527212,0.8610265750157854,2.5061725173976983,3.214540551825233,0.3014487393811771,1.112712108916485,71.90189079961942
21.25_99.75,preci,JJASO,Day,6.01092660315106,1.1500243899411866,3.736586599240225,1.4584231275648372,0.218327154403795,4.873044079219426,1.8172949023921567,130.35096327065926
21.75_100.25,preci,JJASO,Day,4.187225801560484,1.3510152336365404,0.6476260391270995,2.4493803234798865,0.8474537024082153,1.4637429775139834,0.1213348790559186,96.70456441574542
21.75_100.75,preci,JJASO,Day,4.195929401724554,1.8028454937378935,1.19712796860765,2.6248920940436675,0.8994295968306062,2.121671374898399,2.039748967384241,81.11405062823748
21.75_101.25,preci,JJASO,Day,3.903052072861444,2.263969603551184,0.9879858975117648,2.622010616080576,1.3195816178562438,0.4393192400320176,0.936944046768337,71.07778512922552
21.75_101.75,preci,JJASO,Day,2.988618611720756,0.5149658655454407,0.8178443268227457,2.958160602326573,2.3578870609950253,1.80858846540819,2.318275367989143,72.17638852057503
21.75_102.25,preci,JJASO,Day,2.482198713599971,2.9349541157007786,1.289987470386156,3.2310585834537795,3.053750015177469,0.2641421244840888,1.626180226329339,74.3748407198684
21.75_99.25,preci,JJASO,Day,5.6275671528833335,2.4559386849401004,7.070708698455856,1.1490871253893733,0.4306488821778974,5.239280203217904,3.935327448665577,100.60380364553312
21.75_99.75,preci,JJASO,Day,5.080413455754346,0.6189231269077595,0.305541435388472,1.430154837144788,0.3629644321601207,0.6541310960293879,1.4765667123616557,105.15505395769944
22.25_100.25,preci,JJASO,Day,3.0823963936315755,0.8624776853797986,2.8950119875320124,3.1139928827715004,1.8072603705409496,5.0068998280112,0.6715214898293391,83.00356651405166
22.25_100.75,preci,JJASO,Day,3.285153280555347,2.7629490628458777,1.1631806789412311,2.9927010099630222,1.626682952117647,0.745720203289154,2.883516642544517,80.22580377522218
22.25_101.25,preci,JJASO,Day,2.868134260152888,2.4166781443091323,0.1664602492456839,3.17475235547897,2.148876076755987,0.3259619850415314,1.3864759001181557,79.72092008614185
22.25_101.75,preci,JJASO,Day,1.6978773294952334,3.213619101984004,0.1343349054262529,4.021551792363548,3.5418455872014816,0.8132712708313465,2.0032358185170662,81.10628212141866
22.25_102.25,preci,JJASO,Day,1.3865124296935247,4.7816071420061546,2.336403340700889,4.131204244294486,4.068098582205417,2.488790486076161,3.595624265522149,79.00158665000066
22.25_99.75,preci,JJASO,Day,3.900798634223756,1.257831893050099,1.2401644003933785,2.5668874127733234,1.3990676975037764,1.2290864161461958,1.2862701597225854,89.88290483140484
22.75_100.25,preci,JJASO,Day,1.8796182799492784,1.441619571529399,0.2860797722846098,3.9451484430352592,2.2964237301758894,0.6302712111523864,2.9738002182469137,77.59582209948599
22.75_100.75,preci,JJASO,Day,1.7511165863130087,2.7754386555617137,1.4309095552827589,3.718616222336732,2.377491437923515,2.1484411035997377,1.9047180835900508,79.27082943713754
22.75_101.25,preci,JJASO,Day,1.3071357647767683,1.1018430241258728,3.715619438742848,3.871611628966886,3.066248486293805,8.502182173617053,0.2101679479067901,86.68115488143604
22.75_99.75,preci,JJASO,Day,2.9114354828501785,0.8889908546873723,0.0598445888329246,3.4039619451661944,2.040970427798663,1.5217969533932745,0.3646650060751634,87.8282157253418
23.25_100.25,preci,JJASO,Day,1.8619584904501687,1.923613935341414,1.3592505143849136,3.230456475183173,1.6289129863228091,0.7311915765045116,2.749411098094299,87.18786366024665
23.25_100.75,preci,JJASO,Day,1.733294492485819,1.827686512323881,0.3802323015681614,3.04072278330167,1.6912816029850557,1.8681646948547292,1.3470151953603486,84.74613522233565
23.25_99.25,preci,JJASO,Day,3.648934630906702,0.7611567410922215,0.271254894357065,2.2936133114752986,1.288712767360345,0.5323484318466272,0.1052333912774146,108.34945333378576
23.25_99.75,preci,JJASO,Day,2.625262504544108,0.9130392890234652,0.1614169872968776,2.7845300829886885,1.5518118842397672,0.1343246469039514,0.2144405856533769,101.82370385788084
23.75_100.25,preci,JJASO,Day,2.135178323289747,1.4962625166479735,0.2000698377987555,2.636859964812914,1.088693928206712,1.3380944108513433,0.3984285299969136,102.50037082848772
23.75_100.75,preci,JJASO,Day,2.045702011629877,0.8898153422483546,0.0839380544388087,2.648953904278941,1.092387565066218,0.9238648907020398,0.5221740408685548,94.89423672506447
24.25_100.25,preci,JJASO,Day,2.3205312170641945,0.4795422760181618,0.9728987164391198,2.554755399873163,0.8524380796707821,0.6879020568439365,0.3293357262723311,113.9042918562777
24.25_100.75,preci,JJASO,Day,2.1179386046659605,0.3328586208325936,1.5719007187627716,2.7654644716452617,1.0337898727295758,0.6617124068197656,0.8282877384179376,111.61663652097388
24.25_99.75,preci,JJASO,Day,3.070522352269281,0.1964698050759131,0.7994714201776104,2.253532559046546,0.7245282947448405,3.283082834805847,0.5820072916561002,103.46477814092988
24.75_100.25,preci,JJASO,Day,1.918226142674676,0.1859219188700151,0.517262025951617,1.8226988879977564,0.355515602563615,0.2265552329197203,0.0457954889480755,103.39068549045032
24.75_99.75,preci,JJASO,Day,2.478344046308871,0.273267838883072,2.095796288330319,1.584750764933697,0.0262953842427317,1.8328517650957463,0.1817637596535947,92.42092937959762
25.25_99.75,preci,JJASO,Day,2.205431987708528,0.0450943928254994,0.9464341954973048,1.1352021772858056,0.2423687161081886,1.8641157770389705,0.0443582680724037,96.867435117464
25.75_100.25,preci,JJASO,Day,0.3013012408316471,0.1497214680936681,1.2943058940393268,2.456268121626949,0.9444251204701156,0.5562975384812371,0.8003079043609297,100.8715000220368
25.75_99.25,preci,JJASO,Day,3.4299610518688004,3.3892251300522203,2.877662946885561,1.5347742370769304,0.7057401470713507,2.447609915421033,0.3476053359345679,150.98137376165744
25.75_99.75,preci,JJASO,Day,1.4522113583132128,1.1742675022291302,4.143655014905785,1.817654958919518,0.0669398583616568,2.428867703583043,0.0415733183148148,115.85760495041998
26.25_99.25,preci,JJASO,Day,3.459821234355947,6.70420545066885,2.8114411869097986,1.95152198186477,0.9201796105701162,3.330161433087959,1.3461670535374002,181.3406643858139
26.25_99.75,preci,JJASO,Day,1.0489647257659764,2.458670898972083,3.598522199907588,2.1588786008963483,0.1064384160724094,2.7435243556434217,0.6524871310345316,141.79411684935457
26.75_99.25,preci,JJASO,Day,3.563791080767115,6.059710649811189,6.3928767078387,1.577821988652051,1.1706509858749818,6.586131330205114,1.2227845747930284,190.6431957350173
27.25_99.25,preci,JJASO,Day,3.935499638985083,6.52090204758824,2.8709513300493827,1.2478874649065466,1.5075384839577073,4.265954443193537,0.4397402781909949,187.74151381944415
27.75_98.75,preci,JJASO,Day,2.801119591924835,10.662938121605306,6.278140106325308,1.045191683061056,1.6524052891816268,6.301434303428177,1.6055191644622366,177.3628906383747
28.25_98.75,preci,JJASO,Day,2.685657078607252,15.541322087650986,2.9522166014551194,0.0242555111486292,1.7725852460805374,3.433634210421452,4.653593232825273,137.422181633199
28.75_98.75,preci,JJASO,Day,2.792472695278929,8.27654085431809,0.8630300591129242,0.4520030608806561,2.0455362904941903,0.7825672685484001,1.6436245062135078,124.4833279677917
29.25_98.25,preci,JJASO,Day,2.1181501330581654,5.376384706178014,0.2726693718104648,1.0871793042591618,0.962691612866275,3.117375146932384,0.9690706562596948,93.10901930317466
29.75_98.25,preci,JJASO,Day,2.032315096643812,4.1288751509165005,0.3361296680227484,1.3050808356793966,0.2758418939210204,0.0307434245561959,1.3095461879251995,71.7036895673271
30.25_97.75,preci,JJASO,Day,1.820552644007154,6.13360638884315,1.9324073387907856,0.947517680664047,0.2428596507761961,4.78730832887431,2.4795755738809007,83.69321851703289
30.25_98.25,preci,JJASO,Day,1.848543424196516,3.972342375054697,3.2953655421028505,0.6197876173978711,0.4365134643170893,3.6657648563841847,1.2095312490031227,72.39904348166348
30.75_97.25,preci,JJASO,Day,1.801237048079024,2.0201153462251087,3.296374410787569,1.089362709400867,0.6107800106291318,3.5144823445713524,0.6891671147835512,94.4621988107086
30.75_97.75,preci,JJASO,Day,1.8364067187635624,3.213301494984183,2.627741606499175,0.9902333726485144,0.7689900056071031,1.212821650053587,0.7996484641307553,105.07162309843088
31.25_96.25,preci,JJASO,Day,1.75727252337951,2.680444249131102,2.6081483994933428,1.1177063896169794,1.0257533870720656,2.343944426177923,0.2631825558376907,90.24873867844776
31.25_96.75,preci,JJASO,Day,1.2886855644705146,1.1036712799861916,2.1391718849663635,1.263017055063839,1.0847974187749074,2.196514158215408,0.0265679517916848,75.91692777731924
31.25_97.25,preci,JJASO,Day,1.6461632187377986,1.1068776869066987,3.1383499798169354,1.279411616504504,1.0518665110239014,3.623629071752391,0.102909616600944,81.57720721346645
31.75_95.75,preci,JJASO,Day,2.1959545099774416,2.901616122790215,3.67500505758637,0.4109800344320407,1.1727316003790786,5.8064815976878,2.08891278249005,107.88404487727064
31.75_96.25,preci,JJASO,Day,1.8674784528042143,2.182044462404092,2.753392913173081,0.6368545935450929,1.2074979339066547,3.152843776267175,1.0813018375311547,93.81385759577746
31.75_96.75,preci,JJASO,Day,1.3845643566657857,0.8525098735508657,1.164996784905403,0.6227777314851248,1.242296815181991,1.3180481292983044,0.0777394642342048,75.89616193161453
31.75_97.25,preci,JJASO,Day,1.6462669597276238,1.3379559964746417,1.4891500441745351,0.6327030652067935,1.3238115683527345,2.134294525468043,0.1180391588602396,74.07218585436645
31.75_97.75,preci,JJASO,Day,1.6738240689414352,2.727138297290613,3.567207496704345,0.9522566580309432,1.405921148361608,3.61143287663098,0.6065127196809369,89.4208234217108
32.25_94.75,preci,JJASO,Day,2.55390772614825,0.989199541110768,1.7535117055568266,0.0246557855475045,1.2452989566148678,2.928094277097408,0.9889618923761802,114.03371734205194
32.25_95.25,preci,JJASO,Day,2.576205775389589,1.7981573144048857,1.6379969123163685,0.0002746434894039,1.2326423380008622,0.4279449024717138,0.630437144144517,114.00250444405656
32.25_95.75,preci,JJASO,Day,2.1979516711342746,1.1840148682475946,0.8619562667222151,0.0494851730609885,1.216862144124886,0.0644811154199131,0.2114757067442992,105.67976117487088
32.25_96.25,preci,JJASO,Day,1.9262486744829488,0.45269708815835,2.263206091426144,0.2939140507488076,1.2789645406657733,0.9817851756408136,0.0654596040602759,91.16879471616744
32.25_96.75,preci,JJASO,Day,1.7009982764911429,1.2032892616714084,2.513461925299201,0.1400749029384348,1.2251158952679164,2.623487451540632,0.1625364508253449,80.28745170231878
32.25_97.25,preci,JJASO,Day,1.8439176762444849,2.7325823288472244,3.687967541726071,0.0019199173417408,1.280356170317832,3.678170060368809,0.7632254367847495,81.69413524075537
32.25_97.75,preci,JJASO,Day,1.7671121755907178,1.4461890532980235,1.9549274353308863,0.5748221404386563,1.4268596891677807,2.431088413515523,0.4519040335521787,91.84222424262995
32.75_94.75,preci,JJASO,Day,2.5175370636838847,0.913244642352608,0.0900632335518725,0.2413991631638573,1.069031253333344,0.382584904249419,0.1408098890010893,116.41791498631284
32.75_95.25,preci,JJASO,Day,2.5473718206426272,0.0164307946978584,2.0286125251832265,0.0887691422492124,1.0834747131598736,2.917415930291939,0.389669437708061,116.95023955897396
32.75_95.75,preci,JJASO,Day,2.307304110521128,0.3455101030436098,4.478961441992488,0.0523159516259825,1.0898473862148836,6.539074702150328,0.0347466683543936,109.082307557619
32.75_96.25,preci,JJASO,Day,2.1482548476722205,0.4892125576158654,3.707251517175345,0.0707091844410326,1.0492252548827057,3.1313519579765834,0.0271379153572984,101.7057100423141
32.75_96.75,preci,JJASO,Day,1.8762823691086277,1.5718320319165788,6.535330808934931,0.0982706752780943,1.0536345422308335,5.71668000661101,0.4248984207862019,96.07674790826056
33.25_94.25,preci,JJASO,Day,2.166441371501264,0.2175748743896086,1.678013939347195,0.3580062765467829,0.9695325388220736,1.5867249626670472,0.0681258862930283,107.97989535079124
33.25_94.75,preci,JJASO,Day,2.274963388233959,0.1535183476001562,1.5116073908363872,0.0206520317090602,0.9508773774695533,2.292659603030574,0.1419267597298112,113.19774139529616
33.25_95.25,preci,JJASO,Day,2.3958972533605736,1.089576518707432,4.344296849719027,0.374710967073141,0.9329396856624428,4.062883708248438,0.1081323287553377,115.66210446964855
33.25_95.75,preci,JJASO,Day,2.3217576775153708,2.27587599242668,5.9378167304426,0.2872064041128925,0.9183715404367804,10.682192314529049,0.9064887555711691,114.67359734533233
9.25_105.25,preci,JJASO,Day,0.4036021831793754,5.014600628538113,0.3049598757976398,3.0101894269147857,1.197722988480029,0.281893118154676,0.879489519453159,131.70101016196725
9.25_105.75,preci,JJASO,Day,1.0926985836933671,2.7167126146463274,0.5644985325217016,7.886263490621859,1.22496935946781,1.1478886609282146,1.3430082168249815,136.1853013771715
9.75_105.25,preci,JJASO,Day,0.7784419786066812,2.2653333406888865,0.0898215543102069,14.219360724995065,0.008234602340341,1.1348955058210275,0.4020352503096586,154.45488884952908
9.75_105.75,preci,JJASO,Day,1.3717235586717502,3.300584215631072,0.7818787994528384,12.42664185587968,0.1164217899332325,0.8651071764028334,1.3936934101423384,131.0157734095227
9.75_106.25,preci,JJASO,Day,1.9026369500047209,2.4853941987243897,1.1032048124662406,8.673857452892172,0.3377325835183369,1.3184901929752129,0.0644797833649237,128.0646580197223
10.25_104.75,preci,JJASO,Mon,2.4386961051537126,0.2072715809878114,3.072074918862246,21.695997572851564,7.291246860298639,3.662238203411332,0.8516511685033331,170.11150873573214
10.25_105.25,preci,JJASO,Mon,2.0103344810710366,0.4608120618140955,1.6684843329191934,19.856159381845373,2.255099208504597,1.923655819127049,2.1094033041810034,152.39507908727438
10.25_105.75,preci,JJASO,Mon,1.955960499575768,1.5351381401193942,0.8808689614800673,15.058877245755877,1.3409517019815156,0.9405294961723776,2.516960827844755,135.50015241458627
10.25_106.25,preci,JJASO,Mon,2.3046520565340964,1.5384808525146756,1.0552048399529637,11.268546792843422,1.731097644944062,1.4742296700220818,2.0921256890418283,134.84607468794192
10.25_106.75,preci,JJASO,Mon,2.3367016379446284,0.912136129379934,1.7329396869331726,9.715941819185511,1.0634479935902577,0.6164830415364679,0.8121404725366788,162.93535400901368
10.75_104.75,preci,JJASO,Mon,3.267429544846629,1.4568271678069316,2.5145880531840525,23.924630371871537,5.832846031358043,3.108441801021484,0.1564181074883895,122.09271935830422
10.75_105.25,preci,JJASO,Mon,2.642660181808824,0.462784620115722,2.2130549875538903,18.23313882418493,2.960733796469127,2.6142217236692797,3.8620429890835486,116.81674851379356
10.75_105.75,preci,JJASO,Mon,1.9158637323962693,0.5836085841944962,1.1260976955199014,13.40306678725404,2.168298727905245,1.4944363252452693,3.1648260221341693,129.62934249760738
11.25_104.25,preci,JJASO,Mon,3.118322291908328,0.6981646058876829,1.304028118834559,23.259023633269205,3.754686582652079,2.591057103482274,0.959741434224564,101.0182510074612
11.25_104.75,preci,JJASO,Mon,2.7148679351564478,1.5427018952542242,0.8952397056588363,16.819297865053198,3.738848250311996,1.9877325341629613,1.8926096200553169,85.13009700970123
11.25_105.25,preci,JJASO,Mon,2.540494588217131,0.241512824368817,2.07170889034294,13.89350002118888,4.017515478548831,2.432629204310599,5.278223511921137,93.92584281096346
11.75_104.25,preci,JJASO,Mon,2.639326886780588,0.2959860106319673,1.3173104221063905,17.372560811596166,4.636154109336826,0.3510532744871135,0.5486216623376117,68.02820191802299
11.75_104.75,preci,JJASO,Mon,2.187036717806973,0.9453358929757426,0.0711480062678885,11.064381139681185,4.384026050385259,0.69833444202704,2.855393667098685,63.25983029155173
11.75_105.25,preci,JJASO,Mon,2.3757228398000634,1.0024970141865517,1.879044586888478,12.050719127176633,4.542079090322933,2.3416467454321377,5.973344618476033,85.47877250448771
12.25_103.25,preci,JJASO,Mon,1.5963006339444337,6.126174729697409,0.8789712663308096,37.32167165524076,3.0771592054958306,3.692176840526475,3.33543025147638,165.24895505397137
12.25_103.75,preci,JJASO,Mon,2.063855818745909,1.358218712145702,1.6404393653854903,23.08538609130549,3.883926005071589,0.8200503899762643,0.2921314344276584,86.85635899431237
12.25_104.25,preci,JJASO,Mon,1.2125471195011106,0.5659759638962296,0.1654871884553169,12.854464036084336,3.3165965291869126,1.007039118466153,3.300401671501732,64.52935626051715
12.25_104.75,preci,JJASO,Mon,1.185333375410141,0.6712311110034578,0.4485965633569383,8.806132935617022,3.0429847063811204,1.4454943580459634,3.3004708351488645,72.13428741093306
12.25_105.25,preci,JJASO,Mon,1.7026843747732974,1.6189362901136264,2.183280568737649,11.890426536230352,3.4617467112323683,2.2869841361478738,5.740521728552928,104.99268636209992
12.25_105.75,preci,JJASO,Mon,2.22868934614534,0.9071312559922612,2.003733091309082,14.630594556987695,3.932975208329418,2.43629995617298,6.338211347267408,157.8088013403199
12.25_106.25,preci,JJASO,Mon,2.4816471211511617,0.0296189598672256,2.4872492343528867,13.536119585103284,4.6109190863512834,3.238367148265831,5.980568459193046,246.72826981870415
12.25_106.75,preci,JJASO,Mon,1.7699911976987153,0.0464585666097224,2.1353938562020502,13.068423303395091,3.946518046815719,1.1276999242874406,3.679452898998088,384.00887469053777
12.25_107.25,preci,JJASO,Mon,0.2302623700470434,6.943314184674077,7.011431518550608,11.35689405231322,1.583943493345166,3.299723127662724,9.109584470197372,493.5174072222801
12.25_107.75,preci,JJASO,Mon,0.816068576306571,3.789298718058435,0.9190709795601626,8.749534304894667,0.7162561043672993,1.4084760200004094,1.5379457038050055,288.7002151934332
12.25_108.25,preci,JJASO,Mon,0.1503840776583049,9.628876548885328,1.9879255903034077,10.52526924501377,1.8223407729755303,2.38307244781681,3.334699996389032,123.3475917185954
12.75_102.75,preci,JJASO,Mon,2.431012099061626,0.5743186941209149,2.539623992505736,35.473014466342114,3.376079932551958,4.466461525613516,0.2739397771968937,169.6231706960047
12.75_103.25,preci,JJASO,Mon,1.894135467620981,0.8885911231369091,0.8114966536507975,21.973902255831828,3.7200216688834384,0.714577934763775,1.796461793760932,106.40237963675958
12.75_103.75,preci,JJASO,Mon,1.2875590272157127,2.322609888413496,1.2845001760880723,12.147539181842095,2.8332118170459277,0.5558268502672987,0.7288855244720429,77.34118326394606
12.75_104.25,preci,JJASO,Mon,0.9786520331194164,1.7661920722081197,0.0068980812723703,9.40359994930583,3.650869171528468,0.6754588342493474,1.05802023535221,79.07702107483901
12.75_104.75,preci,JJASO,Mon,1.4539330402255968,1.065259098617182,1.4168829162097256,8.835571456686296,1.80254804579595,1.704355486167811,2.623626361609809,104.91065239091428
12.75_105.25,preci,JJASO,Mon,1.837995716718053,0.6330593443916439,1.8606543457326492,13.311271045600549,2.5621276238167088,2.4848517186517776,5.572971129275746,139.31217459209194
12.75_105.75,preci,JJASO,Mon,2.2284402657489903,0.7603372335372057,2.200412428632891,14.785560465548269,3.188915811426756,2.296146890224107,4.899137062268025,174.82382795878112
12.75_106.25,preci,JJASO,Mon,2.0019816759476465,1.2473472008396096,2.0323678278115787,9.559747814025911,3.5316725049727133,2.1764586967004,3.813228354805782,222.40536011411888
12.75_106.75,preci,JJASO,Mon,1.2241467738123004,1.0711552660684518,2.77545904223872,9.640349594836644,2.899933579492239,2.995583816289617,3.4954899349243607,282.46653661905924
12.75_107.25,preci,JJASO,Mon,0.6152001710287988,2.0345476719977227,0.617801128869635,9.083948736921574,0.9213181137607548,2.656824826935141,0.5839970182549581,314.3603171960194
12.75_107.75,preci,JJASO,Mon,0.9561124379194744,4.047389678389606,2.140250615713533,7.014928799887893,0.1968424897604502,1.1458652574844337,4.002370984905018,224.9206517413114
12.75_108.25,preci,JJASO,Mon,0.2256387419303688,1.7302910045011946,2.6814161160122354,6.311469797389883,1.1274042317824775,0.3507040039167586,0.679191999126165,103.71259961300962
13.25_102.75,preci,JJASO,Mon,2.416968729850428,0.4417749280572169,0.3698282671345788,18.580972297935688,3.2026348550919965,0.0664041955811496,1.465530138741362,129.8551925075289
13.25_103.25,preci,JJASO,Mon,1.6995279935243537,0.9235361226701178,0.3033410975358914,10.505567760703563,2.752709905560208,1.369591026110702,0.931255167936798,109.08206314221054
13.25_103.75,preci,JJASO,Mon,1.037190945923132,0.3192475115507126,1.3731369726171927,8.243870655286043,2.9061305644062125,1.9760132251837608,2.5620250894887096,108.07326465067771
13.25_104.25,preci,JJASO,Mon,1.2383122069834462,0.1306246789491003,2.347364715059802,9.061371606133878,2.001430319319669,2.953380744211583,4.304184045760573,135.1843485853267
13.25_104.75,preci,JJASO,Mon,1.8714056449246077,0.1556018723826662,2.665831367708308,10.979674953685992,1.749802804418554,3.159854050682651,3.564167210437515,165.59821852809657
13.25_105.25,preci,JJASO,Mon,2.00632900751954,0.4041702533501021,1.8621913885109045,12.66739707002783,2.2028058861769777,2.6236703994150217,5.50613597614405,178.78878517690515
13.25_105.75,preci,JJASO,Mon,1.87947466011024,0.9653192469506628,2.0795706154047613,13.318613131247195,2.182726627597676,1.87529942075912,4.889689307739427,183.46849769674492
13.25_106.25,preci,JJASO,Mon,1.5288988073150322,0.7790270947441139,2.923133659660413,9.71886802857799,2.074376438809561,3.416015819715478,4.793702333349427,209.45656830294956
13.25_106.75,preci,JJASO,Mon,0.5901243868682249,1.2319229982400162,2.114484471725351,6.755939833932103,0.9841437528830752,3.328322662842977,3.0195572754194746,254.2163356519662
13.25_107.25,preci,JJASO,Mon,0.6309122267957137,4.181441511232966,0.8425884003086959,5.242194634163838,0.722622254632053,0.3449100974549596,2.783283593480573,282.8283902832189
13.25_107.75,preci,JJASO,Mon,1.0452414562979322,4.2560332338849385,1.77294976795541,4.965894140306112,1.4206632926283795,2.0678327068880424,3.569186957305974,213.61861437744187
13.25_108.25,preci,JJASO,Mon,0.3238793819077291,1.7643783535375102,0.3262172796721171,6.229754619328476,0.6757464069996046,1.0179716461300816,0.4697885835193548,127.53671772886324
13.75_102.75,preci,JJASO,Mon,1.6415693088326164,1.343724748602411,0.6178685485206709,9.379427042848354,2.752810295673359,0.9861846473635048,0.1374541041770968,146.54009552334057
13.75_103.25,preci,JJASO,Mon,2.317763538020091,0.3102721595783325,1.6406912752131784,7.9235327867864065,2.749833964429868,1.9151822735518895,1.798974779147103,150.56063886023617
13.75_103.75,preci,JJASO,Mon,2.031694394667178,0.0136934136671314,2.1865586296581423,9.64892793547202,2.373729412893142,2.41368553165523,3.66119514722184,171.85864683392654
13.75_104.25,preci,JJASO,Mon,2.086365642095517,0.3412700019229316,2.346495410584941,9.877297709356649,1.8025127734527775,2.7535179923477355,4.424923163580045,195.5500648933336
13.75_104.75,preci,JJASO,Mon,2.1012106644250608,1.1468128822792496,2.040695982249896,7.816404846060045,1.5258930382934852,2.2124557361184998,2.004490475402939,203.41045164709055
13.75_105.25,preci,JJASO,Mon,1.9249491181813372,1.2571502320151673,1.0215893091792905,8.097869289116971,1.4480201871689165,1.6373328983600204,3.9613011627277177,199.9823179665114
13.75_105.75,preci,JJASO,Mon,1.592998317606811,0.0236099080561453,1.8087655881592917,8.78732624859465,1.2809593357976414,2.302208306096353,3.125804455444564,209.96758259107008
13.75_106.25,preci,JJASO,Mon,1.395239145212705,0.7299423221547114,2.8563223205589656,7.603950149470494,1.1582399707722666,2.1504533303840625,3.3489429377021502,258.2895223353001
13.75_106.75,preci,JJASO,Mon,0.2624164899009155,1.6217377846861327,0.7706361407232182,5.661523237164196,0.3306876309699612,1.37674542698399,3.635104795333573,347.46934270016163
13.75_107.25,preci,JJASO,Mon,0.3895065425270212,3.1280025146905537,0.9407737604502228,4.601907660769292,1.851573649654341,0.3397655002617631,1.3470589067741936,412.9459560868399
13.75_107.75,preci,JJASO,Mon,1.4304093229339776,3.16028936371382,0.8238468780475499,2.568159379832016,2.8386722226646297,0.3982794840213779,0.4018738261905973,293.5131784304752
14.25_102.25,preci,JJASO,Mon,2.548111204938104,6.559371204083544,2.505697196096656,13.591023504745362,2.619710948110808,2.114562091365747,3.884450160742175,161.55726559128456
14.25_102.75,preci,JJASO,Mon,1.9311273470185089,3.102606565250939,1.0344780254277874,11.696519022551009,2.375155136537484,1.8469720471434616,2.35391644113982,149.95253337312784
14.25_103.25,preci,JJASO,Mon,1.7489672963364655,0.5106013421019939,0.9982725877339064,8.66628821922706,1.9782403842811525,1.3076579210683124,2.1353427606085544,162.60934279001356
14.25_103.75,preci,JJASO,Mon,1.5703431080221055,0.7004957091713594,1.592069689735407,8.774840967154239,1.6861521982964145,2.063589804915881,4.8517369675556985,181.6473367029895
14.25_104.25,preci,JJASO,Mon,1.8371316423649424,1.8222316446830904,2.7200307802080297,9.75942228685152,1.5646605420839408,3.1955307565037976,7.492433721750825,192.0569737640429
14.25_104.75,preci,JJASO,Mon,1.2778839087104787,0.9183938519881636,0.5593355145374551,6.25174480657715,0.6390431174155745,0.7671174619761221,3.235713052761171,194.91661399085345
14.25_105.25,preci,JJASO,Mon,0.7183906185209706,1.230243446771858,2.285538830663798,6.076338508570727,0.1945308782375966,1.823060189631496,8.441442282229557,211.3016258348433
14.25_105.75,preci,JJASO,Mon,0.6514711034915733,3.146321918964735,0.3133811032801147,3.121508429463027,0.7211343169780349,1.0516042470641094,0.1078742448044087,271.3429369451513
14.25_106.25,preci,JJASO,Mon,0.4594761482210815,1.7154354962830023,0.5427862800936607,3.3438456400425967,0.8512069583825527,1.6337101908067215,2.144919374661314,372.5064449690986
14.25_106.75,preci,JJASO,Mon,0.705505022525461,1.4618574130452742,1.372271393230279,2.4345372253947137,2.1686695078481346,2.050912424615986,3.978138290512664,475.9742783370976
14.25_107.25,preci,JJASO,Mon,1.493730822282964,2.2921536521779293,0.7878682951689341,1.426164969387216,3.0903709215083115,1.3712557113507744,1.2289647216380766,457.4256269025821
14.25_107.75,preci,JJASO,Mon,1.4024714872545392,1.1856135306305595,2.0694347278904024,1.7997312121876723,2.6600751354246763,1.960732217329972,1.4948671781180167,242.85474248225
14.25_108.25,preci,JJASO,Mon,0.2114570217965352,5.630416061202031,1.8919702429649012,5.869343355499732,0.3579291906594198,1.356263273483456,2.065201862726523,112.35901076747496
14.75_101.75,preci,JJASO,Mon,3.370320664075519,3.3813398185919445,1.234220664116777,8.755875169077912,3.372918583806562,2.0960807006945785,2.1423582539599164,175.1334912248187
14.75_102.25,preci,JJASO,Mon,2.5468372343077488,0.6156479384795763,0.7498232338030935,6.876501314596321,2.4762856815769467,0.2821444505691649,0.7594854236727359,135.41588752105685
14.75_102.75,preci,JJASO,Mon,1.487037448176278,0.3868670235950944,0.0372458426298075,5.731377094582046,1.6129664046307233,0.7199568556466749,0.6472106364776583,123.33461358246194
14.75_103.25,preci,JJASO,Mon,1.0731702907453693,0.3221453196539702,0.3892041476199829,4.832539987597231,1.0406451418962743,1.0706915684882252,1.7223193878706928,133.95614096690755
14.75_103.75,preci,JJASO,Mon,1.1080109139632892,0.1840022305201107,0.575365758952541,4.255783997949673,0.8574787058895914,1.168219916699804,2.434453698089319,150.8331330335254
14.75_104.25,preci,JJASO,Mon,1.4640273068583267,0.1928934409607008,0.7623288683754043,4.028251931627428,0.680180172555646,1.3440834742354455,2.500797898410753,164.71590077107552
14.75_104.75,preci,JJASO,Mon,0.8323975945449438,0.9009440454484172,0.3377281156200278,2.3845783171880424,0.1785111876307618,1.1098477890778258,2.036924795517288,185.53591505510363
14.75_105.25,preci,JJASO,Mon,0.101203231958647,1.2636079638970057,0.9138147809178694,1.2352406436557644,1.3547732640588688,1.8111059019503453,1.8445003292683395,237.50946849328693
14.75_105.75,preci,JJASO,Mon,1.291463124543165,4.560942007952739,0.2367804867074391,0.3769089313721234,3.2958523030425657,0.0218506146784757,0.2476038538961172,345.4570859588259
14.75_106.25,preci,JJASO,Mon,1.1525060277305863,0.9769172108852976,0.5072543021112144,1.5165121049057753,3.1638746354944045,0.0455958511796179,10.589910107452807,441.6612386286512
14.75_106.75,preci,JJASO,Mon,1.5287072343009207,0.8905401367275457,0.4717555182313843,0.2717186333149276,3.6095673892619824,1.4684598818220855,0.326745001125496,423.06380382443257
14.75_107.25,preci,JJASO,Mon,2.0283962531950666,2.758519496031491,3.542163585725437,0.0385211642472294,3.731099586304864,3.799827896428028,3.630743453541649,281.1426803373446
14.75_107.75,preci,JJASO,Mon,1.1667724941783753,4.087462359608961,2.280430413175486,2.510389497900117,2.1212985126078623,2.217993858557888,0.0460049438308243,130.78503144720202
14.75_108.25,preci,JJASO,Mon,0.3747082690080406,8.976661787355711,1.256242287714016,7.889330170588461,0.220433233932955,1.467237436853037,5.538070990623692,93.51055416112672
15.25_101.75,preci,JJASO,Mon,2.653670917418738,0.5378408821453412,0.8350137418965875,6.034481843146562,3.259863745231226,1.3659743942667135,0.0588974526479809,157.8142650529805
15.25_102.25,preci,JJASO,Mon,1.7495221534661811,1.3368187354735663,0.0622332338449001,4.256705587280572,2.223422202510044,0.2935158728073264,0.8907343597510059,115.14284145093627
15.25_102.75,preci,JJASO,Mon,1.140578098275736,0.8603179456734696,0.8198913144732854,3.676337778618697,1.490379523057406,1.2523328797843218,0.303417828781111,100.45461331656712
15.25_103.25,preci,JJASO,Mon,0.9580870576556094,0.8215175724225635,0.8329358229700365,3.869065981737707,0.775162589164662,1.1831697597490398,0.9562609497978496,111.48976465553528
15.25_103.75,preci,JJASO,Mon,0.7377608036503341,1.2082740657633486,0.8062039932045914,3.3789159561922517,0.1601399588113214,1.2544220304039937,1.0179127909648626,134.87711091466892
15.25_104.25,preci,JJASO,Mon,1.2188050762359484,0.7904524224598716,1.2255991874107106,3.513027420434437,0.2125922088488354,1.6845663752971791,2.0924026686039188,158.97214748607405
15.25_104.75,preci,JJASO,Mon,0.7357028108500245,1.3681754594663602,0.8109969305793331,2.1871245419739127,0.4719766239562818,1.2889052369643066,2.644696019116547,189.92734451173223
15.25_105.25,preci,JJASO,Mon,0.0130946825378751,3.304873264240731,0.3108823374194652,0.2411300008620902,1.3791446522445674,0.5490636197445192,1.7733308828103942,250.06867702940937
15.25_105.75,preci,JJASO,Mon,0.2054826940948895,0.4838841230471866,0.1246723110451734,0.5610088622220559,2.558594537889001,0.2028095418948019,1.7906159808903104,358.8338618529738
15.25_106.25,preci,JJASO,Mon,2.543473532057923,6.217660212932024,3.921511770816276,0.7133429825374755,4.62628143676322,2.8917145043497614,14.114499583280883,392.9392984592784
15.25_106.75,preci,JJASO,Mon,1.5225670035648278,2.94774844798597,1.3523692841653117,0.0620275987295095,3.755879200370612,1.7291414118102244,3.3997992235558665,275.38725407257647
15.25_107.25,preci,JJASO,Mon,3.428697791506453,4.1339733694974905,7.155950691385956,0.2874894300651816,4.908086311750925,6.866781773813368,1.700402220878614,140.1104053023075
15.75_101.75,preci,JJASO,Mon,3.2053257066035026,0.9588576647498211,1.163826500388658,4.434479543058771,2.2818755901317576,1.6788741398177636,0.519254778190693,161.28268401902494
15.75_102.25,preci,JJASO,Mon,2.360716267965456,1.1052583325516885,0.4081399366212703,3.3037076846840274,1.622820603199118,1.049483712119655,0.9199828510582772,103.03558705528528
15.75_102.75,preci,JJASO,Mon,1.7308613113955569,0.7769166291590837,1.0104245997373138,3.091991074720267,1.2128902293597066,1.5392171748524683,0.637278886673632,90.85010624420204
15.75_103.25,preci,JJASO,Mon,1.4471240596425154,0.4853377705716191,1.1626041084985128,3.405426812319242,0.5215753717164766,1.7365647742410562,2.137112267361457,111.47782566968816
15.75_103.75,preci,JJASO,Mon,1.3328039216554644,0.8923834653888005,1.149443068448719,3.0827271950344493,0.0174931996807401,1.6810445043458224,2.2141864117107053,138.43140936167293
15.75_104.25,preci,JJASO,Mon,1.2894336384016165,1.082927272395628,0.9687952974395956,2.697950770846538,0.4464658185827441,1.8038456509454024,2.955576624507825,154.6630945840575
15.75_104.75,preci,JJASO,Mon,0.7093943835193403,1.148345064070475,0.7283434983569791,1.6117837192095974,1.2754049054839578,1.5160351064761122,4.203712578294743,171.13813008749733
15.75_105.25,preci,JJASO,Mon,0.215492716749231,1.7305497511754977,1.8228918952368336,0.0557068777776058,1.7086712993103377,1.8749756399274775,3.6317834583194735,222.99633391256896
15.75_105.75,preci,JJASO,Mon,0.1856859388433138,3.5001818114839383,0.9745236857760184,1.1002794480417015,2.529537639827244,1.7167194840486613,2.166765240437324,311.1785230132993
15.75_106.25,preci,JJASO,Mon,0.7536312688248987,4.4945865739447415,3.643141100375812,0.3999114696917692,3.0968796443949627,0.6357661518303767,0.4117098644520908,300.8963062112499
15.75_106.75,preci,JJASO,Mon,3.0720819493329987,3.714884789345912,5.251726176144785,1.1836323636391597,5.367656538884433,5.608367828675604,4.708970298762401,164.0718493920177
16.25_101.75,preci,JJASO,Mon,3.951587712889575,3.3733389095995663,2.035838789160032,4.0275956613008725,2.2859831292128865,2.469236616399085,1.571592310768017,144.94391845401586
16.25_102.25,preci,JJASO,Mon,3.061770620695448,0.4626788361726226,1.9292401790248583,3.251563116704953,1.8408726596156544,2.660889737246929,0.5429038046129032,90.46496768303066
16.25_102.75,preci,JJASO,Mon,1.6806995576025192,0.8685367443209837,0.6723830889639669,2.647508170338478,0.7317760559748305,1.1983111199973802,0.3253544508056392,86.88806364150118
16.25_103.25,preci,JJASO,Mon,1.390231395047721,0.868289891866769,0.6719122747422193,3.1439784345004416,0.0408865209402662,1.217521734568712,1.605635976267264,112.57069201786464
16.25_103.75,preci,JJASO,Mon,1.378434931536732,1.2292178406684615,0.7389898542523525,3.2185459282473685,0.4525310648486916,1.582955877581442,2.514921971062944,138.33960762252244
16.25_104.25,preci,JJASO,Mon,1.08814212862346,0.2969441999400721,1.2795391912607037,2.6715552071762505,1.2452264799231754,2.1276441623863063,4.5693522434157705,141.27853692158632
16.25_104.75,preci,JJASO,Mon,0.526244991434331,0.6224662673288984,1.3754429857770556,1.3263540800781064,2.3034768003950674,1.6093984531454784,5.066570034583393,151.71228935859
16.25_105.25,preci,JJASO,Mon,0.0567051110806581,1.812857053799341,0.442583919747041,0.6372614499795067,2.9756000335594828,0.7736030871961111,3.6178146498195214,207.16714409654276
16.25_105.75,preci,JJASO,Mon,0.4301588264229043,2.9448879705439555,0.1725244184389825,0.806421208673358,2.808888876973658,0.974711845524685,0.7653806497648747,262.2624223499919
16.25_106.25,preci,JJASO,Mon,0.8984414792971318,4.208593019755012,1.211003058972946,0.1168342615947307,3.822256992545309,1.7081152004748723,0.8559833832531061,196.3905175367588
16.25_106.75,preci,JJASO,Mon,2.505716707789867,0.847046149703559,3.147713999971484,0.0213557440844837,4.908887567328362,1.8803041262692768,0.7530019590241934,107.60264375877333
16.25_107.25,preci,JJASO,Mon,1.78287108154991,2.1121261352651146,3.5217560922995568,4.641846520957355,3.1918396192752136,3.730408582151634,1.4982001996486265,110.64385833938596
16.75_101.75,preci,JJASO,Mon,4.175730851296353,1.102093525056807,2.7687939052988515,2.897889898903658,1.6966383590462943,4.135404936199661,0.541757212866834,109.7220374097403
16.75_102.25,preci,JJASO,Mon,3.0343374652212187,1.2215394431400906,1.5321850453127135,2.5045208582830534,1.2346962818180296,1.8389404891458496,1.0168716164765508,79.08191555332179
16.75_102.75,preci,JJASO,Mon,1.919278825877752,0.2785821691027884,0.5691956079545399,2.655535932480585,0.4995081140284363,1.309014792402034,1.4827582507487815,83.03502289134653
16.75_103.25,preci,JJASO,Mon,1.8447362799610016,0.1593373505593146,0.5271661146677878,3.805819258048678,0.1085105233396628,1.5046001722291062,4.173413882662843,107.2677300197734
16.75_103.75,preci,JJASO,Mon,1.5588008318496474,0.6926071653917438,1.6012442227626444,4.0671581652365845,0.8240427033590103,2.455883315603275,5.977045745383871,126.28848297002295
16.75_104.25,preci,JJASO,Mon,1.3504954703716223,1.4297233378255223,1.7949563983776344,2.831733972707764,1.5442423124451117,2.597066921004697,7.42726721671834,134.31874537751722
16.75_104.75,preci,JJASO,Mon,1.3989314650235003,0.7259287889600116,0.2145151033340768,1.3688987406637991,2.0262108290980723,1.6858060853418997,4.30460509128585,160.01527845485714
16.75_105.25,preci,JJASO,Mon,0.6749769201653902,1.5031406234420068,0.1388008554107848,0.1364540368148332,3.14278864357678,1.3075845287289924,3.2390714459773355,213.79563722704248
16.75_105.75,preci,JJASO,Mon,0.268283701787944,3.7206979375894655,1.1165916578970252,0.053854242401083,3.681233228873807,0.2738386863086773,0.5085130608627358,211.38114443747213
16.75_106.25,preci,JJASO,Mon,0.1856595302540526,2.965426492384019,1.8922359510194724,1.5938787039526912,3.040607567047422,0.5284320608805094,0.0959540307773359,126.76014386694452
17.25_101.75,preci,JJASO,Mon,4.069092085765336,0.5760231103673069,1.7533927265254572,1.8691553271570207,1.0095953295191809,3.113890637820575,1.0518290474276584,87.78373915908723
17.25_102.25,preci,JJASO,Mon,2.864937321677538,1.5853908139263682,0.588818441719055,1.712188630697921,0.2131000185549068,0.3286961968907932,1.0225017158929393,72.84203110111113
17.25_102.75,preci,JJASO,Mon,1.9489968202027304,0.7278941003266823,0.1486830434018019,1.7092494570773178,0.7626678923841083,1.050812138813845,2.238081922007682,80.08813277373088
17.25_103.25,preci,JJASO,Mon,2.0197988339776813,0.0567098583002849,0.3453676021998857,2.4459140086745075,1.0663275677490327,1.687019768559936,4.144141174922727,99.7368762282862
17.25_103.75,preci,JJASO,Mon,1.5803554442961327,0.5880528762602052,1.1273559683874812,2.126321161011792,1.632632276292249,3.0234125415798734,6.577796232579427,119.25653463756984
17.25_104.25,preci,JJASO,Mon,0.1882217960105924,1.702228662837616,0.7451328307935912,0.0383843620562484,3.009450805626685,0.6338760012297414,2.850523705264994,143.6412194679335
17.25_104.75,preci,JJASO,Mon,0.4915454483349541,4.598832737324355,2.0873509763413183,1.6409436618803204,4.202029579182108,0.914032410746978,1.5231445103210275,178.7274939488554
17.25_105.25,preci,JJASO,Mon,1.077895955806014,5.4421668759441655,2.407816364723661,1.6642894194075075,5.087873365876131,1.145515117366294,2.6901633588880265,188.0315537947939
17.25_105.75,preci,JJASO,Mon,0.0562460470204988,3.17738264986102,1.055806832841382,0.6627467137834281,3.967040529155164,0.696765144328423,0.2710690934709438,138.85317779677635
17.25_106.25,preci,JJASO,Mon,0.2522532423446029,0.4956389989882827,0.1143239505838076,4.351997963125437,2.7309001873635794,3.115205490352286,4.1427721827124255,97.9547182242459
17.75_101.25,preci,JJASO,Mon,5.936653199822318,0.1184997226123863,0.7196157318450621,1.3497417055770593,1.0169478815966448,1.5657689108136454,1.56280890518135,98.60284610355504
17.75_101.75,preci,JJASO,Mon,4.095389680324872,1.720798523794801,0.7263481094417769,1.0413516219752217,0.4739821553319895,0.1315193969155718,1.656787452410884,78.76796928100894
17.75_102.25,preci,JJASO,Mon,2.45148145330048,2.8766141695170804,0.1381487821438083,0.3329011301038589,0.8798461717354774,0.9443965251294996,1.5775874176616729,76.26077392776561
17.75_102.75,preci,JJASO,Mon,1.6124486039406816,3.162642403923688,1.359664960453782,0.1451432401055446,1.7790261289143057,0.6898285731550063,1.0120364347216846,89.83622334289704
17.75_103.25,preci,JJASO,Mon,0.8860652416241712,2.523440289302187,0.8439077907425729,0.3332623060261465,2.7464774791581337,0.6897841318945784,0.0362648220022103,112.00369160296364
17.75_103.75,preci,JJASO,Mon,0.02041557145941,3.795091392163487,0.4628881038428438,1.2150358828629404,3.7245172171076857,1.4577900333081175,1.2128061708271924,142.4683030382938
17.75_104.25,preci,JJASO,Mon,2.716034338686713,7.127445336580863,4.209676334040895,3.4921210410313237,6.244091055677613,2.522051849198408,4.104989007467432,168.94631091956336
17.75_104.75,preci,JJASO,Mon,3.615609710303224,6.404985601172484,4.339801100453537,4.740034365458866,7.372400788378037,1.2832412246189606,0.5082889326445401,163.16883124990343
17.75_105.25,preci,JJASO,Mon,1.9038687754553807,2.009398059097305,2.4972550255077777,1.2960851205547217,5.438566158370923,0.2237323704806768,5.85820149826123,126.38703367475304
18.25_101.25,preci,JJASO,Mon,6.064377591157288,0.8563383507542698,1.3489750373561094,0.5898956915705739,1.1294494437603828,0.7552991547261078,1.32288607585957,90.7036782735948
18.25_101.75,preci,JJASO,Mon,4.683707942595569,2.690052267814282,0.1707657707750785,0.1854720533527288,0.4778928580848732,0.4226199790613238,2.7223739985598208,86.19705855511052
18.25_102.25,preci,JJASO,Mon,2.5745388449811637,5.407646176015504,1.5168395371644985,1.0566636083570513,1.6906772229829117,0.0740907339747133,3.963150916827837,97.878048723428
18.25_102.75,preci,JJASO,Mon,1.1559930862617709,4.071217547425318,0.4873925760172959,2.003005270070221,3.273890582856727,1.2193093493470994,1.919718191733752,119.77357998010682
18.25_103.25,preci,JJASO,Mon,1.875933198098582,8.019873498492863,2.077933734658311,4.346550723247242,5.826463165649443,0.8780237742030343,3.013514358686057,147.06165198461815
18.25_103.75,preci,JJASO,Mon,4.09127184425157,10.67996730137918,6.499923071468896,6.390515995195594,8.022710305417702,3.6898940297167,8.19177107503907,166.75190411256338
18.25_104.25,preci,JJASO,Mon,3.596505427490978,7.539922820768189,2.8755142762198767,4.55727040670747,7.42540142331513,1.3305063271391642,1.8258587895424017,153.1062873551343
18.25_104.75,preci,JJASO,Mon,2.1964729656434354,1.6396748035637598,0.8801235371982189,2.5758951855712624,5.755567793717899,0.3377401869850978,6.302015873809946,116.654909796862
18.25_105.25,preci,JJASO,Mon,0.3139419297447922,2.4229932654929565,0.4724007575639717,0.4177144978836055,3.215028356632931,4.250422020831152,6.231463167179332,102.82935916980472
18.75_101.25,preci,JJASO,Mon,6.509614305571805,5.571465843616314,6.547513322981356,0.6917267346440599,0.852063325903501,6.92766045943982,9.942448295921553,103.95366135594092
18.75_101.75,preci,JJASO,Mon,5.487618130916007,1.72856382722806,0.8360025988442051,0.1412790683194641,0.4579499306284639,1.545606038698069,3.113156184947312,103.29334450259128
18.75_102.25,preci,JJASO,Mon,1.831416619255248,6.522508700204795,4.260307088180816,2.844463954345203,2.879666892241284,2.341407250194197,4.402536361427276,119.2761489848452
18.75_102.75,preci,JJASO,Mon,0.0687614605109586,3.7759147939976234,0.8787652585240557,3.506908476526452,4.335962833180783,1.5665159807069615,0.333052520885902,154.1780298982251
18.75_103.25,preci,JJASO,Mon,0.4920907398391136,4.678202971929677,2.6065521687981126,2.779737069308642,4.070753166031855,3.264384114554816,2.3894425909989008,177.29381702953248
18.75_103.75,preci,JJASO,Mon,3.552240658015994,8.896722393614445,6.076893294205759,5.593557622116728,7.0065760819775615,3.7413210774536094,6.559280607692556,170.71035960370347
18.75_104.25,preci,JJASO,Mon,1.5700260601961649,3.0182157839021517,0.788735548382517,2.3375566490779858,4.664309833787949,0.3021493233826862,0.9505929418246236,124.45424648104776
18.75_104.75,preci,JJASO,Mon,0.1613448327630716,1.86243178076569,2.400457627321243,0.6518006428313913,3.115751723335625,4.378526860440355,3.7567793970506274,98.2952988227383
19.25_101.25,preci,JJASO,Mon,6.254405203207512,6.789845712790015,2.858719532319343,0.2127911842285207,0.2103832157006039,3.9712903106526127,11.476150205810312,111.27803864836748
19.25_101.75,preci,JJASO,Mon,5.726660956166239,0.9501780956628418,0.5584016074761747,0.0378684642528208,0.1971934243274388,0.2996886306761879,2.4639050443108843,110.1628924933858
19.25_102.25,preci,JJASO,Mon,3.30123765232209,0.5728346207881493,1.0138322392441603,2.001848404897321,1.7283649933867744,4.0981355016036405,2.8824327330280406,117.02591972132622
19.25_102.75,preci,JJASO,Mon,2.300907221006771,4.623989974910287,0.1087589207308062,1.8881735206949424,2.0006151567647232,2.025489920096581,4.021346006478495,138.36018985810188
19.25_103.25,preci,JJASO,Mon,2.464501368921942,3.7815924827540144,1.5665032417997613,0.9809060709203534,1.2306436043236777,3.094581923726436,4.454842576013261,152.47483459125752
19.25_99.75,preci,JJASO,Mon,7.289095062122207,0.7777372841232087,0.4085227504973522,0.1016461052805228,0.945853871956615,0.7356415384329321,0.2084004923946714,105.55751572322774
19.75_100.25,preci,JJASO,Mon,6.319756741632477,2.2513611413063077,0.3372528203952946,1.449779518928682,0.333246186445582,1.031278094302788,0.3186480729273597,95.03489221888292
19.75_100.75,preci,JJASO,Mon,6.14506936123511,0.2526255827315326,1.8031068333163487,0.9448647513218916,0.4528312827941751,2.4431337483748186,2.847981509900227,100.63483137263432
19.75_101.25,preci,JJASO,Mon,5.8706081148315405,2.3927450989591668,1.4140545025677242,1.0092471731497636,0.4213664945191736,2.994311101007804,3.210942820112796,104.70599580391888
19.75_101.75,preci,JJASO,Mon,5.054193951980944,1.6200406702829246,0.8781333603126817,1.362293100996039,0.4574480616440116,0.5260252497703395,1.4763137049891517,98.64338143357688
19.75_102.25,preci,JJASO,Mon,3.803265689004737,0.2905093914161445,2.496913855566815,2.2269476550585425,1.221843394011414,3.7710198102784185,0.7727387151451135,90.45134515683948
19.75_102.75,preci,JJASO,Mon,2.3693004865415155,1.8368721766572125,1.603528664780883,2.2741522664475795,1.9305752483527256,0.8205245537965555,0.1145178159068099,96.77979601120038
19.75_103.25,preci,JJASO,Mon,1.919113161646716,1.7884495299049084,1.8234854253157944,1.967784741820142,1.7069751147841248,1.7456817016221058,1.973990267939809,105.2478001359576
19.75_99.25,preci,JJASO,Mon,7.686162895244139,0.9092023415370312,0.381864513385699,0.2177557108703264,0.530178604334943,0.6145942703067625,0.1108200546903345,115.87501286264543
19.75_99.75,preci,JJASO,Mon,6.010126022413336,3.547873829611901,2.3056796980106813,2.0955661861862254,0.6492888219887766,1.196429628151027,2.66489218242196,103.66044442472204
20.25_100.25,preci,JJASO,Mon,4.729794799876946,5.005242320246326,2.13516040363478,3.111539656171622,1.7456667848920122,1.8958076729400333,3.996782696467384,102.83547020255904
20.25_100.75,preci,JJASO,Mon,4.996916666047641,2.129444577199857,0.7259394840674702,2.449987444147184,1.5052938589275149,1.3635666761024328,0.7155464531446835,93.60306122087523
20.25_101.25,preci,JJASO,Mon,5.199843862464514,0.8296524378936473,0.5916299268162327,2.006633645947521,1.1395418392717374,1.1343113105841671,1.2005067165572283,92.37686633043816
20.25_101.75,preci,JJASO,Mon,4.5632422688289065,0.3649212510795869,0.3000112304738949,2.4205754375886457,1.2165352867918673,1.2471977152407312,0.3970806503587814,81.11826479324728
20.25_102.25,preci,JJASO,Mon,4.005641735607496,2.611187439327897,1.212495186957162,2.8788702147832206,1.538357972786478,0.036392858927578,2.149780685169737,70.7386323992746
20.25_102.75,preci,JJASO,Mon,2.794044443129533,2.9064419416224787,1.0408101376171348,2.8507294254018447,2.2272679658633887,0.3656811500721232,2.553331843387852,72.04190727678596
20.25_103.25,preci,JJASO,Mon,2.178064571571166,2.197839825183256,1.482921236463672,2.2973688145524864,2.0603894964567213,0.5418989370852378,0.6806366730924491,83.1310513284232
20.25_99.25,preci,JJASO,Mon,6.730398369356597,0.0923493009885474,1.2061412548668264,0.2208750995372329,0.2840776139545244,2.40664859090621,1.751427639564875,118.21229705709008
20.25_99.75,preci,JJASO,Mon,5.235844886593133,3.992044536201184,2.1959576194085857,2.726236334018054,1.5075677316848792,0.3016101116210754,2.648016573658793,116.5153554254793
20.75_100.25,preci,JJASO,Mon,4.7939596143826,3.450828068091038,0.713337312584821,2.783427473325684,1.2926251346424693,0.5750862276749327,3.380836807877801,118.05743089214008
20.75_100.75,preci,JJASO,Mon,4.502281775006368,2.588843398284026,0.0772792606520615,2.921127550600401,1.5299709810135331,2.68906696252192,1.355337222823238,89.85113415638725
20.75_101.25,preci,JJASO,Mon,4.39192244185908,0.2769646835451557,0.678489092446835,2.7580483886555283,1.7326941372986568,2.6708982758256354,2.198289671719391,78.77429591786539
20.75_101.75,preci,JJASO,Mon,3.977673833654418,0.8226745666999606,1.2076231432491484,2.6224097506112254,1.88026161072204,0.6844763020217719,0.1952179759920955,76.37476751356859
20.75_102.25,preci,JJASO,Mon,3.587098412770652,1.9620278505848243,0.9269901400385568,2.5353471450087444,2.2728866287891165,0.114431698433903,1.4428054129396892,71.17246514853824
20.75_102.75,preci,JJASO,Mon,3.062202193718871,2.47145597182158,0.8985363141255676,2.1922901027057184,2.476799554328841,0.9409210374621204,1.5286758862533332,68.16830440663504
20.75_103.25,preci,JJASO,Mon,2.2999126458209,0.2320668659187347,1.1971861471700984,2.30308264371974,2.7201596290516425,1.4212491018748667,2.087181478845161,72.44350303146597
20.75_99.75,preci,JJASO,Mon,5.712434888670543,1.006626589800144,0.127541685977445,1.863685721467805,0.9214847458646204,3.861541627547629,1.431645051110956,131.77685745596878
21.25_100.25,preci,JJASO,Mon,5.057473584118889,1.8566912438526644,2.7003177051729463,2.291468348073612,0.5549843751540988,0.7990590799943774,1.908512124097001,116.93879537029537
21.25_100.75,preci,JJASO,Mon,4.488975441556063,2.1236593689199275,1.30245178000602,2.7260315306598786,1.0591638738042748,2.5246331482792708,0.9350474693490084,85.53880637955106
21.25_101.25,preci,JJASO,Mon,3.9143960317375273,1.088185113125693,0.0724155241730648,2.8848410402156706,1.758135843932757,1.9049870625449483,1.316723950914074,72.65352106158616
21.25_101.75,preci,JJASO,Mon,3.3412574856375183,0.9893098871928364,0.2216944863105437,2.761585661814137,2.2854643424901635,0.6784249713343782,1.5447350346348725,75.41263075281428
21.25_102.25,preci,JJASO,Mon,3.0166095587790607,1.85755532991742,0.7619270932828784,2.4671133133616645,2.748108887911686,1.5788635220046303,0.6974176629148149,75.05757386895415
21.25_102.75,preci,JJASO,Mon,2.2751558620860712,2.637768343237183,0.845103215032217,2.50312625301242,3.20110825669037,0.318867628776377,1.1078123209790205,72.03955004203519
21.25_99.75,preci,JJASO,Mon,6.018600308624214,1.1624831146731165,3.760894627129376,1.454360327681924,0.2053540811389849,4.892234823019141,1.8436080975980764,130.76724633485003
21.75_100.25,preci,JJASO,Mon,4.19496205488301,1.364142237433345,0.6644045770374661,2.4440345194470625,0.8307319516530942,1.4801918255021125,0.1367450404547193,97.01901295196429
21.75_100.75,preci,JJASO,Mon,4.202949228802791,1.7946707154877632,1.21226756586768,2.6205565425295423,0.8823948133573669,2.136276287579405,2.027119469872712,81.32407782809366
21.75_101.25,preci,JJASO,Mon,3.910012985591768,2.261979099670069,0.9777677592990828,2.619043018430896,1.304272689497895,0.427867995091177,0.9307719506778492,71.25491317057829
21.75_101.75,preci,JJASO,Mon,2.996632967905357,0.5214373830704457,0.8316709208850317,2.956104934075986,2.343184920249504,1.8240152105254397,2.325601245106033,72.37667381394729
21.75_102.25,preci,JJASO,Mon,2.4948579193434965,2.926475386173051,1.27385146576205,3.226061982463542,3.035417215642962,0.245546269842869,1.6131825024970248,74.48185103482461
21.75_99.25,preci,JJASO,Mon,5.632056627628337,2.463577462963573,7.07991321848951,1.1455952919582522,0.4191435708194428,5.249964965520758,3.945837246137993,100.8835855549086
21.75_99.75,preci,JJASO,Mon,5.085460564167921,0.6156521871323665,0.3166750263604503,1.4261808412633137,0.3500654445973439,0.6663809506529599,1.465649820784349,105.4641651785434
22.25_100.25,preci,JJASO,Mon,3.089409795044105,0.8522934341604657,2.9149874468072507,3.107826953041412,1.791804003904881,5.025536368254076,0.6576389877246119,83.22085951895687
22.25_100.75,preci,JJASO,Mon,3.291139477911589,2.758756906537909,1.1523323492371254,2.9874135992380952,1.6109026231351562,0.7589051024300809,2.8739316928421097,80.41032038729101
22.25_101.25,preci,JJASO,Mon,2.874435921336343,2.412584356879707,0.1523044217959329,3.171448808013768,2.132517171825599,0.3126195238152941,1.380173014405938,79.86124850634464
22.25_101.75,preci,JJASO,Mon,1.7043293810420967,3.207572988210793,0.118813663714253,4.021792467173186,3.526709831252784,0.8293525147714288,1.994666008082796,81.19929011727655
22.25_102.25,preci,JJASO,Mon,1.3949262583933704,4.7734282638423,2.3205587368649163,4.131758525624544,4.052203910091426,2.474670888618656,3.587274717879976,79.00999429011564
22.25_99.75,preci,JJASO,Mon,3.906205129873361,1.2550171321953305,1.2540526131546836,2.5624269276806686,1.38427571311527,1.2173753135998566,1.278577938978937,90.14395620322183
22.75_100.25,preci,JJASO,Mon,1.8870147109816415,1.4316860955132726,0.2696348649976423,3.938027411082984,2.278483252921686,0.6161720360098704,2.961091836856774,77.75002147823244
22.75_100.75,preci,JJASO,Mon,1.757957287321285,2.7694071832544656,1.418223532080388,3.713248172073402,2.36034560370627,2.134771471256637,1.8993060202683396,79.43603194182775
22.75_101.25,preci,JJASO,Mon,1.3143692491826742,1.0944254591066145,3.7378497511423863,3.867987919051608,3.0501498619401937,8.527779000505312,0.2219734101794743,86.80713694169039
22.75_99.75,preci,JJASO,Mon,2.9178974583763027,0.8929955627545962,0.0759966515366348,3.3965741661224924,2.022884688287552,1.536676363224775,0.3485103785087335,88.04156778296661
23.25_100.25,preci,JJASO,Mon,1.8692426534920976,1.9181878796234608,1.3461312903187634,3.2248294144398577,1.612312710740355,0.7173571277774868,2.738207220427711,87.35008655737337
23.25_100.75,preci,JJASO,Mon,1.740270136355332,1.824268182062713,0.3672887447874652,3.0367471704847198,1.6773619343135178,1.8856044728379149,1.3429321021825926,84.89853806689908
23.25_99.25,preci,JJASO,Mon,3.65262369127728,0.7643449226280088,0.2578193005976859,2.2891203474937103,1.269618928596503,0.5228136925866258,0.0991385657325568,108.7002929505814
23.25_99.75,preci,JJASO,Mon,2.631052217446064,0.914802821763186,0.1778033646795396,2.7779096853784857,1.532672646207658,0.1477143751290175,0.2026201143467383,102.03484604761988
23.75_100.25,preci,JJASO,Mon,2.1413199134169982,1.4989019917543174,0.2138637661220154,2.632453266813145,1.0760056885985514,1.3527726283507455,0.3873553701173739,102.68264681289594
23.75_100.75,preci,JJASO,Mon,2.051468697939216,0.8877376692182921,0.0716260611908788,2.6454245263181617,1.0836666328662206,0.9387038526466744,0.5193506121024134,95.03258471277948
24.25_100.25,preci,JJASO,Mon,2.3236438377443727,0.481841614024164,0.9626380502433574,2.551744418868971,0.8413198029629902,0.6768215072894678,0.3344719808604778,114.10483596236504
24.25_100.75,preci,JJASO,Mon,2.1218839413152417,0.3286208584811454,1.561385112726637,2.7623611973429627,1.0231917658593497,0.6491862468048519,0.823152264977933,111.76851034054684
24.25_99.75,preci,JJASO,Mon,3.0708832310706677,0.1967529090656145,0.8110438802448983,2.250772978169128,0.7106211746040808,3.295425019435816,0.5844481041076105,103.68015110524334
24.75_100.25,preci,JJASO,Mon,1.9184712279003495,0.1888284180029468,0.5274732821892235,1.8206111497753603,0.3460862970669963,0.2372457188316977,0.0497871270498327,103.51065560553596
24.75_99.75,preci,JJASO,Mon,2.4762826174562016,0.2711917073197061,2.1066001933437755,1.583305359560112,0.014670776951752,1.8442101889135365,0.1843836788634409,92.64450974665527
25.25_99.75,preci,JJASO,Mon,2.2024919979476905,0.0511110017166758,0.9588348837270044,1.1359648866939287,0.2531322451459927,1.877696154917578,0.0469782951568101,97.104968854364
25.75_100.25,preci,JJASO,Mon,0.3013532319966706,0.1412815414179073,1.308088828611105,2.453626399717348,0.9334945776744044,0.5691549902762321,0.7959433001287932,101.07545629587752
25.75_99.25,preci,JJASO,Mon,3.426192689481109,3.3991552409327497,2.894482902912035,1.5332075563727332,0.720907441707509,2.463352054843379,0.3547428537487539,151.35341379571125
25.75_99.75,preci,JJASO,Mon,1.4498527765906462,1.184527000372291,4.160218674931558,1.8163332465285824,0.0543312535301942,2.4425067581620685,0.0461663278513739,116.13040542665956
26.25_99.25,preci,JJASO,Mon,3.460579549957491,6.720293194747413,2.8290163787590767,1.947564450189761,0.9352911528368508,3.348754757658246,1.3548353658453762,181.82204980068843
26.25_99.75,preci,JJASO,Mon,1.050645183837694,2.47592065981549,3.617347252459789,2.156286947958974,0.0924406092032074,2.759543361308764,0.6593828184271923,142.12205245510037
26.75_99.25,preci,JJASO,Mon,3.5683538050437305,6.087863888199622,6.414726647908834,1.575420802724847,1.187517942812056,6.611107540454081,1.2318599282605496,191.16896525362816
27.25_99.25,preci,JJASO,Mon,3.9446284245451073,6.559629875749882,2.886749513182912,1.2499552287837787,1.525329016492113,4.288951502688706,0.4459481404499964,188.22968573569892
27.75_98.75,preci,JJASO,Mon,2.803406406764562,10.72498554285574,6.300093057451506,1.0555711484938288,1.6674548955431447,6.335260572100358,1.6039712429526165,177.83521765659282
28.25_98.75,preci,JJASO,Mon,2.688508929741251,15.616860815999846,2.961572420898862,0.0332643911218153,1.787920399890404,3.4501814549616863,4.6538211764527695,137.86746663112478
28.75_98.75,preci,JJASO,Mon,2.794864624794948,8.335644348284156,0.8712260200426514,0.4509582822046235,2.061296888836836,0.7925138618628554,1.6449829926441242,124.831442149835
29.25_98.25,preci,JJASO,Mon,2.119248797745296,5.424206487659409,0.279897092330913,1.0873682667911486,0.977052027450938,3.1267697395530294,0.973045311715902,93.36587601383016
29.75_98.25,preci,JJASO,Mon,2.033041625678617,4.163319371817435,0.3429143001710753,1.3054379170535155,0.2880673506183319,0.0264449759121925,1.312759639220466,71.92057877558983
30.25_97.75,preci,JJASO,Mon,1.8211393607639248,6.158658581205119,1.939874301830743,0.9504882573888224,0.2351368026055873,4.787912184141584,2.481095725332138,83.91724124854032
30.25_98.25,preci,JJASO,Mon,1.8495909529471235,3.9916296725662144,3.305145755582686,0.6224380961309686,0.4289623408679607,3.670199297560552,1.2116316685857,72.5965808742037
30.75_97.25,preci,JJASO,Mon,1.802841787280132,2.026633591826924,3.30450841709989,1.0898563662148972,0.6062841139988205,3.5192012532014023,0.6907753647926165,94.6055949202182
30.75_97.75,preci,JJASO,Mon,1.8374883707669771,3.2220050575753825,2.634761201925935,0.9930649502023192,0.7651473623918679,1.2163932396056232,0.8006589293911625,105.27033839162216
31.25_96.25,preci,JJASO,Mon,1.76134224107223,2.6780704462531864,2.6142115171880067,1.1191681102106168,1.0257307116674588,2.349664380936189,0.2619410932540024,90.39157771053696
31.25_96.75,preci,JJASO,Mon,1.291850942023356,1.1031534814348518,2.146355319876714,1.2634554932648046,1.0835972012139912,2.202541473343852,0.0264802796713273,76.0546633339897
31.25_97.25,preci,JJASO,Mon,1.6477023617800357,1.1057030683934346,3.149113419506502,1.2798338227118142,1.0504015336688612,3.632282631360969,0.1032568797535364,81.7013617502257
31.75_95.75,preci,JJASO,Mon,2.1998766354170933,2.896199706816365,3.685596215988252,0.406568228539488,1.1753719867396697,5.819118443483611,2.086917717972129,108.02161955524625
31.75_96.25,preci,JJASO,Mon,1.8712351530533184,2.178783167147408,2.7613378507707163,0.6342738691999016,1.2095384958485316,3.159556163754074,1.0800035373140502,93.95613353020752
31.75_96.75,preci,JJASO,Mon,1.3877966281868126,0.8498605431318107,1.1709353311945971,0.620703919262676,1.243889722827394,1.3223609729175936,0.0793758619671445,76.05573440416126
31.75_97.25,preci,JJASO,Mon,1.6484205914440204,1.3353288860373598,1.4974669256652704,0.6311212759115907,1.3248082031870887,2.1414201500872974,0.1171557239678028,74.21930244748194
31.75_97.75,preci,JJASO,Mon,1.675394170062081,2.7239557532904546,3.580095722657,0.95221057534943,1.4069566906989035,3.6202251571382233,0.6063364860214648,89.54630018410211
32.25_94.75,preci,JJASO,Mon,2.55880296787174,0.9813445503351216,1.7625450192694028,0.0281213254485097,1.2511651756706228,2.9326433994723056,0.982553428906607,114.37151391132664
32.25_95.25,preci,JJASO,Mon,2.580374246957088,1.7916267592637958,1.646734509894234,0.0061276410042171,1.2382129724689486,0.4281524609537037,0.6247146835713022,114.2700321195778
32.25_95.75,preci,JJASO,Mon,2.2024608358842155,1.179144406767337,0.8697209564629383,0.0435663063226436,1.2213813460701517,0.0650595269475885,0.2067818044863058,105.90381525379937
32.25_96.25,preci,JJASO,Mon,1.9308031748556176,0.4484478695940611,2.272566527181453,0.290083534387932,1.282652615873898,0.9834212964060692,0.0689754802677419,91.38303859249508
32.25_96.75,preci,JJASO,Mon,1.7055562568056466,1.199903767773976,2.524087894572772,0.1376036606930671,1.2283646833757194,2.629537202808626,0.1603083936918757,80.4967602184757
32.25_97.25,preci,JJASO,Mon,1.8476839453491631,2.730963085059769,3.702292373206229,0.0046541403631081,1.2830129329839604,3.687752553286093,0.7631182423265354,81.88246795024072
32.25_97.75,preci,JJASO,Mon,1.7696830724531114,1.4428501958521782,1.964197473182256,0.5731672901489983,1.429646940648587,2.4382779122246965,0.4516747907213334,91.98895326074198
32.75_94.75,preci,JJASO,Mon,2.522618356712316,0.9065616939100656,0.0934946718828252,0.2400124299201513,1.075848252562954,0.3814727748405256,0.1331933079843488,116.76641040569392
32.75_95.25,preci,JJASO,Mon,2.551539640905706,0.0236526953270851,2.036135566643331,0.0875405105726264,1.0904915078765949,2.9203034058262607,0.3978702077410991,117.2692442726705
32.75_95.75,preci,JJASO,Mon,2.3121892226866096,0.3397873577908373,4.491247178075619,0.05496249242702,1.0951457878519155,6.545753778429152,0.0415261171679809,109.37267756521558
32.75_96.25,preci,JJASO,Mon,2.1535612146951326,0.4849304313983493,3.71974327462313,0.0690242783015578,1.0537788656959346,3.135034498500171,0.0226381490278255,101.99380593391054
32.75_96.75,preci,JJASO,Mon,1.8815883406766192,1.5689435194079424,6.556079713246488,0.0971463227808239,1.0580704677422337,5.726289333382929,0.4225847558797252,96.34912669954451
33.25_94.25,preci,JJASO,Mon,2.173370340039864,0.2106131734713321,1.6841305641142534,0.3602195461072556,0.9746603587288226,1.5888151393509866,0.0754316566127837,108.25446766171248
33.25_94.75,preci,JJASO,Mon,2.2820159852425,0.1607139483304287,1.5172133809899082,0.0233459871826587,0.9570894460828332,2.2929292083621755,0.149810482475436,113.4704129437363
33.25_95.25,preci,JJASO,Mon,2.402834311573212,1.0831787047784205,4.354796972627739,0.3729830951979631,0.9387618899402178,4.067658387448431,0.0997499286097693,115.93314177566675
33.25_95.75,preci,JJASO,Mon,2.32924548498016,2.27104517904826,5.951386146845054,0.2880170315916568,0.9234491908527912,10.686500284047751,0.8995993836671087,114.94651271207697
9.25_105.25,preci,JJASO,Mon,0.4097067388573476,5.006372883381707,0.3204247464129989,3.0476725779093417,1.1989480705912785,0.2687046991661809,0.8845433348744327,131.97073174342492
9.25_105.75,preci,JJASO,Mon,1.0943872641945758,2.71104313836009,0.5524994750751419,7.891524563632235,1.2220200062098183,1.154338993752435,1.3484570874114694,136.4145475567488
9.75_105.25,preci,JJASO,Mon,0.7854817635760204,2.254236982879174,0.0732428838540069,14.26405233671096,0.0050243777767032,1.1464113585307194,0.3972816180342044,154.78264057941385
9.75_105.75,preci,JJASO,Mon,1.3744355263636558,3.293442937009692,0.793130187746613,12.42331041450174,0.1115422797322936,0.8714235787683374,1.3875425837627,131.22858203300095
9.75_106.25,preci,JJASO,Mon,1.9054107525068105,2.479487807262354,1.1119585764909294,8.669287680254147,0.3423159534384111,1.3251664828892868,0.0684441062279568,128.28092938180544
10.25_104.75,preci,JJASO,Yr,2.4290460995305705,0.2193198464665919,3.052219041127088,21.705263403227107,7.299471436248766,3.651424043159022,0.8512187896572259,169.6479826920374
10.25_105.25,preci,JJASO,Yr,2.001811184722655,0.4724857772294822,1.6511707883729905,19.871404377715173,2.255094217822844,1.9123185357699797,2.112246547795933,151.997274329925
10.25_105.75,preci,JJASO,Yr,1.9513287471852552,1.543092808121996,0.8687927406181996,15.09503429754259,1.3363179481193823,0.931420852237509,2.5208433988859844,135.16134148685265
10.25_106.25,preci,JJASO,Yr,2.301369760552685,1.543688992606383,1.0465845335298,11.291908235859683,1.724721296560518,1.4674430922290158,2.096296549085693,134.514121143021
10.25_106.75,preci,JJASO,Yr,2.3340868304294102,0.9036476137207754,1.741253982096908,9.72403468615394,1.0570371476225315,0.6056233802519893,0.8133174173445897,162.5221044078569
10.75_104.75,preci,JJASO,Yr,3.260423681494561,1.4657316433887968,2.498063138628249,23.93343709259395,5.840174835272767,3.0973155232752028,0.1581949776086419,121.62042678578683
10.75_105.25,preci,JJASO,Yr,2.636198489649782,0.4728456791350635,2.197866319765404,18.27364458756697,2.960539697390026,2.603130257566813,3.865484503639071,116.35432024802644
10.75_105.75,preci,JJASO,Yr,1.91369441635536,0.5883520410893165,1.1165563401605827,13.440540468733383,2.168570571120513,1.488445532225779,3.172169137832244,129.18826361579798
11.25_104.25,preci,JJASO,Yr,3.1166505688256727,0.7015291503031843,1.296411656278378,23.297882041120623,3.762174355180271,2.58824390705287,0.9544027089048656,100.59515379836937
11.25_104.75,preci,JJASO,Yr,2.7139896426793104,1.548212131630339,0.8869899692606129,16.851210992069472,3.7474213304462975,1.9838218965805248,1.8982580254357293,84.74159060384468
11.25_105.25,preci,JJASO,Yr,2.541075633804656,0.2368792395930378,2.062719987553082,13.925167981734994,4.027983204249546,2.4275043811393395,5.287432029302542,93.46891223176895
11.75_104.25,preci,JJASO,Yr,2.6410829082170064,0.2965108287341656,1.3191208585625194,17.41406203322323,4.645790577180775,0.3514838378663028,0.55936330985443,67.75173699938424
11.75_104.75,preci,JJASO,Yr,2.1899904984093883,0.9473786881408816,0.0745661163481324,11.090755683326549,4.396973180429881,0.6950562919715958,2.863632582505447,62.96609320655773
11.75_105.25,preci,JJASO,Yr,2.377811690248987,0.9995429971855524,1.872050670204811,12.077128217552888,4.556757746041992,2.3376268204906068,5.980027617904502,85.04186656632584
12.25_103.25,preci,JJASO,Yr,1.59908474724965,6.1173904644055925,0.8792793149174146,37.414163487726256,3.094434136436262,3.694113438724438,3.3448613015152504,164.43186575500124
12.25_103.75,preci,JJASO,Yr,2.0679976712830745,1.3571208044005114,1.6416986839103578,23.16000700349462,3.897417460338466,0.8195724551533109,0.3043743467970222,86.36445115344424
12.25_104.25,preci,JJASO,Yr,1.2176452545796868,0.5669200908079453,0.1685142274928605,12.887771723184878,3.329524578421285,1.0049167179087148,3.312831921759223,64.13620080866771
12.25_104.75,preci,JJASO,Yr,1.1881834458924605,0.6750376252516267,0.4428309873781456,8.828812045745831,3.056555668827885,1.439791949606959,3.307610161422295,71.67637838909447
12.25_105.25,preci,JJASO,Yr,1.7044455982695623,1.6152610079778564,2.177074725890111,11.915790636487545,3.4770277882361147,2.2814875620499184,5.73975534253849,104.36652833361455
12.25_105.75,preci,JJASO,Yr,2.2292812058624936,0.904427453272334,2.001403686048272,14.665950842749124,3.948986761493426,2.4323576175773893,6.3364280523609295,157.0038228009425
12.25_106.25,preci,JJASO,Yr,2.4783955112256275,0.0312795524393935,2.481970426394538,13.567183306970424,4.623164275593967,3.232379148572491,5.975644230944771,245.76619801959208
12.25_106.75,preci,JJASO,Yr,1.7642971898438935,0.0509530850824228,2.1292572781764654,13.096457012382244,3.9559733566643134,1.1243949541096414,3.673441534727668,382.9238216991924
12.25_107.25,preci,JJASO,Yr,0.2355394555591567,6.934619066877271,6.996628112379155,11.393803914621818,1.5903188319227466,3.297754647138708,9.095459840185184,492.5847062799384
12.25_107.75,preci,JJASO,Yr,0.8191116263907046,3.785726264706245,0.9300215948145318,8.781708664532282,0.7115049034991707,1.4141535664883234,1.543841159778141,288.027029520533
12.25_108.25,preci,JJASO,Yr,0.1488359113861727,9.620545478625637,1.9975856548040087,10.558463781007028,1.8102190628394412,2.3887287026903774,3.3247375034477127,122.85085853027726
12.75_102.75,preci,JJASO,Yr,2.4323805814298973,0.5735462809223016,2.53645774621305,35.56799246868778,3.394170642679144,4.466720981538735,0.2710449257915758,168.84405597257816
12.75_103.25,preci,JJASO,Yr,1.8969629090248863,0.8900908418591054,0.8119996885242227,22.03728883487843,3.734407983356213,0.7146798174410792,1.7960164448692812,105.8606213612329
12.75_103.75,preci,JJASO,Yr,1.291492880545572,2.323501105262522,1.2837280335178365,12.18357295049007,2.845652308212129,0.558045090604753,0.7302892387047931,76.87097945579026
12.75_104.25,preci,JJASO,Yr,0.9839361965084896,1.7672261887901186,0.0059380557228092,9.430669999524955,3.6743497651007258,0.6725085329959756,1.0616739194887437,78.54395133200386
12.75_104.75,preci,JJASO,Yr,1.4588252810334632,1.0668678408195609,1.412874280012729,8.863223794156141,1.8181920304769887,1.7020759629885387,2.626699391170261,104.24994677781817
12.75_105.25,preci,JJASO,Yr,1.840809086444578,0.6312810514128613,1.8565888953710687,13.342692112568832,2.576678581900006,2.48038555468557,5.568268003271968,138.52832507061805
12.75_105.75,preci,JJASO,Yr,2.227160991927109,0.7579980888993152,2.1960162806028114,14.82161368705716,3.199090822658256,2.291644758255445,4.892383284454866,173.97280693306357
12.75_106.25,preci,JJASO,Yr,1.9982898232921085,1.249856500027588,2.0269696148732645,9.582292752170508,3.5374149581996144,2.170027345728587,3.8054661184183,221.5522189940765
12.75_106.75,preci,JJASO,Yr,1.2192381794074023,1.0744799788572914,2.768731218906209,9.664839752924534,2.905140843390177,2.9888083278476025,3.486370739225128,281.64942937522176
12.75_107.25,preci,JJASO,Yr,0.6194392144393662,2.037004542770508,0.6101351465575835,9.118803464669886,0.9246044937807432,2.6525397180427484,0.576399890969499,313.705503278268
12.75_107.75,preci,JJASO,Yr,0.9581678695206972,4.048446287875816,2.1476766646396728,7.050047652674648,0.1940105385532519,1.1505872219142228,4.004230578605664,224.4288397815307
12.75_108.25,preci,JJASO,Yr,0.226534310186812,1.7327541281034855,2.6875632769256126,6.3415825581269205,1.1149034075325508,0.357832116379844,0.6695678140424834,103.37146027565856
13.25_102.75,preci,JJASO,Yr,2.418276593678053,0.444059506027948,0.3669601340884264,18.639724073355797,3.2155761974193084,0.0658181446329675,1.467708913839143,129.3080242265759
13.25_103.25,preci,JJASO,Yr,1.700936636784536,0.9291976177341912,0.2999224330305944,10.53325971541106,2.7631649671147893,1.3661013334401897,0.9245789382207698,108.54026540415872
13.25_103.75,preci,JJASO,Yr,1.0418791425876437,0.3223638070548253,1.3688361086583518,8.269753316249083,2.9249256214217505,1.973382733020993,2.5590722386604936,107.45853905257968
13.25_104.25,preci,JJASO,Yr,1.2451191668495178,0.1332757850689868,2.3429785133078718,9.090223528330986,2.022025302153631,2.9513364428603843,4.304113369179375,134.4302886875572
13.25_104.75,preci,JJASO,Yr,1.876605290884164,0.1573415848126262,2.6614180726850227,11.012577956005153,1.765292860669533,3.157445774364932,3.5615133559281045,164.76497867141586
13.25_105.25,preci,JJASO,Yr,2.009286410019106,0.4035658817948505,1.858159215451604,12.703177824789906,2.215853228649403,2.620611111272819,5.496745634327887,177.94408578801617
13.25_105.75,preci,JJASO,Yr,1.8792747667537184,0.9644950095230996,2.074855532780265,13.355827631184717,2.1899746873374863,1.872472037437743,4.879087423206826,182.72281272247065
13.25_106.25,preci,JJASO,Yr,1.526122542228531,0.7820139455105224,2.9167779462497814,9.75324821217876,2.076337182262074,3.412226149867048,4.780770269560638,208.7730864146356
13.25_106.75,preci,JJASO,Yr,0.5871828201290297,1.2353264100907693,2.1078945890149825,6.787883971409764,0.9852650178044224,3.3216820614455123,3.008459157701525,253.59648446470703
13.25_107.25,preci,JJASO,Yr,0.6341142502191869,4.184377519403985,0.8491561222040406,5.275920792541802,0.7254920441121229,0.3397915621210821,2.7868847766018883,282.3522427297546
13.25_107.75,preci,JJASO,Yr,1.0489982017104444,4.261637768679368,1.7818591342206698,5.0022629089918125,1.430599742709973,2.0713126550865937,3.573643511965505,213.22209784145957
13.25_108.25,preci,JJASO,Yr,0.3273488405775469,1.7733283936557689,0.3399634776762405,6.269053083196472,0.6884451292985888,1.006745870840569,0.4528722186554105,127.16707484143194
13.75_102.75,preci,JJASO,Yr,1.6432011188985496,1.3440253388728982,0.6136641546141413,9.405660927011857,2.764617268751589,0.9866808621224806,0.1411799540145243,145.94994618653243
13.75_103.25,preci,JJASO,Yr,2.3168327703588654,0.313761135309174,1.6338572114424703,7.944239717055536,2.759759593758365,1.9131776443917887,1.7918789609399053,149.940897866486
13.75_103.75,preci,JJASO,Yr,2.032012573541694,0.0097713397440195,2.1786222722834774,9.678830631217046,2.387667361526035,2.411266092747743,3.655420965128904,171.15644768991802
13.75_104.25,preci,JJASO,Yr,2.0889548657689607,0.3427648856587412,2.3392210455911595,9.90873745229896,1.8167490146478176,2.751720595988376,4.418587043898257,194.78731639851895
13.75_104.75,preci,JJASO,Yr,2.10495664323328,1.1451474757010065,2.035196265100243,7.846080417928854,1.538015749447206,2.212538364280465,1.999048956397749,202.6339129228712
13.75_105.25,preci,JJASO,Yr,1.927544066456281,1.2561943774266462,1.0182767609375352,8.127377913783455,1.456541190336334,1.638193226314884,3.9520988232450978,199.1967645080396
13.75_105.75,preci,JJASO,Yr,1.5947127549193556,0.0236644804956354,1.8051911626811132,8.818007530388183,1.2837389612024863,2.303106982102974,3.116535768611111,209.25025314228228
13.75_106.25,preci,JJASO,Yr,1.394800608677481,0.7334196682425483,2.8523114033536827,7.639591687705111,1.159002970196425,2.149155943429472,3.3380592734858383,257.6166493528487
13.75_106.75,preci,JJASO,Yr,0.2594497694445245,1.6278269625802388,0.7656007276030279,5.697938215639022,0.3327927303856691,1.3739413851578033,3.622178635822077,346.92081529821974
13.75_107.25,preci,JJASO,Yr,0.3940923236205727,3.1339093909818376,0.932395361506459,4.64019608811361,1.8590962356517724,0.3370877583050659,1.3522976695947715,412.55882258084745
13.75_107.75,preci,JJASO,Yr,1.437458854555361,3.170781573757404,0.8374370879671987,2.5952546964655263,2.850731251013315,0.3950529592128836,0.3861654474481118,293.0442864900344
14.25_102.25,preci,JJASO,Yr,2.549959794619697,6.550616464584865,2.498214632889734,13.620522588320704,2.633558422977993,2.113997695468881,3.879502072667393,160.88452560384837
14.25_102.75,preci,JJASO,Yr,1.932498220416711,3.0987759972816358,1.029350758429703,11.726838952792512,2.387255100893068,1.846837994553045,2.3507270351429197,149.32821707446664
14.25_103.25,preci,JJASO,Yr,1.7479371387118006,0.5079908571539684,0.9903456842994376,8.6940307692648,1.987979415918611,1.305441645210446,2.1287097195722584,162.0294683104944
14.25_103.75,preci,JJASO,Yr,1.5682202648546142,0.6956099361376274,1.5808834856253264,8.803890558794052,1.6955118887322247,2.057537715709481,4.837874980367829,181.07093108353448
14.25_104.25,preci,JJASO,Yr,1.8365620170703756,1.8178338988373357,2.708121305941271,9.791614238689366,1.5736446459368667,3.1898958664427477,7.469959132668119,191.44614136173263
14.25_104.75,preci,JJASO,Yr,1.280098272560604,0.9160269081848136,0.5539717225415122,6.2822629144658455,0.6458541275099113,0.7670750038550893,3.221902692330792,194.2642940171993
14.25_105.25,preci,JJASO,Yr,0.7182286508529563,1.225881299996738,2.277111047170308,6.1064308721928064,0.1928669031803102,1.8199982210496295,8.41694843893827,210.62925128647188
14.25_105.75,preci,JJASO,Yr,0.6508637547206937,3.1502622435965777,0.3106261265071692,3.1481001108808697,0.7230397221945507,1.050570145633091,0.1158667315413944,270.6365722996356
14.25_106.25,preci,JJASO,Yr,0.4573701827882661,1.7235688237095776,0.5402080913466523,3.371836945915619,0.854750952967217,1.6330006202554177,2.1355730452374,371.9120220797284
14.25_106.75,preci,JJASO,Yr,0.7123575354168613,1.4734302279575098,1.3607619576775642,2.4618231902465717,2.175097756065528,2.0443646444007024,3.962847828360567,475.6666902522132
14.25_107.25,preci,JJASO,Yr,1.502401380724051,2.3054769842487253,0.7720434726401686,1.4494154875119096,3.1007520850829984,1.3647457602288278,1.2154396717062452,457.0781963059292
14.25_107.75,preci,JJASO,Yr,1.4119458589101896,1.201275189245132,2.085976661883933,1.818135222728192,2.669750139731674,1.964505130385069,1.5088780745029409,242.2544882474245
14.25_108.25,preci,JJASO,Yr,0.2032103616368918,5.615975342598403,1.9097652328983132,5.894381776921179,0.3704228297008842,1.3610223475730483,2.0353052292578067,111.88039674496468
14.75_101.75,preci,JJASO,Yr,3.3720539868758217,3.379369369888063,1.2309404789634857,8.772422883805799,3.385663963079036,2.094220377534389,2.137010886616449,174.51587036848773
14.75_102.25,preci,JJASO,Yr,2.5495410255143613,0.6102640161437853,0.7499179037975497,6.894890257433085,2.4877717055552724,0.2843660075776942,0.7590282348387799,134.86063064235557
14.75_102.75,preci,JJASO,Yr,1.4879437147580583,0.3851157108467612,0.0316322224467715,5.750868938599815,1.6208853267696552,0.7197578992866532,0.6443114544872913,122.82979385018604
14.75_103.25,preci,JJASO,Yr,1.0715056399687777,0.3259918774963605,0.3787473599436713,4.8506701727748975,1.0470919150881184,1.0663211812582636,1.7140620763344223,133.50558550597825
14.75_103.75,preci,JJASO,Yr,1.1043776882941334,0.1901681557291123,0.5622662197091999,4.270973839390269,0.862857884921287,1.1619840410747715,2.420591704278141,150.34169787593754
14.75_104.25,preci,JJASO,Yr,1.4609700649672517,0.1878672759702329,0.7495441312841251,4.042502049924615,0.6835039960114203,1.3390789915522971,2.4846837609956425,164.20498178435332
14.75_104.75,preci,JJASO,Yr,0.8326548042429776,0.9023069134611418,0.3272534328055638,2.400447230260978,0.1759933618393409,1.1080970075890173,2.022509985667393,185.0085483709452
14.75_105.25,preci,JJASO,Yr,0.1037445137505298,1.2695591501434205,0.9025887383379438,1.2524820381038653,1.3566878059620004,1.8061869534250568,1.8254479076670296,236.96401357813423
14.75_105.75,preci,JJASO,Yr,1.3035312455661452,4.575508284269018,0.2195567171366296,0.3892495822529747,3.3097032367895176,0.0318000231963864,0.2270603571979304,344.9344753377893
14.75_106.25,preci,JJASO,Yr,1.165416830549747,0.9944412701521352,0.5246591706984104,1.5295700780376829,3.1792904115926737,0.0371826866532978,10.553479742847133,441.33886348740793
14.75_106.75,preci,JJASO,Yr,1.538343668521872,0.903629166062522,0.4534703466114397,0.2568944546656234,3.621631562786944,1.4583418130283048,0.3134541322671754,422.7997213860992
14.75_107.25,preci,JJASO,Yr,2.0368902496326204,2.767931187383876,3.557300027005419,0.0236990413679877,3.7439874452666704,3.8048059146510016,3.638635813309804,280.60321436379326
14.75_107.75,preci,JJASO,Yr,1.1775031100700797,4.073264719770153,2.304578226975288,2.5222590472722586,2.13779579892047,2.2241777028016267,0.0203365128384166,130.2395804395029
14.75_108.25,preci,JJASO,Yr,0.3630170601202251,8.965150619070844,1.2818744297015283,7.912521148669114,0.240037621014182,1.4732479513886132,5.503968701797785,93.17295965825328
15.25_101.75,preci,JJASO,Yr,2.6540496105086087,0.538095542788684,0.8300054162298148,6.043455160077161,3.267520894359424,1.3641761006611404,0.0647272586419751,157.27778276927282
15.25_102.25,preci,JJASO,Yr,1.751807286613158,1.331990257039631,0.0650983668015908,4.267146651458996,2.229788836507197,0.2938889988039652,0.8934443274753812,114.6375026257515
15.25_102.75,preci,JJASO,Yr,1.140518765099367,0.8580448379106566,0.8103508548952666,3.688511915440208,1.4931580039635302,1.249382283850384,0.2973418945511982,99.98604330347185
15.25_103.25,preci,JJASO,Yr,0.9570694421971052,0.8223541754585884,0.8218639668309299,3.8829406504033352,0.7782965412651678,1.179740066602622,0.9485020301695716,111.04056427469406
15.25_103.75,preci,JJASO,Yr,0.7354694746495574,1.211618487565714,0.7927046911812957,3.3924476813682247,0.1630557649254621,1.2497480676475854,1.006887960173929,134.40440731568097
15.25_104.25,preci,JJASO,Yr,1.217226758517256,0.7943794877305648,1.211232593819428,3.524111034519782,0.2141984709880292,1.6804546929074544,2.0783219054157587,158.45319614430775
15.25_104.75,preci,JJASO,Yr,0.7362971717863047,1.3696723665210526,0.8001984793437029,2.1996826660080404,0.4702188422476645,1.2888938800824197,2.628076748095497,189.37894693971933
15.25_105.25,preci,JJASO,Yr,0.0153289800776769,3.3073310509516967,0.3199019970725952,0.2487980949384536,1.3817455401536587,0.547799108766974,1.754416664930646,249.55524353698195
15.25_105.75,preci,JJASO,Yr,0.2162483824703443,0.4926747598623765,0.1067753195212343,0.5640349856266982,2.572065693218549,0.2078435587922776,1.7696517899967317,358.4858256624571
15.25_106.25,preci,JJASO,Yr,2.566385690308257,6.189113119594048,3.882032942020481,0.7234060187316236,4.6542682807950335,2.87181017226178,14.06064901185984,392.7573079140462
15.25_106.75,preci,JJASO,Yr,1.5353951709045033,2.960951488622364,1.3755906198747117,0.0614200102554511,3.776047338925915,1.7404957180337763,3.411221457231663,274.9948609547372
15.25_107.25,preci,JJASO,Yr,3.4435345356223683,4.146043782443354,7.178201802476756,0.2853586948185512,4.933588641789039,6.879686424509727,1.7239442237832248,139.6345388703269
15.75_101.75,preci,JJASO,Yr,3.204205687892823,0.9551615747442388,1.154330598134839,4.441225062616772,2.2861088115335955,1.6736398223713236,0.529667494177342,160.6530330723987
15.75_102.25,preci,JJASO,Yr,2.3628899817333413,1.1014055260393067,0.4029547805174589,3.311837161133104,1.6283555641143734,1.0481643399945126,0.923900177963798,102.4706256513793
15.75_102.75,preci,JJASO,Yr,1.733240470395563,0.7732138032409747,1.0026946666503764,3.102909921131592,1.2192126035491024,1.5378457042694444,0.6314091961417212,90.38814914266928
15.75_103.25,preci,JJASO,Yr,1.4486746015437058,0.4854223395330249,1.1530327539921814,3.4189033920605088,0.527619385377045,1.7346768021870058,2.126861291912128,111.0106086348496
15.75_103.75,preci,JJASO,Yr,1.3322525854272127,0.8950617197084072,1.1373047854630225,3.0940820132699383,0.0211586767789201,1.6782957390779385,2.2008845837665216,137.9366614155025
15.75_104.25,preci,JJASO,Yr,1.2879758373308248,1.0873588897211215,0.9559916749716192,2.7071606374837733,0.4458381222920121,1.8009543390785003,2.938652802479303,154.10203704886965
15.75_104.75,preci,JJASO,Yr,0.707510376980407,1.152935627319884,0.7157310770678593,1.620563852373026,1.2784704460743732,1.5138773103218517,4.181584492204429,170.55659133957994
15.75_105.25,preci,JJASO,Yr,0.2113954498615415,1.7353720730595397,1.8085381140372745,0.0515840818084436,1.7150485742089128,1.87201866640962,3.609230302851852,222.45454786025175
15.75_105.75,preci,JJASO,Yr,0.1915150946552702,3.5022377920389567,0.959926826697203,1.1061663933440864,2.539315876316026,1.714921472794181,2.1483316941701887,310.8007666360796
15.75_106.25,preci,JJASO,Yr,0.764486847272864,4.497489734422293,3.6586939255280577,0.3970103189066943,3.1142665467920456,0.6443920552344005,0.3934918288983297,300.6429167401872
15.75_106.75,preci,JJASO,Yr,3.091769256327149,3.727287318352576,5.280818598676955,1.1933228991299458,5.395253310535368,5.627015323284581,4.731941673868192,163.62913807181724
16.25_101.75,preci,JJASO,Yr,3.949913107738445,3.364990918444489,2.02267373584386,4.034681284623293,2.28874730974917,2.4600419227003427,1.5515196964401234,144.21277986810875
16.25_102.25,preci,JJASO,Yr,3.0627297403840767,0.4604650907639619,1.918569720189128,3.260249626498576,1.8452787245426847,2.6546521121778914,0.5483765025758897,89.85948274894378
16.25_102.75,preci,JJASO,Yr,1.6833224738086965,0.8649151217156663,0.664967465106542,2.6586374026550823,0.7373485432871246,1.19735757103095,0.3201104820424836,86.41185338713225
16.25_103.25,preci,JJASO,Yr,1.3926819620252473,0.8665664623489298,0.6638456018917993,3.156133061316621,0.0367449730969441,1.2170845800094856,1.597849285218228,112.0933542241026
16.25_103.75,preci,JJASO,Yr,1.3788946701649216,1.2288890323519808,0.7295555030814237,3.228542574967902,0.4509407317220965,1.5808076782744245,2.50163121257175,137.84076721374748
16.25_104.25,preci,JJASO,Yr,1.0860885968211806,0.3007793961684707,1.265068515928221,2.679600649632568,1.248635683231861,2.123314527543056,4.547646206277052,140.7247688493503
16.25_104.75,preci,JJASO,Yr,0.5226480847726784,0.6258697893997679,1.358866539716037,1.331404475940189,2.3114634141631365,1.605448930209585,5.041868788377996,151.16749058000167
16.25_105.25,preci,JJASO,Yr,0.0494017969999994,1.8167967558042704,0.4598489094640807,0.6372562623582614,2.9885144197501057,0.7680444151110084,3.5931104666358027,206.64411128330616
16.25_105.75,preci,JJASO,Yr,0.4234132042886701,2.9478723962581594,0.1574831926588017,0.8069707331522772,2.821444329272177,0.970853298365666,0.7486622295951343,261.8251872195715
16.25_106.25,preci,JJASO,Yr,0.9078740290287456,4.213862365152137,1.2310848523508209,0.1148104744867322,3.839705779836723,1.7182836801810946,0.878889677465142,195.9764081417426
16.25_106.75,preci,JJASO,Yr,2.522381280550555,0.8563206274190256,3.1795751183032213,0.0223701596120854,4.93373046487372,1.9045601566676469,0.7893755885439363,107.10646682822386
16.25_107.25,preci,JJASO,Yr,1.7949214716620363,2.111637829807554,3.5473829092246416,4.661136149774181,3.2160296315855965,3.746264319537845,1.4768287202106027,110.24534871012114
16.75_101.75,preci,JJASO,Yr,4.17890959952551,1.1046097356553466,2.7559361105084887,2.912051618874306,1.7028599570151768,4.123921612965471,0.5284073625979663,108.97327948550998
16.75_102.25,preci,JJASO,Yr,3.0382305658670754,1.214168965365012,1.5250237547866596,2.5185985892354963,1.2404507586364657,1.835533485019263,1.0204473222132533,78.51539642695394
16.75_102.75,preci,JJASO,Yr,1.921114644865692,0.2747121479589495,0.5637700178930732,2.6662727920417213,0.5015680648922346,1.3057381869048377,1.4719384201194623,82.56164844752169
16.75_103.25,preci,JJASO,Yr,1.846226815629967,0.1576473753341522,0.5200385631096179,3.81513520390508,0.1091814422024177,1.500784524315251,4.155081976124074,106.8021298581426
16.75_103.75,preci,JJASO,Yr,1.559255264993109,0.692132220851137,1.5902014091050924,4.077302692538827,0.8276167884631019,2.450249796203723,5.955606249557734,125.83695324924408
16.75_104.25,preci,JJASO,Yr,1.3481400023676433,1.424707251013268,1.7795903168490967,2.839373853234846,1.5528338308217116,2.5898131516171943,7.397677421547022,133.88648522488256
16.75_104.75,preci,JJASO,Yr,1.3951947776369775,0.7262894650765634,0.1999743355692553,1.3716429448334284,2.0368220327879127,1.6813261023088633,4.285617136455738,159.56785104838843
16.75_105.25,preci,JJASO,Yr,0.6689253698507142,1.5048536573300166,0.1561511769109662,0.1380511667902516,3.155908513668225,1.302185074200962,3.219997024841358,213.3057910483365
16.75_105.75,preci,JJASO,Yr,0.260006939408863,3.724166664182017,1.1368803898887518,0.0597067552333446,3.697507265398198,0.2647829418991182,0.4887143798993103,210.9303661424252
16.75_106.25,preci,JJASO,Yr,0.1923497781413277,2.967262886431365,1.913265378948464,1.599294421726817,3.0576966949605837,0.5398750609747861,0.1208003718053739,126.26610922508982
17.25_101.75,preci,JJASO,Yr,4.071775855374722,0.5691929600286323,1.742279764460548,1.8837760079707555,1.014730416514384,3.103543085484709,1.0597434962051198,87.07859384958027
17.25_102.25,preci,JJASO,Yr,2.867075489709712,1.5778384848492863,0.591781286190058,1.7262242076987024,0.2152924719870946,0.3308326918087643,1.029119554438998,72.29888991203568
17.25_102.75,preci,JJASO,Yr,1.9508571389265803,0.7239164444691154,0.1535706519284814,1.720037020977179,0.7640994497840352,1.04496643778097,2.218294065419027,79.61450937120281
17.25_103.25,preci,JJASO,Yr,2.0217962868413712,0.0575079670464236,0.338055037996054,2.454655181311605,1.0695490507909708,1.6805713315194577,4.121893801396442,99.30159870680538
17.25_103.75,preci,JJASO,Yr,1.5808770987349223,0.5861323419687869,1.1148329278448708,2.1344188946763345,1.6401517953336748,3.0141503053955763,6.551307511471314,118.86607509153104
17.25_104.25,preci,JJASO,Yr,0.1889321085785667,1.7019929270261254,0.7562660448725023,0.0445224508025919,3.0187363014046733,0.6283868727963414,2.8316594744589687,143.3289288239275
17.25_104.75,preci,JJASO,Yr,0.4943246015910321,4.598638107677906,2.102286147327144,1.6429405950533214,4.213451842998484,0.9195651636713672,1.5342307274673204,178.30770151211885
17.25_105.25,preci,JJASO,Yr,1.0818720885340587,5.441057385306486,2.425254230098997,1.6672277938208475,5.1004302813326525,1.1530468114536123,2.7024586492135443,187.50752058488183
17.25_105.75,preci,JJASO,Yr,0.0589957132979505,3.1738508250105224,1.076455021801992,0.668445509810273,3.977283941087531,0.7046307874519395,0.2915217733946988,138.3473345155899
17.25_106.25,preci,JJASO,Yr,0.2493339509723789,0.4950359367458156,0.1365458769360764,4.370970486144009,2.743559583760938,3.103439687765915,4.103856344278141,97.4811465146546
17.75_101.25,preci,JJASO,Yr,5.936200842691273,0.1165034198914154,0.7093714686904413,1.3590074620105808,1.01482303340116,1.5575288991136522,1.541759671671024,97.97370279612318
17.75_101.75,preci,JJASO,Yr,4.094925067788345,1.716052207984876,0.7335029656874719,1.0521994997169908,0.473902018044723,0.1257274024904904,1.6642872868031953,78.15701996203849
17.75_102.25,preci,JJASO,Yr,2.452650106006597,2.870950426440785,0.1463915179574232,0.3453012859332173,0.8815519829235492,0.9368764708917348,1.5894223914190269,75.71941856622381
17.75_102.75,preci,JJASO,Yr,1.6148337151152012,3.157089203785376,1.3643824451427091,0.1556380935707136,1.7836302276199052,0.6835608842646334,1.0245762159676832,89.32196225819344
17.75_103.25,preci,JJASO,Yr,0.8901637031884366,2.518572113478263,0.8507186518375696,0.3223402903347786,2.7501978226595445,0.683705187811539,0.0224441969636165,111.49283934939534
17.75_103.75,preci,JJASO,Yr,0.0160560765816304,3.789600086159632,0.4733179701137321,1.2045922690598094,3.7295577968437184,1.4517267734641646,1.22202144707106,142.0421273523098
17.75_104.25,preci,JJASO,Yr,2.714839805180464,7.124264171855098,4.223121603047251,3.4894774225537013,6.253841803957197,2.529030313556894,4.112501910088236,168.51656615018038
17.75_104.75,preci,JJASO,Yr,3.621184084607212,6.409289524290111,4.362875716934835,4.746159107974739,7.3877797122293885,1.29730112181259,0.527664052576979,162.64183884320693
17.75_105.25,preci,JJASO,Yr,1.905922189092376,2.008413255271235,2.517799446170664,1.2965321420327691,5.450688414276055,0.2348812341164882,5.831163535726216,125.83317765051544
18.25_101.25,preci,JJASO,Yr,6.060057953862173,0.8555488115130887,1.332599040471762,0.5968873761930038,1.1222034209591087,0.7493585908696638,1.2995760565199346,90.17396508423056
18.25_101.75,preci,JJASO,Yr,4.680316932202753,2.6883461359121084,0.1548240528980972,0.1930365305445625,0.469431593805621,0.4162931234278871,2.730539330342048,85.6699999639157
18.25_102.25,preci,JJASO,Yr,2.57404052096473,5.40211019349271,1.5295798509308154,1.0475785395502508,1.6969554658121182,0.0807342881078644,3.971497808100581,97.29110212445106
18.25_102.75,preci,JJASO,Yr,1.1574182188586808,4.071918557030116,0.5043818548919792,1.9951555255219768,3.2793824119640758,1.208167599484354,1.933902351935004,119.16497207856528
18.25_103.25,preci,JJASO,Yr,1.8662881523149049,8.008601772054803,2.092840718432667,4.332841067966316,5.825631195886462,0.868621217740818,3.0234223634404507,146.45669954261243
18.25_103.75,preci,JJASO,Yr,4.079653216225813,10.666460349308249,6.505545155186202,6.375994280327008,8.02193397778292,3.6952804898774056,8.188870631850037,166.22392205436626
18.25_104.25,preci,JJASO,Yr,3.5950774417290767,7.53854781533553,2.899017070949729,4.554481277050994,7.437393746778984,1.3457242383923331,1.8359130256115108,152.61608472471903
18.25_104.75,preci,JJASO,Yr,2.2001358003186184,1.6457631989918209,0.9106250805623712,2.576453761287778,5.771820986222192,0.3214750761511284,6.27587619855719,116.10513518026548
18.25_105.25,preci,JJASO,Yr,0.3132141240436461,2.42308253660095,0.447499309641803,0.4267049860016315,3.2248006408963263,4.232209066100638,6.186382917621279,102.28827660199612
18.75_101.25,preci,JJASO,Yr,6.499637349742175,5.5545283982498,6.50957691998909,0.6902458121065477,0.8391419614839413,6.908233226915327,9.899683552381951,103.4475768474184
18.75_101.75,preci,JJASO,Yr,5.48505881173737,1.7266905148699907,0.8156302219674924,0.1457888424931515,0.4500161386277376,1.536565199127856,3.1212233361118376,102.81594530199222
18.75_102.25,preci,JJASO,Yr,1.833698559715325,6.513252715336944,4.271640937011235,2.8361951202234663,2.882586736291718,2.345423801833103,4.409680620133624,118.76507732106552
18.75_102.75,preci,JJASO,Yr,0.0700573229483046,3.775065664342762,0.9086086960834596,3.505842571954308,4.342157350163748,1.5481932211257436,0.3579857840479301,153.6435051705875
18.75_103.25,preci,JJASO,Yr,0.4946480095940802,4.661495556523686,2.563532543026862,2.781028118338005,4.081784479944041,3.2400385588635343,2.3553332091053742,176.7468004443944
18.75_103.75,preci,JJASO,Yr,3.5508963849484947,8.893928936805217,6.097889356705952,5.589922385229671,7.016556436528141,3.755390902553864,6.565636545406536,170.2542746279014
18.75_104.25,preci,JJASO,Yr,1.5717441833998476,3.0207309723307807,0.7522729289367704,2.3358243242939256,4.677889384385882,0.2845612521475536,0.9339066624382713,123.97477009879994
18.75_104.75,preci,JJASO,Yr,0.1625509796963616,1.8591635194940543,2.36353147143246,0.6593988014831115,3.127465590002832,4.356521580556401,3.7246864336661583,97.78409375163592
19.25_101.25,preci,JJASO,Yr,6.240720912256514,6.770743100646347,2.828890924722989,0.2063211483172521,0.1981427927845664,3.954566886972732,11.424220798104576,110.82825163167288
19.25_101.75,preci,JJASO,Yr,5.722124381334234,0.9470687043812498,0.5760381892722318,0.0361946083649681,0.1922906122294251,0.305859130630944,2.4716479257392887,109.71888505619182
19.25_102.25,preci,JJASO,Yr,3.298769052111263,0.5726609751579655,0.9886243540204624,1.99744849074981,1.734027290215299,4.084487638653116,2.86574321639252,116.62266754579218
19.25_102.75,preci,JJASO,Yr,2.2950391212758725,4.612043679997471,0.0800939658630544,1.887287833978093,2.0133798838690917,2.0080325240489545,3.996768834202252,137.93390393966956
19.25_103.25,preci,JJASO,Yr,2.4554233479413354,3.7664379464375575,1.5308642112095292,0.9842325915893568,1.2480046730745211,3.0715052883751417,4.421147951194262,152.05371652304515
19.25_99.75,preci,JJASO,Yr,7.272410499719253,0.7813334087113117,0.4223682832791732,0.1025394808897262,0.9356670104133976,0.7226123046120035,0.2253549554070443,105.1023604371626
19.75_100.25,preci,JJASO,Yr,6.302982572442089,2.256043561229097,0.3164722606147175,1.452919090746465,0.3461271688855916,1.0140404834957648,0.30730596484931,94.69237553626348
19.75_100.75,preci,JJASO,Yr,6.127084850756215,0.260032444616537,1.777836994051785,0.9509576528118282,0.4685664034218862,2.422776174512196,2.8311526404379084,100.24055876302744
19.75_101.25,preci,JJASO,Yr,5.857398511911193,2.3836046561535373,1.389639666574134,1.014139841189486,0.4346790352453593,2.976239436894674,3.183819875982861,104.288861956483
19.75_101.75,preci,JJASO,Yr,5.046191453661072,1.6186687215078652,0.8944167759332531,1.363023680188873,0.4661165044361182,0.5363851710169261,1.4875048903168846,98.27600995482356
19.75_102.25,preci,JJASO,Yr,3.796817497153579,0.2926507376056804,2.475267847528968,2.2252423058118964,1.231619995943916,3.7568967632505,0.762563123708424,90.20504464966284
19.75_102.75,preci,JJASO,Yr,2.361619751345589,1.837258708878924,1.622105121609333,2.2737108077798367,1.9441227947859387,0.832887891265542,0.1010198284776324,96.55651418493431
19.75_103.25,preci,JJASO,Yr,1.9103025144833268,1.792445550073334,1.8445634357056704,1.970410756130616,1.721342923329768,1.7587969961353365,1.989232017066812,105.02441687701766
19.75_99.25,preci,JJASO,Yr,7.668906624264608,0.9159333187570626,0.4015802825854031,0.2200140259011133,0.5159938528206958,0.5940199418021529,0.1325172610192447,115.17953582358209
19.75_99.75,preci,JJASO,Yr,5.991854345304482,3.5515825717635945,2.323138734175908,2.0976880567757124,0.6626565472417502,1.2141243238646868,2.6802926091020334,103.18006501521452
20.25_100.25,preci,JJASO,Yr,4.716641124023787,5.007233026557341,2.1533135275537987,3.1151957518016005,1.759652422934676,1.9126261940370723,4.004356901539215,102.56425351651052
20.25_100.75,preci,JJASO,Yr,4.983090937507466,2.1350340011176234,0.7452596270499637,2.455060369890369,1.522383423269835,1.3437539572087382,0.7047554808649239,93.27006821285352
20.25_101.25,preci,JJASO,Yr,5.1886124833591385,0.8331901447174812,0.5719368166385084,2.011313924339399,1.1520659945816645,1.1165808152605612,1.186422325453159,91.99009807902137
20.25_101.75,preci,JJASO,Yr,4.554523539382905,0.3593050155785936,0.2832098657666127,2.423284643662702,1.225807307645639,1.2317548772341664,0.3829449920527959,80.81774012790005
20.25_102.25,preci,JJASO,Yr,3.998181556921875,2.610050223061413,1.224970546726548,2.878676498920352,1.5481782887083686,0.0481975345321231,2.1597967015835877,70.57229648964163
20.25_102.75,preci,JJASO,Yr,2.786670159473782,2.904282552145549,1.0541788992633907,2.850581347164781,2.2366169928112405,0.3773455126371557,2.5606899260598763,71.92904774021568
20.25_103.25,preci,JJASO,Yr,2.169956728675538,2.1967708116212603,1.497960009049233,2.299181391682092,2.070689767111239,0.5291631023702009,0.6729096176586782,83.03142903816945
20.25_99.25,preci,JJASO,Yr,6.717296387529092,0.0821199138039385,1.1797846030175367,0.2241254452135413,0.3003673490271932,2.3813184578673563,1.7268239991452434,117.56181010670558
20.25_99.75,preci,JJASO,Yr,5.221765068971511,3.995616656700412,2.216445346881337,2.728697459624026,1.5229258875033074,0.3225705286688236,2.666520586417211,116.09605732105292
20.75_100.25,preci,JJASO,Yr,4.781158240897828,3.457843984960178,0.7354588896257661,2.789521257908554,1.3090492024213085,0.5943878457170517,3.392697370414089,117.73887940436902
20.75_100.75,preci,JJASO,Yr,4.489862872356372,2.595959507007964,0.055539510969726,2.9274470342723222,1.5484670584530154,2.6686784548966087,1.3445376451997095,89.53587557983752
20.75_101.25,preci,JJASO,Yr,4.380206511620078,0.2863684039999827,0.6588118140823842,2.763848210385683,1.7475691333173708,2.6508219105483257,2.183868690839506,78.4675335772104
20.75_101.75,preci,JJASO,Yr,3.967498294239704,0.8276716877983458,1.2224340174472383,2.6262158455743183,1.8915988825386207,0.6672148198941128,0.2098909625805011,76.07232140881007
20.75_102.25,preci,JJASO,Yr,3.5776117989035643,1.9664013008654055,0.9098742990303822,2.5376457155684298,2.283832312678061,0.1294689774990819,1.4540936314754538,70.95798711781049
20.75_102.75,preci,JJASO,Yr,3.0542168974840447,2.470095121458185,0.9101653837311746,2.192199169604156,2.4851890389147524,0.9518377548663762,1.5324402931266887,68.00912817625105
20.75_103.25,preci,JJASO,Yr,2.29190006389649,0.2319132667679508,1.1811043367167249,2.30292120270539,2.7287252870716845,1.4086484373005588,2.083698390319898,72.32422846605544
20.75_99.75,preci,JJASO,Yr,5.699702417219525,1.0156580204713033,0.150838089906463,1.8670198665175493,0.9370284227048196,3.8369011860007607,1.40294580992992,131.36291938811502
21.25_100.25,preci,JJASO,Yr,5.047616327033169,1.864835746156124,2.715358563705129,2.2973795240626136,0.5720392512507689,0.8159617537100788,1.9239937900613653,116.54973372741526
21.25_100.75,preci,JJASO,Yr,4.47770941223753,2.133633640538476,1.2817782325186018,2.733092445179018,1.078756482820432,2.5057770193901696,0.94739074172549,85.23809039625168
21.25_101.25,preci,JJASO,Yr,3.902550860848824,1.0973079921288853,0.0550900352987819,2.8914790708276445,1.7748948302462937,1.886736174220034,1.30340161492992,72.39744832878833
21.25_101.75,preci,JJASO,Yr,3.329101944574425,0.979119762622532,0.2375906466917235,2.7668135385763284,2.3003876657237865,0.6612409943160452,1.5298552757525057,75.11786177602987
21.25_102.25,preci,JJASO,Yr,3.0035542612533543,1.8661760555043336,0.7430827947048942,2.472458125911817,2.763353011332468,1.559976621081916,0.7132668012251272,74.83900220304987
21.25_102.75,preci,JJASO,Yr,2.2631738590100428,2.641730871527212,0.8610265750157853,2.5061725173976983,3.214540551825233,0.3014487393811772,1.112712108916485,71.90189079961944
21.25_99.75,preci,JJASO,Yr,6.010926603151059,1.1500243899411864,3.736586599240225,1.4584231275648372,0.2183271544037949,4.873044079219427,1.8172949023921567,130.35096327065924
21.75_100.25,preci,JJASO,Yr,4.187225801560484,1.3510152336365404,0.6476260391270994,2.4493803234798865,0.8474537024082152,1.4637429775139834,0.1213348790559187,96.70456441574542
21.75_100.75,preci,JJASO,Yr,4.195929401724554,1.8028454937378935,1.19712796860765,2.6248920940436675,0.8994295968306064,2.1216713748983995,2.039748967384241,81.11405062823748
21.75_101.25,preci,JJASO,Yr,3.903052072861444,2.263969603551184,0.9879858975117648,2.6220106160805763,1.3195816178562436,0.4393192400320178,0.936944046768337,71.07778512922552
21.75_101.75,preci,JJASO,Yr,2.988618611720755,0.5149658655454409,0.817844326822746,2.958160602326573,2.3578870609950253,1.8085884654081903,2.318275367989143,72.17638852057502
21.75_102.25,preci,JJASO,Yr,2.482198713599971,2.9349541157007786,1.2899874703861562,3.2310585834537795,3.053750015177469,0.2641421244840888,1.6261802263293397,74.3748407198684
21.75_99.25,preci,JJASO,Yr,5.6275671528833335,2.4559386849401004,7.070708698455856,1.149087125389373,0.4306488821778974,5.239280203217905,3.935327448665577,100.6038036455331
21.75_99.75,preci,JJASO,Yr,5.080413455754347,0.6189231269077592,0.3055414353884721,1.430154837144788,0.3629644321601206,0.654131096029388,1.4765667123616557,105.15505395769942
22.25_100.25,preci,JJASO,Yr,3.0823963936315755,0.8624776853797989,2.8950119875320124,3.1139928827715,1.8072603705409491,5.0068998280112,0.6715214898293391,83.00356651405166
22.25_100.75,preci,JJASO,Yr,3.285153280555347,2.7629490628458777,1.1631806789412311,2.992701009963022,1.626682952117647,0.745720203289154,2.883516642544517,80.22580377522218
22.25_101.25,preci,JJASO,Yr,2.868134260152887,2.4166781443091323,0.1664602492456837,3.17475235547897,2.148876076755987,0.3259619850415312,1.3864759001181552,79.72092008614185
22.25_101.75,preci,JJASO,Yr,1.6978773294952338,3.2136191019840035,0.1343349054262527,4.021551792363548,3.5418455872014816,0.8132712708313468,2.003235818517066,81.10628212141864
22.25_102.25,preci,JJASO,Yr,1.3865124296935247,4.7816071420061546,2.336403340700889,4.131204244294486,4.068098582205417,2.4887904860761605,3.595624265522149,79.00158665000066
22.25_99.75,preci,JJASO,Yr,3.900798634223756,1.257831893050099,1.2401644003933785,2.5668874127733234,1.3990676975037764,1.2290864161461958,1.2862701597225854,89.88290483140484
22.75_100.25,preci,JJASO,Yr,1.8796182799492784,1.4416195715293985,0.2860797722846097,3.945148443035259,2.2964237301758894,0.6302712111523862,2.973800218246913,77.59582209948599
22.75_100.75,preci,JJASO,Yr,1.751116586313009,2.7754386555617137,1.4309095552827589,3.718616222336733,2.3774914379235152,2.1484411035997377,1.9047180835900512,79.27082943713754
22.75_101.25,preci,JJASO,Yr,1.3071357647767687,1.1018430241258728,3.715619438742848,3.871611628966886,3.066248486293805,8.502182173617053,0.2101679479067901,86.68115488143604
22.75_99.75,preci,JJASO,Yr,2.9114354828501785,0.8889908546873723,0.0598445888329249,3.4039619451661944,2.040970427798663,1.5217969533932745,0.3646650060751634,87.8282157253418
23.25_100.25,preci,JJASO,Yr,1.8619584904501687,1.9236139353414143,1.3592505143849136,3.230456475183173,1.6289129863228091,0.7311915765045117,2.749411098094299,87.18786366024665
23.25_100.75,preci,JJASO,Yr,1.733294492485819,1.8276865123238808,0.3802323015681615,3.040722783301669,1.691281602985056,1.8681646948547288,1.3470151953603486,84.74613522233567
23.25_99.25,preci,JJASO,Yr,3.648934630906703,0.7611567410922214,0.2712548943570649,2.2936133114752986,1.288712767360345,0.5323484318466272,0.1052333912774146,108.34945333378576
23.25_99.75,preci,JJASO,Yr,2.625262504544108,0.913039289023465,0.1614169872968774,2.7845300829886885,1.5518118842397672,0.1343246469039515,0.214440585653377,101.82370385788084
23.75_100.25,preci,JJASO,Yr,2.135178323289747,1.496262516647973,0.2000698377987555,2.636859964812914,1.088693928206712,1.338094410851343,0.3984285299969137,102.50037082848772
23.75_100.75,preci,JJASO,Yr,2.0457020116298765,0.8898153422483543,0.0839380544388087,2.6489539042789416,1.0923875650662178,0.92386489070204,0.5221740408685549,94.89423672506447
24.25_100.25,preci,JJASO,Yr,2.3205312170641945,0.4795422760181619,0.9728987164391198,2.554755399873163,0.8524380796707821,0.6879020568439365,0.3293357262723312,113.9042918562777
24.25_100.75,preci,JJASO,Yr,2.1179386046659605,0.3328586208325935,1.5719007187627714,2.765464471645261,1.0337898727295758,0.6617124068197656,0.8282877384179375,111.61663652097388
24.25_99.75,preci,JJASO,Yr,3.070522352269281,0.1964698050759132,0.7994714201776105,2.253532559046546,0.7245282947448405,3.283082834805847,0.5820072916561002,103.4647781409299
24.75_100.25,preci,JJASO,Yr,1.9182261426746765,0.1859219188700151,0.517262025951617,1.8226988879977568,0.3555156025636148,0.2265552329197205,0.0457954889480757,103.39068549045032
24.75_99.75,preci,JJASO,Yr,2.478344046308871,0.273267838883072,2.0957962883303187,1.584750764933697,0.0262953842427316,1.8328517650957463,0.1817637596535946,92.42092937959762
25.25_99.75,preci,JJASO,Yr,2.205431987708528,0.0450943928254995,0.946434195497305,1.1352021772858056,0.2423687161081887,1.8641157770389707,0.0443582680724037,96.867435117464
25.75_100.25,preci,JJASO,Yr,0.3013012408316474,0.1497214680936678,1.294305894039327,2.4562681216269486,0.9444251204701152,0.5562975384812375,0.8003079043609294,100.8715000220368
25.75_99.25,preci,JJASO,Yr,3.4299610518688004,3.3892251300522203,2.877662946885561,1.5347742370769304,0.705740147071351,2.447609915421033,0.347605335934568,150.98137376165744
25.75_99.75,preci,JJASO,Yr,1.4522113583132128,1.1742675022291305,4.143655014905786,1.817654958919518,0.0669398583616567,2.428867703583043,0.0415733183148149,115.85760495041998
26.25_99.25,preci,JJASO,Yr,3.459821234355947,6.70420545066885,2.811441186909799,1.9515219818647696,0.9201796105701164,3.330161433087959,1.3461670535374002,181.3406643858139
26.25_99.75,preci,JJASO,Yr,1.0489647257659762,2.4586708989720827,3.598522199907587,2.1588786008963483,0.1064384160724095,2.7435243556434217,0.6524871310345315,141.79411684935454
26.75_99.25,preci,JJASO,Yr,3.563791080767116,6.059710649811188,6.3928767078387,1.577821988652051,1.170650985874982,6.586131330205115,1.2227845747930284,190.6431957350173
27.25_99.25,preci,JJASO,Yr,3.935499638985084,6.52090204758824,2.8709513300493827,1.2478874649065466,1.5075384839577073,4.265954443193537,0.4397402781909949,187.74151381944415
27.75_98.75,preci,JJASO,Yr,2.801119591924835,10.662938121605304,6.278140106325308,1.045191683061056,1.652405289181627,6.301434303428177,1.6055191644622366,177.3628906383747
28.25_98.75,preci,JJASO,Yr,2.685657078607252,15.541322087650984,2.9522166014551194,0.0242555111486293,1.7725852460805376,3.433634210421452,4.653593232825272,137.42218163319902
28.75_98.75,preci,JJASO,Yr,2.792472695278929,8.27654085431809,0.8630300591129243,0.452003060880656,2.0455362904941903,0.7825672685484002,1.6436245062135078,124.48332796779172
29.25_98.25,preci,JJASO,Yr,2.118150133058166,5.376384706178014,0.2726693718104649,1.0871793042591615,0.962691612866275,3.117375146932384,0.969070656259695,93.10901930317466
29.75_98.25,preci,JJASO,Yr,2.032315096643812,4.1288751509165005,0.3361296680227485,1.3050808356793968,0.2758418939210203,0.0307434245561959,1.3095461879251995,71.7036895673271
30.25_97.75,preci,JJASO,Yr,1.820552644007154,6.133606388843149,1.9324073387907856,0.9475176806640468,0.242859650776196,4.78730832887431,2.4795755738809007,83.6932185170329
30.25_98.25,preci,JJASO,Yr,1.848543424196516,3.972342375054697,3.295365542102851,0.6197876173978711,0.4365134643170892,3.665764856384184,1.2095312490031227,72.39904348166348
30.75_97.25,preci,JJASO,Yr,1.801237048079024,2.0201153462251087,3.296374410787569,1.089362709400867,0.6107800106291319,3.514482344571353,0.6891671147835512,94.46219881070856
30.75_97.75,preci,JJASO,Yr,1.8364067187635629,3.213301494984183,2.627741606499176,0.9902333726485144,0.7689900056071031,1.2128216500535869,0.7996484641307552,105.07162309843088
31.25_96.25,preci,JJASO,Yr,1.75727252337951,2.680444249131102,2.6081483994933428,1.1177063896169794,1.025753387072066,2.343944426177923,0.2631825558376907,90.24873867844776
31.25_96.75,preci,JJASO,Yr,1.2886855644705146,1.103671279986192,2.1391718849663635,1.263017055063839,1.0847974187749074,2.196514158215408,0.0265679517916848,75.91692777731924
31.25_97.25,preci,JJASO,Yr,1.6461632187377986,1.1068776869066983,3.1383499798169354,1.279411616504504,1.0518665110239016,3.623629071752391,0.1029096166009441,81.57720721346647
31.75_95.75,preci,JJASO,Yr,2.1959545099774416,2.901616122790215,3.67500505758637,0.4109800344320407,1.1727316003790784,5.8064815976878,2.08891278249005,107.88404487727064
31.75_96.25,preci,JJASO,Yr,1.8674784528042143,2.182044462404092,2.753392913173081,0.636854593545093,1.2074979339066547,3.152843776267175,1.0813018375311545,93.81385759577746
31.75_96.75,preci,JJASO,Yr,1.3845643566657857,0.8525098735508657,1.164996784905403,0.6227777314851247,1.2422968151819909,1.3180481292983042,0.0777394642342047,75.89616193161453
31.75_97.25,preci,JJASO,Yr,1.6462669597276238,1.3379559964746417,1.4891500441745356,0.6327030652067935,1.323811568352734,2.1342945254680425,0.1180391588602396,74.07218585436645
31.75_97.75,preci,JJASO,Yr,1.6738240689414354,2.727138297290613,3.567207496704345,0.9522566580309432,1.405921148361608,3.611432876630981,0.6065127196809369,89.4208234217108
32.25_94.75,preci,JJASO,Yr,2.55390772614825,0.989199541110768,1.7535117055568266,0.0246557855475045,1.2452989566148678,2.928094277097408,0.9889618923761804,114.03371734205194
32.25_95.25,preci,JJASO,Yr,2.576205775389589,1.798157314404886,1.6379969123163685,0.0002746434894038,1.2326423380008622,0.4279449024717138,0.630437144144517,114.00250444405656
32.25_95.75,preci,JJASO,Yr,2.1979516711342746,1.1840148682475946,0.861956266722215,0.0494851730609884,1.216862144124886,0.0644811154199131,0.2114757067442992,105.67976117487088
32.25_96.25,preci,JJASO,Yr,1.9262486744829488,0.45269708815835,2.263206091426144,0.2939140507488076,1.2789645406657737,0.9817851756408136,0.065459604060276,91.16879471616744
32.25_96.75,preci,JJASO,Yr,1.7009982764911424,1.2032892616714084,2.513461925299201,0.1400749029384348,1.2251158952679164,2.6234874515406315,0.1625364508253449,80.28745170231878
32.25_97.25,preci,JJASO,Yr,1.8439176762444849,2.7325823288472244,3.687967541726071,0.0019199173417409,1.280356170317832,3.678170060368809,0.7632254367847495,81.69413524075537
32.25_97.75,preci,JJASO,Yr,1.767112175590718,1.4461890532980235,1.9549274353308863,0.5748221404386563,1.4268596891677805,2.431088413515523,0.4519040335521787,91.84222424262995
32.75_94.75,preci,JJASO,Yr,2.5175370636838847,0.913244642352608,0.0900632335518726,0.2413991631638572,1.069031253333344,0.382584904249419,0.1408098890010894,116.41791498631284
32.75_95.25,preci,JJASO,Yr,2.5473718206426272,0.0164307946978585,2.0286125251832265,0.0887691422492125,1.083474713159874,2.917415930291939,0.389669437708061,116.95023955897396
32.75_95.75,preci,JJASO,Yr,2.3073041105211285,0.3455101030436098,4.478961441992487,0.0523159516259826,1.089847386214884,6.539074702150327,0.0347466683543935,109.082307557619
32.75_96.25,preci,JJASO,Yr,2.148254847672221,0.4892125576158654,3.7072515171753455,0.0707091844410325,1.0492252548827057,3.131351957976583,0.0271379153572985,101.70571004231408
32.75_96.75,preci,JJASO,Yr,1.876282369108628,1.571832031916579,6.535330808934931,0.0982706752780943,1.053634542230834,5.71668000661101,0.4248984207862019,96.07674790826056
33.25_94.25,preci,JJASO,Yr,2.166441371501264,0.2175748743896086,1.678013939347195,0.3580062765467831,0.9695325388220736,1.5867249626670472,0.0681258862930284,107.97989535079124
33.25_94.75,preci,JJASO,Yr,2.274963388233959,0.1535183476001562,1.5116073908363872,0.0206520317090602,0.9508773774695533,2.292659603030573,0.1419267597298112,113.19774139529616
33.25_95.25,preci,JJASO,Yr,2.3958972533605736,1.0895765187074322,4.344296849719027,0.374710967073141,0.9329396856624428,4.062883708248439,0.1081323287553377,115.66210446964855
33.25_95.75,preci,JJASO,Yr,2.3217576775153703,2.27587599242668,5.9378167304426,0.2872064041128925,0.9183715404367804,10.682192314529049,0.9064887555711691,114.67359734533233
9.25_105.25,preci,JJASO,Yr,0.4036021831793753,5.014600628538113,0.3049598757976397,3.0101894269147857,1.1977229884800291,0.281893118154676,0.8794895194531593,131.70101016196725
9.25_105.75,preci,JJASO,Yr,1.0926985836933674,2.7167126146463274,0.5644985325217013,7.886263490621859,1.2249693594678095,1.147888660928215,1.3430082168249815,136.1853013771715
9.75_105.25,preci,JJASO,Yr,0.7784419786066815,2.2653333406888865,0.0898215543102071,14.219360724995065,0.0082346023403413,1.1348955058210275,0.4020352503096584,154.45488884952908
9.75_105.75,preci,JJASO,Yr,1.37172355867175,3.300584215631072,0.7818787994528383,12.42664185587968,0.1164217899332324,0.8651071764028333,1.3936934101423384,131.0157734095227
9.75_106.25,preci,JJASO,Yr,1.9026369500047204,2.4853941987243897,1.1032048124662408,8.673857452892172,0.3377325835183368,1.3184901929752129,0.0644797833649235,128.0646580197223
10.25_104.75,temp,All,Day,0.4313801338606632,1.3730444934590813,0.3293298600547611,0.9157608001216916,,0.3712386674779434,0.2215593246121083,0.3539326893824155
10.25_105.25,temp,All,Day,0.501535594767265,1.359163446912078,0.6190581837541831,1.489936796470946,,0.5796774414359599,0.5547303772436872,0.3105647246729541
10.25_105.75,temp,All,Day,0.5054449345908123,1.558300197748707,0.8120059324612109,1.7010962123516884,,0.804835488287192,0.3362514450867052,0.3725012169151201
10.25_106.25,temp,All,Day,0.562449650136903,1.5177574536051108,0.8594661545482203,1.7045034225737756,,0.7736903711591117,0.1042709157286279,0.4740910404624278
10.25_106.75,temp,All,Day,0.3776391846668694,1.0280098113781564,0.572793352601156,1.271493611195619,,0.7607672649832675,0.1861626102829327,0.6060517188926072
10.75_104.75,temp,All,Day,0.9243836324916336,1.4566607849102524,0.3647675692120474,1.832308411925768,,0.2677249011256464,0.4973394432613325,0.9894430711895346
10.75_105.25,temp,All,Day,0.9218795254031033,1.343842105263158,0.5512663522969272,2.0991587313659874,,0.4614189990873136,0.6690333130514147,0.7860363553392151
10.75_105.75,temp,All,Day,0.6937672649832675,1.220591877091573,0.6230388652266504,2.1224605263157894,,0.5677562366899909,0.783100319440219,0.7256426072406451
11.25_104.25,temp,All,Day,1.1522966230605416,1.153485549132948,0.6031308183754183,2.6239339823547305,,0.3010104198357164,0.9448691055673866,1.3654798752662
11.25_104.75,temp,All,Day,1.168178125950715,1.3430955278369334,0.5836418466686949,2.6708216458777003,,0.3082033008822634,0.9404085792515972,1.3679179114694249
11.25_105.25,temp,All,Day,0.9912560085184058,1.1857604198357166,0.6234262245208397,2.631563279586249,,0.5161550045634317,0.8029703376939459,1.019373585336173
11.75_104.25,temp,All,Day,1.275222239123821,0.6734670672345604,0.6506105871615454,3.300197520535443,,0.4603635533921508,1.4639922345603893,1.6188157058107695
11.75_104.75,temp,All,Day,1.291114998478856,1.0754146638271982,0.7610365835108002,3.115885990264679,,0.505149756616976,1.2311348494067538,1.2540627928202008
11.75_105.25,temp,All,Day,0.9899799209005172,0.980314192272589,0.6735436568299361,2.9917684058411926,,0.4924866139336781,1.0041726498326742,1.0154219577121997
12.25_103.25,temp,All,Day,0.4603933678125951,0.5918446151505933,1.0274261484636449,2.296848722239124,,0.4539329175540006,1.0626618268938242,0.7387636902951019
12.25_103.75,temp,All,Day,1.070272284758138,0.2077054304837238,0.3824020383328263,3.727422497718284,,0.3057065713416489,1.6184181624581686,1.802844463036203
12.25_104.25,temp,All,Day,0.6915597809552784,1.2715181776696074,0.8796690751445086,3.1410594767264985,,0.6423608153331305,0.9892632795862488,0.8318183297839976
12.25_104.75,temp,All,Day,1.071206875570429,1.028484864618193,0.5120334651658047,3.288985625190143,,0.3551324916337086,1.2425848265895951,0.9443258290234255
12.25_105.25,temp,All,Day,0.7998261332522056,0.8611061758442349,0.6230205354426529,3.3221747794341345,,0.5655092029205963,1.085150258594463,1.14519405232735
12.25_105.75,temp,All,Day,0.8209170976574384,0.8594398387587466,0.752264374809857,3.526969501064801,,0.6758499391542441,1.036931632187405,1.575700136902951
12.25_106.25,temp,All,Day,0.618393215698205,1.3987857468816551,1.179256845147551,3.34674421965318,,1.1218259811378155,0.6416151505932461,1.5107350167325828
12.25_106.75,temp,All,Day,0.1359043200486766,1.5193856860358992,1.6581473227867356,3.1673722239123823,,1.8657900821417703,0.2919221174323091,1.1459211819288104
12.25_107.25,temp,All,Day,1.3720851840584118,0.8292734256160633,1.6799265287496197,1.6757433297839974,,2.16496630666261,0.76182469577122,0.0440496045025859
12.25_107.75,temp,All,Day,0.7493208092485549,0.3309503346516581,2.0274320048676606,1.797620254031031,,2.049177365378765,0.2216270611499848,1.540106829936112
12.25_108.25,temp,All,Day,1.673235320961363,0.218882423182233,1.4748402798904776,1.0879952616367508,,1.9256752357773044,0.2800970185579556,1.0662350547611803
12.75_102.75,temp,All,Day,0.0430730149072102,1.1347699269850928,0.5369698813507757,3.237879373288713,,0.0656228323699422,0.7886200486766047,1.3491966686948584
12.75_103.25,temp,All,Day,0.6406373592941893,1.144273501673258,0.971664968055978,4.080536340127776,,1.0617677973836324,0.6773790690599331,1.751025821417706
12.75_103.75,temp,All,Day,0.8633383024034074,1.56796478551871,1.4646772132643748,4.003048456038941,,1.3170512625494373,0.562574741405537,1.418170246425312
12.75_104.25,temp,All,Day,0.6961674779434134,1.4988054456951627,1.0944247794341344,3.805754335260116,,0.8714974140553696,0.8679211515059325,1.108696554609066
12.75_104.75,temp,All,Day,0.8287884088834804,1.2107835412229997,0.7083738211134774,3.570686644356556,,0.6223188317614846,1.1608325829023425,1.292439420444174
12.75_105.25,temp,All,Day,0.7476212351688469,0.6248331305141467,0.7403629449345908,3.895586172801947,,0.6359691207788256,1.3418851460298142,1.7273535746881656
12.75_105.75,temp,All,Day,0.6631376635229692,0.5810721782780651,0.7055907362336477,4.042080468512321,,0.8029974901125646,1.238230613020992,1.9116938165500457
12.75_106.25,temp,All,Day,0.6091323395193186,1.2130364313964102,0.9885155917249772,3.801703529053849,,0.9310292820200792,0.9690662306054152,2.0170153179190757
12.75_106.75,temp,All,Day,0.0036887739580164,1.4585539245512624,1.280686111956191,3.478211872528141,,1.3145234256160632,0.4394051718892607,1.4979148387587464
12.75_107.25,temp,All,Day,0.4362683297839975,1.63796372071798,1.3931893063583811,3.1578330544569515,,1.1283565561302098,0.2134880285975053,1.2229377928202008
12.75_107.75,temp,All,Day,0.3507849102525098,1.238122680255552,1.035799285062367,3.736858967143292,,0.9814825068451476,0.6500322634621235,2.402155430483724
12.75_108.25,temp,All,Day,0.3993192881046547,0.9965343017949498,1.3467442196531791,2.935656616975966,,0.618192957103742,0.8425656525707332,2.0456006616975966
13.25_102.75,temp,All,Day,0.8731651962275632,1.0967239884393063,0.5605535442652875,4.22872409491938,,0.9858944326133252,0.8212951779738364,2.1154660328567085
13.25_103.25,temp,All,Day,0.6067144812899301,1.6705604654700337,1.0791248098570123,3.996200988743536,,1.0115758290234256,0.5850860130818375,1.5250388804380897
13.25_103.75,temp,All,Day,0.299085792515972,1.5149688165500457,1.0711982811073928,3.572307453605111,,1.0673749619714024,0.4933932993611195,1.1262117432309098
13.25_104.25,temp,All,Day,0.124450258594463,1.3662758594463036,0.8678705506540919,3.568159849406754,,0.8069073623364771,0.7835849710982659,1.2521022969272892
13.25_104.75,temp,All,Day,0.3836881655004563,1.1310693641618497,0.7732412534225739,3.730049665348342,,0.7062798904776392,1.1100573395193185,1.7067421128688771
13.25_105.25,temp,All,Day,0.5118457560085184,0.6755029662306054,0.952929038637055,4.134651110435048,,0.7825589443261332,1.445963888043809,1.9915480225129296
13.25_105.75,temp,All,Day,0.3915526315789474,0.5226537115911165,0.8466294493459081,4.158221402494676,,0.999164891998783,1.2901510039549742,1.8650478323699424
13.25_106.25,temp,All,Day,0.4240413751140857,1.068771676300578,0.7943875114085792,3.933375737754792,,0.814099558868269,1.0413241785822938,1.791487610282933
13.25_106.75,temp,All,Day,0.2314613629449345,1.437851460298144,1.2728503954974142,3.688786256464861,,1.1163964861575906,0.6010901886218436,1.5018618421052632
13.25_107.25,temp,All,Day,0.4599593854578643,1.9505420596288408,1.5455254791603286,3.8667350851840574,,1.4168804380894433,0.3845559628840889,1.7546902038332826
13.25_107.75,temp,All,Day,0.6744274414359598,1.7269736842105263,1.3127686340127775,3.841532742622452,,1.6861759202920596,0.4596324459993915,2.0339923562519013
13.25_108.25,temp,All,Day,0.7638795254031031,2.229223988439306,1.8876874809857007,2.4214821874049286,,1.2428398235473077,0.1426341420748402,0.6984839823547307
13.75_102.75,temp,All,Day,0.709941892303012,0.9857582141770612,0.4427362336477031,4.558442827806511,,0.4393477334955887,1.166773767873441,2.635287853665957
13.75_103.25,temp,All,Day,0.3311365987222391,1.3916624581685428,0.8097128080316399,4.0482320200791,,0.782693413446912,0.8889893748098571,2.0889695086705204
13.75_103.75,temp,All,Day,0.088950410708853,1.4737854426528751,1.0648159415880742,3.66396051871007,,1.0626491481594158,0.7178409111651962,1.7009003726802554
13.75_104.25,temp,All,Day,0.2961029814420444,1.4085840432004866,1.167592029205963,3.531767843017949,,1.173757225433526,0.6567652418618801,1.6933845908122906
13.75_104.75,temp,All,Day,0.1701302099178582,1.2196751597201096,1.0696553087922116,3.69230549132948,,0.959736309704898,1.1341868877395802,2.127300897474901
13.75_105.25,temp,All,Day,0.5108250684514756,0.8497334195314877,1.055792439914816,4.185458632491634,,0.961900441131731,1.5623746577426223,2.3019508138119864
13.75_105.75,temp,All,Day,0.4505188621843626,0.6799042439914815,0.9379654700334652,4.190043519926985,,0.9033810465470034,1.3513911773653786,1.9723074612108304
13.75_106.25,temp,All,Day,0.632899148159416,0.9632592789777912,0.6987554000608457,4.164877631578947,,0.788564876787344,1.1799209233343475,1.791227989047764
13.75_106.75,temp,All,Day,0.490250228171585,1.261408198965622,1.017158655308792,4.042984233343474,,0.9463742013994524,1.0169694706419228,1.4736913599026469
13.75_107.25,temp,All,Day,0.284156982050502,1.6458265135381809,1.056014298752662,3.882330118649224,,1.3265514907210223,0.5909970641922726,1.5558662153939762
13.75_107.75,temp,All,Day,0.1188261332522056,1.5279599939154245,0.8969476726498327,3.266015302707636,,1.0693297839975662,0.5050363097048981,1.6554815789473682
14.25_102.25,temp,All,Day,0.1536489199878308,0.3209981594158807,0.3355977563127472,3.4575636522665043,,0.7481756921204745,0.7723640477639184,1.7436679647094615
14.25_102.75,temp,All,Day,0.2774490416793428,0.1572157058107697,0.4672112868877396,4.229546836020687,,0.4650344539093398,1.1391094158807422,2.25667775327046
14.25_103.25,temp,All,Day,0.3579697292363857,0.7740838910860968,0.6580658655308792,4.203872178278066,,0.6412092333434743,1.0686668086400974,2.412111530270764
14.25_103.75,temp,All,Day,0.198221934895041,0.7994470641922726,0.8029714785518711,3.930268055978096,,0.7280412229996958,1.099088766352297,2.333268611195619
14.25_104.25,temp,All,Day,0.0249272893215698,0.7129764983267417,0.9216623821113478,3.574152304533009,,0.8884510191664131,0.996061340127776,2.01182728171585
14.25_104.75,temp,All,Day,0.4704949802251293,0.783200714937633,0.8150953757225433,3.7181179190751448,,0.7658808944326133,1.4044529510191663,2.383236035898996
14.25_105.25,temp,All,Day,0.3777731974444783,0.5647421356860359,0.9529606023729844,3.672622687861272,,0.9077722087009432,1.2860650973532095,2.0079513386066323
14.25_105.75,temp,All,Day,1.1358535138424095,0.919565333130514,0.6742937328871311,4.133177418618802,,0.6137461971402495,1.4640148083358684,2.32024482050502
14.25_106.25,temp,All,Day,1.4465088226346212,0.6679463872832371,0.4904469120778825,4.4542796927289325,,0.4440505019774871,1.6185741253422572,2.1748256312747185
14.25_106.75,temp,All,Day,0.5225664739884393,1.240156647398844,0.9905103437785214,3.580802121995741,,1.0629968816550046,0.9224660024338304,1.1680733571645878
14.25_107.25,temp,All,Day,0.7360130818375419,0.8326477487070276,0.4783818831761484,3.5432948737450563,,0.6876381198661394,1.141355673866748,1.8307142911469427
14.25_107.75,temp,All,Day,0.4966784301794949,0.2733098570124734,0.0093192881046546,3.3678936340127774,,0.1973455278369333,1.2422684666869486,2.4721181609370246
14.25_108.25,temp,All,Day,0.7819726194097962,0.1970056282324308,0.4342091040462428,1.9447157438393672,,0.3067503270459386,0.4911307042896258,1.3743580468512322
14.75_101.75,temp,All,Day,0.1345103437785214,0.4940924475205355,0.5195895421356861,3.4888667706115,,0.2132806206267113,0.9538061378156372,2.030861560693641
14.75_102.25,temp,All,Day,0.7467337998174628,0.4664605263157895,0.5301792820200791,4.524389739884393,,0.1761301566778217,1.274421919683602,2.735601871006997
14.75_102.75,temp,All,Day,0.4654802251292972,0.5319876026772132,0.5590791222999696,4.412770953757225,,0.3719544645573471,1.256560762093094,2.503790637359294
14.75_103.25,temp,All,Day,0.2250669303316093,0.6165766656525707,0.7044037115911165,4.1249051642835415,,0.5127842257377547,1.1850484940675388,2.4132721706723457
14.75_103.75,temp,All,Day,0.0957754791603286,0.6760841953148768,0.961722315181016,3.7462691055673862,,0.7795651049589291,1.0833988819592333,2.3175301110435047
14.75_104.25,temp,All,Day,0.288749771828415,0.5474740721022209,0.8547016276239733,3.63056813964101,,0.7024286583510799,1.17867088530575,2.25683903255248
14.75_104.75,temp,All,Day,0.4536216915120171,0.6481931928810466,0.6595229692728932,3.532534172497718,,0.5084604502585944,1.2092548068147246,2.2015940447216304
14.75_105.25,temp,All,Day,0.7430030422878005,0.5020102677213265,0.3858757225433525,3.69429421204746,,0.2173259811378156,1.173760807727411,2.3069918999087315
14.75_105.75,temp,All,Day,1.2979691207788258,0.5631294341344691,0.1953246881655004,4.400257103742014,,0.1971277760876179,1.732890348341953,2.6435713036203223
14.75_106.25,temp,All,Day,1.512800273805902,0.4075411393367812,0.1297970033465165,4.901200403103133,,0.0563894128384544,2.5599541527228475,2.610063576209309
14.75_106.75,temp,All,Day,1.3304262245208396,0.3567941131731061,0.1811477030727107,4.611695117128081,,0.2198320657134165,2.1295579403711598,2.8038599026467903
14.75_107.25,temp,All,Day,1.526693033160937,0.2404159796166717,0.0100728551871006,4.589435260115607,,0.5324672193489504,1.909538606632188,3.498352611804077
14.75_107.75,temp,All,Day,0.39392850623669,0.6542671585031944,0.3377907514450867,3.029670444174019,,0.3031495360511104,1.4689858989960451,2.332542533465166
14.75_108.25,temp,All,Day,1.6031498326741709,0.0279561910556738,0.5043916261028294,1.593464648615759,,0.0754728551871007,0.6720764298752662,0.8992806540918771
15.25_101.75,temp,All,Day,0.058228780042592,0.859371661089139,0.6783477030727108,4.377732141770611,,0.4718860435047156,1.0054781335564345,2.5506882111347737
15.25_102.25,temp,All,Day,0.4936384240949193,0.9372725129297232,0.7951518329783998,4.818248874353514,,0.6487024490416794,1.0877881959233344,2.666961598722239
15.25_102.75,temp,All,Day,0.17157240644965,0.9664660784910252,0.7655271067843018,4.505182537268025,,0.5652266580468512,1.0749659491937935,2.0731122528141164
15.25_103.25,temp,All,Day,0.1382225433526011,0.8595495132339519,0.804906753878917,4.298192097657438,,0.6532476118040768,1.0751211667173717,1.9020469425007605
15.25_103.75,temp,All,Day,0.0974893519926985,0.927243611195619,0.889229008214177,4.055244341344691,,0.7549940523273502,0.9586152722847582,2.064303224825069
15.25_104.25,temp,All,Day,0.3238904776391846,0.8874411317310616,0.7341915880742318,4.035455476118041,,0.6185614313964101,1.0878325524794643,2.2863507529662304
15.25_104.75,temp,All,Day,0.6197391238211135,0.8072366899908732,0.524821113477335,3.978099870702768,,0.4501264831153027,1.2346852677213265,2.4462003194402198
15.25_105.25,temp,All,Day,1.030521904472163,0.8395593246121082,0.3134343626407058,4.178467455126255,,0.1889970337693945,1.446225076057195,2.678385792515972
15.25_105.75,temp,All,Day,1.668750532400365,0.1007886598722239,0.131278597505324,4.999533328262854,,0.0429059933069668,1.9588029053848492,3.0113373136598724
15.25_106.25,temp,All,Day,1.192157286279282,1.0597353437785215,1.4590621083054456,2.0906731289930027,,1.8603050121691516,0.0998638119866139,0.1002196988135077
15.25_106.75,temp,All,Day,1.4944386979008215,0.8915813355643444,1.048072269546699,4.796878856099787,,0.91211539397627,2.056963766352297,3.277555617584424
15.25_107.25,temp,All,Day,0.033971858837846,0.4860937937328871,0.9456813659872224,2.966570261636751,,1.0913741709765743,1.0236759431092182,1.9528016035138425
15.75_101.75,temp,All,Day,0.3076524186188013,0.5127026620018255,0.7643094767264983,4.735977023121388,,0.6314937480985702,1.1917540766656525,2.595886355339215
15.75_102.25,temp,All,Day,0.528614085792516,0.9324190751445086,0.7531258746577426,4.844867584423486,,0.6672133860663219,1.0229406069364162,2.354115181016124
15.75_102.75,temp,All,Day,0.1351159111651962,1.1831579099482812,0.8295486842105263,4.467458198965622,,0.6670008138119865,1.0279495360511104,1.7707737906905994
15.75_103.25,temp,All,Day,0.1086623060541527,1.0965432917554,0.8529559400669303,4.310185115606936,,0.6895401201703681,1.111819158807423,1.7454464937633098
15.75_103.75,temp,All,Day,0.1608869790082142,1.1327897094615151,0.8759513994523882,4.233785244904168,,0.7456356023729844,1.069520200790995,2.083194645573472
15.75_104.25,temp,All,Day,0.388228475813812,1.0830560009126864,0.7756690751445087,4.193595984180104,,0.6526158351080013,1.083285731670216,2.376979647094615
15.75_104.75,temp,All,Day,0.6546979008214178,0.8715270687557043,0.572057575296623,4.17876555369638,,0.4974161089139032,1.1482604806814725,2.421262633100091
15.75_105.25,temp,All,Day,1.0758068147246729,0.7189189230301186,0.2663813507757834,4.409109050806206,,0.2246780498935199,1.3699254563431702,2.461353331305141
15.75_105.75,temp,All,Day,1.3704055369637969,0.8415132947976879,0.4729434134469121,4.9155721326437485,,0.3559095679951324,1.670645946151506,2.5876669455430483
15.75_106.25,temp,All,Day,2.231661849710983,0.284443200486766,0.2276772132643747,5.506191215393977,,0.0823017797383632,2.4115892531183447,3.529421836020688
15.75_106.75,temp,All,Day,0.9103818071189536,0.5070552783693337,0.8501616139336782,4.620269622756313,,0.4106862716763005,1.942647147855187,3.2923415835108
16.25_101.75,temp,All,Day,0.656614085792516,0.3902519014298752,2.0386761484636446,4.39799740644965,,1.9081312442957103,1.090689861575905,1.8393524490416795
16.25_102.25,temp,All,Day,0.3654627319744447,0.9050537420139946,0.5289162914511712,4.920599870702768,,0.4592917173714633,1.1418213112260418,2.125586264070581
16.25_102.75,temp,All,Day,0.1551796470946151,1.149089450867052,0.6452948889564952,4.589693481898387,,0.4826757073319135,1.0720248630970488,1.6992349254639487
16.25_103.25,temp,All,Day,0.129836172801947,1.118402007909948,0.7478482963188318,4.385213454517798,,0.587789116215394,1.074720809248555,1.7955875266200183
16.25_103.75,temp,All,Day,0.1117678734408274,1.1473568679647097,0.7365660176452693,4.301100540006084,,0.5638122756312748,1.052681137815637,2.3756361804076667
16.25_104.25,temp,All,Day,0.1305743839367204,0.9191704669911774,0.6356202464253119,4.079120139945239,,0.5647501521143901,1.049665104958929,2.362725114085793
16.25_104.75,temp,All,Day,0.5514090355947673,0.8182578186796472,0.472671204745969,4.196442957103742,,0.4570830848798296,1.090606107392759,2.111436712808032
16.25_105.25,temp,All,Day,1.2619733799817463,0.6489336629145117,0.4027187404928506,4.7102041983571645,,0.2528420139945239,1.425899954365683,2.2084686416184973
16.25_105.75,temp,All,Day,1.4572636142379067,0.9946231289930026,0.5732481746273197,4.904227912990569,,0.6024507453605111,1.3891639717067237,2.444172201095224
16.25_106.25,temp,All,Day,1.0514015819896565,1.0195553087922118,0.4182101840584118,4.328583571645878,,0.8603959537572253,1.2415186872528143,2.3539153179190757
16.25_106.75,temp,All,Day,0.6135632795862489,0.5874483495588683,0.22169679799209,2.9150667934286583,,0.010228688773958,0.7718320657134166,1.2134837161545482
16.25_107.25,temp,All,Day,0.7463428658351079,0.095268246121083,0.4503344995436568,2.8915897474901127,,0.1408157742622452,0.968522528141162,0.9460247946455734
16.75_101.75,temp,All,Day,0.4486362944934591,0.8480694782476422,1.7482213568603588,4.775226437480986,,1.5538066397931245,0.8897856023729844,1.5210710161241254
16.75_102.25,temp,All,Day,0.9153732887131122,0.8266115759050807,0.1607141010039549,5.285170383328262,,0.1494423334347429,1.3888630970489808,2.0928372155460906
16.75_102.75,temp,All,Day,0.3832433830240341,0.9520422649832674,0.4780437328871311,4.674606875570429,,0.256849619714025,1.2742452160024338,1.6606837617888652
16.75_103.25,temp,All,Day,0.2396121083054457,0.8967664968055978,0.6214619637967752,4.35193048372376,,0.4388216839062975,0.9641409491937938,1.70053978551871
16.75_103.75,temp,All,Day,0.0341884697292363,0.7496407058107697,0.6169095984180104,4.040960533921509,,0.4879639412838454,0.9957266352296928,2.125903780042592
16.75_104.25,temp,All,Day,0.080707636142379,0.8535721554609066,0.7879283465165804,3.757775509583207,,0.7261484332217828,1.0361410328567082,1.894841283845452
16.75_104.75,temp,All,Day,1.003122299969577,1.020792196531792,0.6851620854882872,4.383526080012169,,0.4592471250380286,1.3793319135990263,2.0768886066321874
16.75_105.25,temp,All,Day,1.451936111956191,0.8788945390933983,0.6674631122604199,4.832016808640097,,0.5432085336172802,1.4724029053848493,2.291211073927593
16.75_105.75,temp,All,Day,1.397907058107697,1.18387042896258,0.8700693641618498,4.707771676300578,,0.8599587009431091,1.3127769698813507,2.4397005095832065
16.75_106.25,temp,All,Day,0.0020039549741405,1.270705536963797,0.8689663675083663,3.6404566626102826,,0.6375741557651354,0.896242926680864,1.7425663979312442
17.25_101.75,temp,All,Day,0.103043200486766,0.8405555902038333,0.127800593246121,5.570376049589291,,0.0178636979008214,1.2352672269546698,1.6992135868573166
17.25_102.25,temp,All,Day,0.7117701551566777,1.207521706723456,0.6929971098265896,5.212559484332218,,0.564893261332522,1.2012440447216308,1.438320304989352
17.25_102.75,temp,All,Day,0.4200328567082446,1.0998258898691815,0.6987781183449955,4.575913028597506,,0.5166081381198662,1.3310358305445695,1.2032515150593246
17.25_103.25,temp,All,Day,0.4770473075752966,0.7909371767569212,0.5810704974140555,4.321009720109522,,0.4409012093094007,1.0291988819592333,1.3141570839671433
17.25_103.75,temp,All,Day,0.3848579251597201,0.7221258898691817,0.6673958624885914,4.075281502890173,,0.4603878688773958,1.0377364466078491,1.5757718322178276
17.25_104.25,temp,All,Day,1.0295620626711288,0.9117689990873136,0.7676667782172193,4.291336484636447,,0.5957422801947064,1.1864255247946456,1.9602225943109215
17.25_104.75,temp,All,Day,1.7482193489504108,1.2562716915120171,0.7798190295101917,4.715264998478856,,0.66515365835108,1.3809299741405536,2.423760747642227
17.25_105.25,temp,All,Day,1.4593541222999695,1.0860226270155156,0.7725769318527533,5.018481966839063,,0.8329799817462732,1.286769759659264,2.6773923410404623
17.25_105.75,temp,All,Day,0.5119210526315789,0.8619524110130818,0.6576102981442045,4.3698654472163065,,0.806670717979921,1.0544228551871009,2.2997108305445697
17.25_106.25,temp,All,Day,1.166155917249772,1.5720908046851232,1.4081475053240038,2.4824919455430483,,0.8795484712503803,0.2006229160328567,0.7657945314876787
17.75_101.25,temp,All,Day,0.0155094310921813,1.2718408351080013,0.5516030346820809,5.136720908122908,,0.3607725205354427,0.9755957864313964,1.282430388933678
17.75_101.75,temp,All,Day,0.485229084271372,1.423341603285671,0.6623119181624582,5.573934796166718,,0.6535345071493764,0.7989161165196228,1.288511569820505
17.75_102.25,temp,All,Day,0.6293851536355339,1.875639663827198,0.9565741405536964,5.021703491025251,,0.7676782324307879,0.8220508777000305,0.9281494470641922
17.75_102.75,temp,All,Day,0.7144023425616063,1.744622178278065,0.9117503422573776,4.791978369333739,,0.6878532248250685,1.0332201475509584,1.0403393968664436
17.75_103.25,temp,All,Day,0.8342249771828415,1.2818673258290234,0.752478612716763,4.466702228475814,,0.6002057651353818,0.7872156753878917,0.9309525098874354
17.75_103.75,temp,All,Day,1.0349978703985396,1.3390745892911469,0.7233445999391542,4.478022117432309,,0.5823637739580164,0.6697434134469121,1.3981523106175844
17.75_104.25,temp,All,Day,1.469091268634013,1.3609639564952845,0.9455272436872528,4.906997834651658,,0.9255523501673258,1.023888751140858,2.1824002989047764
17.75_104.75,temp,All,Day,0.997199878308488,0.8896371767569212,0.7700888271980529,4.529717366899909,,0.868003597505324,1.2172427821721934,2.2055000623669
17.75_105.25,temp,All,Day,0.417621387283237,0.71176722695467,0.9051804761180408,3.594798885609978,,0.8763613477334955,0.8994585792515972,1.479068752662002
18.25_101.25,temp,All,Day,0.0643087922117432,1.700139268329784,0.4703294873745056,4.9609971600243385,,0.6486733799817463,1.075753749619714,0.9052055841192576
18.25_101.75,temp,All,Day,0.7191484636446608,1.686761842105263,0.5571706114998478,5.533584355643444,,0.7073924094919378,0.904393691055674,1.264465819896562
18.25_102.25,temp,All,Day,1.0505950714937633,2.202560047155461,1.141295930940067,5.535100644965014,,0.9352194934590812,0.7057788865226651,1.491768250684515
18.25_102.75,temp,All,Day,0.7688437785214481,1.6629474140553695,0.9677921128688772,4.962474636446608,,1.077152395801643,0.6197551414663828,1.1141165956799517
18.25_103.25,temp,All,Day,1.3538443869790082,1.7273876331000912,0.5999149756616976,5.202716641314269,,0.2246779053848494,1.138945991785823,1.5422233168542745
18.25_103.75,temp,All,Day,1.834042439914816,1.7652325981137815,0.7503790918770916,5.510830886826894,,0.5449565789473685,1.1108708320657137,2.270771950867052
18.25_104.25,temp,All,Day,1.050503650745361,1.255397284758138,0.7960388652266503,4.937140661697597,,0.8655881198661394,0.9473481137815636,2.0010848539701858
18.25_104.75,temp,All,Day,0.190042789777913,0.3205491253422574,0.134078734408275,3.790233035442653,,0.2037009050806206,1.0912280042592029,1.1475389447064193
18.25_105.25,temp,All,Day,1.3106813811986615,0.6436692044417401,0.8298613249163371,2.204287026924247,,0.0086532400365074,0.4311495740797079,0.1574056480073015
18.75_101.25,temp,All,Day,0.5289523577730454,0.8379576133252207,0.2162357392759355,3.9266070383328255,,0.509667668086401,0.916745915728628,0.1976502760876178
18.75_101.75,temp,All,Day,1.2335453605111044,1.1872557879525405,0.2641395345299665,5.440387592485549,,0.2719350699726194,0.9659848037724368,1.3294948235473074
18.75_102.25,temp,All,Day,2.0384328871311226,1.5383582065713417,0.5884219805293581,6.078303632187405,,0.2888622071797992,1.4948114998478854,2.2045116595679954
18.75_102.75,temp,All,Day,1.2990767417097655,0.7437796090660176,0.0940710678430179,5.085140546851232,,0.2068998554913295,1.2617343778521448,1.288624634164892
18.75_103.25,temp,All,Day,0.3232724825068451,0.2873764831153026,0.4619728095527837,3.497147387359294,,1.289167576817767,0.1059380133860662,0.0932023349558868
18.75_103.75,temp,All,Day,2.2126528293276544,1.040357331913599,0.3184914055369637,6.028131689230301,,0.2751889564952844,1.7071405004563431,2.7609155864009733
18.75_104.25,temp,All,Day,0.6147440371159112,0.6175837465774262,0.0530713416489199,4.509637821341649,,0.2527821950106479,1.0913452616367507,1.473912710602373
18.75_104.75,temp,All,Day,1.2549118801338606,0.9518931928810466,0.7344026391846669,2.66103670254031,,0.2821339823547307,0.1844515150593246,0.1720578319896562
19.25_101.25,temp,All,Day,1.349135184058412,0.9474383176148464,1.3966716991177366,3.3196351194554303,,1.4548555521752358,0.8360886203224825,0.8568133201247338
19.25_101.75,temp,All,Day,1.1217255704289626,0.7524099939154245,0.3508913827198053,5.69805013340432,,0.3447478247642227,1.3390127167630057,1.4675167561606328
19.25_102.25,temp,All,Day,0.2679737450562823,1.0523351384240949,0.7470635609978704,4.242690230453301,,0.7182084955886827,0.8038470717979921,0.1248955118649224
19.25_102.75,temp,All,Day,0.7923507301490721,0.1466515972010952,0.5037963188317615,3.464692951323395,,0.806085412229997,0.7917421737146334,0.2249472665044113
19.25_103.25,temp,All,Day,0.9260905993306968,0.3326471455734712,0.0042179578643139,3.432565863857621,,0.2133880057803468,1.1295009027989047,0.3191232423182232
19.25_99.75,temp,All,Day,0.4515891390325524,1.9792422497718285,1.7686801490721022,3.907078232430788,,1.46691661849711,0.5499476726498327,0.5120427061149985
19.75_100.25,temp,All,Day,0.3449472163066626,2.2725963644660783,1.3101736537876485,4.624103401277761,,1.4778170216002435,0.614356282324308,0.3088730377243687
19.75_100.75,temp,All,Day,0.1484315485244904,1.6364481061758442,1.102964283541223,4.859590744599939,,1.1666735549132947,0.9187303620322482,0.2324340371159111
19.75_101.25,temp,All,Day,0.2018487982963188,0.5081369714024947,0.5820691435959842,5.172185509963493,,0.6218588986918162,1.6034012579860055,0.6099925114085792
19.75_101.75,temp,All,Day,1.1974600547611804,1.0641950030422878,0.547764283541223,5.912226697520536,,0.6200265667782172,1.5196510495892912,1.2972103863705506
19.75_102.25,temp,All,Day,1.103086218436264,0.6682355034986309,0.3201155765135381,5.450921631426834,,0.3157395345299665,1.453817693185275,0.9264945794037116
19.75_102.75,temp,All,Day,0.6271448128993004,0.8455619105567387,0.5032649072102221,4.61394673436264,,0.630814602981442,1.3680653643139642,0.5118044027836933
19.75_103.25,temp,All,Day,0.3203129601460298,0.8893288766352296,0.8975224330696684,4.035870586864922,,1.0716107392759355,1.1595406317310617,0.7059780301947065
19.75_99.25,temp,All,Day,0.0151134925463948,1.280913477334956,0.9516560085184058,3.961270558259812,,1.0354687709157286,1.1578269272893216,0.4620970185579556
19.75_99.75,temp,All,Day,0.3099184666869485,2.261064899604502,1.5278008898691815,4.386892256616976,,1.418870794037116,0.675239268329784,0.6077374961971402
20.25_100.25,temp,All,Day,1.6056703681168238,1.983967820200791,1.045709666869486,5.846695559780955,,1.2693048448433222,1.0960842257377548,0.935017013994524
20.25_100.75,temp,All,Day,0.9294595375722544,1.3905016124125342,1.1566962123516884,5.728651711591116,,0.8910715089747491,1.5521286203224824,0.5808177669607545
20.25_101.25,temp,All,Day,0.4365704137511409,1.2129205050197749,0.8357029358077275,5.327044420307271,,1.0682671585031944,1.4542986210830544,0.5075241732582902
20.25_101.75,temp,All,Day,0.1422821265591725,1.3385872604198357,1.4371656297535746,4.665812785488288,,1.458543945847277,0.9651233929114694,0.0388305371159111
20.25_102.25,temp,All,Day,1.4976221934895042,1.5994071265591725,0.7222837009431092,5.531945950714937,,0.596471874049285,1.5924072326589596,0.8935321443565561
20.25_102.75,temp,All,Day,0.9247263005780348,2.001551939458473,1.1062077806510495,4.699225825038028,,0.957496052631579,0.7637691139336781,0.27099341458777
20.25_103.25,temp,All,Day,0.1487341648919987,2.263218938241557,1.7887691055673869,3.453371150555218,,1.074168433221783,0.7030897239123821,0.2910256192576818
20.25_99.25,temp,All,Day,0.3779564952844538,1.232706419227259,0.5322648843930635,3.571978164739884,,0.7571353285670824,1.0168081145421357,0.2126783236994219
20.25_99.75,temp,All,Day,0.7257973379981747,2.1192566550045635,1.221426642835412,4.731624537115911,,0.8716272208700944,0.8925319744447826,0.5079344310921813
20.75_100.25,temp,All,Day,0.6667517188926073,1.770249513233952,1.1884474749011258,5.086813203909339,,1.5277346288408884,0.770510640401582,0.3899150479160328
20.75_100.75,temp,All,Day,0.5176300730149072,1.53929253118345,1.1138608609674476,5.3075069806358375,,0.9285172497718284,1.5528557871919684,0.0533813850015211
20.75_101.25,temp,All,Day,0.071843246121083,1.0062195010648007,1.1221878840888349,4.899232650091268,,1.1969387435351384,1.503864022969273,0.1551821364466079
20.75_101.75,temp,All,Day,0.5949903559476726,1.00314939154244,1.2228153255247949,5.142792312944935,,0.96866036659568,1.6586806042744144,0.3936211134773349
20.75_102.25,temp,All,Day,0.5296050349863097,2.0764192424703376,1.0854438317614847,4.68674075813812,,1.5582269242470337,0.902206680940067,0.1178080060845755
20.75_102.75,temp,All,Day,1.1191955886826894,2.1035656297535748,1.060680856404016,4.869124294006693,,1.1717618421052631,1.0169510480681474,0.1643213135077578
20.75_103.25,temp,All,Day,0.6592087313659872,2.368029707940371,1.7235533335868574,2.8506693698281107,,1.8923235625190145,0.0325587445839671,1.4823103262777608
20.75_99.75,temp,All,Day,0.1240446303620323,1.2973245588682691,0.6256037420139945,3.995504538408883,,0.1489954593854578,1.3104515690599332,0.0155528589899604
21.25_100.25,temp,All,Day,0.3746894736842105,1.0282551110435048,1.7337920976574384,4.498476401734104,,1.5496053011864923,1.2215476270155157,0.4747354171737146
21.25_100.75,temp,All,Day,0.4449934895041071,1.382512123516885,0.8356415728627928,4.898174785214481,,0.9605135229692728,1.028778667477943,0.1240090797079403
21.25_101.25,temp,All,Day,0.4102289321569821,1.005732347125038,0.947364694250076,4.881210587617889,,0.9805225509583206,1.443210988287192,0.3055255392455125
21.25_101.75,temp,All,Day,0.0847427289321569,0.948517774566474,1.2750898387587466,4.2670938837846055,,1.4018805749923944,1.1141138273958016,0.6318042995132339
21.25_102.25,temp,All,Day,0.1317832826285367,2.1004893672041374,0.739735701247338,4.226422418618801,,0.9108389412838456,0.7652877987526621,0.567675868573167
21.25_102.75,temp,All,Day,0.6397010952236082,2.1385057575296624,0.8718490797079405,4.37677741868345,,0.6098585031944022,0.6796208548828719,0.3182205587161545
21.25_99.75,temp,All,Day,0.4114178582293885,0.3034175501977487,0.7674739245512626,3.2546879725433526,,1.0549000380285976,1.6514183424094917,0.0146579426528749
21.75_100.25,temp,All,Day,0.7297981442044418,0.5887533944326133,1.146226659567995,3.378839030042592,,1.4990188097048982,0.6360869196075448,0.8638158602068755
21.75_100.75,temp,All,Day,0.7001614237906907,0.9143718436264072,0.8087518557955583,5.084640115713417,,0.8029670216002435,1.0779057240644965,0.046482803468208
21.75_101.25,temp,All,Day,0.5096480681472467,2.032382567690904,1.944364253118345,4.8409945576817766,,2.0092549056890783,0.6185278321874049,0.3745995984180104
21.75_101.75,temp,All,Day,0.4270907514450867,1.4698800186644356,1.789550775783389,3.57625398667478,,1.78645517949498,0.5539612878004259,1.3378598402798905
21.75_102.25,temp,All,Day,0.3376664131426833,2.0358990721022208,1.1592975813811988,3.9869418888043806,,1.056042637663523,0.7080761019166414,0.5646649339062976
21.75_99.25,temp,All,Day,0.370042804989352,0.2309374277456647,1.3793309096440525,2.6876027075220565,,1.066643276543961,1.4159716656525707,0.6871929715546091
21.75_99.75,temp,All,Day,0.1856407970794037,0.5816065074536051,0.3046189230301186,3.5583552263462126,,0.9998969265287496,1.5744179000608458,0.2386295797079403
22.25_100.25,temp,All,Day,1.1408896105871615,1.1286237022360817,0.8964339770307271,3.277474852464253,,1.0915191877091572,0.6286759024186188,1.372015761332522
22.25_100.75,temp,All,Day,0.3380900212960145,1.5501966382719807,1.952320307271068,4.937567408001217,,1.632295231213873,0.7431118618801339,0.1846584978703985
22.25_101.25,temp,All,Day,0.3035855339215089,1.9929123532096136,2.432304647094615,4.09669405538485,,2.537399969577122,0.1569842918314572,0.9327353703985396
22.25_101.75,temp,All,Day,0.3080325372680255,1.9013283830240344,1.7869013842409494,3.680209004540615,,1.7840658579251598,0.3412731489884393,1.023635435275327
22.25_102.25,temp,All,Day,0.1850133100091268,1.9626420824459996,1.4827414739884397,3.970886785556739,,1.690195862488591,0.3379814223456039,0.4583360199269851
22.25_99.75,temp,All,Day,0.1846617888652267,0.7605353916945544,0.0625028658351079,3.451712663452084,,0.2191598341953149,1.2466722748707029,0.4445413682689382
22.75_100.25,temp,All,Day,0.6156777760876179,0.4259264732278673,0.0128316921204746,4.749816626011561,,0.6841332112108305,1.6658203787039854,0.1798371653483419
22.75_100.75,temp,All,Day,0.7151973227867356,0.8040786355339216,1.3220711362944937,4.897730425540006,,1.4838213644660785,1.384701005476118,0.0328795016732582
22.75_101.25,temp,All,Day,0.768813964101004,1.25588603361728,0.9384980392455128,3.440371091458777,,0.9825727525098876,0.4750178994447824,1.4249456282324309
22.75_99.75,temp,All,Day,0.799156677821722,0.2391663043808944,0.8553082544873746,3.1872891022132643,,0.4669675235777304,1.2322371737146334,1.0719505590203833
23.25_100.25,temp,All,Day,1.3913797992090051,0.7974072026163675,0.9795534241709766,5.328005650030423,,0.8096790266200182,2.2095347030574994,1.0246878463644662
23.25_100.75,temp,All,Day,1.8696594615150592,0.7776235260115607,1.0585891017645268,5.937495371387283,,1.6290102601156071,2.5671603864313965,1.1463821947824764
23.25_99.25,temp,All,Day,0.0158785822938849,0.6464263145725586,0.1629210222087009,3.935591964564953,,0.3767658815028902,1.3851999908731365,0.4474118116823851
23.25_99.75,temp,All,Day,0.2765870854882872,0.263841420010648,0.193795397855187,3.6678496970124734,,0.2004059027989048,1.3971076331076968,0.5056995216002435
23.75_100.25,temp,All,Day,1.8550677973836327,2.4440825849558867,2.0542328785138424,5.463033952730453,,1.876599140546091,3.515683855790995,2.067095075296623
23.75_100.75,temp,All,Day,1.4389527989047763,0.9482880581837542,1.0100946662610284,5.333241809140022,,1.0980907206419228,2.6395014638370853,1.281522910328567
24.25_100.25,temp,All,Day,1.7842192424703378,2.290417668664436,0.8021376436720414,4.358729192555522,,0.965765301734104,3.634092623894889,2.0970989907210225
24.25_100.75,temp,All,Day,1.8050518710069972,1.7865449729768788,0.1781310582598113,4.593982504533009,,0.2451057747870398,3.019834050018254,2.0126293172345604
24.25_99.75,temp,All,Day,0.8990334651658047,1.142472370550654,1.5634240277608762,3.5012291818147245,,1.9155660330088229,2.6408979129981742,0.9441263020991786
24.75_100.25,temp,All,Day,1.6678219957407971,1.9762335893291756,0.398777120550654,3.871565616344691,,0.1098749738363249,3.088847784940675,1.883932097398844
24.75_99.75,temp,All,Day,1.185385199269851,0.7073809915576513,0.5832328604046243,3.173163049186188,,0.5991620317919075,2.2647411760336174,0.833310611499848
25.25_99.75,temp,All,Day,1.2918232735016733,1.3408459101460295,0.0043270308868268,3.719294959882872,,0.4640181791793428,2.7606489592637664,1.620981954313964
25.75_100.25,temp,All,Day,0.2801206571341649,0.1482089610435047,1.4398488901049589,1.3401341055597809,,1.7551819556890782,0.8232691617508366,0.3640303899072102
25.75_99.25,temp,All,Day,0.2988394888956495,0.6048691378384545,0.675084120247186,2.596750533632492,,1.0985956773653789,1.7396760873159414,1.1596203488515364
25.75_99.75,temp,All,Day,0.4669234864618192,0.8400296203529054,0.371348415454822,2.125230676909036,,0.4179333163370855,1.5756682256312748,0.8677351384849407
26.25_99.25,temp,All,Day,0.1571468612716763,1.3763596969120775,2.0347809870778826,1.7714634265698206,,2.5928024690447216,1.8805724037587463,1.158008558067387
26.25_99.75,temp,All,Day,0.158201889260724,0.9797726597505324,1.1986968434286582,0.8853084951323396,,1.0433655264831154,1.165311438393672,0.6373649777760876
26.75_99.25,temp,All,Day,0.4339775305749924,1.5615334104806815,3.668679823501673,0.5986790729160328,,3.987473251490721,1.5129939589793124,0.8174010786811683
27.25_99.25,temp,All,Day,0.3334262752053544,1.6588779106632188,3.105575578780043,1.0500678406229085,,3.62924614662306,1.8487924597201093,1.4885866400927896
27.75_98.75,temp,All,Day,1.626871444148159,2.70515295364314,4.871912373744295,2.299739250714177,,5.385903854898083,2.6208350184793123,1.8094805144858528
28.25_98.75,temp,All,Day,0.1174648312884088,4.307517104179342,4.0444487436416185,2.2231598752905386,,4.834875453182994,4.151061269379373,1.7553561438611955
28.75_98.75,temp,All,Day,0.1310688480073014,2.4819489167173714,1.852631620991786,2.5521434011081534,,1.845421354877548,3.875148725197748,1.831822172001065
29.25_98.25,temp,All,Day,0.2632068989656221,2.73901742039854,0.2737750463964101,3.721184598517645,,1.307018009111652,4.099533429008214,1.2231069339595375
29.75_98.25,temp,All,Day,1.526900893109218,3.2602921407970795,1.091507679639489,4.608923585435047,,0.9077877425007608,6.566713580766656,1.8499113793276545
30.25_97.75,temp,All,Day,1.2137896346105872,2.9201004546311227,3.250666646372072,3.139879042196532,,3.81408047997414,6.522482089410557,1.4009126120702768
30.25_98.25,temp,All,Day,1.6550991785822935,2.8861588471098267,2.8757018698676604,4.862757039949042,,3.1074959029974902,6.402648311081533,1.488177797482507
30.75_97.25,temp,All,Day,2.7253682001977486,2.940744764937633,7.650080923905537,3.669892982762397,,7.899213974262245,6.381503246577426,3.888407224947977
30.75_97.75,temp,All,Day,3.016874072482507,3.3570948182187403,5.10506768583815,4.4705698386598725,,5.248552741747794,6.832518863540462,3.649947424062215
31.25_96.25,temp,All,Day,1.9330649935351385,2.486068791142379,7.166917549990873,2.512840980133861,,7.655799090835108,4.899091205994829,3.1587603927517494
31.25_96.75,temp,All,Day,2.50242622452084,2.299316348828719,8.077741153970186,3.0885206647398844,,8.357386544356556,5.442673733419531,3.095848848372376
31.25_97.25,temp,All,Day,3.700245120474597,2.658687909598418,9.422195189549742,4.182073205050198,,9.739443730924854,6.863799026498326,4.325555975190143
31.75_95.75,temp,All,Day,0.5625597328567082,1.5986324809796166,4.432121362593246,1.527636528393672,,5.711623828314923,5.407471851723456,2.717772916095528
31.75_96.25,temp,All,Day,2.1031199969577123,1.9876857930483725,6.065642325068452,3.0970535676909035,,6.690814497033769,5.422337259050805,3.019657467341041
31.75_96.75,temp,All,Day,2.430971858837846,1.7180592073927592,6.6839864728475815,3.9141031286887737,,6.803190258700943,5.758755230240341,2.827492600349863
31.75_97.25,temp,All,Day,2.281170854882872,1.7317225071493765,6.355291612169151,3.345421412534226,,6.7825818566930325,5.737372579920901,2.441399146501369
31.75_97.75,temp,All,Day,2.0240667911469425,3.100400278001217,6.947536045888349,3.402628367250532,,6.863495483061302,6.520754469796577,3.026720077808032
32.25_94.75,temp,All,Day,1.2923588502479464,2.234934507423182,2.590304973939002,2.6409266321417704,,3.8587977689184663,5.681132413203529,3.2110194094637965
32.25_95.25,temp,All,Day,1.9903997126711288,2.4373115236111955,2.059490973106176,2.855853081483115,,1.7392207408503193,5.28073851496045,3.6758175419850927
32.25_95.75,temp,All,Day,2.482351939914816,2.02872189555826,3.1015394831761487,3.611095532400365,,3.149840480392455,5.274664016443565,3.827055354578643
32.25_96.25,temp,All,Day,2.705466958046851,1.268071874429571,5.331377896151506,3.68465975190143,,5.11050925708853,5.225930512595071,3.085217327502282
32.25_96.75,temp,All,Day,2.447796902951019,1.6209689232735016,6.648461582476423,4.231542556738668,,6.774041853042288,5.851058101855795,2.704386976239732
32.25_97.25,temp,All,Day,1.684269713233952,1.7634877727563127,6.067500679058412,3.604824821121083,,6.544393031137816,5.37475111351004,1.842044352866596
32.25_97.75,temp,All,Day,1.092013857970794,1.397804580597049,4.855908232681929,3.2061008078262856,,5.3871604973418,4.931132453926833,1.934808266252662
32.75_94.75,temp,All,Day,1.5806150746273198,1.9223864222239124,2.891578129023882,3.576711639841041,,3.581817850254031,5.269944621577426,3.597817168558716
32.75_95.25,temp,All,Day,2.9821946851232126,2.048057890705811,4.722528477943413,4.273024100091268,,5.621366413522969,5.683751501992698,4.728663994265288
32.75_95.75,temp,All,Day,1.945273461575905,1.305528910952236,5.987858113538181,3.145350477045939,,6.814278541892303,4.8673280067995135,3.504928771006997
32.75_96.25,temp,All,Day,2.0902950442044417,1.3664887898996043,5.899286636395649,3.455005669097962,,5.94630099700867,4.943956862603438,3.124410902060389
32.75_96.75,temp,All,Day,0.6436625084423486,0.8226444811149984,6.251447714011181,2.723054241855035,,6.394013135053241,4.3802389331305145,1.828048596389565
33.25_94.25,temp,All,Day,1.06595116041223,1.0309628506586552,4.554327870200791,3.1404918767211742,,4.934375250829024,4.475200814542896,2.382483145387892
33.25_94.75,temp,All,Day,1.7428104624277456,1.3717043490873135,5.229184185381807,3.917508579388501,,5.394117740584119,5.6148477887587465,3.434134162990569
33.25_95.25,temp,All,Day,1.104413751140858,1.4254543274940676,6.162237936370551,2.558250213113782,,6.181292406327959,4.639888414182385,2.8923184278049896
33.25_95.75,temp,All,Day,0.3746920649408275,1.103958826003955,5.8859819340127775,1.2272540388097049,,9.73224863255476,3.6711177452760873,2.0326412384857013
9.25_105.25,temp,All,Day,0.1446410100395497,1.7575592485549132,1.0427665044113172,0.2448551871006997,,0.6951975205354427,0.128864466078491,0.4890905841192577
9.25_105.75,temp,All,Day,0.0103509278977791,1.54753597505324,0.8058106175844234,0.3829263005780347,,0.8581670976574385,0.2244628080316398,0.2182122756312747
9.75_105.25,temp,All,Day,0.1430181016124125,1.5421841344691207,0.812335184058412,0.9297409491937938,,0.7327606480073015,0.2949177821721935,0.1872638424094919
9.75_105.75,temp,All,Day,0.1959155765135381,1.807063659872224,0.8322265743839367,1.10521402494676,,0.807614694250076,0.0462720565865531,0.0829462275631274
9.75_106.25,temp,All,Day,0.264329175540006,1.5335611499847883,0.9907031487678734,1.035008366291451,,0.871699345908123,0.24392850623669,0.1601586553087922
10.25_104.75,temp,All,Mon,0.4301242225831952,1.3751935332382348,0.3324021694936366,0.91595889832888,,0.3764374466264692,0.2147401413460576,0.345948196696849
10.25_105.25,temp,All,Mon,0.4998546325233014,1.360040487967475,0.6233697515598854,1.4885219047704876,,0.5860873385184009,0.5463654300940394,0.3017275637993322
10.25_105.75,temp,All,Mon,0.5039456693013795,1.5579376637744664,0.8166006163398292,1.7003155598433397,,0.8104479561481208,0.328220280323228,0.3635761889803093
10.25_106.25,temp,All,Mon,0.563116084695321,1.5167659520033037,0.8627245613941515,1.7040282216008182,,0.7779506521980627,0.0976304633258979,0.467069595320001
10.25_106.75,temp,All,Mon,0.3792367588399222,1.0239881759605027,0.5694432129050896,1.270731910008524,,0.7616503718797389,0.1903861962108102,0.6059335133479195
10.75_104.75,temp,All,Mon,0.9236564301678524,1.4590054457492942,0.3686839195838802,1.830323585147764,,0.2729617671101831,0.4914199871734318,0.9800458087003392
10.75_105.25,temp,All,Mon,0.9207629959704394,1.3445436543310418,0.55590541916675,2.096726666239973,,0.4670814151906488,0.6609983254529822,0.7756760256104666
10.75_105.75,temp,All,Mon,0.6922944648718053,1.220417717627415,0.6280345119283036,2.120092570804225,,0.5738082804441246,0.7753424036885487,0.7152941776503581
11.25_104.25,temp,All,Mon,1.152264421373543,1.1556185895544826,0.6068179316978204,2.622642519582556,,0.3066126059439454,0.9421392869220258,1.3579776965281332
11.25_104.75,temp,All,Mon,1.1676126670359774,1.3446081433809465,0.5869974522446065,2.668174278549996,,0.3131659987986356,0.9357018449425972,1.3590761787788903
11.25_105.25,temp,All,Mon,0.9907151778725336,1.1858964247949415,0.6272436796874538,2.6288839206996606,,0.5210481062144298,0.7961705287989007,1.0096609788421098
11.75_104.25,temp,All,Mon,1.2745722708015763,0.6751296727404346,0.652894257496081,3.29911567631976,,0.4650188336896472,1.4620985873241483,1.6124139221415916
11.75_104.75,temp,All,Mon,1.2902822987475795,1.076572067079726,0.7631841395826348,3.1131017383304105,,0.5095412665061906,1.226797094735136,1.246429208919179
11.75_105.25,temp,All,Mon,0.9895246589636144,0.980668201066784,0.6764382726655426,2.989085688880257,,0.4968879690936233,0.9980474563337572,1.0069664659917543
12.25_103.25,temp,All,Mon,0.4606393513000922,0.5939352109952662,1.031436951710503,2.2977377503761773,,0.4602228633605733,1.0621864337800375,0.7329553613607517
12.25_103.75,temp,All,Mon,1.0687904899844625,0.2093660408181831,0.3859959164834823,3.727256259533177,,0.3119054724973662,1.6177445596456872,1.797221865466823
12.25_104.25,temp,All,Mon,0.6899705775253907,1.2727780655571153,0.8832083911945077,3.139607271251567,,0.6487541996128365,0.9866970789670768,0.8261697702829224
12.25_104.75,temp,All,Mon,1.0698349607049182,1.0290445256634355,0.5153234184673641,3.286631228315854,,0.3607155919680009,1.2377997393181823,0.9384964555463352
12.25_105.25,temp,All,Mon,0.7993701668937463,0.8612335277181877,0.6264162800365585,3.32140637807563,,0.5709037894103384,1.0795973345788383,1.139327437863303
12.25_105.75,temp,All,Mon,0.8216908779204014,0.8596127125316096,0.7564563583716869,3.5278208798895694,,0.6810291991714289,1.0318010427150095,1.570446430766205
12.25_106.25,temp,All,Mon,0.61978301830321,1.3991103710116377,1.1837415046271773,3.348141384312964,,1.1272396643990577,0.6375892647842106,1.5073649212737354
12.25_106.75,temp,All,Mon,0.1371170659565889,1.519532488528308,1.6642777264580184,3.169295198583131,,1.8723981527584053,0.288354953328507,1.1423080349111692
12.25_107.25,temp,All,Mon,1.370224787204772,0.8277737201633012,1.6880843318769336,1.6800181866658623,,2.1722707703162736,0.7640830025167588,0.041789303174407
12.25_107.75,temp,All,Mon,0.7457974786800149,0.326087100936912,2.032709540656579,1.8033389412005891,,2.055659623573763,0.2222751706040222,1.5410289703905036
12.25_108.25,temp,All,Mon,1.670012837909749,0.2143360607078853,1.477779133095169,1.0939151983011204,,1.930220532556996,0.280183895147067,1.0693700187132282
12.75_102.75,temp,All,Mon,0.0424506000690556,1.1369433114370662,0.5397109073218231,3.2381113849493266,,0.0700234410711098,0.78781041530566,1.3433039470480137
12.75_103.25,temp,All,Mon,0.6401419116110789,1.1451573760674705,0.9736600430948652,4.0811379791356455,,1.0647549057484504,0.6779152207074587,1.7451898367687106
12.75_103.75,temp,All,Mon,0.8617365256295945,1.568346495463066,1.4662567667533788,4.0031092421731085,,1.320480799353534,0.5617475961618635,1.413428045240106
12.75_104.25,temp,All,Mon,0.6938236545039265,1.499559411734918,1.0974143391368618,3.805500824941685,,0.8761660569234286,0.8646238155134648,1.1039225911040682
12.75_104.75,temp,All,Mon,0.82755017949348,1.2109109017797064,0.7117206621407678,3.569990200182007,,0.6276950459112909,1.1571186916054583,1.287987871033708
12.75_105.25,temp,All,Mon,0.7477990094446506,0.6249124170889465,0.7444635325013292,3.898335342105573,,0.6419507751055454,1.3385847973841207,1.7245795122765253
12.75_105.75,temp,All,Mon,0.6646693807223586,0.5810303515271719,0.7080122363693343,4.04605502742367,,0.8077173900171757,1.2359250855533686,1.90952343429673
12.75_106.25,temp,All,Mon,0.6110529879122991,1.2120423725386624,0.991198939407984,3.805076970474003,,0.9343151791293186,0.9670133166039868,2.015580472767116
12.75_106.75,temp,All,Mon,0.0019539650782861,1.4570197151866762,1.2851917255148777,3.48184118195212,,1.319273206432338,0.4374365599919469,1.49637113261379
12.75_107.25,temp,All,Mon,0.4341071249188301,1.634465042004834,1.3982655326783826,3.162883731793164,,1.133717998172573,0.2126925009882623,1.222867535001167
12.75_107.75,temp,All,Mon,0.3540770028990665,1.2325382215297032,1.0401619939323627,3.743612046855903,,0.9866625770256195,0.6501074289015031,2.403814643622249
12.75_108.25,temp,All,Mon,0.3957937644070522,0.989652429402991,1.349259002127094,2.9431492222073863,,0.6224188405375952,0.8429456944971682,2.0495011252766155
13.25_102.75,temp,All,Mon,0.8746157274985137,1.0974932849158288,0.5614830638662789,4.229870814346678,,0.9882053806662016,0.8221433764404601,2.111386321742216
13.25_103.25,temp,All,Mon,0.6071570994888497,1.6703171259144496,1.0795567597337727,3.997746001245995,,1.0144117928466965,0.5858868815818769,1.5203009982861122
13.25_103.75,temp,All,Mon,0.2987814188629144,1.5143113859608857,1.072080270124261,3.573451407538358,,1.0704085523389206,0.4925707741295441,1.123362170311467
13.25_104.25,temp,All,Mon,0.1232803060621934,1.366235766954219,0.8706383603339884,3.5686955771268973,,0.8114267867074528,0.7815345154227804,1.2490112558498765
13.25_104.75,temp,All,Mon,0.3832304347202359,1.131225030340639,0.7770878955073046,3.731528855425292,,0.7124000079575973,1.1080274386664195,1.7041934873011952
13.25_105.25,temp,All,Mon,0.5128511096495617,0.6752660010976336,0.956929184776638,4.139283527307433,,0.7884537584811561,1.444852733109785,1.990602532735275
13.25_105.75,temp,All,Mon,0.39370489042793,0.5220447985330064,0.8486724912723916,4.164270954634583,,1.0037325879614916,1.2898694160472246,1.864957184705032
13.25_106.25,temp,All,Mon,0.4265172536651543,1.0670988239308616,0.7963622031840686,3.938917228394571,,0.8176511064003114,1.0409739913837246,1.7911723503407668
13.25_106.75,temp,All,Mon,0.2335264694580301,1.4357744151165903,1.2765156839095173,3.693989287092458,,1.1208806688195094,0.5999699481885616,1.5007318703186272
13.25_107.25,temp,All,Mon,0.4619193313214959,1.9468044831558875,1.5498613883027976,3.871766061349765,,1.4220455678818615,0.3839043724238964,1.7546123205862183
13.25_107.75,temp,All,Mon,0.6776359144885653,1.7215195456126051,1.317068867322451,3.84707885591084,,1.690964445135983,0.4594148541613943,2.035288120993
13.25_108.25,temp,All,Mon,0.7613137100575201,2.2234851775954274,1.8925577850070523,2.4271099076661216,,1.2479735876000275,0.1421851367958813,0.7002468353652795
13.75_102.75,temp,All,Mon,0.7116357157325501,0.9845252606389028,0.443050382295731,4.560658596026008,,0.4415953860342079,1.168078230661935,2.6334850465525586
13.75_103.25,temp,All,Mon,0.3313110981386333,1.390793338442626,0.810700474359861,4.04946732676715,,0.7858312342748557,0.8896278162108886,2.085701283613186
13.75_103.75,temp,All,Mon,0.089489043418319,1.4730449873880052,1.0670185854224168,3.66496342048803,,1.0668841611625597,0.7170922299885433,1.6979448151654888
13.75_104.25,temp,All,Mon,0.2974602863165617,1.4084085847885068,1.1712827517604805,3.532442893436368,,1.1794423589040737,0.655075709029286,1.6904541162848985
13.75_104.75,temp,All,Mon,0.1697644211528388,1.2190315270690737,1.0737621160673825,3.694079637850845,,0.9653708483105372,1.133331301656946,2.1258339810560134
13.75_105.25,temp,All,Mon,0.5117947877859584,0.84835060391298,1.0592290043880817,4.190309550054882,,0.9669230964115036,1.5624876854586125,2.302142626194743
13.75_105.75,temp,All,Mon,0.4525943035128193,0.6777927319486379,0.940093899220278,4.196880208235243,,0.9070270515826424,1.3523207035870983,1.9730929004191895
13.75_106.25,temp,All,Mon,0.6352287996853255,0.9610742092551396,0.701704682267481,4.171399567507646,,0.7919316619313442,1.1802127156214628,1.7910998531584184
13.75_106.75,temp,All,Mon,0.4921306971002468,1.2593435151589163,1.0213092839903437,4.04938420975908,,0.9512070263071548,1.0162465506819256,1.4724538564491116
13.75_107.25,temp,All,Mon,0.2862223249475704,1.6428337151570038,1.061533334859868,3.8881709653742735,,1.3323522763939653,0.5899160788405399,1.5555232289441234
13.75_107.75,temp,All,Mon,0.1152390642870878,1.5226602967815994,0.9015092034089416,3.2717161285834937,,1.0743221636437608,0.504428223611675,1.6568900938303728
14.25_102.25,temp,All,Mon,0.1506601810653812,0.3211130274023359,0.3402225260271067,3.4595189917012927,,0.7537542181090395,0.771298993504933,1.7415363165801996
14.25_102.75,temp,All,Mon,0.2797065725217907,0.1563445156520669,0.4700307061736242,4.2316981778573295,,0.4697988091375778,1.1392908235365378,2.255501828494036
14.25_103.25,temp,All,Mon,0.3590328180758357,0.7735315064026168,0.6613186138318982,4.205409137344943,,0.6457922577481742,1.068039789760031,2.410560712906316
14.25_103.75,temp,All,Mon,0.1987830120499358,0.7991713627158729,0.8074410204153449,3.931472414461345,,0.7334342536497049,1.0975124449331806,2.331954682727281
14.25_104.25,temp,All,Mon,0.0243724002811273,0.71278132628994,0.9258514953355482,3.5756845908544275,,0.8946052764388414,0.994634873275568,2.010768346528967
14.25_104.75,temp,All,Mon,0.4719279437470206,0.7815673778048997,0.8184128755213512,3.720381486710935,,0.7704346777442799,1.404357411023271,2.3834438391422568
14.25_105.25,temp,All,Mon,0.3804268931847656,0.5618527271630439,0.9556531796916228,3.678201369748967,,0.9117117271260148,1.2874255591223742,2.009394657188176
14.25_105.75,temp,All,Mon,1.1388541160764558,0.915760625667016,0.6763476160865101,4.140024372578389,,0.616755014579937,1.4658232860279308,2.3213592992986034
14.25_106.25,temp,All,Mon,1.4494103864792942,0.6651302199938497,0.4945049759077304,4.461638621761295,,0.4484534695615156,1.619476340530238,2.17439324678925
14.25_106.75,temp,All,Mon,0.5250962890743781,1.237923503665154,0.9965277712915388,3.5877524195191404,,1.0691058595137062,0.922349035474822,1.1666009416449394
14.25_107.25,temp,All,Mon,0.7388419295739141,0.8300408518650939,0.4851316634578789,3.5488688312465797,,0.694701248061485,1.1406906384617046,1.8299973962637055
14.25_107.75,temp,All,Mon,0.5012485968879786,0.2682573059694977,0.0050375926649343,3.3736913979904672,,0.2026574177375705,1.2420531498512457,2.4736393713491918
14.25_108.25,temp,All,Mon,0.7780515585978345,0.1911724502000313,0.4359354669380835,1.950745731046327,,0.3101907973819138,0.492064722461318,1.3772287576093758
14.75_101.75,temp,All,Mon,0.1327353979926747,0.4955824591440518,0.5255995837833238,3.4898658193296788,,0.2192116340380649,0.9509431636059956,2.0258844228191526
14.75_102.25,temp,All,Mon,0.7489233255817263,0.4659349497371665,0.534004629838072,4.527211557190235,,0.180800364633298,1.2742172057049967,2.73211503983458
14.75_102.75,temp,All,Mon,0.467039459555297,0.5312672273523587,0.5630917773557428,4.415853598608242,,0.3770262108483753,1.2561824792072516,2.501203746747072
14.75_103.25,temp,All,Mon,0.2258056931030559,0.6160047813818706,0.7091775795857832,4.127444250887229,,0.5184954654201319,1.183549416603889,2.411250941853382
14.75_103.75,temp,All,Mon,0.0962269673780195,0.6753771603037765,0.9672105480773756,3.748081929632769,,0.7856326775488343,1.0813619399886805,2.316263303180906
14.75_104.25,temp,All,Mon,0.2892916676230496,0.5467081186498617,0.8598199568450541,3.632320552242547,,0.7083406033342455,1.1768680096221944,2.2566622984238807
14.75_104.75,temp,All,Mon,0.4548434083873322,0.6463441491427867,0.6632666011421668,3.535222181802777,,0.5125305513989679,1.2083852725139923,2.201749533858289
14.75_105.25,temp,All,Mon,0.746046979901733,0.4980804855801958,0.3885985232526145,3.699035373641691,,0.2193192952854728,1.1745701447988457,2.307461516584418
14.75_105.75,temp,All,Mon,1.3016961142279388,0.5582410340867181,0.1981726657632523,4.407204852968368,,0.1996990719712575,1.7346513445237508,2.6451787165928047
14.75_106.25,temp,All,Mon,1.516081479409318,0.4112657106698507,0.1246638326829926,4.908966319780404,,0.0508250710237027,2.56080880899596,2.6096114360545126
14.75_106.75,temp,All,Mon,1.333221305712991,0.3602567642827226,0.175618115709597,4.618336320893733,,0.2145185836506561,2.1302261331551278,2.8033848815188542
14.75_107.25,temp,All,Mon,1.5296077613304415,0.2438178641808551,0.016295826730612,4.594969343432616,,0.5381935402271877,1.9096229711093848,3.4985802064781955
14.75_107.75,temp,All,Mon,0.3893350077393457,0.6589729293798177,0.3337030967253935,3.036159653552693,,0.2977797363705608,1.469708966090458,2.3350776384965264
14.75_108.25,temp,All,Mon,1.5999788562713224,0.0232004983282915,0.5063163155392136,1.5998072554326237,,0.0785339469192695,0.6741842343883954,0.9027057030132688
15.25_101.75,temp,All,Mon,0.0600495387413605,0.8593983803959623,0.6833236410103427,4.381571714553257,,0.4769818983050932,1.0052103403865356,2.54673976616557
15.25_102.25,temp,All,Mon,0.4953995471035818,0.936180159355486,0.7996089703702721,4.822892466142815,,0.6532429897367839,1.0887659937028304,2.6635125077890045
15.25_102.75,temp,All,Mon,0.1725074603885761,0.9654860405165544,0.770747764963471,4.509375317254327,,0.5710428299288547,1.0748935511740951,2.0698961328498204
15.25_103.25,temp,All,Mon,0.1389583007672646,0.8583960588742044,0.8108243032381658,4.301637541266702,,0.6598308551548064,1.0732397416490598,1.8993572007734936
15.25_103.75,temp,All,Mon,0.0979763326707314,0.9255475923669844,0.8954322007551013,4.0584261833523625,,0.7618551563575933,0.9558270020113468,2.0627598842004047
15.25_104.25,temp,All,Mon,0.3242646162181966,0.8855373544458571,0.7398633284545538,4.038744685489756,,0.6249698951338251,1.085211993750895,2.2862833720515203
15.25_104.75,temp,All,Mon,0.6200555096123854,0.8054747670900745,0.5297644781986355,3.9814362438521735,,0.4558484688368715,1.2322883948214065,2.44689365825773
15.25_105.25,temp,All,Mon,1.0328216838398732,0.8361686294528213,0.3164252268221794,4.184106957588581,,0.1920684405671695,1.4456806710302257,2.680213300143163
15.25_105.75,temp,All,Mon,1.6716664270681905,0.1048559222548864,0.1264666361666303,5.006612184183313,,0.0469558408213221,1.958359311791664,3.0127700213144677
15.25_106.25,temp,All,Mon,1.1886580168686351,1.0559204994342626,1.4655483727632896,2.098243316550037,,1.866394827745604,0.099387995354308,0.1003625295841154
15.25_106.75,temp,All,Mon,1.4976912744515265,0.8958927196014872,1.0419651182579897,4.803691351480825,,0.9067595249804796,2.056803819560314,3.278041721910662
15.25_107.25,temp,All,Mon,0.0376179373686812,0.4818273446233125,0.9508705929746551,2.972695973932064,,1.0973850800750098,1.0239196262963894,1.9542766054271303
15.75_101.75,temp,All,Mon,0.3104062946679928,0.5126419619438021,0.7691331490640688,4.741904289436824,,0.6362073897449745,1.1925978232194596,2.5932285609402377
15.75_102.25,temp,All,Mon,0.530926425047525,0.931374713820765,0.7582119483202479,4.851065344256822,,0.6723057924074957,1.0243485278818765,2.351395612983905
15.75_102.75,temp,All,Mon,0.1363237730341179,1.1822850126070903,0.8354648177452705,4.472811723260634,,0.6734049457019656,1.0286278369975066,1.7681554434968894
15.75_103.25,temp,All,Mon,0.1095624304047413,1.095695139422256,0.8596119249746926,4.31445284088312,,0.6969221919858044,1.110315625712383,1.7432178677930408
15.75_103.75,temp,All,Mon,0.1616985593805973,1.1313009342452325,0.8829100514938705,4.237997845950723,,0.7532840389110573,1.067039668667224,2.0819143775117315
15.75_104.25,temp,All,Mon,0.3893441483335395,1.081007391829399,0.7822394256895274,4.198080020610055,,0.6599324066288136,1.080273577400448,2.377183952260301
15.75_104.75,temp,All,Mon,0.6557188983252016,0.8696432327990832,0.578150339626334,4.183378437945699,,0.5042371764911726,1.1449977952311554,2.4226236516501043
15.75_105.25,temp,All,Mon,1.0774676612805136,0.7172269191358515,0.2721668959778943,4.414538059785711,,0.2307709680300764,1.3670839506001182,2.462976992207195
15.75_105.75,temp,All,Mon,1.372664008681996,0.8393444916811842,0.4801466275052332,4.92237820747455,,0.3634012341939311,1.6680286465463288,2.588699512866295
15.75_106.25,temp,All,Mon,2.2351533834134734,0.2813418963089501,0.2350948506558826,5.513291731177156,,0.074844717767684,2.409234030817359,3.5296819224635736
15.75_106.75,temp,All,Mon,0.9133536245078306,0.5095338098266642,0.8424064297141838,4.626173644566126,,0.40150276749666,1.9398151372372887,3.292585072065915
16.25_101.75,temp,All,Mon,0.6536627484388886,0.3903991176385481,2.043193568048125,4.405659162050279,,1.9133408017959888,1.0912246720556398,1.8375338743714849
16.25_102.25,temp,All,Mon,0.3678819451678622,0.9044858443599396,0.5343549329409956,4.927836975509728,,0.4654380476641694,1.1438348429232803,2.1239320757981384
16.25_102.75,temp,All,Mon,0.1565456369682754,1.1486633644231394,0.651030319126631,4.595850650880584,,0.4892605573101505,1.0730845416184795,1.6972850602380314
16.25_103.25,temp,All,Mon,0.1308235484680217,1.118291896088246,0.7543496489890292,4.3904284079410205,,0.5953793021174809,1.0733405528684874,1.7937159686057458
16.25_103.75,temp,All,Mon,0.1127155586723833,1.1468448221912255,0.7436295338257972,4.306075526059108,,0.5715780821466827,1.049623013063334,2.3749670706134385
16.25_104.25,temp,All,Mon,0.1321092570154375,0.9178825249996077,0.6424955676672888,4.084627771767278,,0.5722444958439026,1.0466627146571097,2.36380428079627
16.25_104.75,temp,All,Mon,0.5521975316857061,0.8177405924400617,0.4800005064293462,4.201572156913522,,0.4650945565435727,1.086667367214184,2.112640128466766
16.25_105.25,temp,All,Mon,1.2625687565107615,0.648905060725419,0.4108334382044129,4.71534075602877,,0.2613234854080467,1.4215529046193058,2.2085340819470685
16.25_105.75,temp,All,Mon,1.45717825289171,0.9950788361014488,0.583873699502975,4.909367694818292,,0.6130926684104717,1.3838998927894606,2.4433380435186165
16.25_106.25,temp,All,Mon,1.0517036896890135,1.020674705225579,0.4304063403904592,4.33295609497276,,0.8731073638429334,1.2355493259706554,2.3522489710115395
16.25_106.75,temp,All,Mon,0.6136114670695245,0.5882913119650384,0.2328739477088985,2.9187175133685184,,0.0215714181370441,0.7672584187273044,1.212429695936402
16.25_107.25,temp,All,Mon,0.7470359288956182,0.0962083212001432,0.4600378141509871,2.8932045574208702,,0.1512021321149995,0.9661933633901229,0.9452818708679346
16.75_101.75,temp,All,Mon,0.4450400326739683,0.8484815760898354,1.7535345970402645,4.783915396507829,,1.559949389849073,0.8897964149815932,1.5193801063363075
16.75_102.25,temp,All,Mon,0.9186705167705446,0.8261022774974841,0.1657434769465094,5.292763738776601,,0.1553064693856881,1.3911823133520391,2.092163328699167
16.75_102.75,temp,All,Mon,0.3856566663822039,0.9519392237946142,0.4829615650037617,4.68106522860191,,0.2627201547795612,1.2749187722432624,1.659896726428346
16.75_103.25,temp,All,Mon,0.2413808718608566,0.8972096101292244,0.6270682938420701,4.357538573742282,,0.4457880221177067,0.9619841142397098,1.6995348344225063
16.75_103.75,temp,All,Mon,0.0326128064594599,0.7500912864001841,0.6240670090885816,4.04600931550807,,0.4960176351761609,0.9927522387259604,2.126060279236261
16.75_104.25,temp,All,Mon,0.0785510106639162,0.8532896300183135,0.7951713484927403,3.7633938757140992,,0.7344520620722024,1.033778374354809,1.896683230064808
16.75_104.75,temp,All,Mon,1.0050780003207562,1.020801718791995,0.6927449494760004,4.388832136001225,,0.4679636126413238,1.375921100335249,2.078271904745352
16.75_105.25,temp,All,Mon,1.4528317309625822,0.8802107455827364,0.6767818320449137,4.83681668789837,,0.5539466515803371,1.4671559613353953,2.2910975712903867
16.75_105.75,temp,All,Mon,1.3970003966905225,1.186413321232635,0.8819747627005218,4.711173585198648,,0.8736762957396321,1.3056292518197026,2.437325091817064
16.75_106.25,temp,All,Mon,0.0013556879165171,1.274180439296774,0.8816293247396186,3.6423511029487496,,0.6522739656472113,0.8892212194368179,1.7395363406516255
17.25_101.75,temp,All,Mon,0.1055579449559867,0.8417196188372148,0.1346777328952118,5.578275779923632,,0.0255890192782297,1.235221029883537,1.6972994491055855
17.25_102.25,temp,All,Mon,0.7145030962165486,1.2074940718106344,0.6979946856669325,5.219360274251422,,0.5708601857602412,1.2024993431101427,1.4380279762579136
17.25_102.75,temp,All,Mon,0.4221183160105387,1.100278474318908,0.7035559644920725,4.5818399369369605,,0.5229982773953472,1.3312325737193542,1.2029261045267816
17.25_103.25,temp,All,Mon,0.478798134550343,0.7920133042874896,0.5867253641397802,4.326777978667876,,0.4481487818150629,1.0272623154566949,1.31360435719227
17.25_103.75,temp,All,Mon,0.3865301574059362,0.7232281861349469,0.6747823261945468,4.08067544845966,,0.4691506759709248,1.034793696317484,1.5757107507919588
17.25_104.25,temp,All,Mon,1.03175014246429,0.9121097108559776,0.7753767622277252,4.296714676711264,,0.604857483433729,1.1836755222470638,1.960709471686648
17.25_104.75,temp,All,Mon,1.7509636685529484,1.2559732191963733,0.7874836086122537,4.720815226907396,,0.6741334989899123,1.377693915201684,2.42470269966274
17.25_105.25,temp,All,Mon,1.4604382833390228,1.087963747515856,0.7830290072756226,5.022423485365745,,0.8452825193839224,1.2807309403703755,2.676364154029536
17.25_105.75,temp,All,Mon,0.5120701867938704,0.8658467870587395,0.6694511077000117,4.371702098064084,,0.8209912559430622,1.0468495460724043,2.297195219799508
17.25_106.25,temp,All,Mon,1.1677160341051098,1.5783399486134162,1.4218109664520444,2.4819500040143567,,0.89520945416522,0.1938344304144278,0.7614364616745435
17.75_101.25,temp,All,Mon,0.0163986078005544,1.2739333585242174,0.5596801263541406,5.143581427593587,,0.3696633487439749,0.9728738806836128,1.277792944767567
17.75_101.75,temp,All,Mon,0.4866016642781613,1.4246670521442109,0.6695228933137545,5.58062559749663,,0.6614931839438489,0.7981175091726944,1.2863867993746236
17.75_102.25,temp,All,Mon,0.6314088379847879,1.875626721863456,0.9621784685658964,5.027752907257941,,0.7751549371012622,0.8229043984191233,0.9276382716184256
17.75_102.75,temp,All,Mon,0.716241403845248,1.7447740750733718,0.9164825789396116,4.797991183446162,,0.6945947876860289,1.033890261529688,1.039885894801788
17.75_103.25,temp,All,Mon,0.8356394644966089,1.2826867592261535,0.7583661371443483,4.47243253642532,,0.6074872997566865,0.7855418330681209,0.929869540759574
17.75_103.75,temp,All,Mon,1.0362978166755927,1.3398196132828364,0.73052936869952,4.483408273759865,,0.5904860754551893,0.6670757767031956,1.3968880866637534
17.75_104.25,temp,All,Mon,1.4705725175974478,1.3616791275469216,0.9539228998073505,4.911973643952446,,0.9354686912192268,1.0200059758742566,2.1815938336620597
17.75_104.75,temp,All,Mon,0.9999249309810236,0.8905199915476585,0.7789589573824676,4.534979827985926,,0.8791802583472621,1.2124929886645317,2.2056660841018734
17.75_105.25,temp,All,Mon,0.415928709221298,0.7137253763410203,0.9138875114551394,3.598886529443724,,0.8885293645184094,0.8945221787766832,1.4790736848292394
18.25_101.25,temp,All,Mon,0.0641353695586711,1.703302563750287,0.4787565170086593,4.967772937515203,,0.6577204111907605,1.073203945938977,0.9006061232780203
18.25_101.75,temp,All,Mon,0.7195971912378636,1.6888357448225346,0.5651461500267053,5.540288983060372,,0.7165401510705116,0.9044192005937424,1.2612757965873798
18.25_102.25,temp,All,Mon,1.0514991189014642,2.203372221026743,1.1480625908226707,5.541289904640028,,0.9437377015816368,0.7054209094369013,1.4896935080136318
18.25_102.75,temp,All,Mon,0.7699221833047889,1.6647434916968786,0.9754293509898808,4.968479022269992,,1.0855879624804798,0.6183160471303116,1.112616456540115
18.25_103.25,temp,All,Mon,1.3552393643216154,1.7280061330515193,0.6072224039460364,5.20854822034955,,0.2337554055113167,1.136337372411145,1.5406924378767906
18.25_103.75,temp,All,Mon,1.8353417405656487,1.765608732641648,0.7581241262245381,5.516194265580583,,0.5544527428330126,1.107836747108903,2.269421091424946
18.25_104.25,temp,All,Mon,1.0519306885295832,1.2575327107126424,0.8063636999020808,4.942016121677305,,0.8775817114333629,0.9421826613963832,2.00029852322564
18.25_104.75,temp,All,Mon,0.1862416889577485,0.3225698800677268,0.1424923979054965,3.7952339495554535,,0.2143780984064205,1.0873658588325896,1.1480380770907268
18.25_105.25,temp,All,Mon,1.308286037150822,0.6465452692340892,0.8381780154119902,2.20732527604464,,0.0018516118309732,0.42835621433243,0.1574577128185247
18.75_101.25,temp,All,Mon,0.5291340308063239,0.842412769902331,0.2260136885873337,3.933358040503558,,0.5210864806949175,0.9131339302481644,0.203628946804626
18.75_101.75,temp,All,Mon,1.234244769393977,1.1904749851331482,0.2725653992463947,5.4471159854698445,,0.2828253950205301,0.9648757841176168,1.32463115266105
18.75_102.25,temp,All,Mon,2.0393637611136617,1.540884597604285,0.5946006498555368,6.0845846313136,,0.2983358641576816,1.4922899299124497,2.200417109815335
18.75_102.75,temp,All,Mon,1.300314689700294,0.7475438820096749,0.1032655909944521,5.0910934958338485,,0.2165202211586755,1.2580503142067756,1.2844905825182007
18.75_103.25,temp,All,Mon,0.3215032891974817,0.2900967540721075,0.4690785095787894,3.5030188723599536,,1.2992782203967568,0.1093868313055561,0.0962944469929601
18.75_103.75,temp,All,Mon,2.214436221683705,1.0424999347881636,0.3267505445835124,6.033472931020382,,0.2645133855598174,1.7025515294122118,2.7586731507867843
18.75_104.25,temp,All,Mon,0.6173700168029144,0.6207157515110853,0.0443792818403211,4.51443954330012,,0.2632942499915397,1.0860172734506348,1.4734713672937596
18.75_104.75,temp,All,Mon,1.2515605934503944,0.9543129057301812,0.7410630130431026,2.664645348102585,,0.2917814499122577,0.1802016495774505,0.170884761982008
19.25_101.25,temp,All,Mon,1.349159995563854,0.9522309419183672,1.4063615972988557,3.3251011960661754,,1.4663623332251885,0.8326185984525232,0.8645587749403854
19.25_101.75,temp,All,Mon,1.1224312076739194,0.7572617190182165,0.359355454860069,5.704116786407786,,0.3548466936936837,1.3369038423277482,1.4606831290591105
19.25_102.25,temp,All,Mon,0.2671995641468182,1.0577437351392789,0.756442420405021,4.248583207448801,,0.729687578340033,0.7993678376547131,0.1183099976286604
19.25_102.75,temp,All,Mon,0.7914696154285674,0.1511853085457239,0.5128787666196077,3.4698660195617728,,0.8172312567792845,0.7874387282717129,0.2309725555045484
19.25_103.25,temp,All,Mon,0.9250658904637328,0.3293085028767513,0.013066107675489,3.4372940861840906,,0.2239024634312227,1.1263559245961856,0.3145159682826597
19.25_99.75,temp,All,Mon,0.452172425514926,1.983376756946161,1.7782400180400817,3.9119557806642153,,1.4767090831045369,0.5470954189252023,0.5004856499566933
19.75_100.25,temp,All,Mon,0.3444727856789732,2.277778983416318,1.3209031786138523,4.629050048182701,,1.4894361764823445,0.6122601463823955,0.2968671641526054
19.75_100.75,temp,All,Mon,0.1487717482240702,1.6427715392721534,1.114633220615008,4.865127610571981,,1.1798548416082535,0.9139470014914672,0.2218157985136338
19.75_101.25,temp,All,Mon,0.2023303693796555,0.5141267351651505,0.5931368253214185,5.177256239085585,,0.6349358529079194,1.599250209252319,0.6007359217153879
19.75_101.75,temp,All,Mon,1.1984153380176483,1.0699795192961312,0.5573050915142095,5.9171691271095606,,0.6315907421593756,1.5164614403024477,1.2886116113135455
19.75_102.25,temp,All,Mon,1.1040776539139117,0.6739375830955863,0.3086784885352969,5.455282390213909,,0.3028411711971021,1.4489527805071478,0.918640261596512
19.75_102.75,temp,All,Mon,0.6282566205371244,0.8511938766018191,0.5148076993997348,4.617600020014503,,0.6435948431182354,1.3624444809424736,0.5049140316566711
19.75_103.25,temp,All,Mon,0.3217313728216536,0.8942957366399419,0.9081226361631972,4.0389071171882085,,1.0834440936799266,1.1544863162436267,0.7002928306325321
19.75_99.25,temp,All,Mon,0.0161537947685356,1.2862979234980614,0.9621120269091858,3.9663777620526335,,1.0465081792765771,1.1549268952642855,0.4505172916918024
19.75_99.75,temp,All,Mon,0.3099850871804455,2.2658249282528797,1.537598786537511,4.3914391192938265,,1.4300384780855862,0.6735341677910298,0.5956942698033824
20.25_100.25,temp,All,Mon,1.606542353509092,1.9891215082295532,1.0561954322348663,5.85205239177177,,1.2805527442136375,1.0950471684434548,0.9244204652693176
20.25_100.75,temp,All,Mon,0.929994660697365,1.3974789251486808,1.1687206466547193,5.733800675274297,,0.9048053132822724,1.548249986255672,0.570339323705376
20.25_101.25,temp,All,Mon,0.4373088642240155,1.220037168206198,0.8475260648699907,5.331584548047128,,1.0826614369336498,1.4498434070925368,0.4977610920987066
20.25_101.75,temp,All,Mon,0.1436559328486679,1.3447693246832169,1.4484039988741657,4.669859922209452,,1.4723437913549842,0.961849709404482,0.0300717819326488
20.25_102.25,temp,All,Mon,1.4993469267734283,1.604978134151237,0.7335870571547998,5.535414379757025,,0.6102779372908218,1.5902981576082478,0.8861026472720767
20.25_102.75,temp,All,Mon,0.926226819518748,2.0073322540256373,1.1178311642976566,4.701941851190322,,0.9718708037063032,0.7583014856677418,0.2645034521798667
20.25_103.25,temp,All,Mon,0.147622603512525,2.2696533306897924,1.8004863460110487,3.455209059576015,,1.088628253532364,0.6962505370600885,0.2970568996768897
20.25_99.25,temp,All,Mon,0.3765986560365914,1.2381771621061906,0.543040020519934,3.577252576773649,,0.7688933427199875,1.013528469195515,0.223037180956746
20.25_99.75,temp,All,Mon,0.727209434816855,2.1240380554403,1.2313250289312003,4.73690027510248,,0.8835596248857245,0.8902936635914046,0.4977684873925415
20.75_100.25,temp,All,Mon,0.667874519822142,1.7765814275218597,1.1991230327586944,5.092186220299402,,1.5399513724391003,0.766991449606951,0.3802818752390958
20.75_100.75,temp,All,Mon,0.5185527665586687,1.546411367867467,1.125907270403697,5.312494048022365,,0.941535824040478,1.5489119995590828,0.043636331302981
20.75_101.25,temp,All,Mon,0.0726482024658003,1.0131715892971176,1.1350270839212635,4.903679722822598,,1.21090967818017,1.499592337276635,0.1644702200036588
20.75_101.75,temp,All,Mon,0.5964286768268883,1.0095085589839432,1.2343630584320613,5.147024512541787,,0.9829050649457652,1.6551569703989026,0.3855097987273486
20.75_102.25,temp,All,Mon,0.5317237073011755,2.0821525156626115,1.0969556769904536,4.691120211821679,,1.5722077131691985,0.8998314500569419,0.1242658888251299
20.75_102.75,temp,All,Mon,1.1212042667251776,2.109230107382812,1.071817060283889,4.872709200382865,,1.185874320881594,1.0127544751490607,0.1590868100818221
20.75_103.25,temp,All,Mon,0.6583655075058901,2.375601116724344,1.735526892968353,2.852702581782648,,1.9069300411649333,0.038935990390019,1.487756653645646
20.75_99.75,temp,All,Mon,0.1224309201336779,1.3023598267959646,0.6356291732105338,4.001179546445027,,0.1379918900244098,1.307016483963173,0.0249227518015559
21.25_100.25,temp,All,Mon,0.3762343682746654,1.0336922893621514,1.7418086402844724,4.503727460453868,,1.5609387814913642,1.2165412681326546,0.465850005445866
21.25_100.75,temp,All,Mon,0.4467527086607105,1.3888799592611476,0.8461308232704674,4.903510312673927,,0.9722996950302908,1.023874603631337,0.1325907401319663
21.25_101.25,temp,All,Mon,0.4111881268355195,1.0128365922275733,0.9599057426859996,4.8856278076356885,,0.994295119240735,1.437856244206587,0.3142761483413868
21.25_101.75,temp,All,Mon,0.0828530218822893,0.954044641068216,1.2879218631469809,4.2718153092437,,1.4163253587331506,1.109825267630664,0.639531357129615
21.25_102.25,temp,All,Mon,0.1353721813307163,2.105464753550511,0.7505840164875536,4.232490942283387,,0.9244068305858164,0.7630252454191092,0.5726874627635937
21.25_102.75,temp,All,Mon,0.6431092742916389,2.14361665347042,0.8817508923096751,4.381909368319909,,0.6229350285443559,0.6764873926273657,0.321905765005773
21.25_99.75,temp,All,Mon,0.4096373086988679,0.3065566548884416,0.7592391329192196,3.2604653443012075,,1.046319362804277,1.6485968361596903,0.0063248049187025
21.75_100.25,temp,All,Mon,0.7283694703280932,0.5919674536430102,1.1554775964579742,3.3841833601772278,,1.5096141987643532,0.6306472629136848,0.8723734599455745
21.75_100.75,temp,All,Mon,0.702139818382859,0.91917187656761,0.818891727727433,5.090130640907972,,0.8146142033746102,1.0730051579481927,0.0542960875908321
21.75_101.25,temp,All,Mon,0.5108503356414044,2.0380209057566656,1.9556044090404927,4.845726766376178,,2.022971645376109,0.6127453151123851,0.3825405371838051
21.75_101.75,temp,All,Mon,0.4255551520232161,1.4751710629349826,1.802476111992087,3.581117164393792,,1.8014499738214664,0.5490052694712845,1.3451296611326418
21.75_102.25,temp,All,Mon,0.3409619315712832,2.040310418248377,1.1702477221254806,3.993429196722096,,1.0698200451743856,0.704875741616015,0.5690690772214327
21.75_99.25,temp,All,Mon,0.3691660251666069,0.2333617136765718,1.3746279260931704,2.6923367458249583,,1.0611195986961557,1.4114066418865363,0.6963235409604146
21.75_99.75,temp,All,Mon,0.1865860546967724,0.586276303200646,0.2972540626336484,3.563336021783892,,0.9905992468832948,1.5700247014763735,0.2298410664291403
22.25_100.25,temp,All,Mon,1.1406071938151936,1.1327410138693934,0.905772160409224,3.2828019083246214,,1.102102733149021,0.624487927165852,1.3803358645475914
22.25_100.75,temp,All,Mon,0.3391925121705874,1.554776963002567,1.962365070651572,4.943270772222701,,1.6440420027599008,0.7388972979778754,0.1919240652882244
22.25_101.25,temp,All,Mon,0.3030623319463326,1.9982733616882515,2.4430478034333665,4.102029950214423,,2.5502850522381326,0.1512231800194294,0.9401376943983416
22.25_101.75,temp,All,Mon,0.3075390555018509,1.907451810830376,1.7993263708248977,3.685652172717667,,1.7985255573506127,0.3359926924027321,1.030520422310185
22.25_102.25,temp,All,Mon,0.1864108925408008,1.967578273393865,1.4939617809041694,3.97725163715496,,1.7045478007738857,0.3331907863492382,0.4631268940430577
22.25_99.75,temp,All,Mon,0.1851503178502274,0.7659698162947559,0.0555030273845572,3.4563892849926963,,0.2274023828099711,1.2414466436628957,0.4536986512552894
22.75_100.25,temp,All,Mon,0.6158330126053736,0.4224768769979821,0.0208329390683457,4.755226766930548,,0.6928383951731839,1.6630286948384252,0.1726921491006073
22.75_100.75,temp,All,Mon,0.715792747041098,0.8083568494700901,1.3304407194912582,4.903696544608819,,1.492898618462999,1.3810865764534446,0.0263301286693228
22.75_101.25,temp,All,Mon,0.7689820975025159,1.2604559528456565,0.94888148367871,3.4458793106718826,,0.994321938231633,0.4706420500194585,1.432065421935356
22.75_99.75,temp,All,Mon,0.8001592923280424,0.2427075093786843,0.8620166679424571,3.1919491283378933,,0.4754172816129962,1.228881636018606,1.080298810523107
23.25_100.25,temp,All,Mon,1.391658606589136,0.7940248822643425,0.9734371672441752,5.33422952256015,,0.8020331670340161,2.207623376381078,1.0189935762277753
23.25_100.75,temp,All,Mon,1.8702453599457955,0.7742222226029365,1.052785230577822,5.944391130145842,,1.620751412062786,2.564880010561528,1.141123028425911
23.25_99.25,temp,All,Mon,0.0149571456686637,0.6510794453175731,0.1689888567887504,3.940462591481993,,0.3842902915110706,1.3807356708082958,0.4549280645081591
23.25_99.75,temp,All,Mon,0.277584796503758,0.2609984207581099,0.1879309550170136,3.672937956419256,,0.2078965756888901,1.394046455290861,0.5127110037877676
23.75_100.25,temp,All,Mon,1.855659518815488,2.4422253452215426,2.049051741567804,5.470785165363604,,1.8698932935297867,3.515842209373211,2.0630652418674336
23.75_100.75,temp,All,Mon,1.439234482703445,0.945562233492338,1.0044443664122933,5.341225342651552,,1.0903371035478375,2.6390174319954047,1.2773999930141124
24.25_100.25,temp,All,Mon,1.7849683580987497,2.2892895729842144,0.797439000817585,4.367515171883673,,0.959563102816818,3.635251444629351,2.094600690047535
24.25_100.75,temp,All,Mon,1.8053238689605635,1.7842580999730862,0.183494113332985,4.602478548613489,,0.2385139642932058,3.019795183886046,2.009286759957173
24.25_99.75,temp,All,Mon,0.8978975542465372,1.1403288628147603,1.5596039991309791,3.5089352881319846,,1.910112622373196,2.63989948528254,0.9407531904282488
24.75_100.25,temp,All,Mon,1.668516174334161,1.9754801659939123,0.3948225795470371,3.879884832932799,,0.1036793408410627,3.089879350370966,1.8831141018992292
24.75_99.75,temp,All,Mon,1.1857607069129816,0.7050219885848938,0.5790269159897375,3.180448007909956,,0.5925419436930094,2.264014903550412,0.8313973034019773
25.25_99.75,temp,All,Mon,1.2928580635695552,1.3393614740438438,0.0005502409668885,3.7272746470333167,,0.4573717365144458,2.7605290442948247,1.6209497454966968
25.75_100.25,temp,All,Mon,0.2770976948238096,0.1504205402361383,1.4408073197569424,1.3503019687890572,,1.758148261361567,0.8260555845046015,0.3671232807901085
25.75_99.25,temp,All,Mon,0.3016431686404943,0.6039592289486971,0.6730795699141959,2.605587589316104,,1.0951609195332712,1.738832920178852,1.160118719478292
25.75_99.75,temp,All,Mon,0.4704554680955518,0.8406485932694849,0.3691668441172018,2.133777590104537,,0.4144871480609701,1.575924615952029,0.8692762788321398
26.25_99.25,temp,All,Mon,0.1602630926550027,1.3768572505445296,2.036745513498608,1.780675008981446,,2.5935399590034,1.8797137080977653,1.1593363722861854
26.25_99.75,temp,All,Mon,0.1624494364954299,0.9820159111153168,1.2002473253745722,0.8944062835045995,,1.044067635113546,1.1650708770366618,0.639492141026471
26.75_99.25,temp,All,Mon,0.4318117000454159,1.563067473575675,3.6748809517842913,0.6083859921725805,,3.992588590650381,1.511429413862126,0.8187885545489771
27.25_99.25,temp,All,Mon,0.3346208021735397,1.6597482857260173,3.110851356055907,1.0602435653976183,,3.6337022730202735,1.8460641099953368,1.4903184665913534
27.75_98.75,temp,All,Mon,1.629054320630499,2.708568643709219,4.88046469118167,2.312902378980172,,5.3937250320369605,2.621532489203613,1.81418276491561
28.25_98.75,temp,All,Mon,0.1187158104097464,4.312351796819676,4.0506421960603625,2.235542501753752,,4.841249438505224,4.160305879552263,1.7634310640985689
28.75_98.75,temp,All,Mon,0.1325472066460198,2.481430304421833,1.8547684225996293,2.5628636368501208,,1.8475163624176896,3.881954627047133,1.838473985298941
29.25_98.25,temp,All,Mon,0.2647566995959038,2.736950135258045,0.2716678244511755,3.732543801195135,,1.3091246976631283,4.106875489157075,1.2274558208554518
29.75_98.25,temp,All,Mon,1.5282867098941617,3.258040418355173,1.0942817113318002,4.619531483447929,,0.9109485994837788,6.57625534799198,1.8533554694757788
30.25_97.75,temp,All,Mon,1.2151231582821227,2.918097919725552,3.252592054978201,3.150581690003769,,3.816320640754275,6.5304086157311,1.4036656806824848
30.25_98.25,temp,All,Mon,1.656455587790569,2.8838752132544525,2.878597320733592,4.874203729161728,,3.1092141397669275,6.411859693247711,1.4901999911295618
30.75_97.25,temp,All,Mon,2.7269610035388183,2.939874073634296,7.656053406534237,3.680563814845107,,7.904496774562807,6.386748160046354,3.8922939044338176
30.75_97.75,temp,All,Mon,3.0190009139766776,3.3561043967209425,5.108513621153393,4.483647220128592,,5.25345650539851,6.839369079579312,3.653564926891693
31.25_96.25,temp,All,Mon,1.9350060142065677,2.485731153544789,7.173390582185497,2.521772681714407,,7.6609565738074865,4.902978067609935,3.165873255131653
31.25_96.75,temp,All,Mon,2.5038709346429897,2.2980748850933894,8.084517234519511,3.0964330977371977,,8.363378862717067,5.446724451744016,3.099672411363216
31.25_97.25,temp,All,Mon,3.7026460104170615,2.658488434666915,9.42939299718038,4.191837066732056,,9.74665758440799,6.869690582524819,4.329425297008794
31.75_95.75,temp,All,Mon,0.5644027778266465,1.6002096925057785,4.435700443908062,1.5378361821892863,,5.715437320956474,5.41270503207121,2.727385632899716
31.75_96.25,temp,All,Mon,2.10487426461059,1.98725328769998,6.070562832506947,3.106810886664832,,6.694942161931838,5.426867178708144,3.026333245337548
31.75_96.75,temp,All,Mon,2.4323280539149903,1.7169808047237622,6.690013780806917,3.923819931550476,,6.80657753163759,5.764907643288109,2.8312773289611037
31.75_97.25,temp,All,Mon,2.2840040516836755,1.7317006140418196,6.360781984465394,3.3567645780488267,,6.787436215749329,5.745010141541604,2.445264553226927
31.75_97.75,temp,All,Mon,2.027674237581881,3.1036258342630827,6.955416602564365,3.41575342623336,,6.869575402687053,6.530125765176482,3.032624141129396
32.25_94.75,temp,All,Mon,1.29338382557638,2.2371367817301806,2.596780302465146,2.652177784374962,,3.863147575417102,5.6851180496553,3.219237362347673
32.25_95.25,temp,All,Mon,1.9930307336945128,2.4389967494615843,2.06414435236621,2.8658663315441566,,1.744800939756964,5.285011800834987,3.684707835781839
32.25_95.75,temp,All,Mon,2.484567338743793,2.028996980455534,3.10581419318343,3.62107533549791,,3.155526978669428,5.27911124849115,3.836571449242975
32.25_96.25,temp,All,Mon,2.708205782918136,1.2679085640912666,5.3377304987955485,3.694534104642406,,5.114513751560212,5.232275897863494,3.09286075364123
32.25_96.75,temp,All,Mon,2.4499381069734056,1.621582444021982,6.656485604350733,4.242982160278347,,6.778795178531696,5.859855417233839,2.709943570590972
32.25_97.25,temp,All,Mon,1.6872819671911914,1.76579766411531,6.074029500825894,3.6188804900386686,,6.549468946407519,5.384233935503402,1.8472161314754192
32.25_97.75,temp,All,Mon,1.0952513748115091,1.3996009007720815,4.861423765193154,3.2215779700582914,,5.391935018323967,4.939975730323432,1.940347330052067
32.75_94.75,temp,All,Mon,1.5807685625843604,1.9227571781733477,2.898052379911301,3.589095804744833,,3.58390865441712,5.275429902566779,3.6047502911290974
32.75_95.25,temp,All,Mon,2.983527023295529,2.047303680736408,4.728720570050602,4.283097286937132,,5.627017718897526,5.68864554567669,4.7366511099024144
32.75_95.75,temp,All,Mon,1.946324528603048,1.3046593910034667,5.9944453381372576,3.154331484794964,,6.818408138293296,4.872972113545232,3.5137392535910674
32.75_96.25,temp,All,Mon,2.0920934437680243,1.366339391489358,5.906584983375591,3.465863243094267,,5.952240637455184,4.951885211396463,3.132600143987314
32.75_96.75,temp,All,Mon,0.6446648144212631,0.8234705562252187,6.259742623591534,2.734186192561907,,6.399733932671911,4.389328445848415,1.8347728181551557
33.25_94.25,temp,All,Mon,1.0642622881641823,1.029677557042774,4.559198956026505,3.1519081610097675,,4.936819250222892,4.481539258192486,2.386295993089083
33.25_94.75,temp,All,Mon,1.741909174891561,1.3707949544052302,5.235219281301808,3.9289674594868367,,5.397182949666297,5.62172819495866,3.439558228016535
33.25_95.25,temp,All,Mon,1.10417216002054,1.4251876631530636,6.168960653648604,2.566610330141478,,6.187404687343507,4.645632305152886,2.898855190403986
33.25_95.75,temp,All,Mon,0.3748335375847098,1.1043543270619924,5.892449933121911,1.234846119282223,,9.729390355131171,3.6766996269671153,2.040370495898219
9.25_105.25,temp,All,Mon,0.1445373553899786,1.756989434168231,1.0454617050188528,0.245953774696753,,0.6966905826248739,0.1351969604859307,0.4952860932279741
9.25_105.75,temp,All,Mon,0.0105699069905223,1.5453747448480384,0.8060370779959803,0.3860069578951137,,0.8623416780513035,0.2291265906182748,0.2210351629921942
9.75_105.25,temp,All,Mon,0.1415686564215971,1.542349500810964,0.8149371145163251,0.9302145889858022,,0.7382356623590195,0.2874347747619831,0.1942723634971642
9.75_105.75,temp,All,Mon,0.1948927320283364,1.8059850149306105,0.8356538228714835,1.1064253125778596,,0.8126514552716814,0.0395771393737016,0.0895508672125898
9.75_106.25,temp,All,Mon,0.2651336396947028,1.531572800803313,0.9924298026430016,1.0361272883732755,,0.8749701947637294,0.248187548511917,0.1556737129720361
10.25_104.75,temp,All,Yr,0.431383887682877,1.3730840143141116,0.3292951067112462,0.915815589365472,,0.3712645511556904,0.2215469749898115,0.3538535527443012
10.25_105.25,temp,All,Yr,0.5015441624872129,1.3591762220226058,0.6190258749823254,1.49003768433266,,0.5796847919837638,0.5547120709301263,0.3105096512130816
10.25_105.75,temp,All,Yr,0.5054668762631925,1.5582767193984912,0.8119482980678866,1.7012041813259469,,0.8048100789313912,0.3362464952882354,0.3724803016692866
10.25_106.25,temp,All,Yr,0.5624570863587598,1.5177469982783145,0.8594090760702326,1.7046044458168026,,0.7736605517711735,0.1042436085535334,0.4740950351822732
10.25_106.75,temp,All,Yr,0.3776393646397348,1.0280262860659903,0.5727741412364536,1.271584705691544,,0.7607479027871354,0.1861985827282484,0.6060595624256635
10.75_104.75,temp,All,Yr,0.9244086416980658,1.456712493865974,0.3647152371268635,1.8324073273531796,,0.2677388352421584,0.4973314912543364,0.9893504769984456
10.75_105.25,temp,All,Yr,0.921904244745532,1.3438770587452489,0.5512180294599565,2.09926210170422,,0.4614273737638379,0.6690216059086256,0.7859550675366589
10.75_105.75,temp,All,Yr,0.6937804418161697,1.2206069751145716,0.6229924312365368,2.1225556202227374,,0.5677530855187096,0.7830880134906969,0.7255806784439949
11.25_104.25,temp,All,Yr,1.1523190508271572,1.1535407170363707,0.6030726530595272,2.624028946361588,,0.3010127976561788,0.9448502617877246,1.365377146160308
11.25_104.75,temp,All,Yr,1.1682035606457584,1.3431453165157068,0.5835798525338713,2.670923641989172,,0.30819574319435,0.9404043302060217,1.3678229113539777
11.25_105.25,temp,All,Yr,0.9912776405419568,1.1858137583069257,0.6233672280859337,2.6316635341550856,,0.516150145761076,0.8029615631575893,1.0192775659771616
11.75_104.25,temp,All,Yr,1.275240526985553,0.6735035494173712,0.6505541580374453,3.3002830422270457,,0.4603526245311112,1.4639725263035326,1.6187187903702045
11.75_104.75,temp,All,Yr,1.2911344977584824,1.0754534970182392,0.7609882401377343,3.115979686187424,,0.5051309304588659,1.231128938875998,1.2539640277050024
11.75_105.25,temp,All,Yr,0.9899869559431426,0.9803930413121408,0.6734902103034993,2.9918528324641733,,0.492482998561103,1.004156264399365,1.0153069038767042
12.25_103.25,temp,All,Yr,0.4603849140404712,0.5918785300795961,1.0273529792649143,2.296907597250294,,0.4539127558616322,1.062650649021467,0.7386743836864049
12.25_103.75,temp,All,Yr,1.07028506125708,0.2077322107027319,0.3823386926000796,3.727499044547579,,0.3056853313621285,1.618395999201536,1.8027552145453325
12.25_104.25,temp,All,Yr,0.6915711767347863,1.2715348410559668,0.8796156076635805,3.141162573296405,,0.6423437360165009,0.9892428305927764,0.8317257340868829
12.25_104.75,temp,All,Yr,1.071217170280544,1.028502256697523,0.5119797726875768,3.289094512854422,,0.3551182775240991,1.242569780006821,0.9442291536708513
12.25_105.25,temp,All,Yr,0.7998346745015835,0.8611431785479622,0.6229645854646476,3.322275593440958,,0.5654950042002486,1.0851360419941605,1.1450901326197074
12.25_105.75,temp,All,Yr,0.8209290020876475,0.8594976358010835,0.7522138834826294,3.527048038567424,,0.6758319888381528,1.0369162987499063,1.5756091707629476
12.25_106.25,temp,All,Yr,0.6183858293618122,1.3988294892748128,1.1792085050860428,3.346794663605892,,1.1218203100697823,0.6416007631143381,1.5106616118139256
12.25_106.75,temp,All,Yr,0.1358832389317233,1.5194017520439824,1.6580975773718918,3.16739876550141,,1.8657755443687567,0.2919147075213545,1.145866520115444
12.25_107.25,temp,All,Yr,1.3721161505768058,0.82927882492868,1.6798751278788333,1.6757623392261565,,2.1649631417853965,0.7618058977302026,0.0440303019188057
12.25_107.75,temp,All,Yr,0.7493534367176515,0.3309211133152016,2.027369227570261,1.7976182132104042,,2.049158029127262,0.2216112455814229,1.540123784028246
12.25_108.25,temp,All,Yr,1.673261640924552,0.2188470720113774,1.4747847840823074,1.0879854384684493,,1.9256531688998664,0.2800843333666017,1.0662644277266269
12.75_102.75,temp,All,Yr,0.043077055002453,1.1347673827881335,0.5368611807686867,3.2379634929843384,,0.0655633559564506,0.7886298089511032,1.3491337632973197
12.75_103.25,temp,All,Yr,0.6406454583260565,1.1442789931465265,0.9715654381981343,4.080642482346483,,1.061730079180909,0.6773828929311091,1.7509607470203197
12.75_103.75,temp,All,Yr,0.8633471538122444,1.567978280559923,1.4646060797548053,4.00316703982334,,1.3170219751977443,0.5625572018031954,1.4181038266753163
12.75_104.25,temp,All,Yr,0.6961835766150151,1.498801662840699,1.0943502952649484,3.805884585090368,,0.8714730678859866,0.8678962532125651,1.1086248163535195
12.75_104.75,temp,All,Yr,0.8287977110728507,1.2107727360248193,0.7082957980886793,3.5708135231346327,,0.6222975590737829,1.1608164227195976,1.2923517376966007
12.75_105.25,temp,All,Yr,0.7476205500245354,0.62483896166546,0.7403070033934674,3.895682061406792,,0.6359484174214634,1.341864800966472,1.7272624487029136
12.75_105.75,temp,All,Yr,0.6631235617270081,0.5811021292345568,0.7055546075887253,4.042138535610615,,0.8029884501501277,1.2382022726251956,1.911612280900932
12.75_106.25,temp,All,Yr,0.6090937724047875,1.213061379760628,0.9884810803786052,3.801730512513411,,0.9310362377423458,0.9690381879049492,2.016928094335072
12.75_106.75,temp,All,Yr,0.0037325452670273,1.4585547236153735,1.280651742063195,3.4782284377989034,,1.3145282749457294,0.4394068258602195,1.4978479686603292
12.75_107.25,temp,All,Yr,0.4363021205013688,1.6379250135156491,1.3931374038309587,3.157863905315601,,1.128347540151874,0.213529295190093,1.2229160325955872
12.75_107.75,temp,All,Yr,0.350753464580683,1.2380774024586003,1.0357460097645363,3.736867586604121,,0.9814610110953076,0.6500709330580308,2.402163104482205
12.75_108.25,temp,All,Yr,0.3993458546464726,0.9964949320474756,1.346694093037569,2.9356607098418874,,0.6181724501168581,0.842579812153271,2.045629475135364
13.25_102.75,temp,All,Yr,0.8731577168118047,1.096731007186166,0.5604294420740078,4.228838258934884,,0.9858502881952246,0.8212906565278509,2.115406949206113
13.25_103.25,temp,All,Yr,0.6067400907419886,1.6705422478395755,1.078988516480773,3.996346919596444,,1.0115248446740026,0.5850782538197312,1.5249911643419751
13.25_103.75,temp,All,Yr,0.2991209812777075,1.5149395484525618,1.0710762238940037,3.5724702504761674,,1.0673211101962057,0.4933960726850823,1.126163109763705
13.25_104.25,temp,All,Yr,0.1244896802821241,1.3662328172434717,0.8677525582004636,3.5683199659821523,,0.8068608270745471,0.7835984426229522,1.2520455916111497
13.25_104.75,temp,All,Yr,0.3837092056125289,1.1310359487153896,0.7731476545150591,3.7301920022706287,,0.7062418382114429,1.1100551505851235,1.706665423809167
13.25_105.25,temp,All,Yr,0.5118512463507737,0.6754839469438004,0.9528614211393068,4.1347583152015694,,0.7825285785280008,1.445949620355814,1.9914723146276745
13.25_105.75,temp,All,Yr,0.3915282385574428,0.5226389581305995,0.846597353220053,4.158285489183322,,0.9991640625129964,1.2901215836182005,1.8649688741672277
13.25_106.25,temp,All,Yr,0.4240017661834299,1.0687459396910943,0.794354626510633,3.9334223463998463,,0.8141081210336775,1.041311800617145,1.791412946453078
13.25_106.75,temp,All,Yr,0.2314185110329288,1.4378161243772407,1.272812588475518,3.688817059493808,,1.1164024363516891,0.6011069640525327,1.5018036271843374
13.25_107.25,temp,All,Yr,0.459927150235796,1.9504891171993903,1.5454687927822282,3.866774153587677,,1.4168683723415765,0.3846128756102835,1.7546675651038417
13.25_107.75,temp,All,Yr,0.6744015669835558,1.7269121803029164,1.3127063671182966,3.841565458367643,,1.686160757832838,0.4597015633655217,2.033993480737082
13.25_108.25,temp,All,Yr,0.7638986430288366,2.229164124061182,1.8876294175379071,2.4215122685705013,,1.24282556017167,0.1426691958812615,0.6984980912576612
13.75_102.75,temp,All,Yr,0.7099353290748631,0.9857764492934432,0.4425896041786237,4.558574650381349,,0.4393061781071442,1.1667502247756396,2.6352298080154037
13.75_103.25,temp,All,Yr,0.3311679130174405,1.3916456959935462,0.8095568557609946,4.04838761937437,,0.7826478907270175,0.8889796464306207,2.088916396270512
13.75_103.75,temp,All,Yr,0.0889008650015391,1.4737484951884294,1.064661935149836,3.664134795185933,,1.0625914645557306,0.7178634382563563,1.700852238108308
13.75_104.25,temp,All,Yr,0.2960635435120732,1.4085561749881474,1.167463252197853,3.531924986817044,,1.173712432317788,0.6567852609559931,1.6933186481231963
13.75_104.75,temp,All,Yr,0.1701493633089633,1.2196518506042533,1.0695495729054902,3.6924541340419688,,0.9596996221856258,1.134188740570236,2.127220929689515
13.75_105.25,temp,All,Yr,0.5108306996531675,0.8497060096813631,1.0557082414269194,4.185578254984155,,0.9618727882160184,1.562369978894794,2.3018704196089192
13.75_105.75,temp,All,Yr,0.4504971018289794,0.679853625312939,0.9379183087140583,4.190120433270122,,0.9033836809974134,1.3513732691443971,1.972227670484318
13.75_106.25,temp,All,Yr,0.6328616030807362,0.9632059768279396,0.6987170284701943,4.164937362015619,,0.7885793828130845,1.1799141441683103,1.791157919047501
13.75_106.75,temp,All,Yr,0.4902032986500987,1.2613554395289068,1.0171291436900622,4.043021766391363,,0.9463924050369708,1.0169804375327496,1.4736317195648372
13.75_107.25,temp,All,Yr,0.2841230127837251,1.6457598822267148,1.0559663986409489,3.882364332056624,,1.3265550937362247,0.5910368869925396,1.5558429878109632
13.75_107.75,temp,All,Yr,0.1188521200855016,1.5278930777004256,0.8968903250825494,3.2660394141693905,,1.069337399880231,0.5050921350982696,1.6554797710241125
14.25_102.25,temp,All,Yr,0.1536849215260629,0.3209665553808914,0.3354517661418437,3.457704065486438,,0.7481273415342132,0.7723791443554497,1.7436209526037385
14.25_102.75,temp,All,Yr,0.2774311712453525,0.1572362181134639,0.4670643698380612,4.22970709900109,,0.4649989879897861,1.1391149913915717,2.256625172729995
14.25_103.25,temp,All,Yr,0.35799248238807,0.7740857141668944,0.6579183347056909,4.20404033778726,,0.6411758658332702,1.0686749954878527,2.412053514463824
14.25_103.75,temp,All,Yr,0.1982638437674144,0.7994271336011506,0.8028278118787999,3.9304404089627454,,0.7279982739476512,1.0991150657068476,2.3332081177067474
14.25_104.25,temp,All,Yr,0.0248798225915124,0.7129485419733678,0.9215358486995868,3.5743080754963352,,0.888407486421971,0.9960923378122106,2.011757583984163
14.25_104.75,temp,All,Yr,0.4705168197053997,0.7831730046743363,0.8149950830068785,3.7182522068767616,,0.7658522244678997,1.4044607016077375,2.383151981997156
14.25_105.25,temp,All,Yr,0.3777780892615053,0.5647096338714638,0.952877456313263,3.672738353565221,,0.9077535394365834,1.2860623637206714,2.0078658548959925
14.25_105.75,temp,All,Yr,1.1358302351307057,0.9195293445534022,0.6742436470211515,4.133267428824512,,0.6137542227046272,1.463995254697207,2.320159658511531
14.25_106.25,temp,All,Yr,1.446463489449476,0.6679144337982724,0.490409686561702,4.454336103105689,,0.4440746521279867,1.6185589159825662,2.174745358518185
14.25_106.75,temp,All,Yr,0.522530918814615,1.2400974333990402,0.990464126764313,3.5808671522527464,,1.0630198623898997,0.9224844924769822,1.168021049999583
14.25_107.25,temp,All,Yr,0.7359840739909002,0.8325734007036453,0.4783276496910115,3.543362493221382,,0.687663191273465,1.1413942083780388,1.8306842865400768
14.25_107.75,temp,All,Yr,0.4966515395363928,0.2732417373639071,0.0093840311566907,3.367924462992074,,0.1973647730202689,1.24230841249345,2.472101073450274
14.25_108.25,temp,All,Yr,0.7819764981577134,0.1969365933910557,0.4341304713010784,1.9447514155667005,,0.3067484643727495,0.4911831041910989,1.3743644245036637
14.75_101.75,temp,All,Yr,0.1345112001064622,0.4941431723099703,0.5194211754456006,3.4890420782909555,,0.213200574227946,0.9538354554565788,2.0308334644559216
14.75_102.25,temp,All,Yr,0.7467220309238054,0.4665010608744833,0.5300130451381084,4.524571162262644,,0.1760560641182385,1.274429717211036,2.7355557896673908
14.75_102.75,temp,All,Yr,0.4654583826134695,0.5320222039241123,0.5589281436983797,4.412950442939009,,0.3719076510633699,1.2565618454475138,2.5037199836772555
14.75_103.25,temp,All,Yr,0.2250827074548153,0.6165965545491598,0.7042609744990893,4.1250818794445685,,0.5127538351173997,1.1850605566368069,2.413191860377107
14.75_103.75,temp,All,Yr,0.0958072252580445,0.6760877146908874,0.961586630112034,3.746434288224335,,0.7795400264906728,1.0834149479335613,2.31744324130216
14.75_104.25,temp,All,Yr,0.2888007111310724,0.5474539683193194,0.8545713204165326,3.630723868719382,,0.702396888281725,1.1786895941562483,2.2567557577080786
14.75_104.75,temp,All,Yr,0.4536525609035933,0.6481582779399654,0.6594225037635884,3.5326714293318693,,0.5084354068418295,1.2092642580116608,2.201503294408264
14.75_105.25,temp,All,Yr,0.7429978819938283,0.501995062213572,0.3858100768520594,3.694404978499721,,0.2173290538629806,1.173748833183621,2.3068827423043974
14.75_105.75,temp,All,Yr,1.29794045420898,0.5631159166105252,0.1952803919122361,4.400345746521278,,0.1971458773111764,1.7328656918556773,2.643474767967496
14.75_106.25,temp,All,Yr,1.512757632806846,0.4075656366494491,0.1298417053422158,4.901266092584275,,0.0563659043840603,2.55993800872903,2.609974696438522
14.75_106.75,temp,All,Yr,1.3303713663697396,0.3568174663564313,0.1811767483011866,4.611728747307267,,0.2197739877818539,2.1295476907993787,2.8037687830925475
14.75_107.25,temp,All,Yr,1.526660118854539,0.2404789102228214,0.0100246621919472,4.5894799562300905,,0.5325030035930828,1.9095553828671483,3.4982868670184897
14.75_107.75,temp,All,Yr,0.3939516285317428,0.6543292431028607,0.3378440892531872,3.02968462711364,,0.3031191366203387,1.469015491824072,2.3324875206435944
14.75_108.25,temp,All,Yr,1.6031443787375974,0.0278874536101335,0.5043167826101419,1.5934909387138094,,0.0754788882235026,0.6721342731283944,0.8992639911170995
15.25_101.75,temp,All,Yr,0.0582522618958505,0.8594266646289229,0.678153079197545,4.3779533632133125,,0.4717945959652668,1.0054950156781528,2.5506631247972646
15.25_102.25,temp,All,Yr,0.4936440468764286,0.9373174561885044,0.794961136853224,4.818475790582295,,0.6486061635518302,1.0878007972361534,2.666914261005896
15.25_102.75,temp,All,Yr,0.1715480895110247,0.9665132499105886,0.7653508950270731,4.50539803715348,,0.565168875040547,1.0749739219710388,2.0730367163626684
15.25_103.25,temp,All,Yr,0.1382237368066466,0.8595905953955294,0.8047512280526655,4.298388305407922,,0.6532162448952433,1.0751293252364198,1.9019467574086544
15.25_103.75,temp,All,Yr,0.0975088005589241,0.9272648792740644,0.8890795495754007,4.055422035165639,,0.7549725037220024,0.9586308105854562,2.064199855943974
15.25_104.25,temp,All,Yr,0.3239247095175117,0.8874546269265002,0.7340629910339271,4.035611675191922,,0.6185483128727203,1.0878433751694645,2.2862469599146644
15.25_104.75,temp,All,Yr,0.6197415940980275,0.8072467643536199,0.524729370752967,3.978226335574852,,0.4501276016584739,1.2346778004632746,2.446078746558708
15.25_105.25,temp,All,Yr,1.0305042484883271,0.8395478464372746,0.3133747007843232,4.178579217901374,,0.1890088739592952,1.4462023150435408,2.6782585387504056
15.25_105.75,temp,All,Yr,1.6687188824013772,0.100795587202967,0.1313291372441383,4.999623109056731,,0.0429259995342313,1.9587815380392732,3.0112230432459177
15.25_106.25,temp,All,Yr,1.1922014601059634,1.0597167794287656,1.4590243401452208,2.0907307838660576,,1.8603229468273568,0.0998572619582311,0.1003280678028125
15.25_106.75,temp,All,Yr,1.494392729828414,0.8916347922332845,1.048108859445568,4.796908670975039,,0.9120634842927368,2.056949727378964,3.2774480990676285
15.25_107.25,temp,All,Yr,0.0339464185609364,0.4860195700568081,0.9456304232269556,2.9666055596726304,,1.0914112137468694,1.023694091415691,1.9527137010999656
15.75_101.75,temp,All,Yr,0.3076803981502263,0.5127594588126195,0.7641095936156233,4.73621834940656,,0.6314240294516394,1.1917665516380966,2.595855049384101
15.75_102.25,temp,All,Yr,0.5286250513594661,0.9324651714200164,0.7529272546181931,4.845120946947959,,0.6671410271893267,1.0229592793040068,2.3540563910305994
15.75_102.75,temp,All,Yr,0.1350843692558485,1.183209037644202,0.8293586511798124,4.467699710474004,,0.6669461838460958,1.0279791850479496,1.7706846472831468
15.75_103.25,temp,All,Yr,0.1086421276542647,1.0965919349419035,0.852778179961907,4.310409761895851,,0.6894995321506102,1.1118554111668364,1.7453415989012824
15.75_103.75,temp,All,Yr,0.1608786344619939,1.132821057090101,0.8757856709168179,4.233991359050496,,0.7456069731184132,1.0695529578686038,2.0830907886485184
15.75_104.25,temp,All,Yr,0.3882447684041548,1.083067416847569,0.7755245202984251,4.193790431960143,,0.6525872878043101,1.0833227740349822,2.376877254555813
15.75_104.75,temp,All,Yr,0.6546926146334968,0.8715190082840528,0.5719478819938288,4.178930022040905,,0.4973989391255169,1.1482868108266588,2.421135257753825
15.75_105.25,temp,All,Yr,1.075796008932804,0.7188829692425417,0.2662958860443645,4.409261618758888,,0.2246578848217172,1.36994879895784,2.4612257846977905
15.75_105.75,temp,All,Yr,1.3703810244446115,0.8414816665003197,0.4728752449451472,4.915695595811396,,0.3558980458450818,1.6706625323751774,2.587546248471691
15.75_106.25,temp,All,Yr,2.231637993113256,0.2843956486263948,0.227584458667066,5.5062909351581535,,0.0823134684066497,2.4116046216034137,3.529322255512305
15.75_106.75,temp,All,Yr,0.9103514222621456,0.5071173660703151,0.850238325473464,4.620329387242059,,0.4106717763305634,1.942663866099425,3.2922380687468293
16.25_101.75,temp,All,Yr,0.6565748633879789,0.3902922015952634,2.0384786810390008,4.398245422790294,,1.908066352396637,1.0907294076194989,1.8393275908459532
16.25_102.25,temp,All,Yr,0.3655038521679101,0.905081843742462,0.5287041109198122,4.920891895933661,,0.4592182201345738,1.1418770625296302,2.125541450541042
16.25_102.75,temp,All,Yr,0.1551531672364036,1.1491545506358596,0.6451073521387998,4.589962152585439,,0.4826269579393,1.0720702277490826,1.6991354134541012
16.25_103.25,temp,All,Yr,0.129812443962039,1.118464208606766,0.7476658021641676,4.385464602452779,,0.5877459436002364,1.074773929810116,1.7954858683492605
16.25_103.75,temp,All,Yr,0.1117556275003948,1.1473959533315037,0.7363947145494928,4.301336653088637,,0.563773234190849,1.052743766936148,2.375541990605585
16.25_104.25,temp,All,Yr,0.1305854979165093,0.919187261771091,0.6354724665435716,4.079340795219203,,0.5647093074997307,1.04973524207567,2.3626220047658246
16.25_104.75,temp,All,Yr,0.551439129675376,0.8182177064983231,0.4725344027330707,4.1966654371168834,,0.4570196204389876,1.0906965447555128,2.1113374936164555
16.25_105.25,temp,All,Yr,1.2619749977127352,0.6488821037835503,0.4026289261920806,4.7103880476748925,,0.2528028548793569,1.425956487345193,2.2083438349510525
16.25_105.75,temp,All,Yr,1.4572539511440477,0.9945729473679824,0.5731786510966381,4.90437776904459,,0.6024167796574914,1.3892071131821246,2.4440526930658484
16.25_106.25,temp,All,Yr,1.0514018709816937,1.0194778532990667,0.4181264233018112,4.328722527135265,,0.860350902845356,1.2415731804817394,2.353826929847544
16.25_106.75,temp,All,Yr,0.6135717888897203,0.5873727954936735,0.2216266890402636,2.915164181741813,,0.0102080057971735,0.7718763285675085,1.2133951773669025
16.25_107.25,temp,All,Yr,0.7463320067203968,0.095182322175645,0.4502672736024827,2.8916899573113417,,0.1408342432692077,0.9685806004898904,0.9459615786901876
16.75_101.75,temp,All,Yr,0.4486053867139105,0.8481159056940398,1.7480447228252285,4.775456521259076,,1.5537485516006693,0.8898281483560804,1.5210139440576878
16.75_102.25,temp,All,Yr,0.915388424366428,0.8266788338698002,0.1605488692808007,5.2854376130532055,,0.1494046226222855,1.3889082550881222,2.0927416422054206
16.75_102.75,temp,All,Yr,0.3832186428624901,0.9521251122214744,0.4778653933261798,4.67488871726094,,0.2568137787051595,1.2743158417338294,1.6605624347298111
16.75_103.25,temp,All,Yr,0.2395818582561904,0.8968455079596773,0.6212913151350323,4.352202639502291,,0.4387929009781174,0.9642313775773292,1.700426066738196
16.75_103.75,temp,All,Yr,0.0342155671166336,0.7496896495288234,0.6167578322978264,4.04121690354401,,0.4879380264241333,0.995819628860277,2.1257954825918426
16.75_104.25,temp,All,Yr,0.0807092447039436,0.8535871587194644,0.7877901519574811,3.75801617128694,,0.7261040560670708,1.0362369035232184,1.8947349910380853
16.75_104.75,temp,All,Yr,1.0031478483086724,1.0207500307325068,0.6850226606698772,4.383774232747793,,0.4591748994019838,1.3794431940389753,2.0768093123029834
16.75_105.25,temp,All,Yr,1.4519484321847116,0.8788257241060963,0.6673507051010142,4.832237545870033,,0.5431401451788643,1.4724922652227788,2.291129246076304
16.75_105.75,temp,All,Yr,1.397915383303807,1.18380151882626,0.8699750008317321,4.707955798774858,,0.8598897150069443,1.3128553468115536,2.4396199056815626
16.75_106.25,temp,All,Yr,0.0020087685372326,1.2706041953406362,0.8688692693232193,3.640629891105456,,0.6375029626302697,0.8963280961440889,1.7425062532333595
17.25_101.75,temp,All,Yr,0.1030744379569325,0.8406179505909461,0.127663979630876,5.570586998839734,,0.0178297946245143,1.23530307551713,1.69910093905482
17.25_102.25,temp,All,Yr,0.7117857154144933,1.2076101298126114,0.6928567087315254,5.212805158673719,,0.564881122277117,1.201286837608437,1.4381710628124194
17.25_102.75,temp,All,Yr,0.4200330413953139,1.0999151944590009,0.6986140993171485,4.576190010791725,,0.5165843150269072,1.3311187872304138,1.2030982961798538
17.25_103.25,temp,All,Yr,0.4770235550731512,0.7910425620680189,0.5809423931847858,4.32126405656611,,0.4409016551887621,1.0292833667273824,1.313989273011952
17.25_103.75,temp,All,Yr,0.3848418706490011,0.7221847481722682,0.6672746553509494,4.075541730044664,,0.4603752756568611,1.0378319712262234,1.5756271814673422
17.25_104.25,temp,All,Yr,1.029549986692284,0.9118020351240524,0.7675512352471494,4.291581161056633,,0.5957236992747301,1.1865160197037368,1.960097219419284
17.25_104.75,temp,All,Yr,1.7482209430180229,1.2562664500420029,0.7797010568405818,4.715499982055377,,0.6651082266220859,1.3810224556686712,2.42367940659231
17.25_105.25,temp,All,Yr,1.4593692903660451,1.0859697070639018,0.7724599206943302,5.018713286174116,,0.8328994776305616,1.286870851132404,2.677344866278248
17.25_105.75,temp,All,Yr,0.5119300800126416,0.8618736714324934,0.6575023033161165,4.370065711713285,,0.8065828196554973,1.0545227237567685,2.299663950915321
17.25_106.25,temp,All,Yr,1.1661454034317271,1.5719805612529216,1.4080391499280556,2.482690608994352,,0.8794575587410913,0.2007305011394727,0.7657507798321566
17.75_101.25,temp,All,Yr,0.0155475642721094,1.2719275547487758,0.5514853130224316,5.1368900986018575,,0.3607424598065386,0.9756471229341844,1.282288838497185
17.75_101.75,temp,All,Yr,0.4852551854347041,1.4234322359665978,0.6621982179304834,5.574122712736315,,0.6535204748775283,0.7989552764470059,1.2883431660137563
17.75_102.25,temp,All,Yr,0.62939496760403,1.8757439844133377,0.9564625772055464,5.021911572514576,,0.7676710609160688,0.8220818097329315,0.9279525788648524
17.75_102.75,temp,All,Yr,0.7143932163917803,1.7447312051384412,0.9116353416756068,4.79220435623924,,0.6878514826874925,1.0332698427610183,1.0401485259708405
17.75_103.25,temp,All,Yr,0.8342007826600462,1.28198245912036,0.7523814797764309,4.466924351082499,,0.6002243045886667,0.7872747548469192,0.9307596640841383
17.75_103.75,temp,All,Yr,1.0349764382729918,1.33915328255608,0.7232499441907662,4.478256996801989,,0.5823756579625885,0.6698130555347619,1.3979958828380363
17.75_104.25,temp,All,Yr,1.469093501260074,1.360995182773162,0.9454019678369144,4.907246376949371,,0.925526590126508,1.0239966011677513,2.182310855785945
17.75_104.75,temp,All,Yr,0.9971998369804796,0.8896295123553823,0.7699692765592897,4.529942785957865,,0.8679600380517497,1.2173645602839542,2.205437568039857
17.75_105.25,temp,All,Yr,0.4176104141194858,0.7117092696143256,0.9050714141319626,3.5950218290141485,,0.8762985062920541,0.8995863333083811,1.4790253623982168
18.25_101.25,temp,All,Yr,0.0643633938002676,1.7002455961856766,0.4702173212399467,4.961162223596659,,0.6486304798055418,1.0758280127837243,0.905041144966772
18.25_101.75,temp,All,Yr,0.7191863957714728,1.6868651213705277,0.5570756932488303,5.533748552706872,,0.7073714606257959,0.9044451586945133,1.2642960692541851
18.25_102.25,temp,All,Yr,1.050599068875748,2.2026856755329334,1.1412244046668496,5.535252662254327,,0.9352236505144256,0.7058009302717275,1.4915757358459962
18.25_102.75,temp,All,Yr,0.7688236099674798,1.6630806251923371,0.967731736116308,4.962636843912968,,1.077160481864078,0.6197904883931764,1.1139397748916673
18.25_103.25,temp,All,Yr,1.353822575292562,1.7275126146958777,0.5998594082432989,5.202892163293992,,0.2246865195540258,1.1389951601292505,1.542071709359483
18.25_103.75,temp,All,Yr,1.8340165431544275,1.7653323188903034,0.7503202198476274,5.511014953880446,,0.544976451019288,1.1109188307923907,2.270641855877436
18.25_104.25,temp,All,Yr,1.0505057913516471,1.2554283703038318,0.7959379703030007,4.937352387402167,,0.8655584048207198,0.9474655484026582,2.00101316047026
18.25_104.75,temp,All,Yr,0.190040753383071,0.320515000831731,0.1339872972444708,3.790435139094743,,0.2036543252364197,1.0913698210943938,1.1474792632037498
18.25_105.25,temp,All,Yr,1.3106681473995898,0.6435974109214762,0.8297640833063031,2.2044898298650097,,0.0087196223727655,0.4312816796416897,0.1573618178672716
18.75_101.25,temp,All,Yr,0.5289113164658035,0.8380404708020391,0.2161598939749317,3.9267394378716793,,0.5096277899418621,0.9168166821160928,0.197800961395148
18.75_101.75,temp,All,Yr,1.2335722767838575,1.1873618584433303,0.2640937487420055,5.440510051631858,,0.2719329606964924,0.9660365231304736,1.3293410378022306
18.75_102.25,temp,All,Yr,2.038437653683326,1.5384826654107508,0.5883966764603136,6.078412757736357,,0.2888884411882131,1.494847050615066,2.204357468144655
18.75_102.75,temp,All,Yr,1.299082212574127,0.7438561387246223,0.0940285813143033,5.0852631896453495,,0.2069105596310423,1.2617855737704915,1.2885063947817124
18.75_103.25,temp,All,Yr,0.3232637883740465,0.2873881904833194,0.4619136682719104,3.497285628066181,,1.2891657332135642,0.1058736088654337,0.0932968720837388
18.75_103.75,temp,All,Yr,2.212663298566925,1.0403984280052576,0.3184267502349645,6.028283605316016,,0.2751897280027605,1.7072118004923846,2.760837680648085
18.75_104.25,temp,All,Yr,0.6147520278879822,0.6175759561801863,0.0531453148314498,4.509799281429292,,0.2527604134541003,1.0914572512496787,1.4738438206606457
18.75_104.75,temp,All,Yr,1.2549105951875963,0.951851030245943,0.7343308195057848,2.6611998378101323,,0.28210329715298,0.1845710508354755,0.1721380721174242
19.25_101.25,temp,All,Yr,1.3491137615090942,0.947511805108499,1.3966342225174877,3.3197276215159985,,1.4548340579176755,0.8361241645415911,0.8569541543940412
19.25_101.75,temp,All,Yr,1.1217515700609662,0.7524982402417005,0.3508483227911261,5.698142203123571,,0.3447500279046169,1.3390447883865233,1.4673816759529583
19.25_102.25,temp,All,Yr,0.2679647642454935,1.05240275320009,0.7470512573504338,4.242765305732299,,0.7182250060924389,0.8038797184378402,0.1247622500311901
19.25_102.75,temp,All,Yr,0.7923301811512832,0.1466419881103869,0.5037653058279474,3.464776514162321,,0.806094875198576,0.7917890410335112,0.2250439300159686
19.25_103.25,temp,All,Yr,0.9260608040355652,0.3327039056940385,0.0041765499039354,3.432673643772196,,0.2133873955968103,1.1295647348271245,0.3190604970535882
19.25_99.75,temp,All,Yr,0.4515939287704495,1.979373196534172,1.7685982699345424,3.9072158669976966,,1.466860223590421,0.5500116060125924,0.5118389432633853
19.75_100.25,temp,All,Yr,0.3449679221664969,2.272701389637448,1.310101323286008,4.624236890011727,,1.4777499129592198,0.6144226557418639,0.308710208931142
19.75_100.75,temp,All,Yr,0.1484202298076202,1.6365686243148605,1.1029189811072024,4.859680507535495,,1.1666361191373271,0.9187823658000018,0.2322869147141766
19.75_101.25,temp,All,Yr,0.2018449010654492,0.5082394774850076,0.5820704176543485,5.1722305078505135,,0.6218643628307176,1.6034152233908072,0.6098407792998484
19.75_101.75,temp,All,Yr,1.197451271884954,1.0643014588583648,0.5477722623740962,5.912252774755887,,0.6200689028827837,1.519621131363791,1.297030033593665
19.75_102.25,temp,All,Yr,1.1030716914938743,0.6683088741048473,0.3200852215942645,5.450947401503772,,0.3156832878375801,1.4537758586970082,0.9262978002927704
19.75_102.75,temp,All,Yr,0.6271775964601483,0.8455393172309963,0.5032573210943929,4.6140120316749424,,0.6308447836456487,1.3680741485473795,0.5116723704420659
19.75_103.25,temp,All,Yr,0.3203479741497617,0.8892608790203858,0.8975044638445997,4.035943822350434,,1.071640694184528,1.1595601422919215,0.7058905856742432
19.75_99.25,temp,All,Yr,0.0151045161397635,1.2809867419176428,0.9515714247781356,3.9613915569279134,,1.035390843314121,1.1579097923039816,0.4619469028370392
19.75_99.75,temp,All,Yr,0.3099347614176053,2.261136914689222,1.527707610142142,4.387036431606657,,1.4187942727957013,0.6753182681879056,0.6075802829761047
20.25_100.25,temp,All,Yr,1.605680878891467,1.98405413599654,1.0456398194933088,5.8468073911220895,,1.269247289966814,1.096143646584491,0.9348915452753456
20.25_100.75,temp,All,Yr,0.9294460609160698,1.390632878500553,1.1566820969217593,5.728713187699303,,0.8910610148588963,1.5521579304006452,0.5806710665926423
20.25_101.25,temp,All,Yr,0.4365553373921879,1.213024971284444,0.8357163342232865,5.327082814622103,,1.0682806277707066,1.4543135687177189,0.507373280160691
20.25_101.75,temp,All,Yr,0.1422704523791702,1.3386489043175218,1.4371950462027256,4.66584654109926,,1.4585762573712266,0.9651068720878976,0.0386492002960974
20.25_102.25,temp,All,Yr,1.4976191247681554,1.599475683725495,0.7222995959860603,5.531995662863571,,0.5965212769585215,1.592366850354734,0.8933328211201776
20.25_102.75,temp,All,Yr,0.924765501908825,2.001553775606956,1.1062014598148553,4.699308701411574,,0.9575240316765228,0.7637693863396299,0.2708427227441344
20.25_103.25,temp,All,Yr,0.1486928831166667,2.2631651495870444,1.7887669015062668,3.45345871339904,,1.074185300018298,0.7031133553825553,0.2911287529738584
20.25_99.25,temp,All,Yr,0.3779474844258143,1.2327477273748049,0.5321801721685754,3.572110539184985,,0.7570599869210111,1.0169121247931068,0.212773257125866
20.25_99.75,temp,All,Yr,0.7258137810548031,2.119301482500353,1.2213338973725576,4.731756680276718,,0.8715562776239063,0.8926251034882865,0.5078415390165603
20.75_100.25,temp,All,Yr,0.6667643755770142,1.7703137396553297,1.1884024224201748,5.086920498219054,,1.5276912956724968,0.7705900414202661,0.3898519179329788
20.75_100.75,temp,All,Yr,0.5176310097229488,1.5393918543678435,1.113846220172003,5.307584112262269,,0.9285043403739476,1.5529162544684807,0.0532845569570235
20.75_101.25,temp,All,Yr,0.0718490697074795,1.0062737965666089,1.1221875072568637,4.8993007478602015,,1.1969406879881233,1.503917329580973,0.1552957254327089
20.75_101.75,temp,All,Yr,0.5949804690969877,1.0031930235546576,1.222845716204639,5.142831909583926,,0.9686969344012776,1.658690996092938,0.393467043025509
20.75_102.25,temp,All,Yr,0.5296225910954754,2.076442727208457,1.0854614148389352,4.686801987402167,,1.5582567829844216,0.9022126396449336,0.1179570425938399
20.75_102.75,temp,All,Yr,1.1192521528141652,2.1035509784290247,1.060678045366836,4.869221944404853,,1.1717735130914655,1.0169858431290597,0.1642046074805993
20.75_103.25,temp,All,Yr,0.6591406752834126,2.367947893804426,1.7235569942818405,2.8507856863175887,,1.892315736457319,0.0325018617509497,1.4823961104277183
20.75_99.75,temp,All,Yr,0.1240339527243392,1.297357998311584,0.6255489683816984,3.995615595962564,,0.1490368239056481,1.3105585523450691,0.015594077949946
21.25_100.25,temp,All,Yr,0.3747157120875653,1.0282491964842673,1.733724104369921,4.498584661875058,,1.5495690005073557,1.2216553422786145,0.4747415400957329
21.25_100.75,temp,All,Yr,0.4450316957357088,1.3825286475409837,0.835588905315601,4.898290198887974,,0.960477566060334,1.0288887076377968,0.1240214568372554
21.25_101.25,temp,All,Yr,0.410256015087622,1.0057447962671864,0.9473458906604788,4.881302273171229,,0.9805123355873276,1.4432965836107157,0.305582662445626
21.25_101.75,temp,All,Yr,0.0846853399705563,0.9484367575750006,1.2750571301910487,4.26720359717419,,1.401844829765202,1.1142249663006212,0.6318421429123932
21.25_102.25,temp,All,Yr,0.1318779436251884,2.100388189589208,0.739687511872978,4.2265651128827,,0.9107763243256732,0.7654189681255252,0.5676900067411894
21.25_102.75,temp,All,Yr,0.6397673320524656,2.13844509201038,0.8718546300039086,4.3768875656073005,,0.6098388707987126,0.6797047920814931,0.3182856758315249
21.25_99.75,temp,All,Yr,0.4113783358701166,0.3033580224526112,0.7675535000665392,3.254814661044156,,1.0549528916003368,1.65156655820795,0.0146999379902022
21.75_100.25,temp,All,Yr,0.7297780917567024,0.5886866062725095,1.146180037161797,3.3789358882278697,,1.4989897738020974,0.636197194272692,0.8637703474935754
21.75_100.75,temp,All,Yr,0.7001793548252943,0.914363395172626,0.8087311394731811,5.0847251490086585,,0.8029569685230934,1.0779954084533103,0.0464700233092965
21.75_101.25,temp,All,Yr,0.5096778320067197,2.0323641341667296,1.9443434459706737,4.841080183965532,,2.0092542207500563,0.6186253101491288,0.3746097768919839
21.75_101.75,temp,All,Yr,0.427034935748684,1.469795471811845,1.789530738578237,3.5763604245853813,,1.7864217677429286,0.5540845543478804,1.3378578629014144
21.75_102.25,temp,All,Yr,0.3377414546997034,2.0358061779615904,1.159284839018223,3.9870677359769946,,1.0560002910231137,0.7082007312772911,0.5646563550095226
21.75_99.25,temp,All,Yr,0.3700556002195782,0.2309005216208805,1.379415721278206,2.6877026402855755,,1.0667099417371562,1.416079868889886,0.6871506155317681
21.75_99.75,temp,All,Yr,0.1856513676173367,0.5815593824741545,0.3046920761284525,3.558470441935524,,0.999951998993604,1.5745412077729537,0.2386874709359491
22.25_100.25,temp,All,Yr,1.140895501492959,1.1285788485683803,0.8964010118397083,3.2775522975029734,,1.091497897730202,0.6287498335096604,1.3719820998078698
22.25_100.75,temp,All,Yr,0.3380821434571779,1.5501913473646562,1.952319079376368,4.937631888238349,,1.632294741144131,0.7431776857299697,0.1846431405544321
22.25_101.25,temp,All,Yr,0.3035706729545627,1.992884545815971,2.4322901814631828,4.09677266166097,,2.537397886069316,0.1570716779790573,0.932718836780863
22.25_101.75,temp,All,Yr,0.3079975844000295,1.901264355340968,1.7868991559373208,3.6802966955082095,,1.7840584012442708,0.3413787383285928,1.023612982466668
22.25_102.25,temp,All,Yr,0.1850777098252525,1.9625357988788257,1.4827429030366543,3.970999585901411,,1.6901632198018812,0.3381052416693703,0.4582932927427207
22.25_99.75,temp,All,Yr,0.1846833262220229,0.760501683280519,0.0625585574394289,3.451799952607665,,0.2191164697748505,1.2467467689073528,0.4445024746654358
22.75_100.25,temp,All,Yr,0.6156435764070834,0.4259672942814249,0.0127993727715818,4.749899381334764,,0.6841242502611641,1.6658776148323229,0.179868900242034
22.75_100.75,temp,All,Yr,0.7151793219718707,0.8040348593956634,1.3220396798038774,4.897835228910099,,1.4838215909374453,1.384770025364922,0.0329211289118449
22.75_101.25,temp,All,Yr,0.768818081027356,1.25581944138367,0.9384815956824778,3.440469471608653,,0.9825787110375024,0.4751131538144704,1.4249049318437008
22.75_99.75,temp,All,Yr,0.7992041794545496,0.2391376001052136,0.8552624536974661,3.187355618434576,,0.4669427404995383,1.2322813498307637,1.0719267217689277
23.25_100.25,temp,All,Yr,1.3913415468972226,0.7974613737076949,0.979586232686661,5.328082273069633,,0.809698797605027,2.2095802596023493,1.0247260449601183
23.25_100.75,temp,All,Yr,1.869628058487412,0.7776845529397574,1.0586272008175923,5.93759590898957,,1.6290192191510506,2.567219178301104,1.1464321924050374
23.25_99.25,temp,All,Yr,0.0158325253886268,0.6464077962255987,0.1628880772013866,3.9356198564159,,0.3767355646526265,1.385189014272526,0.447408914818141
23.25_99.75,temp,All,Yr,0.2766295417155316,0.2638821629528773,0.1938340115373732,3.667897109437274,,0.2003804477734529,1.3971283109390666,0.5056802409653086
23.75_100.25,temp,All,Yr,1.8550316612604063,2.444158533074248,2.0542679804778925,5.463104144309204,,1.876630573220196,3.515733598940373,2.0671237141835297
23.75_100.75,temp,All,Yr,1.4389179310244449,0.9483755096740856,1.0101268785383968,5.333320362636657,,1.098110891455823,2.639557217590877,1.2815633010101386
24.25_100.25,temp,All,Yr,1.784181965632823,2.2905190796909696,0.8021818253179299,4.358787035164184,,0.9658085978248122,3.634138463270043,2.0971177789588378
24.25_100.75,temp,All,Yr,1.8050170214420576,1.786643737096964,0.178093057256447,4.594052551213623,,0.2451434083192985,3.019882134991084,2.0126487046306694
24.25_99.75,temp,All,Yr,0.898996037211701,1.1425849466730709,1.5634756624300303,3.501267131334598,,1.9156123098730773,2.6409270487832592,0.9441380411083672
24.75_100.25,temp,All,Yr,1.6677939385017178,1.9763294804189444,0.3988287292830057,3.8716107917550593,,0.1099194824277856,3.0888923982537784,1.883952985365672
24.75_99.75,temp,All,Yr,1.1853627615174125,0.7074882002357963,0.58329240563665,3.173206093780348,,0.5992059490686681,2.264773968393144,0.833338920133743
25.25_99.75,temp,All,Yr,1.291827208664986,1.3409408915263117,0.0043966470098387,3.719342622341874,,0.4640553369265798,2.7606963973560474,1.6210387199726397
25.75_100.25,temp,All,Yr,0.2800905697781768,0.1483042508464333,1.4397481259260505,1.3401674204970848,,1.755136327969845,0.8233601749904768,0.3640992582092391
25.75_99.25,temp,All,Yr,0.2988793648476682,0.6049544986317588,0.6752021665762485,2.596818100307762,,1.0986359475790144,1.739751275141494,1.1597024645733214
25.75_99.75,temp,All,Yr,0.4669647694854075,0.8401145758728199,0.371455574195382,2.1252783129891624,,0.4179589449224407,1.5757357160318886,0.8678068434057771
26.25_99.25,temp,All,Yr,0.1572054847443671,1.3764474735661971,2.03489754854528,1.7715346043534193,,2.5928439395981484,1.880669550384268,1.158101716491383
26.25_99.75,temp,All,Yr,0.1582710629870828,0.9798565531828728,1.198818815303125,0.8853692929539805,,1.0433950997049015,1.1653997405527692,0.6374527152383328
26.75_99.25,temp,All,Yr,0.4338971237018739,1.5616522874282217,3.668799048306677,0.5987634282402626,,3.987476493140975,1.513106765348737,0.8175170398115712
27.25_99.25,temp,All,Yr,0.3335198873552579,1.6590348219904598,3.1057214339293946,1.0501898557585505,,3.6292905013937338,1.8489015861047484,1.4887056456544776
27.75_98.75,temp,All,Yr,1.6269748328108724,2.705340737671566,4.872074244727553,2.2998819068126504,,5.385954786218467,2.620790291985988,1.8095926506609696
28.25_98.75,temp,All,Yr,0.1175708045839425,4.307695798239285,4.0446066380745815,2.2233245913954844,,4.834906342798259,4.150995038379308,1.7554060998281686
28.75_98.75,temp,All,Yr,0.1311616279136828,2.482153618670102,1.8528173976196864,2.5523230799368344,,1.8455337970494816,3.875086676271573,1.8318897712899649
29.25_98.25,temp,All,Yr,0.2631924773763838,2.739155686243814,0.2736102419884971,3.721391887905981,,1.307092677064006,4.099593831565258,1.2232110698922076
29.75_98.25,temp,All,Yr,1.5268747363243258,3.2604235205067957,1.0916479359009532,4.609126170116754,,0.907852666652444,6.566912761451501,1.8500078357447955
30.25_97.75,temp,All,Yr,1.2137332645375902,2.920227323722033,3.250775188630885,3.140026005731893,,3.814090158654486,6.522732004574097,1.4009552808589922
30.25_98.25,temp,All,Yr,1.6550607376633315,2.886272793836531,2.875801036912905,4.862917952007945,,3.107520205081141,6.402858246782091,1.4882240247436602
30.75_97.25,temp,All,Yr,2.725301487879249,2.9408204887010005,7.650213248754785,3.670022963351145,,7.899269539043717,6.381658507735942,3.888367959705724
30.75_97.75,temp,All,Yr,3.016817551991167,3.3571894081969336,5.105157730714853,4.47070863872473,,5.248577917013719,6.832702604712502,3.649873403311047
31.25_96.25,temp,All,Yr,1.9330164151649736,2.486131816781487,7.167007896678409,2.5129740372762432,,7.655799102489665,4.899226122294234,3.1587248638015324
31.25_96.75,temp,All,Yr,2.502394351556587,2.299400076392777,8.07783857206648,3.088664938439338,,8.357436250014514,5.44281281422283,3.095814377706207
31.25_97.25,temp,All,Yr,3.7001921400681193,2.658767576185967,9.422297605017755,4.182215902758024,,9.739448440244196,6.863914531992456,4.325527401187423
31.75_95.75,temp,All,Yr,0.5625102750213339,1.5986772283285755,4.432178541738989,1.5278037387758774,,5.711576855019767,5.407649102407482,2.7177196834604427
31.75_96.25,temp,All,Yr,2.1030705095358098,1.9877479860172504,6.065712735036637,3.0971909087336043,,6.6908032851996575,5.422494245467267,3.0196189404268865
31.75_96.75,temp,All,Yr,2.4309303777727878,1.71812736150635,6.684057470708677,3.914225550122681,,6.8031926728190735,5.7588629162299245,2.82741656400504
31.75_97.25,temp,All,Yr,2.2811267646364084,1.7317970061746557,6.355388477889272,3.3455670425963357,,6.782588726270347,5.737533183207784,2.441333824721328
31.75_97.75,temp,All,Yr,2.0240174222367777,3.1004754315245777,6.947634646305204,3.4027695204207653,,6.863507930775435,6.521001559017154,3.02665246234526
32.25_94.75,temp,All,Yr,1.2922716908963787,2.234980188917459,2.590264922577266,2.6410298933277816,,3.858745401260304,5.681296419758194,3.210966749351494
32.25_95.25,temp,All,Yr,1.9903251330655989,2.4373498157619373,2.059483064759421,2.8559630032389403,,1.7391636626621048,5.280873487541712,3.6757240346907207
32.25_95.75,temp,All,Yr,2.482279237929153,2.028765687015578,3.1015379062760022,3.611217490345668,,3.149792492057664,5.274764560588077,3.826934177391438
32.25_96.25,temp,All,Yr,2.705400602025517,1.2681147528149146,5.331391404543421,3.684780212252664,,5.110453856161889,5.226011067331761,3.085092324462493
32.25_96.75,temp,All,Yr,2.447770104299224,1.6210298460660313,6.648520448895543,4.231663075339139,,6.774028541528266,5.851162534707979,2.704242942877045
32.25_97.25,temp,All,Yr,1.6842435920456456,1.7635326299616365,6.067583305086687,3.6049530368129887,,6.544400416079132,5.374874684385969,1.8418903201885
32.25_97.75,temp,All,Yr,1.0919848623350468,1.3978405265866416,4.855970166926278,3.2062624062784764,,5.387152313435786,4.931278979528861,1.9346660341853057
32.75_94.75,temp,All,Yr,1.5805206423484377,1.922408026982205,2.89154257234931,3.576798132443272,,3.5817233724292774,5.270099369075467,3.5977165263559647
32.75_95.25,temp,All,Yr,2.9821240439320977,2.048094154227945,4.722530637968536,4.273117832117757,,5.621327334925393,5.683884051288644,4.728557270337184
32.75_95.75,temp,All,Yr,1.9451964972210165,1.305553642241685,5.987904586447131,3.1454347533911804,,6.814232986516372,4.867426123472732,3.504795907250709
32.75_96.25,temp,All,Yr,2.090231099503456,1.3665087937624447,5.89929963948887,3.455118713894753,,5.9462395549546745,4.944028072077638,3.1242266053251533
32.75_96.75,temp,All,Yr,0.6436242425161148,0.8226662238929436,6.251479055639051,2.7231834456549806,,6.3940081114256975,4.380313037492103,1.8278630335782533
33.25_94.25,temp,All,Yr,1.0658556746255126,1.0309533260322754,4.5543717655433085,3.14050267892964,,4.934344368358971,4.475282127325495,2.382481091691361
33.25_94.75,temp,All,Yr,1.7427173688982045,1.3716988203420917,5.229224142284934,3.917518388484126,,5.394061313601359,5.614920049649882,3.434131182228336
33.25_95.25,temp,All,Yr,1.104338766208382,1.4254532929166712,6.162328556751379,2.558274538738932,,6.181231311769718,4.639968973364237,2.8923068624219983
33.25_95.75,temp,All,Yr,0.3746156294952071,1.1039571830063586,5.886059618304078,1.2273045044826876,,9.732235275067028,3.671227051225815,2.0326079022946786
9.25_105.25,temp,All,Yr,0.1446529979788909,1.7575087421297346,1.042741052848268,0.2449265095940307,,0.6951908573911891,0.1288748415550079,0.4890882985669258
9.25_105.75,temp,All,Yr,0.0103429365138778,1.5475078118372134,0.8057764794437366,0.3829707122123237,,0.8581498588134511,0.2244768639119691,0.2181982533622771
9.75_105.25,temp,All,Yr,0.1430212216483267,1.5421626425381136,0.8123050211675851,0.9298303097786762,,0.7327579363891172,0.2949067958762718,0.1872811529472433
9.75_105.75,temp,All,Yr,0.1959302492701553,1.8070208731525157,0.8321670835724567,1.1053140745731145,,0.8075831104290904,0.0462709606923337,0.0829350959819016
9.75_106.25,temp,All,Yr,0.2643348237975219,1.5335269327378127,0.9906484130548696,1.035093197677804,,0.87166887574752,0.2439527397260269,0.1601847668238634
10.25_104.75,temp,JJASO,Day,0.6068907044299201,1.577429193899782,0.014013435003631,0.5250199709513435,,0.2911054829339143,0.1887834059549746,0.3780052650689905
10.25_105.25,temp,JJASO,Day,0.7040595497458242,1.5798847131445173,0.093375816993464,1.2702465504720406,,0.2539722222222222,0.6459598765432099,0.478468954248366
10.25_105.75,temp,JJASO,Day,0.6522004357298475,1.877170116194626,0.2787140522875817,1.4681891793754538,,0.0892116920842411,0.363721859114016,0.5333271604938272
10.25_106.25,temp,JJASO,Day,0.514718954248366,1.8717757806826436,0.5080426652142338,1.5158858024691355,,0.2188422294843863,0.118776688453159,0.5291574074074075
10.25_106.75,temp,JJASO,Day,0.2508649237472767,1.594995824255628,0.9745835148874366,1.1544987291212785,,0.607212962962963,0.2341986201888163,0.0418444081336238
10.75_104.75,temp,JJASO,Day,1.0518391430646334,1.8431161946259984,0.0764576978939724,1.572738198983297,,0.4309771241830065,0.1698932461873638,1.1000492011619465
10.75_105.25,temp,JJASO,Day,1.088331154684096,1.7489204793028323,0.0145029048656498,1.9921040305010893,,0.2722903050108932,0.6424339143064633,1.0593509440813365
10.75_105.75,temp,JJASO,Day,0.8627676107480029,1.546582788671024,0.0424112200435729,2.0729854756717505,,0.1910528322440087,0.7527770515613653,1.0239671387073348
11.25_104.25,temp,JJASO,Day,1.0458714596949892,1.7363316993464053,0.3253493100944081,2.214507625272331,,0.2840504720406681,0.2781541394335511,1.2706699346405228
11.25_104.75,temp,JJASO,Day,1.2493540305010893,1.876643427741467,0.2824152142338417,2.510517066085693,,0.2793592955700798,0.5757596223674655,1.46855464778504
11.25_105.25,temp,JJASO,Day,1.0740101670297748,1.7305597312999277,0.223279593318809,2.5746336238198984,,0.1011470588235294,0.7036023965141612,1.2585319535221495
11.75_104.25,temp,JJASO,Day,1.2346815541031229,1.3484992737835877,0.6782623456790123,2.934141793754539,,0.0999170297748728,0.739574074074074,1.452033950617284
11.75_104.75,temp,JJASO,Day,1.3904593318809004,1.69288489469862,0.6906187363834423,3.0397608932461875,,0.0456232752360203,0.8951172839506172,1.281
11.75_105.25,temp,JJASO,Day,1.0528732752360204,1.5026710239651415,0.3770350399419027,2.9731977124183007,,0.0475348583877995,0.88793954248366,1.169236564996369
12.25_103.25,temp,JJASO,Day,0.5343238925199709,1.1585602759622369,0.7799288307915759,1.6207844952795931,,0.1472398329702251,0.4012075163398692,0.4795137981118373
12.25_103.75,temp,JJASO,Day,1.101613652868555,0.8448999636891793,0.3107659767610748,3.240566448801743,,0.1552699709513435,0.851064996368918,1.5994484386347132
12.25_104.25,temp,JJASO,Day,0.7213489469862019,1.9445168845315903,0.8048872549019609,2.900213689179376,,0.1633066448801742,0.4331920842411038,0.6731501452432824
12.25_104.75,temp,JJASO,Day,1.175073710965868,1.703384531590414,0.2922794117647059,3.259602396514161,,0.2183244371822803,0.9888576615831516,0.9111479665940452
12.25_105.25,temp,JJASO,Day,0.846858024691358,1.4985586419753083,0.2886227305737109,3.250439724037763,,0.1109952795933188,0.943473493100944,1.1559331880900507
12.25_105.75,temp,JJASO,Day,0.8335261437908497,1.3572044299201165,0.2136868191721133,3.3785748002904863,,0.0361840958605664,0.9174435366739288,1.538062454611474
12.25_106.25,temp,JJASO,Day,0.647921568627451,1.6682552650689906,0.482196623093682,3.194211147421932,,0.2675528322440087,0.5797151416122004,1.4130573710965868
12.25_106.75,temp,JJASO,Day,0.1969535221496006,1.640217864923747,0.7081594045025417,2.9927919389978213,,0.8104847494553377,0.3788453159041395,1.1835433914306464
12.25_107.25,temp,JJASO,Day,1.464661583151779,1.109634531590414,0.6227901234567902,1.153284495279593,,1.1358986928104575,0.8947269426289034,0.0053807189542483
12.25_107.75,temp,JJASO,Day,1.1691830065359476,0.9494509803921568,1.3955019970951343,1.0306454248366013,,1.1109241103848948,0.4891416122004357,1.1156011256354392
12.25_108.25,temp,JJASO,Day,2.09964015976761,0.8197111474219317,1.2160506535947713,0.2740994916485113,,1.287843500363108,0.5303132716049384,0.3103173565722585
12.75_102.75,temp,JJASO,Day,0.193480755265069,1.6153672839506177,0.2013921568627451,2.587358387799564,,0.4971178286129266,0.283921568627451,1.1401325344952795
12.75_103.25,temp,JJASO,Day,0.597269063180828,1.738884531590414,0.954716049382716,3.468483478576616,,0.7858189905591867,0.0326684822076978,1.6283198983297025
12.75_103.75,temp,JJASO,Day,0.9403380537400144,2.0920967683369645,1.5780167029774874,3.604488743645607,,1.0442763253449527,0.0682149600580973,1.285436456063907
12.75_104.25,temp,JJASO,Day,0.8822650689905591,1.9942670660856936,0.94468663761801,3.628549019607843,,0.4058730936819171,0.6125777051561366,1.0653478576615831
12.75_104.75,temp,JJASO,Day,0.9999132171387072,1.7920818809005084,0.3560275962236747,3.506560820624546,,0.0673774509803921,0.9389428104575164,1.2847703340595495
12.75_105.25,temp,JJASO,Day,0.7883779956427014,1.1883313362381989,0.2540535584604212,3.6376492374727674,,0.1762180464778504,1.047914306463326,1.561535403050109
12.75_105.75,temp,JJASO,Day,0.6461074800290486,1.0776314451706608,0.3331134713144517,3.641412490922295,,0.0890898692810458,0.8955435729847495,1.6817775962236745
12.75_106.25,temp,JJASO,Day,0.5610704429920116,1.6354878358750908,0.4953277051561365,3.361263798111837,,0.2579132171387073,0.7073957879448075,1.7208614742193171
12.75_106.75,temp,JJASO,Day,0.0489458968772693,1.8244324618736385,0.5790840595497457,2.992683551198257,,0.4826207334785765,0.2684014161220043,1.2930949527959332
12.75_107.25,temp,JJASO,Day,0.5915275962236747,2.1987238562091505,0.7000196078431372,2.505082970225127,,0.2843629266521423,0.1420544662309368,0.9518453159041396
12.75_107.75,temp,JJASO,Day,0.0539005083514887,1.9861603122730576,0.4763983297022512,2.8665915032679736,,0.1725190631808278,0.2332218591140159,1.948515795206972
12.75_108.25,temp,JJASO,Day,0.873900871459695,1.865480573710966,1.1683785403050109,1.9878202614379088,,0.0440470225127087,0.4862605301379811,1.2414522512708788
13.25_102.75,temp,JJASO,Day,0.7111005809731299,1.6132213144517065,0.4289054103122731,3.6111545025417575,,0.5783257080610023,0.1986278140885984,1.8686468772694265
13.25_103.25,temp,JJASO,Day,0.5615421205519245,2.20616394335512,1.0902009803921568,3.477121822803196,,0.589730755265069,0.115683551198257,1.43990232389252
13.25_103.75,temp,JJASO,Day,0.3898841684822077,1.914912309368192,0.9856310820624544,3.267555737109659,,0.5670415758896151,0.2869170297748729,1.0054192084241105
13.25_104.25,temp,JJASO,Day,0.3177886710239652,1.7858378721859114,0.5226258169934641,3.392336964415396,,0.1130956790123456,0.6060686274509804,1.1932004357298476
13.25_104.75,temp,JJASO,Day,0.5317106027596225,1.6294019607843135,0.3038382352941176,3.511743645606391,,0.165677559912854,0.8133660130718955,1.5744471677559913
13.25_105.25,temp,JJASO,Day,0.507662672476398,1.226674291938998,0.4770410312273057,3.70209767610748,,0.0576307189542483,0.9756038489469864,1.69205174291939
13.25_105.75,temp,JJASO,Day,0.3131793754538853,1.0954595134350036,0.5650383079157588,3.5601966230936823,,0.3107777777777777,0.7330305010893247,1.479155591866376
13.25_106.25,temp,JJASO,Day,0.3076503267973856,1.6203097312999273,0.4408516702977487,3.3061132897603485,,0.2027899419026869,0.5657296659404503,1.4134224763979666
13.25_106.75,temp,JJASO,Day,0.1324629629629629,1.9176305374001448,0.7137084241103849,3.0877510893246187,,0.3424404502541758,0.2912946623093682,1.2614653231663036
13.25_107.25,temp,JJASO,Day,0.3332650689905592,2.405892883079157,0.9030408496732024,3.3146165577342046,,0.528889070442992,0.0634457153231663,1.5229533405954974
13.25_107.75,temp,JJASO,Day,0.2903300653594771,2.3515838779956426,0.6671628540305011,3.224611837327524,,0.8326488743645607,0.1969370007262163,1.7004694989106752
13.25_108.25,temp,JJASO,Day,1.1110406681190994,2.9077407407407407,1.2477111474219318,1.7881445170660857,,0.525443718228032,0.0923309731299927,0.2752688816267247
13.75_102.75,temp,JJASO,Day,0.5859575163398694,1.5892002541757444,0.2840125272331154,3.967570987654321,,0.0761454248366012,0.6379054103122731,2.3329415395787945
13.75_103.25,temp,JJASO,Day,0.3880508351488743,1.9003854393609296,0.5960807915758897,3.648374727668845,,0.1854798474945533,0.509372730573711,1.9870551924473492
13.75_103.75,temp,JJASO,Day,0.0797912127814088,1.898572621641249,0.6997343863471315,3.3992670660856934,,0.2791381626724764,0.580878721859114,1.657431917211329
13.75_104.25,temp,JJASO,Day,0.0429727668845315,1.8284041394335515,0.6760472040668118,3.3013533042846768,,0.2375245098039215,0.5349001452432826,1.606696623093682
13.75_104.75,temp,JJASO,Day,0.2892716049382716,1.765616739288308,0.6217102396514161,3.369084059549746,,0.1188598402323892,0.7834197530864198,1.831733478576616
13.75_105.25,temp,JJASO,Day,0.4529244734931009,1.4795720769789398,0.7135933188090051,3.631102941176471,,0.2267552650689905,0.9956279956427015,1.8428605664488016
13.75_105.75,temp,JJASO,Day,0.3036285403050109,1.3779288307915758,0.7198129992737836,3.4907585330428472,,0.3323696441539578,0.6946733841684822,1.4871383442265795
13.75_106.25,temp,JJASO,Day,0.5035475671750183,1.5558709150326795,0.293778140885984,3.5097565359477128,,0.1980882352941176,0.7078511256354394,1.446525054466231
13.75_106.75,temp,JJASO,Day,0.4273046477850399,1.7073164488017427,0.4049816630355846,3.459832970225127,,0.10754302832244,0.7442078794480754,1.3510631808278868
13.75_107.25,temp,JJASO,Day,0.195059186637618,2.040319353667393,0.265590232389252,3.3657890341321712,,0.3306713870733478,0.4393050108932462,1.443224945533769
13.75_107.75,temp,JJASO,Day,0.5163863471314452,2.1454121278140885,0.2664566085693536,2.698004720406681,,0.2236795570079884,0.3733859840232389,1.3327376543209877
14.25_102.25,temp,JJASO,Day,0.3645301379811184,0.2435357661583151,0.2081530501089324,2.9339887436456062,,0.1564019607843137,0.4320964052287582,1.5417541757443718
14.25_102.75,temp,JJASO,Day,0.1070206971677559,0.7344473493100945,0.1297352941176471,3.659918663761801,,0.3089045025417574,0.6504698620188817,1.991168845315904
14.25_103.25,temp,JJASO,Day,0.3027621641249092,1.2567022512708788,0.2593360566448802,3.744796659404503,,0.1269070442992011,0.778887436456064,2.2107643427741466
14.25_103.75,temp,JJASO,Day,0.1854727668845316,1.2109860203340594,0.2778442265795207,3.575539578794481,,0.1612155047204067,0.9905032679738562,2.124320261437908
14.25_104.25,temp,JJASO,Day,0.066179012345679,1.1804064996368917,0.4596149237472767,3.216226034858388,,0.0418465867828613,0.7976249092229485,1.710701343500363
14.25_104.75,temp,JJASO,Day,0.2601670297748729,1.4621060275962237,0.5405704429920116,3.257188816267248,,0.0767650689905591,0.977476397966594,1.851520697167756
14.25_105.25,temp,JJASO,Day,0.0007668845315903,1.3741868191721132,0.7676519607843137,2.997477668845316,,0.3549972766884531,0.6474756717501816,1.3645094408133625
14.25_105.75,temp,JJASO,Day,0.7768696441539578,1.6832109658678287,0.4980900508351489,3.4449555192447345,,0.1056285403050109,0.8664083151779229,1.7834549745824255
14.25_106.25,temp,JJASO,Day,1.1417708787218592,1.2712075163398693,0.0061581336238199,3.781079520697168,,0.2853273420479303,1.1982830428467683,1.8710401234567904
14.25_106.75,temp,JJASO,Day,0.2373257080610021,1.7111403413217137,0.2859273783587508,2.9784727668845314,,0.1955344952795933,0.6347496368917938,1.0355570079883805
14.25_107.25,temp,JJASO,Day,0.3735025417574438,1.2436350762527233,0.2708415032679739,3.054056826434277,,0.2059889251997094,0.9582091503267972,1.6395851488743645
14.25_107.75,temp,JJASO,Day,0.2078366013071895,0.9862125998547568,0.3840827886710239,2.6848024691358026,,0.4612799564270152,1.0273302469135803,1.905634168482208
14.25_108.25,temp,JJASO,Day,1.4223482207697893,1.0016751997095137,0.4925495642701525,1.2063961510530137,,0.0090299564270151,0.1286261801016702,0.5258237109658678
14.75_101.75,temp,JJASO,Day,0.0702509077705156,0.824854938271605,0.2275971314451706,3.139013435003631,,0.8708180827886711,0.8949934640522875,2.177391612200436
14.75_102.25,temp,JJASO,Day,0.6897287581699347,0.9675511982570806,0.1932336601307189,3.962353667392883,,0.6271387073347858,0.8210777051561365,2.6611261801016703
14.75_102.75,temp,JJASO,Day,0.368199709513435,1.07340232389252,0.23504302832244,3.814056463326071,,0.416735112563544,0.8244978213507625,2.319907952069717
14.75_103.25,temp,JJASO,Day,0.1972897603485839,1.1347394698620188,0.2664760348583878,3.6244126724763976,,0.3552874001452433,0.9415170660856936,2.202193718228032
14.75_103.75,temp,JJASO,Day,0.075655410312273,1.1906367102396511,0.4258965141612201,3.348014705882353,,0.1672336601307189,0.9461134713144518,2.0414193899782136
14.75_104.25,temp,JJASO,Day,0.2170185185185184,1.109375635439361,0.374420116194626,3.241250907770516,,0.2031466957153231,0.9947245824255628,1.861427378358751
14.75_104.75,temp,JJASO,Day,0.2285820624546115,1.3907200435729847,0.3926948075526506,3.055371278140886,,0.102088779956427,0.8960668119099492,1.6573249818445897
14.75_105.25,temp,JJASO,Day,0.2472109658678286,1.4760157952069717,0.2850403050108932,3.036450435729848,,0.0841733841684822,0.7026098402323893,1.6180303195352217
14.75_105.75,temp,JJASO,Day,0.7962149600580972,1.488779774872912,0.0341535947712417,3.6402383805374,,0.2520326797385621,1.2276534132171386,2.002098402323892
14.75_106.25,temp,JJASO,Day,1.0864157588961512,0.3740557371096586,0.6471545025417574,4.1328500363108205,,0.8697194989106753,2.1605099854756715,2.2488848946986204
14.75_106.75,temp,JJASO,Day,0.9016525054466232,0.3528037400145243,0.6004270152505446,3.939788307915759,,0.7697472766884532,1.7309121278140884,2.4177505446623093
14.75_107.25,temp,JJASO,Day,1.0660849673202617,0.333764887436456,0.4661071169208424,3.982349491648511,,0.0354117647058823,1.695548656499637,2.995951343500363
14.75_107.75,temp,JJASO,Day,1.1481793754538852,0.1158193536673928,0.4083153594771242,2.2221514161220046,,0.7011245461147422,1.1016387073347855,1.4038396877269426
14.75_108.25,temp,JJASO,Day,2.1577076978939727,0.781250181554103,0.7402372912127814,0.7966505083514888,,0.0103765432098765,0.1380662127814088,0.1898901597676107
15.25_101.75,temp,JJASO,Day,0.0181336238198983,1.3249337327523605,0.2215675381263616,3.706517792302106,,0.4164458968772693,0.6056810094408134,2.538314996368918
15.25_102.25,temp,JJASO,Day,0.3707755991285403,1.539434822076979,0.5238832607116921,4.069860748002905,,0.0652013435003631,0.4721853667392883,2.5584518881626725
15.25_102.75,temp,JJASO,Day,0.0543856209150326,1.592681917211329,0.4114874727668846,3.83203140885984,,0.2684353667392883,0.6041292665214234,1.9606265432098764
15.25_103.25,temp,JJASO,Day,0.0777795933188089,1.50020116194626,0.3310522875816993,3.7422554466230937,,0.3021136528685548,0.8638843500363107,1.803812091503268
15.25_103.75,temp,JJASO,Day,0.0703039215686274,1.5862596223674656,0.3405546477850399,3.574957516339869,,0.2608894335511982,0.9123643790849671,1.877507262164125
15.25_104.25,temp,JJASO,Day,0.2706067538126361,1.5805907770515617,0.2234709513435003,3.5454929193899782,,0.3371575889615105,1.0316597676107482,1.961067719680465
15.25_104.75,temp,JJASO,Day,0.5114923747276688,1.5022445533769062,0.1058493100944081,3.477008896151053,,0.3763465867828612,1.157153957879448,1.9984399055918665
15.25_105.25,temp,JJASO,Day,0.587897966594045,1.762251452432825,0.188415758896151,3.432092955700799,,0.2437480029048656,1.1276276325344952,1.9639976397966596
15.25_105.75,temp,JJASO,Day,1.191545751633987,0.7816196441539579,0.5017990196078431,4.164959694989107,,0.5571379811183732,1.6880735294117646,2.377832788671024
15.25_106.25,temp,JJASO,Day,1.8088703703703704,1.921231118373275,1.072263253449528,1.1937990196078432,,1.1894003267973858,0.3272905410312273,0.5943854393609296
15.25_106.75,temp,JJASO,Day,0.87790232389252,0.016258896151053,1.3534791212781407,4.0098001089324615,,1.4310393972403777,1.7073440450254176,2.679846042120552
15.25_107.25,temp,JJASO,Day,0.6736132897603486,1.2882414669571531,0.780141793754539,2.216395969498911,,0.562989651416122,0.6882997458242557,1.1051853667392884
15.75_101.75,temp,JJASO,Day,0.0607850399419027,1.1697645243282495,0.4884025054466231,3.771271786492375,,0.1094618736383442,0.58095406681191,2.343470769789397
15.75_102.25,temp,JJASO,Day,0.1760900508351488,1.691580973129993,0.5486145606390704,3.8542478213507625,,0.0137786855482933,0.2423291575889614,2.054281227305737
15.75_102.75,temp,JJASO,Day,0.076958605664488,1.8815731663035584,0.4896913580246913,3.658213870733479,,0.1742312999273783,0.4422135076252723,1.5402124183006536
15.75_103.25,temp,JJASO,Day,0.0019785766158314,1.7731579520697167,0.3767155047204067,3.649671931735657,,0.2820424836601306,0.8157946623093681,1.5655334059549746
15.75_103.75,temp,JJASO,Day,0.1099647785039942,1.8115261437908496,0.2897035221496006,3.6420324981844585,,0.3201370733478577,0.950647966594045,1.8852570806100215
15.75_104.25,temp,JJASO,Day,0.3221078431372549,1.7792988380537402,0.1686089324618736,3.605497458242557,,0.4064346405228758,1.0799538852578068,2.056020334059549
15.75_104.75,temp,JJASO,Day,0.5458816267247639,1.5717503631082064,0.0045201525054466,3.5541975308641978,,0.4670248729121278,1.1944086782861292,1.958216957153232
15.75_105.25,temp,JJASO,Day,0.7869727668845315,1.464536129266521,0.1855778867102395,3.65971804647785,,0.57634477124183,1.3398560275962237,1.9107066085693536
15.75_105.75,temp,JJASO,Day,0.9730722585330428,1.5812009803921567,0.1190462962962963,4.052204611474219,,0.5664604212055192,1.584400689905592,2.090436819172113
15.75_106.25,temp,JJASO,Day,1.624730573710966,1.1014143064633262,0.3269346405228758,4.609619099491648,,0.9306951706608568,2.1884731663035586,3.016838235294117
15.75_106.75,temp,JJASO,Day,0.3044059549745824,0.2149814814814815,1.2806748366013072,3.851401416122005,,1.3560128903413218,1.8446189179375452,2.6145760711692083
16.25_101.75,temp,JJASO,Day,1.1432294843863473,1.1641220043572986,1.901818264342774,3.1821755628177195,,1.2211457879448075,0.3968060094408134,1.401485112563544
16.25_102.25,temp,JJASO,Day,0.1009567901234568,1.7510760711692084,0.3807556281771967,3.750630718954248,,0.2247973856209149,0.1959293391430646,1.594800290486565
16.25_102.75,temp,JJASO,Day,0.127159767610748,1.8678264342774145,0.3982870370370371,3.658932098765432,,0.2892883079157589,0.4042649055918664,1.3232552650689906
16.25_103.25,temp,JJASO,Day,0.0002999273783587,1.7531098402323897,0.3332006172839507,3.627826978939724,,0.3637394698620189,0.7656169208424111,1.5632839506172838
16.25_103.75,temp,JJASO,Day,0.0576870007262163,1.7501666666666666,0.1698838053740014,3.6183636528685543,,0.4806724763979665,1.003750181554103,2.0574832970225128
16.25_104.25,temp,JJASO,Day,0.0758307915758896,1.5246668482207697,0.0112363834422657,3.393981481481481,,0.507757262164125,1.0346312636165578,1.9129609658678288
16.25_104.75,temp,JJASO,Day,0.5353311546840959,1.363664124909223,0.1854696804647785,3.5422327523602037,,0.6277260348583877,1.1929640522875815,1.684699891067538
16.25_105.25,temp,JJASO,Day,1.144825344952796,1.259801924473493,0.2979642338416848,3.978287400145243,,0.7983999636891794,1.546251270878722,1.8908231663035584
16.25_105.75,temp,JJASO,Day,1.3731292665214234,1.448847494553377,0.3933828976034857,4.217799927378358,,0.656837327523602,1.6134313725490197,2.2470292302106025
16.25_106.25,temp,JJASO,Day,0.8754524328249819,1.3683692810457515,0.6594101307189543,3.775657407407407,,0.5876543209876544,1.49505174291939,2.105274509803922
16.25_106.75,temp,JJASO,Day,0.7920816993464053,1.0271704793028322,0.4982712418300654,2.468441176470588,,1.04796278140886,0.8253676470588235,0.6816013071895425
16.25_107.25,temp,JJASO,Day,0.8395388525780683,0.4870098039215686,0.0616427015250544,2.813472385620915,,0.6621419753086419,0.8368342955700799,0.3334647785039942
16.75_101.75,temp,JJASO,Day,1.1188217138707337,1.656645243282498,1.6483823529411763,3.392864742193174,,0.8878692810457517,0.1576127995642701,0.9593249818445896
16.75_102.25,temp,JJASO,Day,0.2844404502541757,1.6792583514887436,0.1622748729121278,4.055992919389978,,0.4122042483660131,0.4323509259259259,1.4106042120551925
16.75_102.75,temp,JJASO,Day,0.0654658678286129,1.6891505083514888,0.4000864197530865,3.6713454974582422,,0.3467421931735657,0.6449062273057371,1.1016401597676106
16.75_103.25,temp,JJASO,Day,0.0166256354393609,1.5362371096586782,0.3932759622367466,3.510683369644154,,0.3515415758896151,0.7523449527959332,1.3237140522875817
16.75_103.75,temp,JJASO,Day,0.1838823529411764,1.3342667029774873,0.1244724037763253,3.2918015613652867,,0.4791187363834422,0.910986746550472,1.6430542846768337
16.75_104.25,temp,JJASO,Day,0.2435994916485112,1.471634713144517,0.2415579157588961,2.983226216412491,,0.3027621641249092,0.8291332607116921,1.2873861655773422
16.75_104.75,temp,JJASO,Day,0.8187643427741467,1.5676141975308642,0.079905410312273,3.667765068990559,,0.6128344226579521,1.2979445715323166,1.573551198257081
16.75_105.25,temp,JJASO,Day,1.3078928830791576,1.326525962236747,0.1397075163398692,4.146676652142339,,0.717180283224401,1.6035995642701524,1.989734931009441
16.75_105.75,temp,JJASO,Day,1.440239651416122,1.410804466230937,0.2576209150326797,4.238737109658678,,0.7257283950617285,1.7194640341321714,2.378713144517066
16.75_106.25,temp,JJASO,Day,0.003377269426289,1.3908961510530138,0.2725054466230937,3.456437381989833,,0.990257262164125,1.2882837690631808,1.6610170660856935
17.25_101.75,temp,JJASO,Day,0.4226267247639796,1.5594357298474943,0.0243277051561364,4.268705773420479,,0.7069720406681191,0.521039360929557,1.1977721496005809
17.25_102.25,temp,JJASO,Day,0.158656862745098,1.9863326071169207,0.7754624183006537,4.046589143064634,,0.0483286129266521,0.3829677196804648,0.7864524328249818
17.25_102.75,temp,JJASO,Day,0.0085657225853304,1.818947893972404,0.698741103848947,3.588927015250545,,0.0860635439360928,0.6999718954248365,0.6202832244008715
17.25_103.25,temp,JJASO,Day,0.1988235294117646,1.4580510167029777,0.4327325708061003,3.436084785766158,,0.2990359477124182,0.7719980755265069,0.8607850399419026
17.25_103.75,temp,JJASO,Day,0.1849796659404502,1.357733478576616,0.2717227668845315,3.269446259985476,,0.4749466230936819,0.918182970225127,1.1120147058823528
17.25_104.25,temp,JJASO,Day,0.7495363108206246,1.600881626724764,0.3275787944807552,3.478703159041394,,0.3682343863471314,0.9783289941902688,1.4095246913580248
17.25_104.75,temp,JJASO,Day,1.304017792302106,1.983530682643428,0.3370306826434277,3.819796296296296,,0.2657919389978214,1.1966137073347858,1.755343137254902
17.25_105.25,temp,JJASO,Day,1.2481550472040668,1.4624952795933188,0.1017912127814088,4.335831154684096,,0.5675530137981118,1.534531862745098,2.2910259622367466
17.25_105.75,temp,JJASO,Day,0.4262879448075526,0.9902875816993464,0.4381325344952795,4.048519644153958,,0.8503295206971677,1.5573498547567175,2.1077953885257807
17.25_106.25,temp,JJASO,Day,1.006229121278141,1.3260795206971678,0.0594469862018882,2.6171679375453887,,0.9075183369644154,0.6606764705882353,0.8731116557734205
17.75_101.25,temp,JJASO,Day,0.3306067538126362,1.7843678286129268,0.1614714960058097,3.962917265795207,,0.6204428104575164,0.6786631989832971,1.1352789034132171
17.75_101.75,temp,JJASO,Day,0.1057407407407407,1.991950435729848,0.5064386347131445,4.388906463326071,,0.0796303558460421,0.2637640885984023,0.9550635439360928
17.75_102.25,temp,JJASO,Day,0.1774451706608569,2.5899711328976034,0.9777231299927378,3.913162127814089,,0.1097728758169934,0.1146527233115468,0.4300372185911401
17.75_102.75,temp,JJASO,Day,0.3362309368191721,2.456631626724764,0.9307078794480756,3.798834059549746,,0.0698572984749455,0.3825886165577342,0.5738120915032681
17.75_103.25,temp,JJASO,Day,0.5760984023238925,2.014187545388526,0.6146163761801017,3.584546114742193,,0.0890098039215686,0.4951165395787945,0.6136165577342049
17.75_103.75,temp,JJASO,Day,0.8187080610021787,2.0858961510530136,0.4476033042846768,3.664773783587509,,0.2017431009440813,0.5310029230210603,1.0719912854030502
17.75_104.25,temp,JJASO,Day,1.201502541757444,2.0513338779956425,0.4848287944807552,4.070796659404502,,0.07159767610748,0.9891765613652868,1.6762961147421933
17.75_104.75,temp,JJASO,Day,0.5548289760348584,1.5017814088598402,0.2090324981844589,3.584443246187364,,0.2881328976034858,1.2467553921568628,1.4614368191721132
17.75_105.25,temp,JJASO,Day,0.6987480029048657,1.174780319535221,0.3690043572984749,2.769556227305737,,0.3785860566448801,0.957107788671024,0.7282592592592593
18.25_101.25,temp,JJASO,Day,0.1753129992737836,1.9357516339869285,0.041044480755265,3.828061819172113,,0.4072561728395061,0.7370934822076979,0.8847196804647786
18.25_101.75,temp,JJASO,Day,0.440622730573711,2.03216049382716,0.2963293391430646,4.4110142701525055,,0.1701087509077705,0.2763021604938272,1.167697149600581
18.25_102.25,temp,JJASO,Day,0.7067712418300653,2.772847857661583,1.0779026870007262,4.432287073347857,,0.181770878721859,0.1480806281771968,1.2481566448801744
18.25_102.75,temp,JJASO,Day,0.4357570806100218,2.1303721859114018,0.7923783587509078,3.930094480755265,,0.3138255265068991,0.2341500907770516,0.8318547567175018
18.25_103.25,temp,JJASO,Day,1.0792363834422658,2.3943217138707333,0.34764651416122,4.256259912854031,,0.6571534132171387,0.97675929557008,1.289720406681191
18.25_103.75,temp,JJASO,Day,1.5729284676833697,2.5481677559912854,0.4074598765432099,4.616749273783587,,0.3982645243282498,0.9838434458968772,1.912899055918664
18.25_104.25,temp,JJASO,Day,0.7591866376180102,1.7977961147421933,0.1793327886710239,4.005221568627451,,0.316076978939724,0.9776156318082788,1.4065498910675382
18.25_104.75,temp,JJASO,Day,0.7779277414669572,0.867504538852578,0.2151383442265795,2.710480337690632,,0.7615424836601308,0.9233336419753086,0.2097899963689179
18.25_105.25,temp,JJASO,Day,1.693232026143791,1.0572734204793028,0.4344177559912854,1.360961456063907,,0.9319622367465504,0.0656422294843863,0.7091995279593318
18.75_101.25,temp,JJASO,Day,0.752918663761801,0.8197264161220044,0.4666862745098039,2.965970424836601,,0.861736746550472,0.7729204974582427,0.0312661038489469
18.75_101.75,temp,JJASO,Day,0.9345217864923748,1.329390885984023,0.1380090777051561,4.4813792483660135,,0.8100985838779957,0.5954908496732026,1.4626455337690631
18.75_102.25,temp,JJASO,Day,1.6979811183732751,1.8245996732026144,0.4973674655047204,5.163290323166303,,0.6440092592592592,1.3156053013798112,2.220958678286129
18.75_102.75,temp,JJASO,Day,0.9079157588961512,0.8978647785039943,0.3414457153231662,4.224366775599129,,0.7319179375453885,1.2352928467683368,1.2477406862745095
18.75_103.25,temp,JJASO,Day,0.7548983297022512,0.6443442265795206,0.2215994916485112,2.532756917211329,,0.3389816630355846,0.2297891612200435,0.3556715867828612
18.75_103.75,temp,JJASO,Day,1.8034596949891069,1.6059030501089324,0.0853516702977487,5.039279956427015,,1.3128425925925926,1.6829628177196805,2.286842411038489
18.75_104.25,temp,JJASO,Day,0.0954295570079884,1.1324822258533045,0.3604028685548293,3.4837649782135074,,0.64934767610748,0.973940468409586,0.6428677923021061
18.75_104.75,temp,JJASO,Day,1.8168943355119824,1.579510530137981,0.7191088598402324,1.7439107116920842,,0.5074769426289034,0.223099945533769,1.260185348583878
19.25_101.25,temp,JJASO,Day,1.5469909222948437,0.7745556100217865,0.6181187363834423,2.542350472040668,,0.0051964415395788,0.6429222948438635,0.5306248002904865
19.25_101.75,temp,JJASO,Day,0.9026517792302106,0.647504411764706,0.2643389615105301,4.882129175744372,,0.8707708787218591,1.231822331154684,1.7065684458968773
19.25_102.25,temp,JJASO,Day,0.54480174291939,0.9613039941902688,0.0721425199709513,3.4000279956427018,,0.5713396877269425,0.9270728395061728,0.204189941902687
19.25_102.75,temp,JJASO,Day,1.1153053740014525,0.1898549382716049,0.0183211692084241,2.632268209876543,,0.3585862018881626,0.8136687182280319,0.3226915032679738
19.25_103.25,temp,JJASO,Day,1.255897966594045,0.0275613108206245,0.3606285947712418,2.4864888888888887,,0.7596006354393608,0.9103505446623094,0.0289028140885983
19.25_99.75,temp,JJASO,Day,0.4079310094408133,1.990653231663036,0.9656356209150326,3.144317556281772,,0.1368445896877269,0.5736468772694263,1.186472040668119
19.75_100.25,temp,JJASO,Day,0.2810526506899056,2.169639978213508,0.3269484386347132,3.888764941902687,,0.0438496732026144,0.5610117828612927,0.9679711328976036
19.75_100.75,temp,JJASO,Day,0.243062091503268,1.3197420116194627,0.0276857298474945,4.078624618736384,,0.575488198983297,1.1107613834422658,0.7393887436456064
19.75_101.25,temp,JJASO,Day,0.0028696441539578,0.2095306463326071,0.4085802469135802,4.360290922294844,,1.01434477124183,1.552537037037037,0.9361911220043574
19.75_101.75,temp,JJASO,Day,0.9741259985475672,0.8763685185185185,0.2375277777777778,5.085324364560639,,0.850696623093682,1.555650363108206,1.5017550472040666
19.75_102.25,temp,JJASO,Day,0.8725108932461874,0.5541902142338416,1.2380050835148877,4.678843155410313,,1.8306928104575164,1.6740155954974585,0.9621910856935366
19.75_102.75,temp,JJASO,Day,0.3421481481481481,0.8078620733478575,0.2296697530864198,3.8397091866376174,,0.7672628903413217,1.588695061728395,0.3598634531590414
19.75_103.25,temp,JJASO,Day,0.0615856935366739,1.064911165577342,0.3781409586056645,3.161990668119099,,0.0619337327523602,1.2004847494553377,0.3277948983297022
19.75_99.25,temp,JJASO,Day,0.0400809731299927,1.1626045751633989,0.0174041394335511,3.0595691902687,,0.5095706245461147,1.0172122367465506,1.120329175744372
19.75_99.75,temp,JJASO,Day,0.2685994916485112,2.245785403050109,0.7502832244008716,3.609177106027596,,0.02668954248366,0.5101994008714597,1.294285403050109
20.25_100.25,temp,JJASO,Day,1.3909818445896878,1.8950268700072623,0.1137096949891067,5.002869843863472,,0.2092046114742193,0.8967081880900508,1.498359658678286
20.25_100.75,temp,JJASO,Day,0.7270744371822803,1.0121265976761076,0.0537919389978213,4.904127378358751,,0.8776350762527233,1.6117524872912128,1.037205519244735
20.25_101.25,temp,JJASO,Day,0.2139901960784313,0.7841219862018882,0.2483618373275235,4.538290740740741,,0.7354344589687727,1.4796769970951342,0.7912221132897604
20.25_101.75,temp,JJASO,Day,0.1223474945533768,1.076214015976761,0.4892588961510529,3.895313017429194,,0.2266410675381263,0.9043133260711692,0.0876051198257081
20.25_102.25,temp,JJASO,Day,1.22529302832244,1.5080194807552652,0.1314213870733478,4.81249705882353,,1.0210366739288308,1.4615527596223674,0.7327714415395788
20.25_102.75,temp,JJASO,Day,0.6395137981118373,1.9469352578068264,0.3513672839506173,3.9744118191721136,,0.6316810094408134,1.0192040123456791,0.0333703340595497
20.25_103.25,temp,JJASO,Day,0.4527944807552651,2.202231499636892,1.1334085148874369,2.7131866194626,,0.3564868191721132,0.9429379992737836,0.6635707516339869
20.25_99.25,temp,JJASO,Day,0.4764633260711691,1.0350128358750907,0.4705430283224401,2.672237164124909,,0.8977124183006536,0.929864015976761,0.4171003631082062
20.25_99.75,temp,JJASO,Day,0.5273137254901961,2.0684856572258536,0.4054353667392883,3.836070860566449,,0.6851294480755264,0.7226432098765432,1.0882096949891067
20.75_100.25,temp,JJASO,Day,0.4775896877269426,1.4407685185185186,0.3218102759622367,4.269929756717501,,0.0318405954974581,0.8775978758169933,0.91014070442992
20.75_100.75,temp,JJASO,Day,0.3415043572984749,1.1012331154684096,0.0602358387799564,4.496622494553377,,0.7473438634713144,1.6430176470588236,0.4556988017429193
20.75_101.25,temp,JJASO,Day,0.1012254901960784,0.5669429012345679,0.0218580246913579,4.129962926652143,,0.5373603848946985,1.48414301016703,0.0637521786492374
20.75_101.75,temp,JJASO,Day,0.360155410312273,0.7100167392883079,0.3091259985475672,4.351889088598402,,0.7341036673928831,1.536451924473493,0.3308527596223674
20.75_102.25,temp,JJASO,Day,0.2258765432098765,1.9352108569353668,0.2629716775599128,3.804880973129993,,0.0263996005809731,0.7044771968046478,0.4680595134350035
20.75_102.75,temp,JJASO,Day,0.8146122004357299,2.0610486201888163,0.391485294117647,4.004077233115468,,0.329985294117647,1.0866318809005082,0.3312933006535948
20.75_103.25,temp,JJASO,Day,0.8883068264342774,2.1232341503267973,1.041286274509804,2.076243881626725,,0.4498104575163398,0.1065077705156136,1.952675816993464
20.75_99.75,temp,JJASO,Day,0.3126325344952796,1.0463940813362382,0.1971410675381263,3.0958122185911403,,1.6184266521423385,1.2292245642701525,0.5659823529411765
21.25_100.25,temp,JJASO,Day,0.163758896151053,0.7208336782861293,1.2889936456063906,3.6888226942628894,,0.1689114015976761,1.5541194989106757,0.9063403231663034
21.25_100.75,temp,JJASO,Day,0.2264150326797385,0.9831300472040668,0.0296668482207697,4.07082035221496,,0.5666842774146695,1.3517851488743646,0.1737568990559186
21.25_101.25,temp,JJASO,Day,0.2489891067538126,0.5777648692810458,0.0601964415395788,4.126355718954248,,0.6952752178649237,1.6528448438634713,0.1280249273783587
21.25_101.75,temp,JJASO,Day,0.3736873638344226,0.7187316085693537,0.2950032679738562,3.410135330428468,,0.2863451343500363,1.0488533587509077,0.7334325344952796
21.25_102.25,temp,JJASO,Day,0.3422527233115467,2.022320061728395,0.0515051198257079,3.1341193899782134,,0.5836492737835877,0.4434324618736384,1.0703281590413942
21.25_102.75,temp,JJASO,Day,0.1543413217138707,2.150049473493101,0.4190703159041394,3.2874374546114744,,0.7069625635439362,0.516819880174292,1.005237327523602
21.25_99.75,temp,JJASO,Day,0.5929560639070443,0.1569973674655047,1.597016702977487,2.3569887981118374,,2.3736328794480754,1.6190163761801015,0.5250900145243282
21.75_100.25,temp,JJASO,Day,0.8402850399419027,0.4029043391430646,0.2955867283950617,2.6107567356572257,,0.0779084422657952,1.129790177923021,0.3672014161220043
21.75_100.75,temp,JJASO,Day,0.5705105301379811,0.639176397966594,0.0041321895424836,4.279863525780683,,0.7429288489469863,1.5034159041394335,0.2450324618736383
21.75_101.25,temp,JJASO,Day,0.3838206245461147,1.7967193718228032,1.0643347857661585,4.035436510530138,,0.3901272694262891,1.0163935911401598,0.2610155410312273
21.75_101.75,temp,JJASO,Day,0.6663859840232389,1.31963315177923,0.8651813725490196,2.6589607116920844,,0.1193922476397966,0.6101500726216412,1.4763095315904138
21.75_102.25,temp,JJASO,Day,0.1013852578068264,2.0696319353667394,0.551212327523602,2.830606172839506,,0.4042811728395061,0.5158056826434277,1.1106055918663762
21.75_99.25,temp,JJASO,Day,0.3933108206245461,0.0310841503267973,2.1847904684095862,1.937782207697894,,2.284722494553377,1.845091612200436,0.1532307915758896
21.75_99.75,temp,JJASO,Day,0.1412102396514161,0.2286259440813362,1.1320657952069717,2.822075689905592,,2.509471223674655,2.012252559912854,0.8910215867828614
22.25_100.25,temp,JJASO,Day,1.0560795206971678,0.8769466957153231,0.0689786129266521,2.578982824981845,,0.5017962599854756,1.0281353667392883,0.8006147421931735
22.25_100.75,temp,JJASO,Day,0.3569618736383442,1.3159863289760347,1.1424393427741468,4.174907298474945,,0.0486247276688453,1.14280406681191,0.1401714233841684
22.25_101.25,temp,JJASO,Day,0.3342240377632534,1.7925,1.6683634713144515,3.2558118010167028,,0.9887200254175744,0.6128837509077705,0.8160164669571532
22.25_101.75,temp,JJASO,Day,0.4191463326071169,1.7237261982570806,0.9531396151053014,2.735101942628903,,0.1961402687000726,0.5132855301379811,1.1162660312273056
22.25_102.25,temp,JJASO,Day,0.0477527233115468,1.997471223674655,0.8898709513435004,2.8823994553376906,,0.1956257443718228,0.4123516339869281,0.8720036310820625
22.25_99.75,temp,JJASO,Day,0.0026931735657226,0.2611239651416122,0.9914249818445896,2.796692919389978,,1.208233496732026,1.957281281771968,0.3718266702977487
22.75_100.25,temp,JJASO,Day,0.7946107480029048,0.6139551924473493,0.8811833333333332,4.071830519244735,,0.6267696259985476,1.979021405228758,0.7476980029048657
22.75_100.75,temp,JJASO,Day,0.8263554829339143,0.6290760348583878,0.6156279411764706,4.120922058823529,,0.2716112745098039,1.8115310275962235,0.3554998729121277
22.75_101.25,temp,JJASO,Day,0.6981013071895424,1.164582716049383,0.1824977668845316,2.59504591503268,,0.386863489469862,0.7036504538852577,1.2391456063907045
22.75_99.75,temp,JJASO,Day,0.5329386347131445,0.0747441358024691,0.0140076071169208,2.570451888162673,,0.9628140885984025,1.640284005083515,0.233756917211329
23.25_100.25,temp,JJASO,Day,1.5688660130718954,1.0159140341321713,1.7560359658678286,4.566853576615832,,2.13372035221496,2.4991982389251994,1.5830666848220771
23.25_100.75,temp,JJASO,Day,1.987723311546841,0.8892332244008715,1.6508789397240378,5.076996574074074,,2.8706332244008714,2.863514778503994,1.4522502360203342
23.25_99.25,temp,JJASO,Day,0.2289284676833696,0.0223998366013071,1.0385686274509804,3.3579122730573707,,1.1787685185185186,2.1320656681190995,0.5521046114742193
23.25_99.75,temp,JJASO,Day,0.0142734204793028,0.536718899782135,1.148728086419753,3.021956663035585,,1.221956808278867,1.863296732026144,0.3413235294117647
23.75_100.25,temp,JJASO,Day,1.9957578068264343,2.527944462599855,2.852378086419753,4.4561598583878,,3.078112527233116,3.558938253449528,2.529523384168482
23.75_100.75,temp,JJASO,Day,1.5960867828612928,1.0243620551924473,1.7380191539578795,4.297435484749455,,2.370638471314452,2.782548129992738,1.586787563543936
24.25_100.25,temp,JJASO,Day,1.8489222948438635,2.336677269426289,1.631061437908497,3.2070308932461877,,2.1406406136528684,3.660208496732026,2.505714451706609
24.25_100.75,temp,JJASO,Day,1.927523965141612,1.8954257443718228,0.6014449527959332,3.4956528213507623,,1.3930600762527234,3.220666049382716,2.4073291212781407
24.25_99.75,temp,JJASO,Day,1.101579883805374,1.364018137254902,2.411164451706609,2.4451832607116923,,3.032214488017429,2.9994827523602035,1.4914421931735655
24.75_100.25,temp,JJASO,Day,1.6277505446623093,1.994634531590414,1.1404931554103122,2.779726889978213,,1.182001561365287,3.169275326797386,2.1339724582425563
24.75_99.75,temp,JJASO,Day,1.1414230573710966,0.9292835511982572,1.392006009440813,2.187762037037037,,1.723795987654321,2.5146459513435007,1.167422331154684
25.25_99.75,temp,JJASO,Day,1.093583260711692,1.4046565359477123,0.6268561365286855,2.792636914124909,,1.4383417211328977,2.766089887436456,1.7225790486564996
25.75_100.25,temp,JJASO,Day,0.8088597312999273,0.2153680827886709,1.1056591866376178,0.2048665413943355,,1.1970795570079884,0.4748199346405229,0.1716543209876543
25.75_99.25,temp,JJASO,Day,0.2569546477850399,0.6340919934640523,1.06015929557008,1.6171837189905591,,1.5328838598402323,1.7894929702251272,1.295457625272331
25.75_99.75,temp,JJASO,Day,0.159619825708061,0.6502870551924473,0.8275536310820625,1.1637884023238925,,0.9764724582425564,1.5056827832244009,0.8525423747276688
26.25_99.25,temp,JJASO,Day,0.4552667755991285,1.3128181009440814,2.074679716775599,0.7202728075526507,,2.621907526615832,1.8815332286855484,1.3013238692810458
26.25_99.75,temp,JJASO,Day,0.593328431372549,0.6717271677559914,1.3400783024691358,0.0947966009440813,,1.2491923948801742,1.1874851924473493,0.6849420715323167
26.75_99.25,temp,JJASO,Day,0.7429015976761075,1.5235567302106026,3.4480198024691355,0.3361353632897604,,3.715435978939724,1.690921655929557,1.1163711982570803
27.25_99.25,temp,JJASO,Day,0.318532498184459,1.828429943718228,3.020446427196805,0.3713303954248366,,3.43682351724764,2.2876925471859115,1.8603331691358025
27.75_98.75,temp,JJASO,Day,1.5524702832244008,2.683399029593319,4.308224731844589,1.7915304057407409,,4.2733513344226575,2.7821562977487293,1.9359502980755263
28.25_98.75,temp,JJASO,Day,0.0715035279593318,3.6818785455882352,3.4261399021423387,1.81392863090414,,3.7929656690958606,3.047589225635439,1.53535152567175
28.75_98.75,temp,JJASO,Day,0.0443313289760348,2.3496864576797387,1.5673723425381263,2.1734941571296296,,1.2768460251633986,2.8318386875998547,1.5328643346405229
29.25_98.25,temp,JJASO,Day,0.0696690356572258,2.5073514046659406,0.4994225700798838,3.0546162858569352,,0.9023760564270152,3.281266425617284,1.0697830172294844
29.75_98.25,temp,JJASO,Day,1.257051429920116,3.189743972458243,0.9169472241285402,4.014611622458243,,0.430248137745098,5.468409203580247,1.8049549373819895
30.25_97.75,temp,JJASO,Day,0.839420031554103,2.8358594769607843,3.4797041787400147,2.673021531127451,,3.816853322930283,5.24527818917756,1.3894330329702251
30.25_98.25,temp,JJASO,Day,1.2731245461147422,2.7903859669571536,2.846180613959695,4.158808657788671,,3.08902724402687,5.30739849271968,1.4328876114379083
30.75_97.25,temp,JJASO,Day,2.335236212672476,2.8761483182643426,7.423675785822439,3.212246972160494,,7.617268201615832,5.604134168119099,3.816307850108932
30.75_97.75,temp,JJASO,Day,2.5487189358024693,3.230720102636166,5.26049823231663,3.806881563180829,,4.881471068946986,5.870823588779957,3.509866119734931
31.25_96.25,temp,JJASO,Day,1.567407850762527,2.239780293598402,6.710909782549019,2.2106659963870734,,7.03420768848947,4.108379680159768,2.6605274588307912
31.25_96.75,temp,JJASO,Day,2.1382719535221497,2.1618789051924474,7.590939459912853,2.764646793754539,,7.798982251997095,4.774164099128541,2.9255712717138707
31.25_97.25,temp,JJASO,Day,3.1918460326797384,2.3453137887799564,8.923815853594771,3.632743533042847,,9.142309364342774,5.902760031771968,4.08080056013072
31.75_95.75,temp,JJASO,Day,0.2196647204066812,1.1400777962999271,3.837598319952796,1.1699370400181557,,5.051893165229593,3.838427430439361,1.7716397771938996
31.75_96.25,temp,JJASO,Day,1.764960893246187,1.734390889469862,5.795866764742193,2.751332924473493,,6.144770673166304,4.491895240050835,2.5278837531227305
31.75_96.75,temp,JJASO,Day,2.081444081336238,1.4758621474219318,6.17005364909223,3.492289706971678,,6.360384499891068,4.832105704066811,2.508254943100944
31.75_97.25,temp,JJASO,Day,1.8014039288307917,1.289682312745098,5.9169246931735655,2.762930419389978,,6.212328645860566,4.419812064124909,2.050654161147422
31.75_97.75,temp,JJASO,Day,1.4680806757443718,2.3098622616122,6.349636527095134,2.63230517986565,,6.247481916301743,4.564455247382971,2.455487095737109
32.25_94.75,temp,JJASO,Day,1.1875512375816992,1.6667571306100215,2.0674403284386345,2.0844253799564267,,3.388861785555555,4.017405450998547,2.2694709581027595
32.25_95.25,temp,JJASO,Day,1.7346184517066083,1.960655572519971,1.6583596142156865,2.507201539524328,,0.879346361328976,4.1113793329339146,2.7323204893645605
32.25_95.75,temp,JJASO,Day,2.256752360566449,1.7309648357661582,2.8073116615468408,3.3222034375453884,,2.247039496514161,4.473682786964416,3.027330379557008
32.25_96.25,temp,JJASO,Day,2.40462008583878,0.9700423269426288,4.8480780681191,3.370066395061728,,4.566797539433551,4.371869487472767,2.4770279871822805
32.25_96.75,temp,JJASO,Day,2.2062865432098766,1.2070599306100218,5.807580884132171,3.823956442628903,,6.021756303558461,4.599463430718954,2.164358556681191
32.25_97.25,temp,JJASO,Day,1.3412746957153232,1.1320997559912855,5.338019241321714,2.9670548791394333,,5.745544920388526,3.767500559409949,1.255379014667756
32.25_97.75,temp,JJASO,Day,0.7135043342774147,0.8049266380718955,4.376274191176471,2.2871334929375453,,4.792448710230574,3.2875626022567173,1.327384134003268
32.75_94.75,temp,JJASO,Day,1.6448298973129991,1.557411367392883,2.378291982081699,2.911616031704793,,3.3320932509840238,4.067998100708062,2.7722383744117645
32.75_95.25,temp,JJASO,Day,2.961274030501089,1.8214137128540304,4.196239153231663,3.974656502178649,,5.068890102360204,4.89006452389252,3.8819105966230936
32.75_95.75,temp,JJASO,Day,1.9707099135076251,1.1329717189179376,5.42888414244735,3.045978574146696,,6.380574408242556,4.0202702194626,2.742194251234568
32.75_96.25,temp,JJASO,Day,2.030592089869281,1.114944776143791,5.37993996835512,3.21433786637618,,5.404712654691358,3.957196421098402,2.4147705410493825
32.75_96.75,temp,JJASO,Day,0.6506433180827887,0.4551116463507625,5.526817325384713,2.4284267501089327,,5.709871225374002,3.1068592327523605,1.168792139584241
33.25_94.25,temp,JJASO,Day,1.3804291093681915,0.7600857334168482,4.334411767901235,2.46986472625817,,4.762227082244008,3.3725868922857662,2.043580594789397
33.25_94.75,temp,JJASO,Day,1.995789128540305,1.0761282709150326,4.849778109077705,3.3172722838053743,,5.125767113834423,4.323613471750182,2.8282536004720407
33.25_95.25,temp,JJASO,Day,1.3147156862745095,1.1474574204778505,5.498604388997822,2.352419810733479,,5.46476039960058,3.451497246599492,2.1312413296604937
33.25_95.75,temp,JJASO,Day,0.5949933861732026,0.83078172875817,5.252056031681191,1.2319847761256355,,9.48003831609114,2.533877459802106,1.2364452065377634
9.25_105.25,temp,JJASO,Day,0.1494284676833696,1.880838053740015,0.6822494553376907,0.3628191721132898,,0.456498547567175,0.0457587145969499,0.4021501452432825
9.25_105.75,temp,JJASO,Day,0.0472276688453159,1.866674655047204,0.6937839506172839,0.1919297385620914,,0.2785452069716775,0.1868779956427015,0.4318997821350762
9.75_105.25,temp,JJASO,Day,0.3116100217864924,1.6551145606390705,0.4591837327523601,0.4822342047930283,,0.0070580973129993,0.4576218228031953,0.0805982207697893
9.75_105.75,temp,JJASO,Day,0.3227138707334785,2.122137254901961,0.3903002904865649,0.6583805374001452,,0.1254546114742193,0.1144767610748002,0.031355119825708
9.75_106.25,temp,JJASO,Day,0.2271713870733478,1.9519625998547567,0.7625933188090052,0.6651194625998548,,0.4425847857661583,0.3284914669571532,0.0367527233115468
10.25_104.75,temp,JJASO,Mon,0.6077182556750296,1.5787127419354845,0.0130550896057343,0.5278702150537637,,0.2911912007168458,0.1882844026284347,0.377965304659498
10.25_105.25,temp,JJASO,Mon,0.7046643847072879,1.581749551971326,0.092454743130227,1.2719421505376345,,0.2538255854241334,0.6458334946236557,0.478518166069295
10.25_105.75,temp,JJASO,Mon,0.6521958661887693,1.8796520310633216,0.2784994384707292,1.4682037574671445,,0.0901022700119476,0.362953745519713,0.5331114994026286
10.25_106.25,temp,JJASO,Mon,0.5153988410991635,1.8731723357228196,0.5076105436081246,1.5160964934289125,,0.2192312425328557,0.1177446117084822,0.5295708960573476
10.25_106.75,temp,JJASO,Mon,0.2525600238948629,1.5944203345280763,0.9732547311827956,1.1556321684587811,,0.6063354002389488,0.2347978614097967,0.0429079749103941
10.75_104.75,temp,JJASO,Mon,1.0528421146953406,1.84545256869773,0.07757041218638,1.57455825567503,,0.4307571087216247,0.1692638351254479,1.1001187216248507
10.75_105.25,temp,JJASO,Mon,1.089230716845878,1.7514761768219835,0.0133793010752686,1.9928968697729987,,0.2722520131421744,0.6420931481481479,1.0596347729988054
10.75_105.75,temp,JJASO,Mon,0.863268231780167,1.549011965352449,0.0415112365591398,2.072923811230585,,0.1905482138590204,0.7525018637992833,1.0242371505376342
11.25_104.25,temp,JJASO,Mon,1.0473532019115892,1.738352461170848,0.3242660215053762,2.216250573476702,,0.2837492771804061,0.2784256391875746,1.271112640382318
11.25_104.75,temp,JJASO,Mon,1.2507940143369172,1.878660256869773,0.2810690322580643,2.5111576702508955,,0.279197634408602,0.5755828136200714,1.4692153464755078
11.25_105.25,temp,JJASO,Mon,1.0754010752688177,1.732257974910394,0.2217860573476701,2.574852586618877,,0.1014606750298687,0.703327640382318,1.2595221684587816
11.75_104.25,temp,JJASO,Mon,1.2364395221027482,1.350829468339307,0.6770950896057344,2.9352181959378734,,0.1002169414575864,0.7398909498207887,1.4532447729988054
11.75_104.75,temp,JJASO,Mon,1.3922966308243727,1.694738076463561,0.688926851851852,3.0398163739546,,0.0454290262843491,0.8949696356033453,1.2828772700119475
11.75_105.25,temp,JJASO,Mon,1.0545159856630824,1.503723853046595,0.3750278733572282,2.972956463560334,,0.0481738829151732,0.8877524133811229,1.1710120131421744
12.25_103.25,temp,JJASO,Mon,0.5325280406212665,1.1597322162485066,0.7787322162485069,1.6229468757467145,,0.1474662843488647,0.4028706212664278,0.4795473775388293
12.25_103.75,temp,JJASO,Mon,1.1035572520908006,0.8466908721624848,0.3094571027479089,3.241908004778973,,0.1547689127837517,0.8520167025089608,1.6003756093189967
12.25_104.25,temp,JJASO,Mon,0.7231527479091997,1.946772813620072,0.8031703524492235,2.9007738769414577,,0.1632690681003585,0.4332614814814816,0.6752466427718035
12.25_104.75,temp,JJASO,Mon,1.176878327359618,1.7051353464755077,0.2901211708482678,3.25939940860215,,0.2190380704898445,0.9882169235364396,0.9140709856630826
12.25_105.25,temp,JJASO,Mon,0.8486056391875745,1.499506266427718,0.2862290919952211,3.250457413381123,,0.1123043428912782,0.943054044205496,1.1580343130227002
12.25_105.75,temp,JJASO,Mon,0.8354206093189963,1.3579074014336916,0.2107820310633218,3.3792389964157703,,0.0380774671445638,0.9172670908004776,1.5392031899641576
12.25_106.25,temp,JJASO,Mon,0.6502224850657111,1.6686118399044207,0.4787297491039425,3.19503775985663,,0.2648020071684585,0.5796324970131422,1.41390270609319
12.25_106.75,temp,JJASO,Mon,0.1993000716845874,1.6401889187574672,0.7046910334528077,2.9940223536439663,,0.8077082497013145,0.3789662724014335,1.184843237753883
12.25_107.25,temp,JJASO,Mon,1.462615495818399,1.1097213261648748,0.6192764874551973,1.1542800657108725,,1.13333284348865,0.8946624910394263,0.0040447491039424
12.25_107.75,temp,JJASO,Mon,1.1679080525686978,0.949572741935484,1.393017652329749,1.0308577240143373,,1.109525794504182,0.4889487873357229,1.1160460692951018
12.25_108.25,temp,JJASO,Mon,2.0983837753882915,0.8192867502986859,1.2147533333333331,0.2741167383512546,,1.2876685185185184,0.5297228255675027,0.3105481302270009
12.75_102.75,temp,JJASO,Mon,0.1921620430107525,1.618100221027479,0.2005099462365588,2.5882625925925926,,0.4970183333333335,0.284971493428913,1.1390428912783754
12.75_103.25,temp,JJASO,Mon,0.5988770848267619,1.7407680346475507,0.9539070669056156,3.46886733572282,,0.7861789784946236,0.0320919952210275,1.628114796893668
12.75_103.75,temp,JJASO,Mon,0.9421657467144566,2.093087126642772,1.5768350477897248,3.60469798088411,,1.0439276642771802,0.0680969593787339,1.2863887753882917
12.75_104.25,temp,JJASO,Mon,0.884159617682198,1.995267126642772,0.942866612903226,3.628967043010753,,0.4050148088410994,0.6116701971326162,1.067568512544803
12.75_104.75,temp,JJASO,Mon,1.0018431302270014,1.7930856332138587,0.35354472520908,3.5068151792114697,,0.0685746774193548,0.9379628733572284,1.286861869772999
12.75_105.25,temp,JJASO,Mon,0.7903959617682202,1.1892572341696537,0.2508855913978495,3.638837986857825,,0.1782768458781362,1.047341146953405,1.5629094086021504
12.75_105.75,temp,JJASO,Mon,0.6483010155316611,1.0786048685782552,0.3299463500597365,3.6429585902031065,,0.0865625209080047,0.8951455973715661,1.682486774193549
12.75_106.25,temp,JJASO,Mon,0.5635197013142172,1.6356381541218636,0.4918912066905612,3.3620289068100364,,0.2550969056152925,0.7069875448028673,1.721072467144564
12.75_106.75,temp,JJASO,Mon,0.0464549103942652,1.8246423476702505,0.5756841756272402,2.9937347729988057,,0.479592921146953,0.267950071684588,1.293612401433692
12.75_107.25,temp,JJASO,Mon,0.5892127837514938,2.1991781123058547,0.697094988052569,2.5062045579450416,,0.2820159737156515,0.1426136499402633,0.9526166129032254
12.75_107.75,temp,JJASO,Mon,0.0523247670250898,1.9863845519713264,0.4741776702508961,2.8673491338112305,,0.1713515412186384,0.2326726403823176,1.9490817264038225
12.75_108.25,temp,JJASO,Mon,0.8724360334528075,1.8651880943847068,1.166834522102748,1.988466356033453,,0.0436421744324971,0.4864024731182795,1.242087329749104
13.25_102.75,temp,JJASO,Mon,0.712541278375149,1.615854575866189,0.4282872281959375,3.610974898446834,,0.579325101553166,0.197976457586619,1.866822532855436
13.25_103.25,temp,JJASO,Mon,0.5630304898446832,2.2079995161290324,1.0892954540023896,3.476625579450418,,0.5902504778972519,0.1150659916367978,1.438724778972521
13.25_103.75,temp,JJASO,Mon,0.3916468817204299,1.915328596176822,0.98412825567503,3.2674140262843485,,0.5664312664277179,0.2857925209080046,1.005258082437276
13.25_104.25,temp,JJASO,Mon,0.3196468219832736,1.7859342054958185,0.520398201911589,3.3927746475507763,,0.111759247311828,0.6049673118279573,1.193717831541219
13.25_104.75,temp,JJASO,Mon,0.5336432138590202,1.6297662066905616,0.3009914755077656,3.512855740740741,,0.1675946236559139,0.812442258064516,1.5748830585424136
13.25_105.25,temp,JJASO,Mon,0.5096679450418161,1.2273763321385902,0.4737890203106333,3.703917574671445,,0.0601545340501789,0.9748575388291518,1.6922874671445638
13.25_105.75,temp,JJASO,Mon,0.3153566308243729,1.0965457347670249,0.5617683811230585,3.5622839486260456,,0.3080408721624847,0.7323522879330943,1.4792792054958186
13.25_106.25,temp,JJASO,Mon,0.3100460692951017,1.62111756869773,0.4375645818399043,3.307300442054958,,0.1998622998805256,0.5649230943847071,1.413400083632019
13.25_106.75,temp,JJASO,Mon,0.1350342532855438,1.9183525985663084,0.7100672281959379,3.08897527479092,,0.3392596654719235,0.2902871804062127,1.2618319235364392
13.25_107.25,temp,JJASO,Mon,0.3359492353643968,2.406026624850657,0.8992768876941457,3.316292765830347,,0.5263189008363202,0.0620209557945043,1.5238562246117089
13.25_107.75,temp,JJASO,Mon,0.2924276941457582,2.3513012604540022,0.6637730585424134,3.226248375149343,,0.8313718279569895,0.1957405913978495,1.70150554958184
13.25_108.25,temp,JJASO,Mon,1.1090230585424132,2.9070857885304657,1.24469390083632,1.7896245758661888,,0.524131248506571,0.0922282556750301,0.2764282198327359
13.75_102.75,temp,JJASO,Mon,0.5873041816009557,1.591068357228196,0.2832008781362005,3.96659958781362,,0.075507879330944,0.6365248685782555,2.330811762246117
13.75_103.25,temp,JJASO,Mon,0.3892941338112303,1.902153237753883,0.5949807526881723,3.647166409796893,,0.185875280764636,0.5076877897252088,1.9850124193548384
13.75_103.75,temp,JJASO,Mon,0.0810855436081243,1.899691230585424,0.6981575328554357,3.3986320489844686,,0.2787880406212661,0.5789057287933097,1.6557839605734768
13.75_104.25,temp,JJASO,Mon,0.041289139784946,1.8289332795698925,0.6736518458781362,3.3018399581839906,,0.2360701254480285,0.5333570549581841,1.6054761589008364
13.75_104.75,temp,JJASO,Mon,0.2910928554360813,1.766062520908005,0.6188571326164874,3.37010201911589,,0.1168271266427717,0.7822441696535244,1.830666636798088
13.75_105.25,temp,JJASO,Mon,0.4546975029868578,1.4804464456391877,0.7106483572281961,3.632630896057348,,0.2243346356033451,0.9944464038231784,1.842020925925926
13.75_105.75,temp,JJASO,Mon,0.3055229868578256,1.3792755137395465,0.7166656332138591,3.492486965352449,,0.3297212724014336,0.6934102628434887,1.4867045041816007
13.75_106.25,temp,JJASO,Mon,0.5057900358422937,1.5572064277180409,0.2902498088410991,3.5111855913978496,,0.195256816009558,0.7066671146953405,1.4465040979689368
13.75_106.75,temp,JJASO,Mon,0.4298994982078855,1.7085074372759854,0.4011056810035839,3.4616638530465957,,0.104385746714456,0.7431937753882917,1.351740209080048
13.75_107.25,temp,JJASO,Mon,0.197988112305854,2.041074229390681,0.2615646117084828,3.3682348685782557,,0.3276830107526885,0.4380074731182793,1.4443779988052563
13.75_107.75,temp,JJASO,Mon,0.5140710991636801,2.145356475507766,0.2629499880525688,2.700248775388291,,0.2214267383512547,0.3727748387096772,1.333577443249701
14.25_102.25,temp,JJASO,Mon,0.3634578614097966,0.2456979569892473,0.2085353942652328,2.9331660215053765,,0.1558374313022701,0.4296660931899645,1.539528375149343
14.25_102.75,temp,JJASO,Mon,0.1080945280764636,0.7364578016726404,0.1290167861409795,3.6587912007168457,,0.308421063321386,0.6484220370370369,1.98868554958184
14.25_103.25,temp,JJASO,Mon,0.3037566069295104,1.258673733572282,0.258151589008363,3.7432556451612906,,0.1267333452807648,0.7763724133811233,2.208227903225807
14.25_103.75,temp,JJASO,Mon,0.1864993309438471,1.2127764157706094,0.2761857706093191,3.574442395459976,,0.1617011290322581,0.9880387395459972,2.121923817204301
14.25_104.25,temp,JJASO,Mon,0.0649049103942648,1.1820619593787332,0.4576396236559139,3.216236045400239,,0.0430229569892475,0.7957383273596179,1.7085297491039424
14.25_104.75,temp,JJASO,Mon,0.261429761051374,1.4635238948626046,0.538362025089606,3.257327879330944,,0.0752985543608122,0.9758587037037036,1.8494486081242527
14.25_105.25,temp,JJASO,Mon,0.0006335125448029,1.37544729390681,0.764929641577061,2.9984486081242534,,0.3529198327359618,0.6458796057347674,1.3632418936678616
14.25_105.75,temp,JJASO,Mon,0.7785506212664277,1.684496170848268,0.4950804778972522,3.446101403823178,,0.1031069354838711,0.8648195579450421,1.7829057526881718
14.25_106.25,temp,JJASO,Mon,1.1437976224611708,1.2729972700119472,0.0098003464755075,3.78271357228196,,0.2882557646356031,1.1971049999999996,1.871107108721625
14.25_106.75,temp,JJASO,Mon,0.2390126403823179,1.7133282437275985,0.282638733572282,2.980326027479092,,0.1931176403823179,0.6333222879330943,1.0355294145758662
14.25_107.25,temp,JJASO,Mon,0.3752116726403824,1.2451554778972518,0.2739063440860214,3.0563434528076465,,0.2080976164874554,0.9572023058542416,1.63944435483871
14.25_107.75,temp,JJASO,Mon,0.2065757228195936,0.9868695758661886,0.3867139068100358,2.6866863739546,,0.4626843847072882,1.027520710872163,1.904739593787336
14.25_108.25,temp,JJASO,Mon,1.4214303703703703,1.0018317443249705,0.4910163859020312,1.2073747729988051,,0.0089335304659495,0.1290864934289128,0.524237138590203
14.75_101.75,temp,JJASO,Mon,0.0691594743130225,0.8271068100358422,0.2280912365591399,3.137003882915174,,0.8701086977299883,0.8921651075268818,2.1751107885304664
14.75_102.25,temp,JJASO,Mon,0.6907869772998806,0.9699296833930708,0.1924387694145758,3.96024082437276,,0.6265785902031065,0.8186380585424136,2.658341391875747
14.75_102.75,temp,JJASO,Mon,0.3691805376344089,1.0756563201911586,0.2340115113500594,3.811860997610514,,0.416383482676225,0.8215166308243729,2.3169552867383514
14.75_103.25,temp,JJASO,Mon,0.1981931182795698,1.1369172461170851,0.2651671624850659,3.6221510454002384,,0.3553005973715646,0.9381916308243724,2.1991353285543607
14.75_103.75,temp,JJASO,Mon,0.0766362962962961,1.1926848028673835,0.4241485483870968,3.345965501792115,,0.1678380047789727,0.9431104181600952,2.038494958183991
14.75_104.25,temp,JJASO,Mon,0.218242759856631,1.1112149163679803,0.3722452210274789,3.2399432676224618,,0.2041627359617684,0.9923949761051376,1.8588191577060935
14.75_104.75,temp,JJASO,Mon,0.2298977060931902,1.3925468399044203,0.3904660215053767,3.0548375686977303,,0.1035139605734766,0.8938969892473119,1.6550019653524493
14.75_105.25,temp,JJASO,Mon,0.2484314097968938,1.477741445639187,0.2826629988052567,3.036424516129032,,0.0859446535244925,0.700304569892473,1.6161789008363208
14.75_105.75,temp,JJASO,Mon,0.7977283751493429,1.490747622461171,0.0370816367980885,3.641038948626045,,0.2542232676224612,1.2260275149342894,2.001187031063321
14.75_106.25,temp,JJASO,Mon,1.0876302628434884,0.3766799581839902,0.6497015471923538,4.134212873357228,,0.8716356810035846,2.1592242592592594,2.2479862186379926
14.75_106.75,temp,JJASO,Mon,0.9028889127837516,0.355036176821983,0.602753136200717,3.941409653524493,,0.7711463918757467,1.7294955316606928,2.4166369115890087
14.75_107.25,temp,JJASO,Mon,1.0671369175627234,0.3357931720430108,0.4681208542413376,3.9840727060931904,,0.0360935842293904,1.6950548984468337,2.994253458781362
14.75_107.75,temp,JJASO,Mon,1.14750523297491,0.1167836140979689,0.4095714336917563,2.223283124253286,,0.701211403823178,1.1023612724014338,1.4015409498207887
14.75_108.25,temp,JJASO,Mon,2.157277228195938,0.7819654480286741,0.7394872222222221,0.7968895639187574,,0.009503775388291,0.1382521087216246,0.1923453225806453
15.25_101.75,temp,JJASO,Mon,0.0176595698924731,1.3278944205495815,0.2212255913978495,3.703824671445639,,0.4158142174432495,0.6029276284348866,2.5354465173237752
15.25_102.25,temp,JJASO,Mon,0.3712192831541219,1.5424418040621266,0.5230078673835125,4.067157246117085,,0.0650150657108719,0.4697771146953404,2.5552793070489845
15.25_102.75,temp,JJASO,Mon,0.0549103345280764,1.5957727598566307,0.4101070430107526,3.8294067323775383,,0.2683119892473118,0.6010913679808841,1.957664844683393
15.25_103.25,temp,JJASO,Mon,0.0785270728793313,1.502919480286738,0.3290635483870967,3.739950663082437,,0.3026241816009557,0.8605221804062132,1.801050585424134
15.25_103.75,temp,JJASO,Mon,0.0712388291517321,1.5886438351254482,0.3383292054958187,3.572991821983273,,0.2618948566308238,0.9091836678614096,1.8748163440860213
15.25_104.25,temp,JJASO,Mon,0.2716894504181601,1.582882258064516,0.2210146594982079,3.5441472939068106,,0.338692574671446,1.0288042234169654,1.958750692951016
15.25_104.75,temp,JJASO,Mon,0.5127349462365592,1.5045507108721623,0.103454247311828,3.476201941457587,,0.3780153285543606,1.1544549701314215,1.996389802867384
15.25_105.25,temp,JJASO,Mon,0.5890618040621266,1.764559139784946,0.1861665113500599,3.431662311827957,,0.2452805495818396,1.1249240143369172,1.9621106093189964
15.25_105.75,temp,JJASO,Mon,1.1923746594982074,0.7841204898446833,0.503806111111111,4.164687150537634,,0.5580763201911585,1.6854830167264037,2.37589894265233
15.25_106.25,temp,JJASO,Mon,1.8079949581839907,1.9228114456391876,1.070352670250896,1.1946724790919951,,1.187995752688172,0.328782467144564,0.5959780107526881
15.25_106.75,temp,JJASO,Mon,0.8785530943847072,0.0139813978494622,1.3550032915173236,4.010975412186379,,1.4316085722819594,1.7061043428912783,2.6775293189964158
15.25_107.25,temp,JJASO,Mon,0.6736222222222222,1.2905305913978495,0.7789525507765831,2.217275579450418,,0.5631568458781364,0.688425872162485,1.102106863799283
15.75_101.75,temp,JJASO,Mon,0.0605845280764634,1.1735604898446834,0.4880408960573474,3.7688490501792113,,0.1090073894862605,0.5781729808841096,2.3405340979689364
15.75_102.25,temp,JJASO,Mon,0.1762658781362004,1.695105704898447,0.5475363440860216,3.851723799283154,,0.0136464157706092,0.2402586678614098,2.0512951732377536
15.75_102.75,temp,JJASO,Mon,0.0765658303464752,1.8847493787335723,0.4877831720430107,3.6559444324970136,,0.1746170549581835,0.4395604958183988,1.5376645280764634
15.75_103.25,temp,JJASO,Mon,0.0025427837514936,1.776007216248506,0.3743101971326164,3.6476494982078855,,0.2828431123058545,0.8125803405017924,1.5629636499402633
15.75_103.75,temp,JJASO,Mon,0.1107724372759859,1.8140031421744327,0.2869268578255676,3.640452323775389,,0.3214776164874552,0.9474572401433696,1.8829712962962963
15.75_104.25,temp,JJASO,Mon,0.3232507048984472,1.7816183154121863,0.1655402031063318,3.604589074074074,,0.4082498506571085,1.077007401433692,2.0542276941457587
15.75_104.75,temp,JJASO,Mon,0.5472235244922342,1.5743296117084826,0.0015976344086023,3.553580621266428,,0.4688644802867386,1.1916304838709677,1.9566636021505377
15.75_105.25,temp,JJASO,Mon,0.7874327240143368,1.4678663500597369,0.1872069713261649,3.6585519772998807,,0.5773115113500601,1.3361497013142178,1.9085741935483875
15.75_105.75,temp,JJASO,Mon,0.9734587096774194,1.5843757287933096,0.1208385961768222,4.051798494623656,,0.56724784348865,1.5809924492234166,2.0884331362007167
15.75_106.25,temp,JJASO,Mon,1.624772329749104,1.104275191158901,0.328413954599761,4.609805627240144,,0.9309290979689366,2.1858875627240137,3.0142742951015533
15.75_106.75,temp,JJASO,Mon,0.304281804062127,0.2176747789725205,1.2814904898446835,3.8519420250896057,,1.3555633034647552,1.8434748864994035,2.611323028673836
16.25_101.75,temp,JJASO,Mon,1.143134528076464,1.1681426881720434,1.9011205854241335,3.180215442054958,,1.2209304002389485,0.3941255555555553,1.3990841457586616
16.25_102.25,temp,JJASO,Mon,0.1009935722819596,1.7550195459976103,0.3795232437275989,3.748449838709677,,0.2245729868578253,0.1936226344086024,1.5925694743130228
16.25_102.75,temp,JJASO,Mon,0.1267989247311828,1.8712257885304664,0.3958254360812427,3.657074737156511,,0.2897135244922341,0.4015494802867378,1.3215373416965348
16.25_103.25,temp,JJASO,Mon,0.0002085782556753,1.7562866965352448,0.3302416965352447,3.626130704898447,,0.3645008482676224,0.7622240023894864,1.5612970310633216
16.25_103.75,temp,JJASO,Mon,0.0585295340501791,1.7528613440860217,0.1665946176821983,3.61717123655914,,0.4819613082437275,1.0004515412186377,2.0555641099163675
16.25_104.25,temp,JJASO,Mon,0.0772876821983273,1.5268173536439664,0.0076688410991637,3.393659755077658,,0.509709540023895,1.0319048566308244,1.911806302270012
16.25_104.75,temp,JJASO,Mon,0.5363672520908006,1.3665454540023896,0.1881750597371565,3.541671780167264,,0.6290238351254481,1.1896171385902032,1.683289826762246
16.25_105.25,temp,JJASO,Mon,1.1449786738351255,1.2636722043010755,0.2999593847072879,3.9771736200716847,,0.7988566427718045,1.541726714456392,1.8887422998805252
16.25_105.75,temp,JJASO,Mon,1.3731456989247313,1.452292180406212,0.3951107467144568,4.217482849462366,,0.6571248327359621,1.6089716606929512,2.244694480286739
16.25_106.25,temp,JJASO,Mon,0.8752348864994025,1.3717586559139787,0.6606632974910395,3.776126308243728,,0.5872345041816008,1.4920553405017924,2.1023710035842296
16.25_106.75,temp,JJASO,Mon,0.792495555555556,1.0304474193548387,0.4988100716845877,2.4690221146953406,,1.047396594982079,0.823841146953405,0.6786931362007168
16.25_107.25,temp,JJASO,Mon,0.8400515651135012,0.4898504062126644,0.0613433811230589,2.813747150537634,,0.6608020788530462,0.8353797431302269,0.3316127240143363
16.75_101.75,temp,JJASO,Mon,1.1189334886499398,1.660911863799283,1.647606571087216,3.391034097968937,,0.8873920609318997,0.1553158781362008,0.9577177837514936
16.75_102.25,temp,JJASO,Mon,0.2843954958183989,1.6832708124253286,0.1608623596176823,4.05400398446834,,0.4124784468339307,0.4298607048984467,1.409637246117085
16.75_102.75,temp,JJASO,Mon,0.0653793548387099,1.6932249342891277,0.3977792712066907,3.669293363201912,,0.3468741816009554,0.6410151493428909,1.1006749462365593
16.75_103.25,temp,JJASO,Mon,0.0163260812425329,1.5401993249701311,0.390476714456392,3.508952682198327,,0.3521401732377537,0.7484421505376342,1.3224705675029866
16.75_103.75,temp,JJASO,Mon,0.1832571804062122,1.33796284348865,0.1214514516129031,3.2905810931899646,,0.4801818160095581,0.9074111111111112,1.6415833512544802
16.75_104.25,temp,JJASO,Mon,0.2423367741935483,1.474736015531661,0.238242771804062,2.982864719235364,,0.3043857287933093,0.8259407706093188,1.286425698924731
16.75_104.75,temp,JJASO,Mon,0.819429211469534,1.570903154121864,0.0768010812425333,3.6673855913978497,,0.6137977837514935,1.2937144145758657,1.572248303464755
16.75_105.25,temp,JJASO,Mon,1.3073549701314218,1.3308895579450415,0.1417214934289129,4.145818339307049,,0.7171496893667862,1.5980665173237756,1.9875712126642773
16.75_105.75,temp,JJASO,Mon,1.4395070609318998,1.414662341696535,0.2593666069295099,4.2388507526881725,,0.725415191158901,1.7147303703703702,2.3761920250896056
16.75_106.25,temp,JJASO,Mon,0.0039037514934287,1.394570681003584,0.2741575448028675,3.4574493189964164,,0.989751851851852,1.2854536140979689,1.658547502986858
17.25_101.75,temp,JJASO,Mon,0.4225779689366785,1.564014928315412,0.0233272700119472,4.266643912783751,,0.7074475866188773,0.5183302270011948,1.196682449223417
17.25_102.25,temp,JJASO,Mon,0.1586692473118281,1.990737467144564,0.7736722281959378,4.044145119474313,,0.047765238948626,0.3793112604540026,0.7860109976105137
17.25_102.75,temp,JJASO,Mon,0.0085107526881721,1.8237217741935483,0.6965308960573477,3.586512670250896,,0.0862948028673837,0.6952811409796897,0.6196806212664279
17.25_103.25,temp,JJASO,Mon,0.1989067502986858,1.4632645639187578,0.4305619952210274,3.4338641816009554,,0.2992784587813621,0.7672351792114692,0.8597276881720429
17.25_103.75,temp,JJASO,Mon,0.1852754241338116,1.3627483094384705,0.2692712246117085,3.267714181600956,,0.4756175866188771,0.91360229390681,1.110508614097969
17.25_104.25,temp,JJASO,Mon,0.7500233094384706,1.6051359199522102,0.3247178195937874,3.477709647550777,,0.3690185842293909,0.9736477359617683,1.4077945519713264
17.25_104.75,temp,JJASO,Mon,1.3038048984468344,1.9876115113500596,0.3343325866188766,3.819033518518519,,0.266058769414576,1.191147054958184,1.7530893249701316
17.25_105.25,temp,JJASO,Mon,1.2476177299880529,1.466903022700119,0.1042501015531665,4.335463183990442,,0.5675507646356037,1.5295412246117088,2.2887322520908007
17.25_105.75,temp,JJASO,Mon,0.4257117443249702,0.9943292413381118,0.4403047132616492,4.048932365591398,,0.8500528614097972,1.5536928195937878,2.105968620071685
17.25_106.25,temp,JJASO,Mon,1.0066318040621265,1.3296163918757464,0.057394396654719,2.618388225806452,,0.9073532317801674,0.6583491039426526,0.8715815173237756
17.75_101.25,temp,JJASO,Mon,0.330040585424134,1.7885773416965354,0.1603575507765834,3.961505949820788,,0.6212551612903224,0.6752564755077656,1.1339176344086015
17.75_101.75,temp,JJASO,Mon,0.1060196893667859,1.996081135005974,0.504883649940263,4.3867959976105135,,0.080209366786141,0.2603008482676224,0.9543401075268818
17.75_102.25,temp,JJASO,Mon,0.1774371445639186,2.594342729988053,0.976239761051374,3.9105594922341695,,0.1096498148148148,0.110308817204301,0.4292172281959377
17.75_102.75,temp,JJASO,Mon,0.3360910155316602,2.4617343369175626,0.9286819115890086,3.796293906810035,,0.0698226821983276,0.3774120967741932,0.5725569354838708
17.75_103.25,temp,JJASO,Mon,0.5759154241338108,2.020312891278375,0.612550704898447,3.5820709796893677,,0.0889978016726402,0.4895168040621264,0.6120169832735961
17.75_103.75,temp,JJASO,Mon,0.8186949342891279,2.091643464755077,0.4454484468339306,3.662730967741936,,0.2020667502986858,0.5255343727598565,1.070003136200717
17.75_104.25,temp,JJASO,Mon,1.201086845878136,2.056383554360812,0.4821500896057347,4.069184504181601,,0.0717457945041813,0.9834090262843486,1.6735989426523297
17.75_104.75,temp,JJASO,Mon,0.5543290681003588,1.5065169653524493,0.2065547968936676,3.583493512544803,,0.2883494504181602,1.2422540501792116,1.4586149701314222
17.75_105.25,temp,JJASO,Mon,0.699118028673835,1.179002891278375,0.3670444384707287,2.769154874551972,,0.378607210274791,0.9540116367980884,0.7263415173237758
18.25_101.25,temp,JJASO,Mon,0.1748632258064513,1.9391877956989247,0.0403526224611706,3.826498584229391,,0.4077150358422939,0.7328152986857825,0.8828125925925927
18.25_101.75,temp,JJASO,Mon,0.4408496774193548,2.03547913381123,0.2951595639187573,4.409118643966547,,0.1703119713261649,0.2725360513739547,1.165958548387097
18.25_102.25,temp,JJASO,Mon,0.7064202867383516,2.7772777240143367,1.076788912783751,4.429962347670251,,0.1818992891278372,0.1438163679808843,1.2457905077658304
18.25_102.75,temp,JJASO,Mon,0.4350861051373954,2.13621233572282,0.7907810931899639,3.9278216786140985,,0.3138925686977299,0.2291788231780169,0.8294243369175629
18.25_103.25,temp,JJASO,Mon,1.079033715651135,2.3993282138590204,0.3451233691756274,4.25446013739546,,0.6578587694145758,0.971940758661888,1.287840268817204
18.25_103.75,temp,JJASO,Mon,1.5726447789725206,2.553286821983274,0.404436750298686,4.614940884109916,,0.3990586081242531,0.9789451911589008,1.910757741935484
18.25_104.25,temp,JJASO,Mon,0.7582589486260457,1.8032580346475504,0.17727280167264,4.003610812425328,,0.316009336917563,0.9727172401433692,1.4039105077658305
18.25_104.75,temp,JJASO,Mon,0.7784862724014336,0.8724475209080048,0.2164687156511353,2.709251750298686,,0.761509062126643,0.9198350358422938,0.2078313201911588
18.25_105.25,temp,JJASO,Mon,1.6936202867383514,1.061220209080048,0.432861451612903,1.359732222222222,,0.9319921863799284,0.0639245698924733,0.7099125866188767
18.75_101.25,temp,JJASO,Mon,0.7521597849462363,0.8233212903225807,0.4680425925925928,2.965407753882916,,0.8629616069295106,0.7694450716845883,0.0295507586618878
18.75_101.75,temp,JJASO,Mon,0.9348672998805256,1.3328868578255677,0.1399432556750297,4.480584916367981,,0.8107219593787339,0.5926036559139786,1.4605691218637993
18.75_102.25,temp,JJASO,Mon,1.6978342891278373,1.829010400238949,0.4953780167264036,5.162627945041816,,0.6445554420549581,1.3122101015531662,2.218505459976105
18.75_102.75,temp,JJASO,Mon,0.9073294743130226,0.9030343309438474,0.3433197132616486,4.223910752688172,,0.73258591995221,1.2316509617682196,1.24565215651135
18.75_103.25,temp,JJASO,Mon,0.755778100358423,0.6486786917562724,0.2196618219832739,2.5317532437275982,,0.3382389784946238,0.2334068040621267,0.3574886200716847
18.75_103.75,temp,JJASO,Mon,1.8023544922341697,1.6108706212664274,0.0877050657108723,5.037932992831542,,1.3132455077658305,1.678908769414576,2.2848088649940266
18.75_104.25,temp,JJASO,Mon,0.0939807885304657,1.1380693249701317,0.3615444504181599,3.4822463381123057,,0.6492971983273595,0.9696852329749104,0.6411542413381122
18.75_104.75,temp,JJASO,Mon,1.8178194145758664,1.5847451194743127,0.7177259259259258,1.7423002508960577,,0.5074187813620075,0.2259998506571082,1.260393452807646
19.25_101.25,temp,JJASO,Mon,1.5459416726403823,0.7781432676224611,0.6163747132616492,2.5425970370370368,,0.0063393608124256,0.6398414157706092,0.5321130107526879
19.25_101.75,temp,JJASO,Mon,0.9035574432497012,0.6517754301075269,0.2664026881720429,4.882371589008363,,0.871809569892473,1.2291865830346476,1.7049049701314216
19.25_102.25,temp,JJASO,Mon,0.5445480884109917,0.9664823058542412,0.0708642532855434,3.400033853046595,,0.5719489784946237,0.9234166308243728,0.2020537216248506
19.25_102.75,temp,JJASO,Mon,1.1156325925925927,0.1942671923536441,0.0190759976105136,2.6318518339307047,,0.3588035125448028,0.8104484707287934,0.3249648685782557
19.25_103.25,temp,JJASO,Mon,1.2565086738351252,0.0319515890083631,0.361341965352449,2.485495645161291,,0.759787246117085,0.9073276941457588,0.030915424133811
19.25_99.75,temp,JJASO,Mon,0.4066218637992826,1.995292359617682,0.9638381541218636,3.1431848805256872,,0.135690692951015,0.5699223775388295,1.1854118876941462
19.75_100.25,temp,JJASO,Mon,0.2824112425328553,2.174849318996416,0.3248752807646355,3.888263010752688,,0.0448865412186382,0.5565273835125452,0.9668203285543612
19.75_100.75,temp,JJASO,Mon,0.2416075388291516,1.325166827956989,0.0297727060931901,4.078682317801673,,0.5765614516129033,1.1061700597371569,0.7381873655913983
19.75_101.25,temp,JJASO,Mon,0.0015738351254481,0.2141925627240147,0.4105421923536438,4.360585603345281,,1.0151960334528078,1.5488823894862602,0.9349531123058542
19.75_101.75,temp,JJASO,Mon,0.9753884468339304,0.8808191995221026,0.2396751015531656,5.085572652329748,,0.8517846296296296,1.552797562724014,1.500663506571087
19.75_102.25,temp,JJASO,Mon,0.8734301433691758,0.5588936738351251,1.2397108183990444,4.678725788530466,,1.8316986260454,1.6711709796893668,0.9608735065710868
19.75_102.75,temp,JJASO,Mon,0.3422685902031064,0.8127678434886502,0.2306074671445637,3.839146804062126,,0.7676137753882913,1.585574928315412,0.3580586379928314
19.75_103.25,temp,JJASO,Mon,0.06205853046595,1.070053512544803,0.3773046953405015,3.1608192891278373,,0.0617815113500597,1.1976694145758664,0.3259544623655914
19.75_99.25,temp,JJASO,Mon,0.0393540740740738,1.1677894862604534,0.0186002568697732,3.05852761051374,,0.5104028434886502,1.0139172461170851,1.119706021505377
19.75_99.75,temp,JJASO,Mon,0.2697447431302269,2.250667789725209,0.7485162126642773,3.608164486260454,,0.0276316666666664,0.5066751373954599,1.29342458781362
20.25_100.25,temp,JJASO,Mon,1.3923267383512543,1.900118853046595,0.1115641696535246,5.002903608124253,,0.2101629928315411,0.8928577180406214,1.497892096774194
20.25_100.75,temp,JJASO,Mon,0.7284525925925928,1.0177362126642773,0.0517760872162484,4.904369510155317,,0.8785896654719236,1.6073130406212663,1.0363818219832734
20.25_101.25,temp,JJASO,Mon,0.2152806451612905,0.7896358602150536,0.2502558841099164,4.538541690561529,,0.7360687037037036,1.4756651612903224,0.790335292712067
20.25_101.75,temp,JJASO,Mon,0.121254229390681,1.0813335961768225,0.4876581421744329,3.894774695340501,,0.2272033034647547,0.9006560812425325,0.0868279032258059
20.25_102.25,temp,JJASO,Mon,1.2263933094384707,1.512808136200717,0.1330987096774195,4.811045215651135,,1.021824336917563,1.4585995101553169,0.7319516547192353
20.25_102.75,temp,JJASO,Mon,0.6401190681003586,1.9523029689366789,0.3501497729988049,3.97257256869773,,0.6322768817204301,1.015884109916368,0.0345744086021505
20.25_103.25,temp,JJASO,Mon,0.452867311827957,2.207974330943847,1.1322637395459976,2.7114512228195937,,0.3568086081242529,0.9397619952210274,0.6649789844683394
20.25_99.25,temp,JJASO,Mon,0.475664444444444,1.040788016726404,0.4717110633213858,2.6716915173237754,,0.8984457526881718,0.927005477897252,0.4170701015531657
20.25_99.75,temp,JJASO,Mon,0.5284488769414575,2.0735881780167267,0.4034693608124254,3.835632520908004,,0.686121762246117,0.719681505376344,1.0881716487455193
20.75_100.25,temp,JJASO,Mon,0.4788936798088407,1.4462028375149345,0.319584181600956,4.270585752688173,,0.0326768279569894,0.874820854241338,0.9103023058542412
20.75_100.75,temp,JJASO,Mon,0.342754516129032,1.1072267443249704,0.0582143966547195,4.497034701314217,,0.7479713142174432,1.638972425328554,0.4553626463560333
20.75_101.25,temp,JJASO,Mon,0.1000702389486264,0.5729903225806455,0.0235873297491036,4.129959127240143,,0.537786463560334,1.4803323237753878,0.063427066905615
20.75_101.75,temp,JJASO,Mon,0.3610470011947435,0.7158164456391876,0.3078670430107524,4.350976857825568,,0.7344365591397851,1.532518070489845,0.3304838112305857
20.75_102.25,temp,JJASO,Mon,0.2266191397849465,1.940735615292712,0.2617784348864991,3.803110307646356,,0.026752048984468,0.7007068578255679,0.4687988649940261
20.75_102.75,temp,JJASO,Mon,0.8152598327359617,2.0670940143369183,0.3902630704898449,4.001775256869773,,0.3302858781362007,1.0825961887694142,0.3323219354838713
20.75_103.25,temp,JJASO,Mon,0.8882165949820786,2.129753966547192,1.0402136200716845,2.073693721624851,,0.4495362066905612,0.1025898626045401,1.9540666129032256
20.75_99.75,temp,JJASO,Mon,0.311357861409797,1.0518820430107527,0.1992637096774194,3.096022849462366,,1.6195975268817202,1.2275013022700123,0.5665668219832736
21.25_100.25,temp,JJASO,Mon,0.1646510513739548,0.7271782915173238,1.28767119474313,3.6893298088410993,,0.168808524492234,1.552061666666667,0.9071726941457592
21.25_100.75,temp,JJASO,Mon,0.2272083393070487,0.9894323835125453,0.0280338172043015,4.070918734169653,,0.5667638172043007,1.348695866188769,0.1743044743130222
21.25_101.25,temp,JJASO,Mon,0.2496913022700119,0.5844030107526884,0.061435065710872,4.125948423536439,,0.695159635603345,1.6492618876941454,0.1276675328554359
21.25_101.75,temp,JJASO,Mon,0.3729988291517324,0.7248976702508962,0.2938915471923538,3.409241144563919,,0.2863980406212667,1.0449719295101554,0.733255191158901
21.25_102.25,temp,JJASO,Mon,0.341619414575866,2.02813413381123,0.0504182676224612,3.132744496415771,,0.5839896953405019,0.4393707467144566,1.070542341696535
21.25_102.75,temp,JJASO,Mon,0.1547765710872161,2.1561519295101554,0.4179504540023896,3.2854775459976104,,0.7072509498207882,0.5121579988052569,1.005920113500598
21.25_99.75,temp,JJASO,Mon,0.5919929151732378,0.1637172580645158,1.5983112485065716,2.357173327359618,,2.374579838709678,1.6178382497013144,0.5258116248506574
21.75_100.25,temp,JJASO,Mon,0.8400162724014333,0.4100805973715652,0.2949899103942652,2.6103713399044204,,0.0781997192353645,1.1277831003584229,0.3660941397849465
21.75_100.75,temp,JJASO,Mon,0.5708792831541215,0.645695639187575,0.0049152329749101,4.279220088410991,,0.7422464097968932,1.5014435424133812,0.246359378733572
21.75_101.25,temp,JJASO,Mon,0.3841911111111111,1.8036035543608124,1.0636414516129031,4.034356285543608,,0.3911332198327361,1.0130409020310638,0.2599092712066906
21.75_101.75,temp,JJASO,Mon,0.6660219713261653,1.326452347670251,0.8643610035842294,2.6574788422939064,,0.1199195639187573,0.606235322580645,1.475626170848268
21.75_102.25,temp,JJASO,Mon,0.1009868936678613,2.0756336917562725,0.5503483751493428,2.8287493405017923,,0.4040232735961772,0.5116712186379928,1.11018596176822
21.75_99.25,temp,JJASO,Mon,0.3926755197132619,0.0232929749103942,2.1848314336917563,1.9373641935483867,,2.2848866069295104,1.843381851851852,0.1533045221027479
21.75_99.75,temp,JJASO,Mon,0.1417860215053757,0.2366619713261645,1.1323709976105136,2.8219905077658303,,2.509702216248506,2.010893679808841,0.8917102986857824
22.25_100.25,temp,JJASO,Mon,1.0563091397849464,0.8847171810035844,0.0692673894862604,2.577848299283154,,0.5012285782556751,1.026092821385902,0.7992770191158899
22.25_100.75,temp,JJASO,Mon,0.3569194384707287,1.3231343847072878,1.1422821146953404,4.173522353046596,,0.0499970489844684,1.140806467144564,0.1421254719235363
22.25_101.25,temp,JJASO,Mon,0.3341884826762246,1.7993705794504182,1.6679153584229387,3.2541164044205497,,0.990214330943847,0.6091583154121867,0.8142305555555553
22.25_101.75,temp,JJASO,Mon,0.4191072759856629,1.7304778494623652,0.9525809976105136,2.732962582437276,,0.1969700477897251,0.5093679342891284,1.1149006869773002
22.25_102.25,temp,JJASO,Mon,0.0475775866188767,2.003490495818399,0.8890736798088409,2.88031343130227,,0.1963523835125447,0.4084744026284349,0.8707986021505375
22.25_99.75,temp,JJASO,Mon,0.0026834767025089,0.2700266965352446,0.9907841218637992,2.795843264038232,,1.207170597371565,1.9550267043010756,0.3723012485065711
22.75_100.25,temp,JJASO,Mon,0.7943241099163679,0.6062316612903224,0.8810996356033454,4.070103678016727,,0.6256675149342891,1.977094696535245,0.7495255137395458
22.75_100.75,temp,JJASO,Mon,0.8261438112305853,0.6364532437275982,0.6158923536439663,4.118663771804062,,0.2731330167264038,1.808582860215054,0.3579781899641576
22.75_101.25,temp,JJASO,Mon,0.6980657228195936,1.171226845878136,0.1821927945041812,2.592719807646356,,0.3864173416965354,0.7007570692951017,1.2365970788530465
22.75_99.75,temp,JJASO,Mon,0.5331399163679806,0.0666749062126648,0.0126270250896058,2.56927516786141,,0.9618841756272404,1.638197502389486,0.233047974910394
23.25_100.25,temp,JJASO,Mon,1.568794205495819,1.0084175615292716,1.7561566481481483,4.565050818399045,,2.133130657108722,2.4973702096774195,1.5855299342891285
23.25_100.75,temp,JJASO,Mon,1.9877829390681008,0.8822730029868581,1.6510681959378732,5.074857695937873,,2.870240788530466,2.861141642174432,1.4556334528076462
23.25_99.25,temp,JJASO,Mon,0.2295022580645158,0.0311070788530467,1.0372314755077654,3.357538262246117,,1.1777385304659496,2.129881248506571,0.5526338769414576
23.25_99.75,temp,JJASO,Mon,0.0142207407407408,0.5293225537634407,1.1484609384707285,3.0207993817204297,,1.2214581780167262,1.86143486260454,0.3426122640382315
23.75_100.25,temp,JJASO,Mon,1.995713906810036,2.5214026063321384,2.853287512544803,4.454535272998806,,3.078116720430107,3.5569593685782555,2.5327316917562723
23.75_100.75,temp,JJASO,Mon,1.5962153763440865,1.0180820776583035,1.7389301391875749,4.2957318942652325,,2.370601075268817,2.780352735961768,1.5910202933094386
24.25_100.25,temp,JJASO,Mon,1.848974468339307,2.3310975358422943,1.6325794139784948,3.2057337461170854,,2.14110770609319,3.657954554360813,2.509626296893668
24.25_100.75,temp,JJASO,Mon,1.9277108721624847,1.8900653584229388,0.6028372873357228,3.4942108888888885,,1.3933422939068096,3.218521230585424,2.412114067502986
24.25_99.75,temp,JJASO,Mon,1.1018183154121866,1.3579741744324971,2.412756510155317,2.444298327359618,,3.033372622461171,2.996772710872163,1.494154775985663
24.75_100.25,temp,JJASO,Mon,1.627445029868578,1.9896979677419355,1.1430856469534043,2.778885632616487,,1.1830057765830344,3.166650513739546,2.138357488052569
24.75_99.75,temp,JJASO,Mon,1.1413818518518517,0.9240027043010752,1.3944756571087216,2.1875742270011957,,1.7252759062126646,2.511482833333334,1.1709233082437278
25.25_99.75,temp,JJASO,Mon,1.0934200047789728,1.400686551971326,0.6300312915173237,2.7930331654121865,,1.4406015800477898,2.7631867437275988,1.7272816965352449
25.75_100.25,temp,JJASO,Mon,0.809990948626045,0.217936230585424,1.1023689946236557,0.2048735471923539,,1.19457130167264,0.4724902037037039,0.1779172861409799
25.75_99.25,temp,JJASO,Mon,0.2567600238948622,0.6313721009557945,1.063200100358423,1.6186508448387096,,1.5351741792114697,1.7874109115890089,1.2998719229390685
25.75_99.75,temp,JJASO,Mon,0.1601445639187576,0.6478926087216248,0.830854103942652,1.1644691099163678,,0.979067150537634,1.5035289181600957,0.8580772323775389
26.25_99.25,temp,JJASO,Mon,0.4551558506571089,1.311208409796894,2.078122198924731,0.7215856608124254,,2.6241968924611707,1.8798759946714452,1.3059350589008365
26.25_99.75,temp,JJASO,Mon,0.5937570203106333,0.6709698020908006,1.3433579868578256,0.0939212081242532,,1.252003855017921,1.186311991636798,0.6913728261648744
26.75_99.25,temp,JJASO,Mon,0.7423222186379927,1.5233149629629632,3.451074951971326,0.3341311566905613,,3.7176985261648743,1.689298983427718,1.121157581242533
27.25_99.25,temp,JJASO,Mon,0.3199104097968934,1.829508642174432,3.023733007945042,0.3744528974910392,,3.439520082019116,2.2864564701135004,1.8648745858303464
27.75_98.75,temp,JJASO,Mon,1.5525200250896056,2.6846417146953407,4.310251983691756,1.795288097040621,,4.279213375985663,2.781939568518518,1.938528119199522
28.25_98.75,temp,JJASO,Mon,0.0720920105137396,3.685103981129033,3.42876093390681,1.817855925804062,,3.797179143771805,3.0503632727234176,1.5393147493548387
28.75_98.75,temp,JJASO,Mon,0.0434908757467144,2.354961014808841,1.5690820025167265,2.1788948069115888,,1.2798894041971325,2.835165963325568,1.538338339879331
29.25_98.25,temp,JJASO,Mon,0.0681967047670248,2.514030189285544,0.4965123587013141,3.063458811100956,,0.9080510760854243,3.2857523048094386,1.0752987656839903
29.75_98.25,temp,JJASO,Mon,1.2589204664277178,3.1958672135424133,0.9205270262037036,4.024338154925329,,0.4347294549504182,5.472917949161291,1.8106987343888887
30.25_97.75,temp,JJASO,Mon,0.8413047549223418,2.838472453527479,3.4848732007323773,2.682328054228196,,3.823796660753285,5.249130491941457,1.394261919749104
30.25_98.25,temp,JJASO,Mon,1.274277789725209,2.7936761407341697,2.851317269010693,4.16710801412963,,3.0952669650149347,5.311749564314815,1.4377614859378731
30.75_97.25,temp,JJASO,Mon,2.337123196009557,2.875649437154122,7.426961048327359,3.2198971613701315,,7.621218961863202,5.606407888946833,3.8202659021624847
30.75_97.75,temp,JJASO,Mon,2.550359991589008,3.231096999187694,5.26492397244086,3.81486957165472,,4.885176097763799,5.873496127951015,3.514149121229988
31.25_96.25,temp,JJASO,Mon,1.5694898803106332,2.236672123585424,6.710680118970788,2.2154639960878137,,7.032470635195937,4.109156374525687,2.663240359957228
31.25_96.75,temp,JJASO,Mon,2.1400105632019115,2.159366138642772,7.591871516346475,2.770246454002389,,7.799590606917563,4.776006375831542,2.9290277261326163
31.25_97.25,temp,JJASO,Mon,3.193015685005974,2.3429220632198327,8.925878126710872,3.639002488470728,,9.144748338272402,5.905161622731182,4.084319069062127
31.75_95.75,temp,JJASO,Mon,0.2210425251373955,1.1352295444021503,3.836170913217444,1.1738697505867384,,5.049676134748734,3.838202339538829,1.77234422475092
31.75_96.25,temp,JJASO,Mon,1.7664975471923536,1.7303950077789725,5.796398609635602,2.756019952449224,,6.144082071473118,4.493099466682199,2.5304544404492235
31.75_96.75,temp,JJASO,Mon,2.08232109916368,1.47226173218638,6.170658775603345,3.4974346149103943,,6.361296943880526,4.834154126857825,2.511716513737156
31.75_97.25,temp,JJASO,Mon,1.8015416222222225,1.2861422195758665,5.918731442362008,2.7686212528793317,,6.214337856675029,4.42182542149104,2.0538568034994027
31.75_97.75,temp,JJASO,Mon,1.467773930752688,2.3063288419896057,6.352251647157707,2.6381361023405017,,6.250153291919892,4.56540587022812,2.4582000208997608
32.25_94.75,temp,JJASO,Mon,1.1887498386989246,1.659447144020908,2.06691453613405,2.0871824663548386,,3.38875353919295,4.01561630492055,2.2683752105948027
32.25_95.25,temp,JJASO,Mon,1.736028738506571,1.9542673146720428,1.658986175014337,2.510631492741936,,0.8781286411212665,4.110106711990442,2.7319383597091997
32.25_95.75,temp,JJASO,Mon,2.2584272118399045,1.7256996755925926,2.807858042826762,3.326167126690562,,2.246598268549582,4.473599459360813,3.02837438376583
32.25_96.25,temp,JJASO,Mon,2.4062284512903225,0.9653596566487456,4.8493152709904415,3.374910066236559,,4.567413190819594,4.37300143732258,2.479356374548387
32.25_96.75,temp,JJASO,Mon,2.207125995937873,1.2026594079402628,5.808248844989246,3.8291713626284354,,6.021793827953404,4.600891124750299,2.167410388983273
32.25_97.25,temp,JJASO,Mon,1.3412494902150538,1.127828484200717,5.339275535306691,2.972565430837515,,5.745866425014934,3.768868785469116,1.2581700976224015
32.25_97.75,temp,JJASO,Mon,0.7130051279330943,0.8010322374139786,4.377593459192951,2.2925697823160096,,4.793698710531362,3.288461972021087,1.3296898827562724
32.75_94.75,temp,JJASO,Mon,1.6459773795937875,1.5500442398715653,2.376464832049319,2.914449663099761,,3.3310161893064514,4.06590118644086,2.7710335314146954
32.75_95.25,temp,JJASO,Mon,2.962754405017921,1.8147564625041817,4.194430649129033,3.978351380358423,,5.069864855755077,4.888526349187575,3.881034498410992
32.75_95.75,temp,JJASO,Mon,1.972486842829152,1.127313039086021,5.428050867228196,3.050722187681004,,6.381844828059737,4.019603303655914,2.742458527945042
32.75_96.25,temp,JJASO,Mon,2.0324555143130225,1.1102373554719236,5.381499769672043,3.21945017551374,,5.406872278400479,3.9576258793083032,2.416237613614098
32.75_96.75,temp,JJASO,Mon,0.6514829791039426,0.4506008709826762,5.528767396171917,2.433720943345878,,5.710769084782915,3.1077048843200714,1.1707841659074074
33.25_94.25,temp,JJASO,Mon,1.381920484268817,0.7532292088082438,4.332178548936679,2.472938361101135,,4.759566502291518,3.370238473257467,2.0422982661678613
33.25_94.75,temp,JJASO,Mon,1.997533276702509,1.069344297455197,4.847087385710872,3.320831651299881,,5.125055359850657,4.322315950197132,2.827278615497013
33.25_95.25,temp,JJASO,Mon,1.3168383273596176,1.140962802060693,5.494818233155317,2.3567723502587814,,5.462622544500598,3.4498485878857226,2.1301645056821985
33.25_95.75,temp,JJASO,Mon,0.5973105496302389,0.8250872597102746,5.249612974563918,1.2370150698948623,,9.47526871666129,2.5315909219007766,1.2358085548132018
9.25_105.25,temp,JJASO,Mon,0.1494023655913982,1.881163888888889,0.6820554778972523,0.3614736081242535,,0.4565965651135007,0.0449892293906809,0.4021314456391875
9.25_105.75,temp,JJASO,Mon,0.0474783273596176,1.8668662962962963,0.6934560513739547,0.1905418279569891,,0.2787574432497012,0.1879970967741936,0.4317641636798089
9.75_105.25,temp,JJASO,Mon,0.3119561290322579,1.655744115890084,0.4586112066905618,0.4843420609318991,,0.0069301553166063,0.4574720370370363,0.0805374551971328
9.75_105.75,temp,JJASO,Mon,0.322720394265233,2.1233676164874558,0.3902445101553166,0.6592004540023897,,0.126233375149343,0.1136139665471921,0.0313819175627242
9.75_106.25,temp,JJASO,Mon,0.2278277538829154,1.952487508960573,0.7622563799283155,0.6661997849462367,,0.4429602986857828,0.3299113560334523,0.0371593130227001
10.25_104.75,temp,JJASO,Yr,0.6068907044299193,1.5774291938997824,0.0140134350036322,0.5250199709513438,,0.2911054829339142,0.1887834059549743,0.3780052650689907
10.25_105.25,temp,JJASO,Yr,0.7040595497458244,1.5798847131445184,0.0933758169934646,1.27024655047204,,0.2539722222222222,0.6459598765432086,0.4784689542483661
10.25_105.75,temp,JJASO,Yr,0.6522004357298472,1.877170116194626,0.2787140522875819,1.468189179375454,,0.0892116920842407,0.3637218591140158,0.5333271604938263
10.25_106.25,temp,JJASO,Yr,0.5147189542483659,1.871775780682644,0.5080426652142336,1.5158858024691362,,0.2188422294843859,0.118776688453158,0.5291574074074072
10.25_106.75,temp,JJASO,Yr,0.2508649237472781,1.594995824255628,0.9745835148874352,1.1544987291212785,,0.6072129629629625,0.2341986201888165,0.0418444081336243
10.75_104.75,temp,JJASO,Yr,1.051839143064634,1.8431161946259984,0.076457697893973,1.5727381989832974,,0.4309771241830064,0.1698932461873644,1.1000492011619467
10.75_105.25,temp,JJASO,Yr,1.0883311546840952,1.7489204793028323,0.0145029048656501,1.992104030501089,,0.2722903050108933,0.6424339143064639,1.059350944081337
10.75_105.75,temp,JJASO,Yr,0.8627676107480033,1.546582788671024,0.0424112200435724,2.072985475671751,,0.1910528322440095,0.7527770515613654,1.0239671387073348
11.25_104.25,temp,JJASO,Yr,1.0458714596949883,1.736331699346405,0.3253493100944084,2.2145076252723315,,0.2840504720406684,0.2781541394335514,1.2706699346405224
11.25_104.75,temp,JJASO,Yr,1.2493540305010895,1.8766434277414663,0.2824152142338416,2.510517066085693,,0.2793592955700802,0.5757596223674647,1.4685546477850395
11.25_105.25,temp,JJASO,Yr,1.074010167029774,1.7305597312999288,0.2232795933188103,2.5746336238198984,,0.1011470588235291,0.7036023965141608,1.2585319535221489
11.75_104.25,temp,JJASO,Yr,1.2346815541031235,1.3484992737835877,0.6782623456790117,2.9341417937545398,,0.0999170297748729,0.7395740740740746,1.4520339506172844
11.75_104.75,temp,JJASO,Yr,1.3904593318809018,1.6928848946986197,0.6906187363834424,3.0397608932461875,,0.0456232752360197,0.895117283950618,1.2810000000000008
11.75_105.25,temp,JJASO,Yr,1.05287327523602,1.502671023965142,0.3770350399419039,2.9731977124183,,0.047534858387799,0.8879395424836596,1.1692365649963683
12.25_103.25,temp,JJASO,Yr,0.5343238925199716,1.1585602759622364,0.7799288307915764,1.620784495279593,,0.1472398329702255,0.401207516339869,0.4795137981118377
12.25_103.75,temp,JJASO,Yr,1.1016136528685554,0.8448999636891799,0.3107659767610745,3.2405664488017427,,0.1552699709513437,0.8510649963689187,1.599448438634714
12.25_104.25,temp,JJASO,Yr,0.7213489469862018,1.9445168845315903,0.8048872549019607,2.900213689179375,,0.1633066448801743,0.4331920842411036,0.6731501452432824
12.25_104.75,temp,JJASO,Yr,1.1750737109658669,1.7033845315904144,0.2922794117647063,3.2596023965141607,,0.2183244371822799,0.9888576615831506,0.9111479665940444
12.25_105.25,temp,JJASO,Yr,0.8468580246913571,1.49855864197531,0.2886227305737121,3.2504397240377623,,0.110995279593318,0.9434734931009436,1.1559331880900494
12.25_105.75,temp,JJASO,Yr,0.8335261437908498,1.3572044299201167,0.2136868191721136,3.3785748002904863,,0.0361840958605659,0.9174435366739292,1.538062454611474
12.25_106.25,temp,JJASO,Yr,0.6479215686274513,1.6682552650689908,0.4821966230936831,3.194211147421932,,0.2675528322440088,0.5797151416122003,1.4130573710965864
12.25_106.75,temp,JJASO,Yr,0.1969535221496008,1.6402178649237469,0.7081594045025414,2.9927919389978217,,0.810484749455337,0.3788453159041403,1.1835433914306464
12.25_107.25,temp,JJASO,Yr,1.46466158315178,1.1096345315904144,0.6227901234567904,1.153284495279593,,1.135898692810457,0.8947269426289033,0.0053807189542486
12.25_107.75,temp,JJASO,Yr,1.1691830065359476,0.9494509803921573,1.3955019970951346,1.0306454248366006,,1.1109241103848948,0.4891416122004358,1.1156011256354388
12.25_108.25,temp,JJASO,Yr,2.09964015976761,0.8197111474219313,1.2160506535947708,0.2740994916485114,,1.287843500363108,0.5303132716049378,0.3103173565722586
12.75_102.75,temp,JJASO,Yr,0.1934807552650694,1.6153672839506177,0.201392156862745,2.587358387799564,,0.4971178286129263,0.2839215686274509,1.1401325344952795
12.75_103.25,temp,JJASO,Yr,0.597269063180828,1.7388845315904138,0.9547160493827156,3.468483478576616,,0.7858189905591867,0.0326684822076974,1.6283198983297027
12.75_103.75,temp,JJASO,Yr,0.9403380537400148,2.092096768336964,1.5780167029774872,3.604488743645607,,1.044276325344953,0.0682149600580973,1.285436456063907
12.75_104.25,temp,JJASO,Yr,0.8822650689905591,1.9942670660856936,0.9446866376180112,3.6285490196078425,,0.4058730936819168,0.6125777051561359,1.065347857661583
12.75_104.75,temp,JJASO,Yr,0.9999132171387086,1.7920818809005072,0.3560275962236752,3.506560820624546,,0.067377450980392,0.9389428104575176,1.284770334059551
12.75_105.25,temp,JJASO,Yr,0.7883779956427001,1.1883313362381989,0.2540535584604215,3.6376492374727674,,0.1762180464778495,1.0479143064633256,1.5615354030501087
12.75_105.75,temp,JJASO,Yr,0.6461074800290485,1.07763144517066,0.3331134713144514,3.641412490922295,,0.089089869281046,0.8955435729847494,1.6817775962236745
12.75_106.25,temp,JJASO,Yr,0.5610704429920114,1.6354878358750904,0.4953277051561369,3.361263798111837,,0.2579132171387073,0.7073957879448073,1.7208614742193176
12.75_106.75,temp,JJASO,Yr,0.0489458968772701,1.8244324618736376,0.579084059549746,2.9926835511982564,,0.4826207334785763,0.2684014161220046,1.2930949527959332
12.75_107.25,temp,JJASO,Yr,0.5915275962236751,2.19872385620915,0.7000196078431367,2.5050829702251267,,0.2843629266521432,0.1420544662309366,0.95184531590414
12.75_107.75,temp,JJASO,Yr,0.0539005083514888,1.9861603122730576,0.4763983297022511,2.866591503267974,,0.1725190631808281,0.2332218591140158,1.948515795206972
12.75_108.25,temp,JJASO,Yr,0.8739008714596955,1.8654805737109668,1.168378540305011,1.987820261437908,,0.0440470225127089,0.4862605301379806,1.2414522512708783
13.25_102.75,temp,JJASO,Yr,0.71110058097313,1.6132213144517071,0.4289054103122726,3.6111545025417575,,0.5783257080610014,0.1986278140885981,1.868646877269426
13.25_103.25,temp,JJASO,Yr,0.5615421205519245,2.2061639433551203,1.090200980392157,3.4771218228031957,,0.5897307552650697,0.1156835511982562,1.4399023238925204
13.25_103.75,temp,JJASO,Yr,0.3898841684822067,1.9149123093681923,0.9856310820624556,3.267555737109658,,0.5670415758896152,0.2869170297748725,1.00541920842411
13.25_104.25,temp,JJASO,Yr,0.3177886710239658,1.7858378721859107,0.5226258169934636,3.3923369644153967,,0.1130956790123455,0.6060686274509813,1.193200435729849
13.25_104.75,temp,JJASO,Yr,0.5317106027596227,1.629401960784313,0.3038382352941171,3.511743645606391,,0.1656775599128547,0.8133660130718956,1.5744471677559917
13.25_105.25,temp,JJASO,Yr,0.507662672476398,1.226674291938998,0.477041031227305,3.70209767610748,,0.0576307189542478,0.9756038489469862,1.6920517429193904
13.25_105.75,temp,JJASO,Yr,0.3131793754538865,1.0954595134350025,0.5650383079157574,3.5601966230936832,,0.3107777777777765,0.7330305010893257,1.4791555918663777
13.25_106.25,temp,JJASO,Yr,0.3076503267973858,1.6203097312999275,0.4408516702977479,3.3061132897603485,,0.2027899419026878,0.5657296659404507,1.4134224763979664
13.25_106.75,temp,JJASO,Yr,0.1324629629629618,1.9176305374001452,0.7137084241103848,3.087751089324618,,0.3424404502541767,0.291294662309368,1.2614653231663036
13.25_107.25,temp,JJASO,Yr,0.3332650689905596,2.405892883079157,0.9030408496732024,3.3146165577342046,,0.5288890704429912,0.0634457153231657,1.5229533405954974
13.25_107.75,temp,JJASO,Yr,0.2903300653594775,2.351583877995642,0.6671628540305008,3.224611837327524,,0.8326488743645611,0.1969370007262168,1.7004694989106754
13.25_108.25,temp,JJASO,Yr,1.1110406681190996,2.9077407407407403,1.247711147421932,1.7881445170660852,,0.5254437182280322,0.0923309731299932,0.2752688816267245
13.75_102.75,temp,JJASO,Yr,0.5859575163398699,1.5892002541757444,0.284012527233116,3.967570987654321,,0.0761454248366018,0.637905410312274,2.332941539578796
13.75_103.25,temp,JJASO,Yr,0.3880508351488739,1.90038543936093,0.5960807915758901,3.6483747276688456,,0.1854798474945534,0.5093727305737102,1.9870551924473487
13.75_103.75,temp,JJASO,Yr,0.0797912127814084,1.8985726216412493,0.699734386347132,3.3992670660856934,,0.279138162672477,0.5808787218591142,1.6574319172113288
13.75_104.25,temp,JJASO,Yr,0.042972766884532,1.828404139433552,0.6760472040668117,3.3013533042846777,,0.2375245098039218,0.5349001452432822,1.6066966230936817
13.75_104.75,temp,JJASO,Yr,0.2892716049382715,1.7656167392883078,0.6217102396514171,3.369084059549745,,0.1188598402323898,0.7834197530864196,1.8317334785766155
13.75_105.25,temp,JJASO,Yr,0.4529244734931015,1.4795720769789389,0.7135933188090046,3.6311029411764704,,0.2267552650689906,0.995627995642702,1.8428605664488025
13.75_105.75,temp,JJASO,Yr,0.3036285403050108,1.3779288307915762,0.7198129992737835,3.4907585330428463,,0.3323696441539571,0.6946733841684822,1.4871383442265795
13.75_106.25,temp,JJASO,Yr,0.5035475671750174,1.5558709150326806,0.2937781408859846,3.5097565359477114,,0.1980882352941186,0.7078511256354381,1.4465250544662298
13.75_106.75,temp,JJASO,Yr,0.4273046477850393,1.7073164488017432,0.4049816630355851,3.459832970225126,,0.1075430283224408,0.7442078794480749,1.3510631808278866
13.75_107.25,temp,JJASO,Yr,0.1950591866376177,2.0403193536673934,0.265590232389252,3.3657890341321712,,0.3306713870733478,0.439305010893246,1.4432249455337685
13.75_107.75,temp,JJASO,Yr,0.5163863471314453,2.1454121278140885,0.2664566085693545,2.698004720406681,,0.2236795570079886,0.3733859840232387,1.3327376543209877
14.25_102.25,temp,JJASO,Yr,0.3645301379811185,0.243535766158315,0.208153050108933,2.933988743645607,,0.1564019607843138,0.4320964052287582,1.541754175744372
14.25_102.75,temp,JJASO,Yr,0.1070206971677569,0.7344473493100927,0.1297352941176467,3.659918663761802,,0.3089045025417576,0.6504698620188822,1.9911688453159044
14.25_103.25,temp,JJASO,Yr,0.3027621641249087,1.2567022512708794,0.2593360566448809,3.744796659404502,,0.1269070442992013,0.778887436456064,2.210764342774146
14.25_103.75,temp,JJASO,Yr,0.1854727668845309,1.21098602033406,0.2778442265795203,3.5755395787944813,,0.1612155047204064,0.9905032679738568,2.1243202614379086
14.25_104.25,temp,JJASO,Yr,0.066179012345679,1.1804064996368917,0.4596149237472764,3.216226034858388,,0.0418465867828613,0.7976249092229488,1.7107013435003635
14.25_104.75,temp,JJASO,Yr,0.2601670297748725,1.4621060275962237,0.5405704429920122,3.257188816267247,,0.0767650689905598,0.977476397966594,1.851520697167756
14.25_105.25,temp,JJASO,Yr,0.0007668845315901,1.374186819172113,0.7676519607843137,2.997477668845316,,0.3549972766884532,0.6474756717501822,1.3645094408133631
14.25_105.75,temp,JJASO,Yr,0.7768696441539578,1.6832109658678285,0.4980900508351487,3.4449555192447354,,0.1056285403050101,0.8664083151779235,1.7834549745824255
14.25_106.25,temp,JJASO,Yr,1.141770878721859,1.27120751633987,0.0061581336238195,3.7810795206971672,,0.2853273420479303,1.1982830428467688,1.8710401234567904
14.25_106.75,temp,JJASO,Yr,0.2373257080610028,1.7111403413217134,0.2859273783587507,2.978472766884531,,0.1955344952795934,0.6347496368917948,1.0355570079883811
14.25_107.25,temp,JJASO,Yr,0.3735025417574437,1.2436350762527233,0.2708415032679738,3.0540568264342776,,0.2059889251997088,0.958209150326797,1.6395851488743642
14.25_107.75,temp,JJASO,Yr,0.2078366013071896,0.9862125998547572,0.3840827886710236,2.6848024691358017,,0.4612799564270149,1.02733024691358,1.9056341684822071
14.25_108.25,temp,JJASO,Yr,1.4223482207697904,1.001675199709514,0.4925495642701531,1.206396151053013,,0.0090299564270143,0.1286261801016698,0.5258237109658671
14.75_101.75,temp,JJASO,Yr,0.0702509077705152,0.8248549382716046,0.2275971314451707,3.139013435003631,,0.8708180827886705,0.8949934640522871,2.177391612200436
14.75_102.25,temp,JJASO,Yr,0.6897287581699358,0.9675511982570798,0.193233660130718,3.962353667392884,,0.6271387073347865,0.8210777051561373,2.6611261801016712
14.75_102.75,temp,JJASO,Yr,0.3681997095134343,1.0734023238925208,0.2350430283224401,3.81405646332607,,0.4167351125635427,0.8244978213507613,2.319907952069716
14.75_103.25,temp,JJASO,Yr,0.1972897603485835,1.13473946986202,0.2664760348583894,3.6244126724763976,,0.3552874001452423,0.941517066085694,2.2021937182280307
14.75_103.75,temp,JJASO,Yr,0.075655410312273,1.1906367102396516,0.4258965141612212,3.3480147058823526,,0.1672336601307186,0.9461134713144516,2.041419389978213
14.75_104.25,temp,JJASO,Yr,0.2170185185185175,1.1093756354393625,0.3744201161946265,3.241250907770516,,0.203146695715323,0.994724582425563,1.861427378358751
14.75_104.75,temp,JJASO,Yr,0.2285820624546121,1.3907200435729838,0.3926948075526495,3.055371278140887,,0.1020887799564277,0.8960668119099502,1.6573249818445903
14.75_105.25,temp,JJASO,Yr,0.2472109658678288,1.4760157952069732,0.2850403050108944,3.036450435729847,,0.0841733841684823,0.7026098402323887,1.618030319535221
14.75_105.75,temp,JJASO,Yr,0.7962149600580969,1.4887797748729126,0.0341535947712417,3.6402383805374,,0.2520326797385615,1.2276534132171395,2.0020984023238926
14.75_106.25,temp,JJASO,Yr,1.0864157588961507,0.3740557371096586,0.647154502541758,4.1328500363108205,,0.8697194989106757,2.160509985475672,2.2488848946986204
14.75_106.75,temp,JJASO,Yr,0.9016525054466236,0.3528037400145241,0.6004270152505455,3.93978830791576,,0.7697472766884531,1.7309121278140889,2.41775054466231
14.75_107.25,temp,JJASO,Yr,1.0660849673202606,0.3337648874364574,0.4661071169208415,3.982349491648511,,0.0354117647058814,1.6955486564996365,2.995951343500362
14.75_107.75,temp,JJASO,Yr,1.148179375453885,0.1158193536673933,0.4083153594771238,2.222151416122004,,0.7011245461147423,1.1016387073347855,1.4038396877269423
14.75_108.25,temp,JJASO,Yr,2.157707697893972,0.7812501815541033,0.7402372912127811,0.7966505083514885,,0.0103765432098761,0.1380662127814091,0.1898901597676106
15.25_101.75,temp,JJASO,Yr,0.0181336238198976,1.3249337327523605,0.2215675381263605,3.7065177923021055,,0.4164458968772708,0.6056810094408142,2.538314996368918
15.25_102.25,temp,JJASO,Yr,0.3707755991285391,1.5394348220769798,0.5238832607116931,4.069860748002903,,0.0652013435003626,0.472185366739288,2.558451888162672
15.25_102.75,temp,JJASO,Yr,0.054385620915033,1.5926819172113291,0.4114874727668847,3.83203140885984,,0.2684353667392884,0.6041292665214227,1.960626543209877
15.25_103.25,temp,JJASO,Yr,0.0777795933188089,1.500201161946261,0.3310522875816983,3.7422554466230937,,0.3021136528685542,0.863884350036311,1.803812091503268
15.25_103.75,temp,JJASO,Yr,0.0703039215686281,1.5862596223674652,0.3405546477850396,3.57495751633987,,0.2608894335511987,0.912364379084968,1.8775072621641251
15.25_104.25,temp,JJASO,Yr,0.2706067538126368,1.580590777051561,0.2234709513434997,3.5454929193899787,,0.3371575889615104,1.031659767610748,1.961067719680465
15.25_104.75,temp,JJASO,Yr,0.5114923747276685,1.502244553376907,0.1058493100944084,3.477008896151053,,0.3763465867828613,1.157153957879448,1.998439905591867
15.25_105.25,temp,JJASO,Yr,0.5878979665940446,1.762251452432825,0.1884157588961519,3.4320929557007998,,0.2437480029048655,1.1276276325344956,1.9639976397966592
15.25_105.75,temp,JJASO,Yr,1.1915457516339871,0.7816196441539572,0.5017990196078439,4.164959694989107,,0.5571379811183736,1.688073529411765,2.3778327886710247
15.25_106.25,temp,JJASO,Yr,1.8088703703703704,1.9212311183732755,1.0722632534495282,1.1937990196078423,,1.1894003267973865,0.3272905410312277,0.5943854393609301
15.25_106.75,temp,JJASO,Yr,0.8779023238925201,0.0162588961510531,1.353479121278141,4.0098001089324615,,1.431039397240378,1.707344045025417,2.679846042120552
15.25_107.25,temp,JJASO,Yr,0.6736132897603478,1.2882414669571531,0.7801417937545388,2.216395969498911,,0.5629896514161218,0.6882997458242563,1.1051853667392886
15.75_101.75,temp,JJASO,Yr,0.060785039941901,1.169764524328249,0.4884025054466223,3.771271786492376,,0.1094618736383452,0.5809540668119104,2.343470769789398
15.75_102.25,temp,JJASO,Yr,0.1760900508351499,1.691580973129993,0.5486145606390702,3.854247821350763,,0.0137786855482945,0.2423291575889603,2.0542812273057383
15.75_102.75,temp,JJASO,Yr,0.0769586056644894,1.8815731663035595,0.4896913580246915,3.658213870733478,,0.1742312999273774,0.4422135076252714,1.5402124183006527
15.75_103.25,temp,JJASO,Yr,0.0019785766158313,1.773157952069717,0.3767155047204065,3.6496719317356567,,0.28204248366013,0.8157946623093681,1.565533405954974
15.75_103.75,temp,JJASO,Yr,0.109964778503994,1.81152614379085,0.2897035221496007,3.642032498184459,,0.3201370733478573,0.9506479665940456,1.8852570806100213
15.75_104.25,temp,JJASO,Yr,0.3221078431372548,1.7792988380537391,0.1686089324618742,3.605497458242557,,0.4064346405228767,1.0799538852578063,2.05602033405955
15.75_104.75,temp,JJASO,Yr,0.5458816267247644,1.5717503631082068,0.0045201525054461,3.5541975308641987,,0.4670248729121284,1.1944086782861298,1.958216957153232
15.75_105.25,temp,JJASO,Yr,0.7869727668845314,1.4645361292665204,0.1855778867102399,3.65971804647785,,0.5763447712418306,1.339856027596224,1.9107066085693545
15.75_105.75,temp,JJASO,Yr,0.9730722585330428,1.5812009803921576,0.1190462962962966,4.05220461147422,,0.5664604212055193,1.584400689905592,2.090436819172113
15.75_106.25,temp,JJASO,Yr,1.624730573710966,1.1014143064633262,0.3269346405228756,4.609619099491649,,0.9306951706608574,2.1884731663035586,3.016838235294118
15.75_106.75,temp,JJASO,Yr,0.3044059549745819,0.2149814814814813,1.2806748366013068,3.851401416122004,,1.3560128903413216,1.8446189179375447,2.6145760711692088
16.25_101.75,temp,JJASO,Yr,1.143229484386348,1.1641220043572984,1.9018182643427743,3.1821755628177195,,1.221145787944807,0.3968060094408137,1.401485112563544
16.25_102.25,temp,JJASO,Yr,0.100956790123457,1.751076071169208,0.3807556281771962,3.750630718954248,,0.2247973856209153,0.1959293391430648,1.5948002904865648
16.25_102.75,temp,JJASO,Yr,0.1271597676107484,1.8678264342774156,0.3982870370370364,3.658932098765432,,0.2892883079157581,0.4042649055918661,1.32325526506899
16.25_103.25,temp,JJASO,Yr,0.0002999273783584,1.7531098402323884,0.3332006172839509,3.6278269789397246,,0.3637394698620198,0.7656169208424115,1.563283950617285
16.25_103.75,temp,JJASO,Yr,0.0576870007262167,1.7501666666666666,0.1698838053740014,3.6183636528685543,,0.4806724763979666,1.0037501815541026,2.0574832970225128
16.25_104.25,temp,JJASO,Yr,0.0758307915758891,1.5246668482207713,0.011236383442267,3.3939814814814806,,0.5077572621641243,1.034631263616557,1.912960965867828
16.25_104.75,temp,JJASO,Yr,0.5353311546840962,1.3636641249092225,0.1854696804647786,3.542232752360204,,0.6277260348583885,1.1929640522875822,1.6846998910675386
16.25_105.25,temp,JJASO,Yr,1.144825344952796,1.259801924473492,0.2979642338416859,3.978287400145244,,0.7983999636891803,1.5462512708787224,1.8908231663035584
16.25_105.75,temp,JJASO,Yr,1.3731292665214223,1.448847494553378,0.3933828976034852,4.2177999273783575,,0.6568373275236008,1.6134313725490184,2.247029230210601
16.25_106.25,temp,JJASO,Yr,0.875452432824982,1.3683692810457508,0.659410130718954,3.775657407407408,,0.5876543209876546,1.49505174291939,2.1052745098039214
16.25_106.75,temp,JJASO,Yr,0.7920816993464056,1.0271704793028322,0.4982712418300641,2.468441176470588,,1.0479627814088597,0.8253676470588229,0.6816013071895417
16.25_107.25,temp,JJASO,Yr,0.8395388525780684,0.4870098039215688,0.0616427015250542,2.813472385620915,,0.6621419753086418,0.83683429557008,0.333464778503994
16.75_101.75,temp,JJASO,Yr,1.1188217138707337,1.6566452432824983,1.6483823529411772,3.392864742193174,,0.887869281045751,0.1576127995642707,0.95932498184459
16.75_102.25,temp,JJASO,Yr,0.2844404502541761,1.6792583514887425,0.162274872912128,4.055992919389978,,0.4122042483660131,0.4323509259259263,1.4106042120551927
16.75_102.75,temp,JJASO,Yr,0.0654658678286129,1.689150508351489,0.4000864197530867,3.6713454974582422,,0.3467421931735656,0.6449062273057368,1.1016401597676109
16.75_103.25,temp,JJASO,Yr,0.0166256354393596,1.5362371096586775,0.3932759622367463,3.5106833696441533,,0.3515415758896159,0.7523449527959338,1.3237140522875823
16.75_103.75,temp,JJASO,Yr,0.1838823529411753,1.3342667029774875,0.1244724037763249,3.2918015613652867,,0.4791187363834422,0.910986746550472,1.643054284676834
16.75_104.25,temp,JJASO,Yr,0.2435994916485098,1.4716347131445158,0.2415579157588955,2.983226216412492,,0.3027621641249097,0.8291332607116928,1.2873861655773426
16.75_104.75,temp,JJASO,Yr,0.8187643427741462,1.5676141975308648,0.0799054103122733,3.667765068990559,,0.6128344226579517,1.297944571532316,1.5735511982570798
16.75_105.25,temp,JJASO,Yr,1.3078928830791574,1.326525962236747,0.1397075163398688,4.146676652142337,,0.7171802832244006,1.6035995642701522,1.98973493100944
16.75_105.75,temp,JJASO,Yr,1.4402396514161224,1.410804466230936,0.2576209150326796,4.238737109658678,,0.7257283950617288,1.719464034132172,2.3787131445170666
16.75_106.25,temp,JJASO,Yr,0.0033772694262888,1.3908961510530138,0.2725054466230933,3.456437381989833,,0.9902572621641246,1.2882837690631803,1.6610170660856935
17.25_101.75,temp,JJASO,Yr,0.4226267247639794,1.559435729847494,0.024327705156136,4.268705773420479,,0.7069720406681195,0.5210393609295569,1.1977721496005818
17.25_102.25,temp,JJASO,Yr,0.1586568627450972,1.9863326071169207,0.7754624183006538,4.046589143064633,,0.0483286129266525,0.3829677196804645,0.7864524328249816
17.25_102.75,temp,JJASO,Yr,0.0085657225853304,1.818947893972404,0.698741103848948,3.5889270152505435,,0.0860635439360931,0.6999718954248364,0.6202832244008702
17.25_103.25,temp,JJASO,Yr,0.1988235294117648,1.4580510167029783,0.4327325708061011,3.436084785766158,,0.2990359477124173,0.7719980755265069,0.8607850399419021
17.25_103.75,temp,JJASO,Yr,0.1849796659404496,1.3577334785766162,0.2717227668845307,3.269446259985476,,0.4749466230936815,0.918182970225128,1.1120147058823528
17.25_104.25,temp,JJASO,Yr,0.7495363108206254,1.6008816267247634,0.3275787944807555,3.4787031590413946,,0.3682343863471331,0.9783289941902686,1.4095246913580255
17.25_104.75,temp,JJASO,Yr,1.3040177923021057,1.9835306826434271,0.337030682643427,3.819796296296296,,0.2657919389978204,1.196613707334785,1.7553431372549018
17.25_105.25,temp,JJASO,Yr,1.2481550472040663,1.4624952795933188,0.1017912127814091,4.335831154684096,,0.5675530137981115,1.534531862745098,2.2910259622367466
17.25_105.75,temp,JJASO,Yr,0.4262879448075524,0.990287581699346,0.4381325344952799,4.048519644153959,,0.850329520697168,1.5573498547567175,2.107795388525781
17.25_106.25,temp,JJASO,Yr,1.006229121278141,1.326079520697168,0.0594469862018885,2.617167937545388,,0.9075183369644152,0.6606764705882351,0.8731116557734201
17.75_101.25,temp,JJASO,Yr,0.3306067538126369,1.7843678286129274,0.16147149600581,3.9629172657952063,,0.6204428104575155,0.6786631989832964,1.1352789034132171
17.75_101.75,temp,JJASO,Yr,0.1057407407407401,1.991950435729848,0.5064386347131443,4.388906463326071,,0.0796303558460416,0.2637640885984018,0.9550635439360924
17.75_102.25,temp,JJASO,Yr,0.1774451706608564,2.5899711328976025,0.9777231299927368,3.913162127814089,,0.1097728758169924,0.1146527233115472,0.4300372185911401
17.75_102.75,temp,JJASO,Yr,0.3362309368191705,2.456631626724766,0.9307078794480764,3.7988340595497454,,0.0698572984749472,0.3825886165577332,0.573812091503267
17.75_103.25,temp,JJASO,Yr,0.5760984023238931,2.0141875453885256,0.6146163761801016,3.5845461147421926,,0.0890098039215681,0.4951165395787945,0.6136165577342049
17.75_103.75,temp,JJASO,Yr,0.8187080610021789,2.0858961510530127,0.4476033042846769,3.664773783587509,,0.201743100944082,0.5310029230210609,1.0719912854030509
17.75_104.25,temp,JJASO,Yr,1.2015025417574434,2.051333877995644,0.4848287944807564,4.070796659404503,,0.0715976761074801,0.989176561365287,1.6762961147421926
17.75_104.75,temp,JJASO,Yr,0.5548289760348588,1.5017814088598405,0.209032498184459,3.584443246187364,,0.2881328976034856,1.246755392156862,1.4614368191721128
17.75_105.25,temp,JJASO,Yr,0.6987480029048656,1.1747803195352216,0.3690043572984752,2.769556227305737,,0.3785860566448803,0.9571077886710236,0.7282592592592587
18.25_101.25,temp,JJASO,Yr,0.175312999273784,1.9357516339869285,0.0410444807552659,3.828061819172112,,0.4072561728395057,0.7370934822076981,0.8847196804647783
18.25_101.75,temp,JJASO,Yr,0.4406227305737119,2.03216049382716,0.2963293391430633,4.411014270152506,,0.1701087509077713,0.2763021604938285,1.1676971496005817
18.25_102.25,temp,JJASO,Yr,0.7067712418300656,2.772847857661584,1.0779026870007256,4.432287073347858,,0.1817708787218601,0.1480806281771965,1.2481566448801744
18.25_102.75,temp,JJASO,Yr,0.435757080610022,2.130372185911401,0.7923783587509072,3.930094480755266,,0.3138255265068989,0.2341500907770516,0.8318547567175014
18.25_103.25,temp,JJASO,Yr,1.079236383442266,2.394321713870733,0.3476465141612199,4.256259912854031,,0.6571534132171389,0.9767592955700805,1.289720406681191
18.25_103.75,temp,JJASO,Yr,1.5729284676833692,2.5481677559912854,0.4074598765432103,4.6167492737835865,,0.3982645243282494,0.9838434458968762,1.912899055918664
18.25_104.25,temp,JJASO,Yr,0.7591866376180094,1.7977961147421933,0.1793327886710252,4.00522156862745,,0.3160769789397236,0.9776156318082784,1.4065498910675374
18.25_104.75,temp,JJASO,Yr,0.777927741466957,0.8675045388525778,0.2151383442265793,2.7104803376906315,,0.761542483660131,0.923333641975309,0.2097899963689185
18.25_105.25,temp,JJASO,Yr,1.6932320261437912,1.057273420479303,0.4344177559912854,1.3609614560639076,,0.9319622367465504,0.0656422294843868,0.7091995279593317
18.75_101.25,temp,JJASO,Yr,0.7529186637618009,0.8197264161220037,0.4666862745098046,2.9659704248366023,,0.8617367465504719,0.7729204974582427,0.0312661038489476
18.75_101.75,temp,JJASO,Yr,0.9345217864923756,1.329390885984023,0.1380090777051557,4.4813792483660135,,0.8100985838779948,0.5954908496732023,1.4626455337690631
18.75_102.25,temp,JJASO,Yr,1.6979811183732754,1.8245996732026144,0.4973674655047201,5.163290323166304,,0.6440092592592589,1.3156053013798112,2.220958678286129
18.75_102.75,temp,JJASO,Yr,0.9079157588961514,0.8978647785039952,0.341445715323166,4.224366775599129,,0.7319179375453884,1.2352928467683368,1.2477406862745102
18.75_103.25,temp,JJASO,Yr,0.754898329702251,0.6443442265795204,0.2215994916485109,2.532756917211329,,0.3389816630355844,0.2297891612200432,0.3556715867828612
18.75_103.75,temp,JJASO,Yr,1.8034596949891064,1.6059030501089322,0.0853516702977488,5.039279956427015,,1.3128425925925926,1.6829628177196807,2.28684241103849
18.75_104.25,temp,JJASO,Yr,0.0954295570079881,1.1324822258533045,0.360402868554829,3.4837649782135074,,0.6493476761074795,0.973940468409586,0.6428677923021058
18.75_104.75,temp,JJASO,Yr,1.8168943355119824,1.579510530137981,0.7191088598402329,1.7439107116920838,,0.5074769426289039,0.2230999455337693,1.260185348583878
19.25_101.25,temp,JJASO,Yr,1.546990922294844,0.7745556100217866,0.6181187363834424,2.542350472040668,,0.0051964415395781,0.6429222948438628,0.5306248002904871
19.25_101.75,temp,JJASO,Yr,0.902651779230212,0.6475044117647057,0.2643389615105312,4.882129175744372,,0.8707708787218595,1.2318223311546848,1.7065684458968775
19.25_102.25,temp,JJASO,Yr,0.5448017429193901,0.9613039941902684,0.0721425199709509,3.4000279956427013,,0.5713396877269425,0.9270728395061726,0.2041899419026877
19.25_102.75,temp,JJASO,Yr,1.1153053740014522,0.1898549382716048,0.0183211692084237,2.632268209876542,,0.3585862018881624,0.8136687182280318,0.3226915032679744
19.25_103.25,temp,JJASO,Yr,1.2558979665940455,0.0275613108206247,0.3606285947712416,2.486488888888888,,0.7596006354393611,0.9103505446623096,0.0289028140885986
19.25_99.75,temp,JJASO,Yr,0.4079310094408132,1.9906532316630343,0.9656356209150324,3.1443175562817727,,0.1368445896877267,0.5736468772694268,1.1864720406681195
19.75_100.25,temp,JJASO,Yr,0.2810526506899062,2.169639978213508,0.3269484386347127,3.888764941902687,,0.0438496732026146,0.5610117828612936,0.967971132897604
19.75_100.75,temp,JJASO,Yr,0.2430620915032683,1.3197420116194627,0.0276857298474945,4.078624618736383,,0.5754881989832974,1.1107613834422652,0.739388743645606
19.75_101.25,temp,JJASO,Yr,0.0028696441539576,0.2095306463326074,0.4085802469135806,4.360290922294845,,1.01434477124183,1.5525370370370373,0.9361911220043572
19.75_101.75,temp,JJASO,Yr,0.9741259985475677,0.8763685185185182,0.2375277777777784,5.08532436456064,,0.8506966230936828,1.555650363108207,1.501755047204067
19.75_102.25,temp,JJASO,Yr,0.8725108932461872,0.5541902142338415,1.2380050835148877,4.678843155410313,,1.8306928104575169,1.6740155954974578,0.962191085693536
19.75_102.75,temp,JJASO,Yr,0.3421481481481485,0.8078620733478574,0.2296697530864195,3.8397091866376174,,0.7672628903413217,1.5886950617283953,0.3598634531590413
19.75_103.25,temp,JJASO,Yr,0.0615856935366745,1.0649111655773422,0.3781409586056647,3.161990668119099,,0.0619337327523597,1.2004847494553372,0.3277948983297016
19.75_99.25,temp,JJASO,Yr,0.0400809731299922,1.1626045751633989,0.0174041394335508,3.0595691902687,,0.5095706245461149,1.01721223674655,1.120329175744372
19.75_99.75,temp,JJASO,Yr,0.2685994916485114,2.2457854030501085,0.7502832244008716,3.609177106027596,,0.0266895424836594,0.5101994008714595,1.2942854030501088
20.25_100.25,temp,JJASO,Yr,1.3909818445896878,1.895026870007262,0.1137096949891069,5.002869843863471,,0.2092046114742195,0.8967081880900505,1.4983596586782857
20.25_100.75,temp,JJASO,Yr,0.7270744371822803,1.0121265976761082,0.0537919389978211,4.904127378358751,,0.8776350762527235,1.6117524872912132,1.0372055192447354
20.25_101.25,temp,JJASO,Yr,0.2139901960784311,0.7841219862018879,0.2483618373275236,4.538290740740741,,0.7354344589687722,1.4796769970951344,0.791222113289761
20.25_101.75,temp,JJASO,Yr,0.1223474945533769,1.0762140159767617,0.4892588961510533,3.8953130174291934,,0.2266410675381261,0.9043133260711688,0.0876051198257074
20.25_102.25,temp,JJASO,Yr,1.2252930283224397,1.5080194807552656,0.1314213870733481,4.812497058823529,,1.0210366739288306,1.4615527596223674,0.7327714415395786
20.25_102.75,temp,JJASO,Yr,0.6395137981118376,1.9469352578068255,0.3513672839506168,3.9744118191721136,,0.6316810094408145,1.0192040123456794,0.0333703340595488
20.25_103.25,temp,JJASO,Yr,0.4527944807552647,2.202231499636892,1.133408514887436,2.7131866194625998,,0.3564868191721138,0.942937999273784,0.6635707516339868
20.25_99.25,temp,JJASO,Yr,0.476463326071169,1.035012835875091,0.4705430283224401,2.67223716412491,,0.8977124183006538,0.9298640159767612,0.4171003631082062
20.25_99.75,temp,JJASO,Yr,0.5273137254901958,2.0684856572258528,0.4054353667392888,3.836070860566448,,0.6851294480755263,0.7226432098765431,1.0882096949891062
20.75_100.25,temp,JJASO,Yr,0.4775896877269427,1.4407685185185186,0.321810275962237,4.269929756717502,,0.0318405954974587,0.8775978758169938,0.9101407044299198
20.75_100.75,temp,JJASO,Yr,0.3415043572984751,1.1012331154684096,0.060235838779956,4.496622494553376,,0.7473438634713143,1.6430176470588236,0.4556988017429197
20.75_101.25,temp,JJASO,Yr,0.1012254901960789,0.566942901234569,0.0218580246913574,4.129962926652142,,0.5373603848946973,1.4841430101670292,0.0637521786492365
20.75_101.75,temp,JJASO,Yr,0.3601554103122733,0.7100167392883078,0.309125998547567,4.351889088598402,,0.7341036673928831,1.536451924473493,0.3308527596223679
20.75_102.25,temp,JJASO,Yr,0.2258765432098762,1.9352108569353672,0.2629716775599131,3.804880973129992,,0.0263996005809722,0.7044771968046475,0.4680595134350042
20.75_102.75,temp,JJASO,Yr,0.814612200435729,2.0610486201888176,0.3914852941176484,4.004077233115467,,0.3299852941176462,1.0866318809005076,0.3312933006535956
20.75_103.25,temp,JJASO,Yr,0.8883068264342767,2.123234150326797,1.0412862745098037,2.0762438816267257,,0.4498104575163398,0.1065077705156139,1.952675816993464
20.75_99.75,temp,JJASO,Yr,0.3126325344952797,1.0463940813362376,0.1971410675381264,3.0958122185911403,,1.6184266521423387,1.2292245642701525,0.5659823529411767
21.25_100.25,temp,JJASO,Yr,0.163758896151053,0.7208336782861294,1.2889936456063915,3.68882269426289,,0.1689114015976767,1.5541194989106748,0.906340323166303
21.25_100.75,temp,JJASO,Yr,0.2264150326797387,0.9831300472040662,0.0296668482207691,4.07082035221496,,0.5666842774146696,1.3517851488743646,0.1737568990559194
21.25_101.25,temp,JJASO,Yr,0.2489891067538126,0.5777648692810461,0.0601964415395781,4.126355718954248,,0.6952752178649241,1.6528448438634713,0.1280249273783587
21.25_101.75,temp,JJASO,Yr,0.3736873638344221,0.7187316085693541,0.2950032679738565,3.410135330428468,,0.2863451343500366,1.048853358750908,0.73343253449528
21.25_102.25,temp,JJASO,Yr,0.3422527233115471,2.0223200617283954,0.0515051198257082,3.134119389978214,,0.5836492737835874,0.4434324618736378,1.0703281590413942
21.25_102.75,temp,JJASO,Yr,0.154341321713871,2.1500494734931004,0.4190703159041395,3.287437454611474,,0.7069625635439366,0.516819880174292,1.005237327523602
21.25_99.75,temp,JJASO,Yr,0.5929560639070437,0.1569973674655046,1.5970167029774882,2.3569887981118374,,2.373632879448076,1.6190163761801022,0.5250900145243287
21.75_100.25,temp,JJASO,Yr,0.8402850399419024,0.4029043391430647,0.2955867283950625,2.6107567356572257,,0.0779084422657959,1.129790177923021,0.3672014161220051
21.75_100.75,temp,JJASO,Yr,0.5705105301379816,0.6391763979665949,0.0041321895424834,4.279863525780683,,0.7429288489469857,1.503415904139433,0.2450324618736379
21.75_101.25,temp,JJASO,Yr,0.3838206245461142,1.7967193718228032,1.0643347857661585,4.035436510530137,,0.3901272694262897,1.0163935911401598,0.2610155410312281
21.75_101.75,temp,JJASO,Yr,0.6663859840232393,1.31963315177923,0.8651813725490203,2.658960711692084,,0.1193922476397969,0.6101500726216409,1.4763095315904138
21.75_102.25,temp,JJASO,Yr,0.1013852578068264,2.0696319353667394,0.5512123275236019,2.830606172839507,,0.4042811728395065,0.5158056826434275,1.1106055918663758
21.75_99.25,temp,JJASO,Yr,0.3933108206245461,0.0310841503267976,2.1847904684095862,1.9377822076978937,,2.2847224945533773,1.8450916122004355,0.1532307915758895
21.75_99.75,temp,JJASO,Yr,0.1412102396514165,0.2286259440813355,1.1320657952069717,2.8220756899055925,,2.5094712236746552,2.0122525599128545,0.8910215867828618
22.25_100.25,temp,JJASO,Yr,1.0560795206971674,0.8769466957153232,0.0689786129266529,2.578982824981845,,0.5017962599854763,1.0281353667392894,0.8006147421931726
22.25_100.75,temp,JJASO,Yr,0.356961873638344,1.3159863289760354,1.1424393427741468,4.174907298474945,,0.0486247276688453,1.1428040668119095,0.1401714233841677
22.25_101.25,temp,JJASO,Yr,0.3342240377632532,1.7925,1.668363471314452,3.2558118010167028,,0.988720025417574,0.6128837509077703,0.816016466957153
22.25_101.75,temp,JJASO,Yr,0.4191463326071169,1.7237261982570804,0.9531396151053012,2.735101942628904,,0.1961402687000727,0.5132855301379813,1.1162660312273056
22.25_102.25,temp,JJASO,Yr,0.0477527233115466,1.9974712236746552,0.8898709513435004,2.8823994553376915,,0.1956257443718225,0.4123516339869283,0.8720036310820625
22.25_99.75,temp,JJASO,Yr,0.0026931735657227,0.2611239651416126,0.9914249818445894,2.7966929193899777,,1.2082334967320258,1.957281281771968,0.3718266702977484
22.75_100.25,temp,JJASO,Yr,0.7946107480029045,0.613955192447349,0.8811833333333328,4.071830519244734,,0.6267696259985472,1.9790214052287576,0.747698002904865
22.75_100.75,temp,JJASO,Yr,0.8263554829339134,0.6290760348583881,0.6156279411764708,4.1209220588235285,,0.2716112745098045,1.8115310275962235,0.3554998729121277
22.75_101.25,temp,JJASO,Yr,0.6981013071895421,1.164582716049383,0.182497766884531,2.59504591503268,,0.3868634894698625,0.7036504538852585,1.2391456063907045
22.75_99.75,temp,JJASO,Yr,0.532938634713145,0.0747441358024689,0.0140076071169201,2.570451888162672,,0.9628140885984025,1.6402840050835144,0.2337569172113291
23.25_100.25,temp,JJASO,Yr,1.5688660130718952,1.0159140341321709,1.7560359658678284,4.566853576615831,,2.13372035221496,2.499198238925199,1.583066684822077
23.25_100.75,temp,JJASO,Yr,1.98772331154684,0.8892332244008718,1.650878939724037,5.076996574074074,,2.8706332244008714,2.8635147785039945,1.4522502360203342
23.25_99.25,temp,JJASO,Yr,0.2289284676833693,0.022399836601307,1.0385686274509809,3.3579122730573707,,1.1787685185185193,2.132065668119099,0.5521046114742193
23.25_99.75,temp,JJASO,Yr,0.014273420479303,0.536718899782135,1.1487280864197538,3.021956663035585,,1.221956808278867,1.863296732026144,0.3413235294117651
23.75_100.25,temp,JJASO,Yr,1.995757806826434,2.527944462599854,2.852378086419753,4.4561598583878,,3.078112527233115,3.558938253449528,2.5295233841684825
23.75_100.75,temp,JJASO,Yr,1.596086782861293,1.0243620551924475,1.7380191539578798,4.297435484749457,,2.370638471314452,2.782548129992738,1.586787563543936
24.25_100.25,temp,JJASO,Yr,1.848922294843864,2.336677269426289,1.631061437908497,3.2070308932461877,,2.1406406136528684,3.660208496732025,2.5057144517066083
24.25_100.75,temp,JJASO,Yr,1.927523965141612,1.895425744371823,0.6014449527959328,3.495652821350762,,1.3930600762527228,3.220666049382716,2.40732912127814
24.25_99.75,temp,JJASO,Yr,1.101579883805374,1.3640181372549016,2.411164451706609,2.445183260711692,,3.032214488017429,2.9994827523602035,1.4914421931735655
24.75_100.25,temp,JJASO,Yr,1.627750544662309,1.994634531590413,1.140493155410311,2.779726889978213,,1.1820015613652868,3.169275326797385,2.1339724582425563
24.75_99.75,temp,JJASO,Yr,1.141423057371097,0.9292835511982576,1.3920060094408129,2.187762037037037,,1.7237959876543216,2.514645951343501,1.1674223311546843
25.25_99.75,temp,JJASO,Yr,1.0935832607116922,1.404656535947713,0.6268561365286863,2.7926369141249103,,1.4383417211328977,2.766089887436457,1.7225790486565002
25.75_100.25,temp,JJASO,Yr,0.8088597312999277,0.2153680827886717,1.1056591866376182,0.2048665413943354,,1.1970795570079884,0.4748199346405226,0.1716543209876538
25.75_99.25,temp,JJASO,Yr,0.2569546477850399,0.6340919934640515,1.0601592955700796,1.6171837189905591,,1.532883859840232,1.7894929702251263,1.2954576252723309
25.75_99.75,temp,JJASO,Yr,0.1596198257080612,0.6502870551924469,0.8275536310820624,1.1637884023238927,,0.9764724582425556,1.5056827832244009,0.8525423747276686
26.25_99.25,temp,JJASO,Yr,0.455266775599129,1.3128181009440811,2.0746797167755995,0.7202728075526506,,2.621907526615831,1.8815332286855484,1.3013238692810458
26.25_99.75,temp,JJASO,Yr,0.5933284313725496,0.6717271677559912,1.3400783024691358,0.0947966009440816,,1.2491923948801742,1.1874851924473493,0.6849420715323169
26.75_99.25,temp,JJASO,Yr,0.742901597676108,1.5235567302106026,3.4480198024691355,0.3361353632897608,,3.7154359789397233,1.6909216559295568,1.11637119825708
27.25_99.25,temp,JJASO,Yr,0.3185324981844588,1.828429943718228,3.0204464271968043,0.3713303954248365,,3.43682351724764,2.287692547185911,1.8603331691358025
27.75_98.75,temp,JJASO,Yr,1.5524702832244008,2.6833990295933194,4.308224731844589,1.7915304057407409,,4.2733513344226575,2.7821562977487293,1.9359502980755268
28.25_98.75,temp,JJASO,Yr,0.0715035279593315,3.6818785455882352,3.426139902142338,1.8139286309041391,,3.7929656690958606,3.047589225635439,1.53535152567175
28.75_98.75,temp,JJASO,Yr,0.044331328976035,2.3496864576797387,1.5673723425381263,2.1734941571296296,,1.2768460251633986,2.8318386875998547,1.5328643346405229
29.25_98.25,temp,JJASO,Yr,0.0696690356572259,2.5073514046659406,0.4994225700798836,3.054616285856936,,0.902376056427015,3.281266425617284,1.069783017229484
29.75_98.25,temp,JJASO,Yr,1.257051429920116,3.1897439724582424,0.91694722412854,4.014611622458243,,0.4302481377450979,5.468409203580247,1.8049549373819895
30.25_97.75,temp,JJASO,Yr,0.8394200315541025,2.835859476960784,3.479704178740014,2.673021531127451,,3.816853322930283,5.24527818917756,1.389433032970225
30.25_98.25,temp,JJASO,Yr,1.2731245461147418,2.790385966957153,2.846180613959695,4.158808657788672,,3.0890272440268705,5.307398492719681,1.4328876114379088
30.75_97.25,temp,JJASO,Yr,2.335236212672476,2.876148318264343,7.423675785822439,3.212246972160494,,7.617268201615831,5.604134168119099,3.816307850108932
30.75_97.75,temp,JJASO,Yr,2.5487189358024693,3.2307201026361656,5.260498232316631,3.806881563180829,,4.881471068946986,5.870823588779957,3.509866119734931
31.25_96.25,temp,JJASO,Yr,1.5674078507625273,2.239780293598402,6.71090978254902,2.210665996387073,,7.03420768848947,4.108379680159768,2.6605274588307912
31.25_96.75,temp,JJASO,Yr,2.1382719535221497,2.1618789051924474,7.590939459912854,2.764646793754539,,7.798982251997095,4.774164099128541,2.9255712717138707
31.25_97.25,temp,JJASO,Yr,3.191846032679739,2.3453137887799564,8.923815853594771,3.632743533042847,,9.142309364342774,5.902760031771968,4.08080056013072
31.75_95.75,temp,JJASO,Yr,0.2196647204066811,1.1400777962999271,3.837598319952796,1.1699370400181557,,5.051893165229593,3.838427430439361,1.7716397771938996
31.75_96.25,temp,JJASO,Yr,1.7649608932461878,1.7343908894698623,5.795866764742193,2.751332924473493,,6.144770673166303,4.491895240050835,2.527883753122731
31.75_96.75,temp,JJASO,Yr,2.081444081336238,1.4758621474219316,6.170053649092229,3.492289706971677,,6.360384499891067,4.832105704066811,2.508254943100944
31.75_97.25,temp,JJASO,Yr,1.801403928830792,1.2896823127450985,5.916924693173566,2.762930419389978,,6.212328645860566,4.419812064124909,2.0506541611474223
31.75_97.75,temp,JJASO,Yr,1.4680806757443716,2.3098622616122007,6.349636527095134,2.6323051798656496,,6.247481916301743,4.56445524738297,2.455487095737109
32.25_94.75,temp,JJASO,Yr,1.1875512375816994,1.666757130610022,2.0674403284386345,2.0844253799564267,,3.388861785555556,4.017405450998548,2.26947095810276
32.25_95.25,temp,JJASO,Yr,1.7346184517066086,1.960655572519971,1.6583596142156862,2.507201539524329,,0.879346361328976,4.1113793329339146,2.7323204893645605
32.25_95.75,temp,JJASO,Yr,2.256752360566449,1.730964835766159,2.807311661546841,3.322203437545389,,2.2470394965141613,4.473682786964416,3.027330379557009
32.25_96.25,temp,JJASO,Yr,2.40462008583878,0.9700423269426288,4.848078068119099,3.370066395061728,,4.566797539433551,4.371869487472767,2.47702798718228
32.25_96.75,temp,JJASO,Yr,2.2062865432098766,1.2070599306100216,5.807580884132172,3.823956442628903,,6.02175630355846,4.599463430718954,2.164358556681192
32.25_97.25,temp,JJASO,Yr,1.341274695715323,1.132099755991285,5.338019241321714,2.9670548791394338,,5.745544920388526,3.767500559409949,1.255379014667756
32.25_97.75,temp,JJASO,Yr,0.7135043342774146,0.8049266380718954,4.376274191176471,2.2871334929375453,,4.792448710230574,3.2875626022567177,1.3273841340032682
32.75_94.75,temp,JJASO,Yr,1.6448298973129991,1.557411367392883,2.3782919820816995,2.911616031704793,,3.3320932509840238,4.067998100708061,2.772238374411765
32.75_95.25,temp,JJASO,Yr,2.961274030501089,1.8214137128540304,4.196239153231662,3.9746565021786497,,5.068890102360204,4.89006452389252,3.8819105966230936
32.75_95.75,temp,JJASO,Yr,1.9707099135076247,1.1329717189179374,5.428884142447349,3.045978574146696,,6.380574408242556,4.020270219462599,2.7421942512345674
32.75_96.25,temp,JJASO,Yr,2.0305920898692813,1.114944776143791,5.37993996835512,3.21433786637618,,5.404712654691358,3.957196421098402,2.414770541049383
32.75_96.75,temp,JJASO,Yr,0.6506433180827889,0.4551116463507628,5.526817325384713,2.4284267501089323,,5.709871225374002,3.1068592327523605,1.168792139584241
33.25_94.25,temp,JJASO,Yr,1.3804291093681915,0.7600857334168484,4.334411767901234,2.46986472625817,,4.762227082244008,3.3725868922857662,2.043580594789397
33.25_94.75,temp,JJASO,Yr,1.9957891285403049,1.0761282709150326,4.849778109077706,3.3172722838053743,,5.125767113834423,4.323613471750182,2.8282536004720407
33.25_95.25,temp,JJASO,Yr,1.3147156862745095,1.1474574204778507,5.498604388997822,2.352419810733479,,5.464760399600582,3.451497246599492,2.131241329660494
33.25_95.75,temp,JJASO,Yr,0.5949933861732029,0.83078172875817,5.252056031681191,1.2319847761256355,,9.48003831609114,2.533877459802106,1.2364452065377636
9.25_105.25,temp,JJASO,Yr,0.1494284676833693,1.8808380537400151,0.6822494553376903,0.3628191721132905,,0.4564985475671756,0.0457587145969496,0.4021501452432833
9.25_105.75,temp,JJASO,Yr,0.0472276688453153,1.866674655047204,0.6937839506172848,0.1919297385620913,,0.2785452069716767,0.1868779956427015,0.4318997821350765
9.75_105.25,temp,JJASO,Yr,0.3116100217864923,1.6551145606390707,0.4591837327523609,0.4822342047930268,,0.0070580973129992,0.4576218228031948,0.0805982207697901
9.75_105.75,temp,JJASO,Yr,0.322713870733478,2.122137254901961,0.3903002904865654,0.6583805374001452,,0.1254546114742195,0.1144767610747992,0.0313551198257076
9.75_106.25,temp,JJASO,Yr,0.2271713870733476,1.951962599854757,0.7625933188090054,0.6651194625998547,,0.4425847857661584,0.3284914669571541,0.0367527233115464
