Coord,APHRO,ERA-I,HIRHAM (EAS),HadRM3P (EAS),RegCM4-1 (WAS),RegCM4-4 (WAS),HadRM3P (WAS),RCA4 (WAS),CCLM (EAS),Var,Season,TScale
10.25_104.75,0.9999999999999999,0.5197131503327768,0.1877653117767669,0.3253881347362088,0.22228877820451648,0.22894393670207644,0.4297717114650012,0.22006476318633947,0.1137261168417733,preci,All,Day
10.25_105.25,1.0,0.4925692302714387,0.19247040596434317,0.3282720453805145,0.18318406145053448,0.19100928643440576,0.4061184989580446,0.2660204386669277,0.11221486616251988,preci,All,Day
10.25_105.75,0.9999999999999999,0.4723877575507873,0.1821016548301243,0.3264371410351153,0.18759461220836088,0.19431055029337585,0.41941387463627455,0.30691655033877935,0.12359142886150055,preci,All,Day
10.25_106.25,1.0,0.4974845897404031,0.17584624727095569,0.3279249569732212,0.17445195240450173,0.2080226512851373,0.44649367905494075,0.35284284624207407,0.10946838147402836,preci,All,Day
10.25_106.75,1.0,0.4970090930622355,0.22790977255268652,0.2279690004972056,0.12381346652934136,0.19902035363699497,0.4546400604366758,0.3699622024822575,0.11882472501540793,preci,All,Day
10.75_104.75,0.9999999999999998,0.4241562769647082,0.15948394121727325,0.27645724650323256,0.17400506745137365,0.15704225741689376,0.35363951849625497,0.17518454538131426,0.07868446803889385,preci,All,Day
10.75_105.25,1.0,0.41940814703749446,0.1749734790610328,0.2616166669852707,0.13844882515977353,0.12951738036823365,0.33629596836458814,0.26109045603668146,0.0873555067836935,preci,All,Day
10.75_105.75,1.0,0.4594164051346933,0.200439290764869,0.2891227845311266,0.16124317643895378,0.15946076248843846,0.3665535538019071,0.28681401272285345,0.12439311588762905,preci,All,Day
11.25_104.25,1.0,0.4009418708568123,0.19661993147786305,0.23590213001373922,0.19900466375998846,0.1439018173655192,0.37448578895811135,0.10710413584667278,0.0804797545849627,preci,All,Day
11.25_104.75,0.9999999999999998,0.3957221250645985,0.18183254768983365,0.22123735575782838,0.16326511841172678,0.1415352801067139,0.3575296949621522,0.23898458974628706,0.06794446095775045,preci,All,Day
11.25_105.25,1.0,0.4259624666185845,0.19235036587531776,0.22000427626665195,0.1819801845765631,0.15544531843392495,0.37238954415229364,0.3073390045540587,0.08707288793664715,preci,All,Day
11.75_104.25,0.9999999999999998,0.40916218258806414,0.2151204908300624,0.20380684316337128,0.22197810850622757,0.1653173600398612,0.38278846678330053,0.14982911305944271,0.07056666484671037,preci,All,Day
11.75_104.75,0.9999999999999998,0.4076780387546909,0.1858532234385486,0.1986090850194755,0.20331213178911783,0.1545559350357975,0.3666233052675865,0.2755102192335182,0.06351586436434632,preci,All,Day
11.75_105.25,1.0,0.4208176192807508,0.20302006647016038,0.21172362469056485,0.2062260296290564,0.17574847813809996,0.38889111861307774,0.31840357887159704,0.10231131939490862,preci,All,Day
12.25_103.25,0.9999999999999999,0.4275824504884317,0.2757520624545501,0.26337569860752896,0.24242278663803268,0.20647311933793533,0.4332409381759795,0.18348005194628408,0.1339022839015351,preci,All,Day
12.25_103.75,1.0,0.38833121791697256,0.2199038536050853,0.1997572890364433,0.19442514960740864,0.17529620594977,0.34563409950639934,0.16922561372110506,0.07412761611934063,preci,All,Day
12.25_104.25,1.0,0.3789153390155646,0.20368111672225103,0.22332870341828606,0.25607645045729094,0.17847639443557664,0.3939180349903881,0.2331866783345068,0.06461023223636796,preci,All,Day
12.25_104.75,1.0,0.39432744950923293,0.20567172407994114,0.22513809936600102,0.24485691504696833,0.16814284066599056,0.4086782683685781,0.2902995533659721,0.08073487105117516,preci,All,Day
12.25_105.25,1.0,0.4067986621965281,0.22696823526068988,0.24346400868845008,0.25077078883566695,0.1718651120409599,0.41184321397399465,0.3363348120675719,0.13312209585177015,preci,All,Day
12.25_105.75,1.0,0.41056479595962775,0.23195301965418286,0.2733737166625517,0.25328235081631795,0.18632771763807013,0.420347263207062,0.3556014845144388,0.17405063859689016,preci,All,Day
12.25_106.25,1.0,0.4379946037030073,0.20936747902862707,0.3403812127044779,0.2630060082020932,0.2198811078561958,0.43903381684076187,0.3850865004319964,0.2137410901034657,preci,All,Day
12.25_106.75,1.0,0.48383460063930295,0.24771349583718347,0.40318269800292394,0.29891940926763433,0.2402920586224654,0.4896126508691304,0.42150373444504624,0.279610293243693,preci,All,Day
12.25_107.25,1.0,0.5225753055609782,0.31265530682704534,0.4035591999444625,0.2964751948540479,0.19800162253374753,0.5437542850076409,0.4195298619556316,0.2989393462661561,preci,All,Day
12.25_107.75,1.0,0.49947243344794356,0.2149374533138775,0.33754677035171265,0.2529881982704406,0.15406386011496576,0.5306912385037883,0.31312467749306966,0.2059781076701628,preci,All,Day
12.25_108.25,0.9999999999999999,0.48470550262389034,0.19574264881399064,0.21998978929967622,0.2247802809506202,0.1326381300419877,0.44699113730837886,0.30464628832149426,0.08484377141533934,preci,All,Day
12.75_102.75,1.0,0.4215548087534833,0.23180610193133555,0.2869848010956464,0.2217105212899296,0.21210609543471037,0.4487980879836686,0.17328423511095092,0.15421051285153956,preci,All,Day
12.75_103.25,1.0,0.3850479210004684,0.19208803619980938,0.1954595450910613,0.15844947791043917,0.16884404378587325,0.3685185395650545,0.1805163987159729,0.10527608849767828,preci,All,Day
12.75_103.75,0.9999999999999998,0.3603429548919702,0.15643789824635912,0.18873218533405237,0.1804911940848961,0.17053094594208326,0.34450367849518143,0.26152736639414836,0.07798849085004764,preci,All,Day
12.75_104.25,0.9999999999999998,0.3725678623323364,0.1698565751838298,0.2410641462334223,0.24907971147408742,0.18884214701179627,0.4226088432420789,0.32835990369033724,0.09401067380928543,preci,All,Day
12.75_104.75,0.9999999999999999,0.3699071427435968,0.1804993397635573,0.24584332771669598,0.2215514986708969,0.16325626604111476,0.40483926783577306,0.30670720979962846,0.10952455754042752,preci,All,Day
12.75_105.25,1.0,0.39878173205558115,0.21054021117716046,0.2772401995528985,0.24518105185554645,0.1730219727122192,0.42215017356529255,0.3342775317171129,0.15440097835901825,preci,All,Day
12.75_105.75,1.0,0.4383667060091161,0.23891615818252682,0.3162108025089251,0.2892660123802388,0.19372083610861252,0.4537766152152331,0.35645335823645763,0.20176851356351702,preci,All,Day
12.75_106.25,1.0,0.4715916344722687,0.21720049421772267,0.37150364873522496,0.29282975702641384,0.209796006678917,0.4822422446213394,0.3887043634164125,0.24672468891232688,preci,All,Day
12.75_106.75,1.0,0.5200421116028396,0.250537706949138,0.4164572204720652,0.31753907615121546,0.2293059736954663,0.5394669272378724,0.43463337847019745,0.28384989639071195,preci,All,Day
12.75_107.25,1.0,0.5414511081920763,0.2581840034938783,0.37251984190088183,0.29888356730988713,0.2090304711809542,0.5645853093745694,0.31158943976056835,0.27483106174588373,preci,All,Day
12.75_107.75,1.0,0.5076025032822381,0.16821531491520061,0.2878194836100102,0.24875997392344398,0.163360780123856,0.5292760741146799,0.25004965032818566,0.19900288108492284,preci,All,Day
12.75_108.25,1.0,0.48371683973949214,0.13783221829880463,0.20954477951817838,0.22031791452585364,0.13002486873384742,0.48301896785435183,0.2983900147424889,0.09087865090031282,preci,All,Day
13.25_102.75,1.0,0.39999432438519944,0.2140409890581262,0.22767718870383952,0.208716402766926,0.21093386706614864,0.41690938417723916,0.20747418265381395,0.12590890589035725,preci,All,Day
13.25_103.25,1.0,0.3733606203446393,0.18410459451079098,0.1952949431614444,0.18484378173303484,0.18437914421687862,0.4124071707438716,0.2771311291109287,0.11576858949226192,preci,All,Day
13.25_103.75,1.0,0.36559540578585753,0.17243296101060177,0.2162933715362425,0.20420932893641444,0.18506624843566125,0.4337890089333417,0.30596862269012576,0.12210851143362529,preci,All,Day
13.25_104.25,0.9999999999999999,0.36858881918046255,0.16313945174132388,0.2512978742147545,0.2364894151815315,0.1852432743300168,0.4432006844633707,0.3333974990009445,0.14449516074735083,preci,All,Day
13.25_104.75,1.0,0.3877992235919764,0.17711623255632963,0.28532527908557426,0.24306044036606891,0.200859480590195,0.4416553596012589,0.3202510030828186,0.1499747773486526,preci,All,Day
13.25_105.25,1.0,0.4129507361582777,0.21845330034502786,0.32316930334883587,0.26336406714461424,0.21897168348260937,0.4627146994714057,0.3555679504270335,0.17109842736487116,preci,All,Day
13.25_105.75,1.0,0.45320246453893853,0.25741650495151236,0.3622309945238554,0.30316642553753287,0.2230381061363705,0.49902125611269116,0.36875010543910924,0.22302998875934288,preci,All,Day
13.25_106.25,1.0,0.5067857741687094,0.2731036981214615,0.41644548037642903,0.341364281836732,0.2232395151488858,0.5554466851123289,0.42432885619708055,0.2718976600479104,preci,All,Day
13.25_106.75,0.9999999999999999,0.5413868611305968,0.30325832284356985,0.4397429213820005,0.33672443104631183,0.22898354918345468,0.5896833077127702,0.4687556695338791,0.28491637910205836,preci,All,Day
13.25_107.25,0.9999999999999999,0.5367965139470754,0.26897124127648625,0.38175849912657656,0.2839101669227531,0.2097458102714695,0.5569452724390717,0.3791335168982438,0.2700524588880851,preci,All,Day
13.25_107.75,1.0,0.5074682417784298,0.21043049624184387,0.3098987937977969,0.23352851338610878,0.17856240209356372,0.5185631879208665,0.3473440786978241,0.20640898088026594,preci,All,Day
13.25_108.25,1.0,0.49103978471850396,0.18970539541231554,0.2454974448904365,0.21316170255881142,0.1574314710008652,0.48450876544627064,0.2981060559595194,0.1334763705960273,preci,All,Day
13.75_102.75,1.0,0.37588050362409375,0.20404525532057516,0.20383762056520002,0.21883498882245178,0.20087578589647082,0.4174399057627114,0.2761513450865073,0.1307347822189015,preci,All,Day
13.75_103.25,1.0,0.40549889383559934,0.2033367391107294,0.22412912222424858,0.22259358265262474,0.19751514713605162,0.4435108245316362,0.3071603191160529,0.15731265643907325,preci,All,Day
13.75_103.75,0.9999999999999998,0.39579828231827346,0.17920878397896464,0.23944213365830222,0.24272758304316022,0.18685498219617694,0.4491268550741548,0.33990864300433016,0.17875092507382379,preci,All,Day
13.75_104.25,0.9999999999999999,0.4050844838359903,0.16895288042414008,0.27972192229365284,0.2528188347091964,0.201577787278985,0.45720396329122975,0.35708385774500645,0.18932392864526934,preci,All,Day
13.75_104.75,1.0,0.4385391577297342,0.18233222090422643,0.32670042256643483,0.2642758200115899,0.2439584629352867,0.49357776350993926,0.3635744564085608,0.19282065894554404,preci,All,Day
13.75_105.25,1.0,0.45501778774517615,0.22738310315779858,0.3745690413772847,0.3025463473922768,0.26475964387846807,0.5167945400407089,0.4062221627346022,0.200450585445576,preci,All,Day
13.75_105.75,1.0,0.46497489570493306,0.26747474600788707,0.391690169113343,0.3199800215583921,0.2543009196775253,0.5305001984878288,0.4107929890463841,0.2476946817812126,preci,All,Day
13.75_106.25,1.0,0.5167417841619679,0.2602806952643117,0.42076270681059824,0.32664736749551254,0.23277551654942955,0.5718949640004151,0.4635837833368092,0.30683393509132517,preci,All,Day
13.75_106.75,0.9999999999999999,0.5512202809465778,0.2922696410693305,0.4398451501414179,0.32445148638730376,0.24105334099723727,0.6190397181341808,0.5042643107687658,0.35834238999657037,preci,All,Day
13.75_107.25,0.9999999999999998,0.5384742285559063,0.2818884972883703,0.3997514234906036,0.2728559357215804,0.19728315656807535,0.6003298340963478,0.4568526252858711,0.3280947049088094,preci,All,Day
13.75_107.75,0.9999999999999998,0.5008279293429236,0.2574705945741094,0.33541349994592395,0.1986606502912673,0.1668993800168748,0.5607490745216056,0.41349572238274546,0.228149410668814,preci,All,Day
14.25_102.25,0.9999999999999998,0.4204104095333851,0.2723404361926477,0.23983172925806484,0.2486981256423659,0.21469589414774157,0.4448553009934554,0.31905862412292624,0.13335806485999152,preci,All,Day
14.25_102.75,1.0,0.37836048190405985,0.2307873817025993,0.23407717273643616,0.24187087236875035,0.22237073027148074,0.4506620318922157,0.2901502628923661,0.1476548155195547,preci,All,Day
14.25_103.25,0.9999999999999998,0.3879763497918264,0.21606807426726368,0.25030049556174255,0.24391128607837712,0.21919238144927358,0.4679703647313914,0.3306870424314024,0.17394461166486333,preci,All,Day
14.25_103.75,1.0,0.39205687439206466,0.21824827005947242,0.2715135482793919,0.260636626348618,0.20831855738734337,0.48531651150144683,0.37152753859461823,0.19214457762462514,preci,All,Day
14.25_104.25,1.0,0.39543972744717076,0.22343321534096008,0.29651845800542637,0.26908995063218005,0.20676785443552986,0.4908542405126558,0.34628423316616325,0.1867853720178121,preci,All,Day
14.25_104.75,1.0,0.4265142599428115,0.21790834653000354,0.3243155309330067,0.2799027128091443,0.23057714561347714,0.4924381985408372,0.37283867016828837,0.19428859682996388,preci,All,Day
14.25_105.25,1.0,0.46393818297977923,0.2708747627685064,0.3811489872119223,0.3050923166199798,0.26228481530354736,0.5294746611486251,0.4116220688103489,0.23246828186308005,preci,All,Day
14.25_105.75,1.0,0.5085235238137986,0.20471732162370976,0.3935119551081869,0.2906614093162272,0.25989282033679234,0.5500651824499244,0.4412288620003622,0.2785551904168862,preci,All,Day
14.25_106.25,1.0,0.5736585892666919,0.2138173813446852,0.4302142159916074,0.30227422660919445,0.2494286344049813,0.6153887164733498,0.5230216653061415,0.37010365488516805,preci,All,Day
14.25_106.75,1.0,0.569017022981929,0.2587202421683992,0.4206685813044758,0.2769803164741752,0.22537409723541862,0.6377206914189782,0.49647922534222627,0.39944465440642135,preci,All,Day
14.25_107.25,1.0,0.5392552100974296,0.27275815657284147,0.37939651103137606,0.23385397673674288,0.20020137487435818,0.6248014176642331,0.45628724392130376,0.3409488066540943,preci,All,Day
14.25_107.75,1.0,0.47184896417133687,0.23836853782743708,0.2965160898522318,0.1842768375049019,0.15798001943009435,0.5490018143534802,0.37275214854140015,0.18963400858086601,preci,All,Day
14.25_108.25,1.0,0.4575135909609128,0.2292552220897072,0.191921199878335,0.21552954201006738,0.15519422911840502,0.4682438210197966,0.25890646858151,0.07288776936287497,preci,All,Day
14.75_101.75,0.9999999999999998,0.43304097812274545,0.24355994836490533,0.22426697365739057,0.19717041389646164,0.15883946421827835,0.41679526645185994,0.340214400749959,0.12416247719366633,preci,All,Day
14.75_102.25,1.0,0.391698903522849,0.19698231145969106,0.21886352804496303,0.20940563412643218,0.17991786333606852,0.42819723915186736,0.31906596334079473,0.1330734011824146,preci,All,Day
14.75_102.75,1.0,0.35592146069260877,0.1948142040823831,0.22626058936936885,0.23317265791608002,0.21271093685738515,0.429000025851423,0.3112002582429494,0.12652757315880003,preci,All,Day
14.75_103.25,1.0,0.38065093848167275,0.21151337299684567,0.2416960380073643,0.2572028851746896,0.1988723224933126,0.4700995753370858,0.3133882334295405,0.15009701568029374,preci,All,Day
14.75_103.75,0.9999999999999999,0.3652211140127952,0.21622791536109776,0.24810597726453126,0.24088665028563225,0.1987778830516357,0.4638345864131205,0.3216396144246568,0.16052714448697666,preci,All,Day
14.75_104.25,1.0,0.3556414065334303,0.2141531656610011,0.2517589886360162,0.24355253843822094,0.17441270822576113,0.43692013177058564,0.3049852105197734,0.14102924791599675,preci,All,Day
14.75_104.75,0.9999999999999999,0.40141470791106465,0.2365521709342527,0.29401643672897754,0.2583891380925452,0.19406702537021747,0.4714334942337713,0.3522108076350011,0.18260674541139976,preci,All,Day
14.75_105.25,1.0,0.4464248329762848,0.2594985253778302,0.35289865733194303,0.2624118247088832,0.23604759152902724,0.5225753864623767,0.3980085788207196,0.25112473114409256,preci,All,Day
14.75_105.75,1.0,0.5186956685484713,0.19071556822895033,0.40746296179911956,0.26557099666227946,0.2769459975744435,0.5764151774848176,0.4584553827398125,0.3294791019584193,preci,All,Day
14.75_106.25,1.0,0.5643902975265075,0.26253875396739673,0.40625546391603,0.2608791207526446,0.27384555891838186,0.6355835401327385,0.4772199473894876,0.3824071065027221,preci,All,Day
14.75_106.75,0.9999999999999998,0.5441182504734283,0.2853060619757794,0.37031949723091306,0.2305251740288267,0.2101668592164964,0.6030272525757434,0.45302646927847007,0.35149414638408755,preci,All,Day
14.75_107.25,1.0,0.5254432200609455,0.2698702264165271,0.3250121993674378,0.21866246010156365,0.19393999918571864,0.5932630000517117,0.42115413012342406,0.27722554693501233,preci,All,Day
14.75_107.75,0.9999999999999998,0.46858474577487275,0.22244909054635448,0.20009751820925012,0.19445135296453617,0.15746561571720755,0.5319501868496054,0.30355963170884603,0.09915259534700623,preci,All,Day
14.75_108.25,0.9999999999999999,0.4621272206705036,0.18366046977925823,0.14805354058389222,0.22287947976019581,0.14828396089205637,0.47434377231650415,0.2639219863772347,0.05377879700716137,preci,All,Day
15.25_101.75,1.0,0.383865119833587,0.19038808027549287,0.22457007069231452,0.1855587897533068,0.11313759664895826,0.3824509370987594,0.32762120050191734,0.12167597574587188,preci,All,Day
15.25_102.25,0.9999999999999998,0.3734476747596074,0.18653105753111157,0.21459826385915215,0.20645309505104867,0.13422016048206828,0.4017300249380546,0.2865622875238864,0.12823329491887958,preci,All,Day
15.25_102.75,1.0,0.39107933362656977,0.20310940215083817,0.2273264036239862,0.23519276336170505,0.17351050798557507,0.43603172647885,0.30089163511253464,0.1256375417061585,preci,All,Day
15.25_103.25,1.0,0.40968282929789673,0.19622874727187212,0.22818535019767314,0.24470922469520948,0.17169884397119736,0.45420803389216885,0.2964156886107221,0.13217427090423847,preci,All,Day
15.25_103.75,1.0,0.38131818871801687,0.20316608069892325,0.2106583581323415,0.23558799013598794,0.18040327844964107,0.4461150668511159,0.29948673463949727,0.14188521745597665,preci,All,Day
15.25_104.25,0.9999999999999999,0.397697773410424,0.22971662738796902,0.2309953512081452,0.24598309567125032,0.1764398513128296,0.45191757374966074,0.31912043961064496,0.1566249433697291,preci,All,Day
15.25_104.75,1.0,0.43687715287154605,0.2329486815382278,0.27739432805798214,0.24780946800621836,0.18973753209979477,0.4711114538972364,0.3517527326171799,0.20550013437465267,preci,All,Day
15.25_105.25,0.9999999999999998,0.4507235521818917,0.2453428105057293,0.33007289316313787,0.2415937874965073,0.2335648103443473,0.5068415383865756,0.40081358703837255,0.26293972994685233,preci,All,Day
15.25_105.75,1.0,0.5303933018215201,0.30845521719492386,0.3841996738321702,0.24480605863587393,0.24906767504855726,0.5925107210220187,0.4632340024049621,0.3315903929320768,preci,All,Day
15.25_106.25,1.0,0.527085992875713,0.3333415013058541,0.374860916351333,0.22874788684143635,0.24871264621189182,0.6253773606665054,0.416695026331925,0.3381379852471822,preci,All,Day
15.25_106.75,1.0,0.5051553993457434,0.26406711213342154,0.31640803968431663,0.22202047064298405,0.22095110325705508,0.6030282496307745,0.4301348523357993,0.27255270714919,preci,All,Day
15.25_107.25,0.9999999999999998,0.47967751939458464,0.2484226138337938,0.17788060752088994,0.22056553696528666,0.17794121919379158,0.508225623041172,0.3823023418047003,0.13691395234207054,preci,All,Day
15.75_101.75,0.9999999999999999,0.3905983741613386,0.19542890103841565,0.23018689136976692,0.19068428209374327,0.1367494299889879,0.36964833825405397,0.3136249765869273,0.14554088873446375,preci,All,Day
15.75_102.25,1.0,0.39050685267335444,0.20070008711898762,0.22005492842498312,0.18566791271305405,0.1380589392785106,0.3958806559888916,0.301251569829679,0.12892810753438969,preci,All,Day
15.75_102.75,1.0,0.3890232796347226,0.2202684055186187,0.2370056117647667,0.21415952423101667,0.15286726130863845,0.4280350351068732,0.31002926488286836,0.12113426179839279,preci,All,Day
15.75_103.25,0.9999999999999999,0.4151130617877598,0.2269582574411682,0.23110911040449725,0.22483167461656564,0.14140074452987036,0.4371158758328482,0.29704467440090143,0.13296192690466957,preci,All,Day
15.75_103.75,0.9999999999999999,0.4203534245217853,0.21650835269586424,0.23139724469497092,0.224428164438251,0.15348033213248055,0.4457925569254318,0.2978849179336081,0.1491696882006462,preci,All,Day
15.75_104.25,1.0,0.4469590466088311,0.22385556153545133,0.2687375445577647,0.243501662060612,0.18451244138786915,0.46220122606143965,0.3447732001440717,0.18817640050386739,preci,All,Day
15.75_104.75,1.0,0.4858681188959352,0.2541233971265691,0.3148411355150838,0.26636186061809614,0.22746602342748865,0.5088929199890648,0.3883307439317848,0.230341726490479,preci,All,Day
15.75_105.25,1.0,0.5047562521708955,0.2680075557383425,0.36497704964930666,0.25541891376555614,0.2432701971911778,0.5567089307879325,0.4205486244682378,0.2702836577566321,preci,All,Day
15.75_105.75,1.0,0.5464005525845986,0.2695078384897142,0.38283278661593373,0.23476064318050877,0.2554383597419787,0.6048766786110411,0.4536934129100499,0.3130742281521471,preci,All,Day
15.75_106.25,1.0,0.5052578522179669,0.23832196625416863,0.2743337017197761,0.1966857731783527,0.23248698809692747,0.6014569156797865,0.4114946329505137,0.2704652359301788,preci,All,Day
15.75_106.75,0.9999999999999999,0.4683529736654265,0.25598772765524236,0.20179148973888106,0.17541627239464028,0.18289145970842746,0.5412413811110298,0.3485143716815685,0.15751693671929448,preci,All,Day
16.25_101.75,0.9999999999999998,0.43044057362072846,0.23063196503805375,0.2462477161392354,0.19410894974069662,0.16259590348586858,0.39696982647064405,0.3327599651153177,0.14948364631558514,preci,All,Day
16.25_102.25,1.0,0.4145854660462929,0.20684477832411596,0.24801416930837938,0.19171164210669306,0.14358601525554962,0.4089937655990734,0.33324026394066025,0.13433865462288516,preci,All,Day
16.25_102.75,0.9999999999999999,0.35447971880605283,0.19715196262360918,0.21865281070590137,0.1952284272921973,0.1356529657926756,0.39307684658632697,0.3214808798734166,0.12037895950488285,preci,All,Day
16.25_103.25,1.0,0.40229742198368734,0.22670024085510548,0.23000185486952823,0.23650828726547998,0.1543575558364213,0.4171312334700187,0.31896426619245183,0.1357616418154473,preci,All,Day
16.25_103.75,1.0,0.43153404192996436,0.22338754160240057,0.25190519893803165,0.2674887135493979,0.17652402349932256,0.45055204049035125,0.3241912207181686,0.15717966045165432,preci,All,Day
16.25_104.25,1.0,0.49680401882485237,0.2604959106723394,0.2911117399087068,0.29893394631265285,0.21493943676782168,0.5093768361992318,0.4053241768570921,0.2073432690986127,preci,All,Day
16.25_104.75,1.0,0.5019308026879062,0.270860930639087,0.3094971265925393,0.28180548335440125,0.22821909256866102,0.5398075679790064,0.43169050192287417,0.2541221209305908,preci,All,Day
16.25_105.25,1.0,0.5364587264309021,0.2731967756796672,0.3068705855028562,0.2506955437420482,0.22226038528446823,0.5624118050327305,0.4311498591040559,0.28746110411927667,preci,All,Day
16.25_105.75,1.0,0.5513695868824544,0.23907115291439682,0.30728243750042566,0.21160046151673936,0.22049268228240299,0.5751387649886501,0.4032289497946112,0.2960472372652493,preci,All,Day
16.25_106.25,0.9999999999999998,0.5153402372178038,0.22825173545388944,0.26640194803326694,0.18357054771695736,0.19788794790524789,0.5545315174996052,0.3737954693950752,0.23616762850291992,preci,All,Day
16.25_106.75,0.9999999999999999,0.49702793220981767,0.2036892784619962,0.15499085605772275,0.18063108240208192,0.14185427471482218,0.4818731412016146,0.28205829487210854,0.10023318211219932,preci,All,Day
16.25_107.25,1.0,0.5239243095447297,0.14214853354630969,0.15846453260668233,0.2568132119322998,0.12675832346315197,0.4726021261682377,0.36143780808870285,0.0930363709708391,preci,All,Day
16.75_101.75,0.9999999999999998,0.42327264507621876,0.24333249794804232,0.2606227201229889,0.1997425399215459,0.1641707034748662,0.4176195169785479,0.34655567488934014,0.15218337405706503,preci,All,Day
16.75_102.25,1.0,0.39851296612284187,0.20244423125545027,0.26130973488631465,0.20099931462721937,0.1427122498162875,0.4027215061946752,0.35043580975699,0.15319940530165055,preci,All,Day
16.75_102.75,1.0,0.39416830304214245,0.21837960941558668,0.2414833034195438,0.23148077536751624,0.13918783102813503,0.40239669932425837,0.365821455587893,0.14018439513841083,preci,All,Day
16.75_103.25,1.0,0.43840846726101673,0.25740508189395056,0.2505820337008997,0.28776747737073033,0.1825029944234894,0.42081633172674116,0.37303470892154905,0.15654929124600983,preci,All,Day
16.75_103.75,1.0,0.4356091873581278,0.2742949023186537,0.25745814263701133,0.2979434056130558,0.20299691561215644,0.4511349922191824,0.3945777065392376,0.17787635742543276,preci,All,Day
16.75_104.25,0.9999999999999999,0.47214798820831333,0.28746085709007246,0.2771455955735662,0.2978246659475678,0.20820072399115724,0.4949465257393765,0.42740934929365454,0.20448734648513747,preci,All,Day
16.75_104.75,1.0,0.4702697120670158,0.2386557826904369,0.2576321232251774,0.2738457501915395,0.20552423919757298,0.5109923606829465,0.4091260343302309,0.2298727983812236,preci,All,Day
16.75_105.25,1.0,0.5319664883983826,0.24688433832349901,0.2667362410199205,0.26102291133896577,0.21845984179880681,0.5455796662873708,0.42021670150194357,0.2683953674528456,preci,All,Day
16.75_105.75,1.0,0.5236211873547749,0.205320692019717,0.2332948395953273,0.21208995865873373,0.19989015279489997,0.5232128181650785,0.36898461081648837,0.2401393825245925,preci,All,Day
16.75_106.25,0.9999999999999998,0.48453639753318034,0.17962494305959953,0.1518792277708785,0.18075539920872488,0.15666578451800936,0.4843249372114756,0.2896161456447171,0.13392661340271877,preci,All,Day
17.25_101.75,1.0,0.4227394448301269,0.24609659724868324,0.2440092337442176,0.1934452737056867,0.1447715516212747,0.41181101153645655,0.3395541516906842,0.14106783091655936,preci,All,Day
17.25_102.25,1.0,0.4697640807863089,0.22776654562917473,0.2596809605902644,0.25672086247751136,0.17712922496878328,0.410065193660097,0.3596433886584546,0.16488026527470515,preci,All,Day
17.25_102.75,0.9999999999999999,0.4689011563368413,0.2392312124109925,0.2721445666525437,0.2908782980120711,0.1869504650496025,0.41896018617571845,0.35004329292712016,0.14840439374777795,preci,All,Day
17.25_103.25,1.0,0.5223645519208878,0.28036179384290383,0.2779063880852614,0.32313320669820483,0.21434643875993434,0.42329679762691463,0.3851265220816764,0.15808708696330448,preci,All,Day
17.25_103.75,1.0,0.5175695950215801,0.3016547998771264,0.27760688484575685,0.320254008649204,0.21967776785884954,0.4533756493284726,0.427902486175889,0.20389393309875617,preci,All,Day
17.25_104.25,0.9999999999999998,0.5003093012880352,0.28403070390006724,0.2696786368626111,0.29128339968028827,0.2167412631273496,0.48054513966237666,0.4377562639996235,0.2577835708355583,preci,All,Day
17.25_104.75,1.0,0.5281092452922421,0.2288577091135673,0.2733086538631247,0.28229388487690604,0.23406895760990284,0.5219892007048272,0.42731536352932953,0.27791902131242846,preci,All,Day
17.25_105.25,0.9999999999999998,0.5287704949100643,0.2053541398965854,0.2628838004519175,0.26661309850080633,0.2318575566709645,0.5279847762033077,0.3840097670393198,0.2527801046933787,preci,All,Day
17.25_105.75,1.0,0.5331068675959683,0.18955584230236025,0.1803079766068566,0.22936069243140633,0.2142389960935913,0.5252960926879966,0.3544780335316358,0.1677806530417334,preci,All,Day
17.25_106.25,1.0,0.5728979804603571,0.14945654475408035,0.1448644751479079,0.23503283133713593,0.1805268979952607,0.5225062504715917,0.3309683103083205,0.1137656037344405,preci,All,Day
17.75_101.25,1.0,0.45204067550896043,0.2380643077099524,0.24460844122055259,0.23108220822343775,0.18749787890872502,0.41121923134210475,0.39881246879952625,0.1632541615379721,preci,All,Day
17.75_101.75,0.9999999999999999,0.46260576389890545,0.24338074687194955,0.22265433018926614,0.22761302003244163,0.16932622270543912,0.3949109814767449,0.3542966499998047,0.15194301839831464,preci,All,Day
17.75_102.25,1.0,0.48020619529545494,0.20801525773114113,0.2668979504169742,0.28348200728122125,0.18640664380433813,0.4365919052327521,0.32297173020713976,0.1584144646236364,preci,All,Day
17.75_102.75,1.0,0.5013117735360252,0.20973075383941156,0.2823673916461438,0.3166233829182683,0.20328651463509226,0.4468750040880176,0.34591054589755355,0.17388171336727193,preci,All,Day
17.75_103.25,0.9999999999999999,0.5703364568963114,0.26703152235942895,0.33289760367043636,0.34910652697795086,0.2497363347128191,0.4735638768559744,0.40238946050880003,0.21074821824887494,preci,All,Day
17.75_103.75,0.9999999999999999,0.5770802152054282,0.27928775882049073,0.34883991531904357,0.3399686630693325,0.241129491665544,0.4967018123785108,0.415807608476129,0.2548242520618845,preci,All,Day
17.75_104.25,1.0,0.5657238372897798,0.24029753286228783,0.313205738164835,0.32915974263123,0.23639090350877456,0.5263106403920378,0.4382120736184817,0.27659225440334295,preci,All,Day
17.75_104.75,1.0,0.5336569008765284,0.2554654968796073,0.2811230813661431,0.2994967616017132,0.24838937253226273,0.5365145114026805,0.46557891627465686,0.233085114025667,preci,All,Day
17.75_105.25,1.0,0.5156607027135535,0.24299710569837443,0.18680262379104404,0.2736317266699965,0.22369855225546373,0.4817565383548351,0.433806776147052,0.15357180949447785,preci,All,Day
18.25_101.25,0.9999999999999998,0.444174147936876,0.2354975453991593,0.24652075396345016,0.23485857472467217,0.18344139690396066,0.39172378035377997,0.39123852945758075,0.15539339958436524,preci,All,Day
18.25_101.75,1.0,0.5049690897684059,0.23761896171268154,0.2747324508808975,0.29076493958513305,0.21804920686390347,0.4603617636975923,0.33951070927590044,0.16818208240831323,preci,All,Day
18.25_102.25,0.9999999999999999,0.5019686786102427,0.17285690825534938,0.2791450797009176,0.3199401701985977,0.2026053259776661,0.49535161829992236,0.32514538196368287,0.1743556044777812,preci,All,Day
18.25_102.75,1.0,0.5318673175537951,0.22184637707611643,0.3522653489358222,0.3383440685771706,0.22022745965998505,0.5412710528077784,0.4090696322397994,0.19654906423992993,preci,All,Day
18.25_103.25,0.9999999999999998,0.5738538962318701,0.21342191880859587,0.3943886307136468,0.36584213061836574,0.28510271417875943,0.5897963700243062,0.4280381954618213,0.24898822429201847,preci,All,Day
18.25_103.75,1.0,0.5703948243704169,0.20587093243281018,0.35386822263811907,0.3636173819263593,0.2610098910939129,0.5571325588097326,0.3646459821974087,0.285571077033467,preci,All,Day
18.25_104.25,1.0,0.5755340241145478,0.27398089821433474,0.33746939154435535,0.35846282926623124,0.2442935626588689,0.581405440360809,0.4718648066035612,0.2507090221675948,preci,All,Day
18.25_104.75,1.0,0.5004577233194762,0.2931094127352348,0.21088652474869396,0.31218986043097313,0.22492976416952234,0.48019685754919206,0.44732138194116416,0.14222036894629186,preci,All,Day
18.25_105.25,0.9999999999999998,0.5137662400658102,0.2093149934086118,0.1273481456053884,0.2598749774397747,0.17025040690528462,0.4134333461127599,0.3307818542444289,0.0945611871361551,preci,All,Day
18.75_101.25,1.0,0.4218166971675034,0.27222396005489163,0.25119990038902795,0.23890869367616577,0.18294156073921677,0.4221810833858576,0.38899329367034363,0.12458023960765117,preci,All,Day
18.75_101.75,1.0,0.5050568082044214,0.2500313726750133,0.27227370146442126,0.2948719674734853,0.22096749064339963,0.47013787476229985,0.34066758228003874,0.15846230985409399,preci,All,Day
18.75_102.25,1.0,0.5254262136794144,0.19864414604839076,0.2625863007004287,0.3421675732001588,0.23772614320628993,0.48362022384460557,0.4004729401243533,0.19066678829302572,preci,All,Day
18.75_102.75,1.0,0.534351660717134,0.2631537840175887,0.33636082966126807,0.3686041082678451,0.24292036383583018,0.5199682830726589,0.45073276235116266,0.2081224874536408,preci,All,Day
18.75_103.25,1.0,0.5599914600349708,0.363952725353658,0.3500045758262458,0.3988848531410604,0.27002649487541147,0.5503377222278303,0.4674745651495094,0.2559170674947187,preci,All,Day
18.75_103.75,0.9999999999999998,0.5304489920523233,0.20964294256243066,0.2947260917470003,0.3873203656658611,0.23854624420902482,0.5104554249585457,0.4062967813263397,0.24909542762046918,preci,All,Day
18.75_104.25,1.0,0.5062879081775093,0.30571913702671066,0.2795219753905901,0.36740456190489285,0.22582036958364407,0.512955547563706,0.44306304240674926,0.1701537042582389,preci,All,Day
18.75_104.75,1.0,0.5272115285586664,0.25149829515854066,0.1578562956720884,0.29223431011289647,0.1817659352644922,0.44412375471998805,0.3714321424472469,0.10365654909359134,preci,All,Day
19.25_101.25,0.9999999999999999,0.41544454386088925,0.2665965770641688,0.229144715555064,0.24133540904314577,0.184220575886643,0.43148870383877536,0.36667049849172373,0.1377115112116667,preci,All,Day
19.25_101.75,1.0,0.4564410285000419,0.20541652364379742,0.2010750429646176,0.2636199528979779,0.1949069380896206,0.4077759042638065,0.32918141433509807,0.13024043565897095,preci,All,Day
19.25_102.25,1.0,0.527823292285078,0.28116448866859745,0.2874031985866352,0.3255747527613995,0.24364220034287246,0.5193690933686231,0.45884308637147425,0.1731564933457904,preci,All,Day
19.25_102.75,1.0,0.5027665036164498,0.30619691167040797,0.27092450571141563,0.33364010379556636,0.22072891669216865,0.44649455755707373,0.46003163678498965,0.18220998242658923,preci,All,Day
19.25_103.25,1.0,0.45732623181653126,0.25847197067293926,0.24028226716939852,0.2991508152963913,0.18355552068062464,0.40087882108938094,0.3981779622399234,0.17510666725190802,preci,All,Day
19.25_99.75,1.0,0.3497262945182705,0.19720177588417917,0.2105058348177339,0.18461118492023207,0.11381800879621118,0.29226100044155034,0.2881379315491994,0.1384964238392554,preci,All,Day
19.75_100.25,1.0,0.3821324087314103,0.17174026621274452,0.24103431841990225,0.22578282961406437,0.15056309225244355,0.39551434701263205,0.332131964806839,0.1704384576072781,preci,All,Day
19.75_100.75,1.0,0.3866993597764298,0.20609255175257354,0.2544962539363318,0.23754418588869275,0.16618315847710524,0.42453796635422514,0.3842154646911299,0.16677277113010006,preci,All,Day
19.75_101.25,1.0,0.42663214772000563,0.2434295362764607,0.2497112224616398,0.23889374600161623,0.18629942703112518,0.4684276146539423,0.3699230628813957,0.1517452853126941,preci,All,Day
19.75_101.75,1.0,0.44464219127220533,0.17255881386101227,0.20948666099505578,0.22526966790571998,0.18823014086457687,0.40711201281820647,0.3291322732606759,0.13541735382252812,preci,All,Day
19.75_102.25,0.9999999999999999,0.44751671810249544,0.2088905674410373,0.2801417728681729,0.24746633336198887,0.2124402030679808,0.46660537102800004,0.39587677569006285,0.16380922328977165,preci,All,Day
19.75_102.75,1.0,0.4619045149582902,0.18693012201365253,0.256579053721867,0.2755144597489513,0.22604818206406524,0.42185757243666144,0.423290148557037,0.1737623232250707,preci,All,Day
19.75_103.25,0.9999999999999999,0.4326237387457945,0.1696729839277396,0.21128491055397913,0.24937900494699466,0.18455072632743,0.34356392956447257,0.3292186776685345,0.15931449346323703,preci,All,Day
19.75_99.25,1.0,0.41609575102351065,0.19127011441778421,0.2129959917131078,0.19183117781765094,0.1442089354617499,0.34104628746353965,0.3028547401172754,0.11655815163489638,preci,All,Day
19.75_99.75,1.0,0.38350719220848745,0.15552470298965373,0.20250883622110785,0.20779819467065816,0.14469204550694723,0.3556403572306222,0.28796997396299956,0.14836111479020953,preci,All,Day
20.25_100.25,1.0,0.42110862815515676,0.133258210080237,0.24995903112844517,0.21942635650804354,0.16181241833607912,0.37998621126804527,0.2933757134373883,0.16786875839768967,preci,All,Day
20.25_100.75,1.0,0.4239260869973963,0.1973062668699563,0.2658527734523978,0.23559675981166697,0.17833217929043071,0.4389732934571264,0.38182785605641634,0.17033411183083508,preci,All,Day
20.25_101.25,1.0,0.44367941699197067,0.21429213188065044,0.2715539987044974,0.22859425237762596,0.19896378225422157,0.4556977465861236,0.4170810015391231,0.14405937208680067,preci,All,Day
20.25_101.75,1.0,0.4569625639305288,0.24156746189753314,0.24728027368794225,0.19386128454203572,0.18949130613062137,0.4388259241953273,0.38938584178036245,0.14012830925348624,preci,All,Day
20.25_102.25,0.9999999999999999,0.4567113662681422,0.18819269313713982,0.21458915821566046,0.1982852237981538,0.18649773255422264,0.4176834949334467,0.3456193072036172,0.16862511467502303,preci,All,Day
20.25_102.75,0.9999999999999999,0.46695642341698457,0.18726862362324534,0.25032494699055396,0.23169339932021296,0.20697106687543568,0.432632066762607,0.3544746647862657,0.1764341890911772,preci,All,Day
20.25_103.25,0.9999999999999999,0.4866949937508702,0.18319007587453964,0.24748981297913347,0.24909705598629503,0.1924445644647365,0.42792641496173794,0.4398010333777266,0.1663718309817746,preci,All,Day
20.25_99.25,1.0,0.4414943998807754,0.20220654752604278,0.24779881945887347,0.23959365511559655,0.15948387230043115,0.4069381526252093,0.33659069360423055,0.11833107281906469,preci,All,Day
20.25_99.75,1.0,0.44076472882728124,0.1618430739531433,0.2373939651971795,0.21362580638946777,0.16879967597676487,0.40610870092537543,0.28910527826643406,0.1487501494235349,preci,All,Day
20.75_100.25,1.0,0.4655148174327856,0.19622405505213691,0.29567061111020815,0.2111027715940904,0.21264687272141752,0.41247598057313567,0.3228262782480625,0.17016577322213491,preci,All,Day
20.75_100.75,1.0,0.4467524706954619,0.20083855037769321,0.29850474167443863,0.21651019476130884,0.20462275505690028,0.45120626413006987,0.39228115811416076,0.15870049986352877,preci,All,Day
20.75_101.25,1.0,0.4275758191479935,0.22345541612115133,0.28201235692092086,0.208783578820229,0.18268424198454,0.4446087068116878,0.40772250033374624,0.1316244741488534,preci,All,Day
20.75_101.75,0.9999999999999999,0.4534273474272198,0.23564987854097,0.25453114050715386,0.20119937651975117,0.17317196644168467,0.4194853388589389,0.38528838290315126,0.1248219583529936,preci,All,Day
20.75_102.25,1.0,0.4767337164335971,0.2376973888256121,0.29692148580002836,0.21786360130568055,0.17268200512777448,0.42178334218070174,0.3906328107717531,0.14526640636788485,preci,All,Day
20.75_102.75,1.0,0.4857485556772764,0.20535366323534532,0.2492866338301436,0.23161099437530513,0.17160884185341937,0.4076815772989312,0.40081065177004027,0.14422535189955818,preci,All,Day
20.75_103.25,1.0,0.49578416893472593,0.2324301355858029,0.268109465593978,0.24324946562745955,0.16847939491657357,0.46301199978728,0.43811165817134795,0.1508880120346861,preci,All,Day
20.75_99.75,1.0,0.4853701142268126,0.22895901415184824,0.28104169968496046,0.2252950427768231,0.18595213885470582,0.43124653225582205,0.3283381593155543,0.15665055049390905,preci,All,Day
21.25_100.25,1.0,0.5200097270917857,0.21391344226502645,0.2494141529164032,0.19684184751268582,0.19265261247195192,0.42082378372885504,0.3287887627826392,0.16630573445394164,preci,All,Day
21.25_100.75,1.0,0.4779487331318996,0.2191480793680709,0.3223164715794142,0.19772091319698873,0.1832627128560129,0.46315945985219353,0.37146311802604237,0.14909255422663084,preci,All,Day
21.25_101.25,0.9999999999999999,0.43979098207534073,0.22175924246838255,0.28219373218211125,0.19506786997917566,0.16612630153268368,0.44016570211456224,0.3803729320153294,0.12750041451439428,preci,All,Day
21.25_101.75,1.0,0.4529143569117676,0.24953743031403253,0.2934155506690973,0.21476633590390626,0.16861443383915514,0.4305010481809645,0.3966875257659111,0.11787251333511639,preci,All,Day
21.25_102.25,0.9999999999999999,0.4607692107025303,0.23589737230310281,0.30487288845307553,0.23176181679240968,0.17128222470206633,0.43894852613501034,0.37048468902222265,0.12975687584908702,preci,All,Day
21.25_102.75,1.0,0.48871837591845685,0.20778332220551293,0.25901060772596896,0.24422695444803094,0.16226741629970495,0.39771277260119575,0.39811335442965423,0.1397702748086554,preci,All,Day
21.25_99.75,1.0,0.5211884625736052,0.22527816234968273,0.2663839680842133,0.19779329430141426,0.162318540145124,0.3776586741880597,0.30277044472220954,0.13456907837720886,preci,All,Day
21.75_100.25,1.0,0.5661950139443893,0.25582106784032194,0.3098502064327002,0.1626284530272365,0.17192101888808353,0.45166532819599087,0.34646613782452373,0.16036660333739022,preci,All,Day
21.75_100.75,1.0,0.5150859939654789,0.21543864420090705,0.3013339037629656,0.140731225873192,0.16879600482614343,0.43739329135759747,0.3035778761150707,0.15067191234009214,preci,All,Day
21.75_101.25,1.0,0.497948678952868,0.20434456310791743,0.2829931425324932,0.15801535340855397,0.16287908885785918,0.4196737991454263,0.34350082485138916,0.14952029612739523,preci,All,Day
21.75_101.75,1.0,0.49649253031666835,0.2457851666447749,0.3113173701997841,0.18650206605781133,0.16566234736452248,0.43902876576435057,0.37779418076193794,0.136285625012206,preci,All,Day
21.75_102.25,1.0,0.4815079554325372,0.21548853044412627,0.27697678574445883,0.21458838817715623,0.17367109565276553,0.3975783189997775,0.3505286151722124,0.13150048601691244,preci,All,Day
21.75_99.25,1.0,0.5638907445410338,0.24334579640339538,0.3509712215026481,0.1996955094296934,0.1566446839846637,0.45931106372965197,0.40491550775628876,0.18817333531170272,preci,All,Day
21.75_99.75,1.0,0.5599760501671803,0.2016072606115469,0.3043687928271992,0.18957360468772527,0.15922893145315295,0.4170081152621798,0.3241880907603446,0.1604848871734168,preci,All,Day
22.25_100.25,1.0,0.5662486814915108,0.23031809370870443,0.3224698064433761,0.14963682095850356,0.15933456096522758,0.46015146471467083,0.33006201619167574,0.17213324771060987,preci,All,Day
22.25_100.75,1.0,0.53349845960511,0.18744918378312697,0.27847412098268126,0.12447385111177181,0.15099512626555284,0.43033730440907497,0.29453142554656553,0.16130654689837512,preci,All,Day
22.25_101.25,1.0,0.5296645515606032,0.22029908407765106,0.3217571249216999,0.14775063758020965,0.16140970130872262,0.42675227759472073,0.36608633664498236,0.16932986219981136,preci,All,Day
22.25_101.75,1.0,0.5289676820186107,0.23087793715369212,0.3369540138012883,0.18684906405620563,0.17769395105127042,0.44119836232848303,0.3585048656615777,0.16477592701399713,preci,All,Day
22.25_102.25,0.9999999999999999,0.5080467458442218,0.21902475167213956,0.3159269530803435,0.22229418540115753,0.19491235021945721,0.3829254881847534,0.3529568930448158,0.1585621783461016,preci,All,Day
22.25_99.75,1.0,0.5564684141159291,0.20905299830757118,0.3265239926328197,0.1621107084530725,0.14914187250973052,0.41012782520074914,0.37091237524995885,0.16437154142095242,preci,All,Day
22.75_100.25,1.0,0.5837513523544847,0.21943572636452935,0.3178627142620851,0.14399877782124534,0.14627640971031153,0.4225214142701774,0.28641962522806735,0.20813720898639712,preci,All,Day
22.75_100.75,1.0,0.5711294881948791,0.20474110657112438,0.31660019052958116,0.1497034929416726,0.14700564768486496,0.39567706244563144,0.3645330597002462,0.1934906470975815,preci,All,Day
22.75_101.25,1.0,0.56262723988378,0.23619269984864238,0.3400714142881622,0.17672260682071184,0.1606605706774927,0.4955774222112607,0.37955266173095303,0.20005491690002086,preci,All,Day
22.75_99.75,0.9999999999999999,0.5505338157720084,0.23808781867278198,0.30126942853877975,0.15802265448309605,0.13876048131497773,0.4147106002277224,0.3220722635368013,0.1977346541254161,preci,All,Day
23.25_100.25,0.9999999999999999,0.613573835730473,0.1946910744043772,0.29959532261648875,0.14633604141925965,0.1422282286547085,0.3962526763373849,0.304651452290923,0.22986242708641524,preci,All,Day
23.25_100.75,1.0,0.6201852719802617,0.20390927478385484,0.3164706430541111,0.15480405832308092,0.149944953458142,0.43025950877641145,0.3671641210573929,0.21258638242486194,preci,All,Day
23.25_99.25,1.0,0.5584232927768925,0.21911349821746243,0.30726794463143026,0.17692007260453202,0.14814036059715438,0.3815666837816932,0.387031637217252,0.21388435083428672,preci,All,Day
23.25_99.75,0.9999999999999999,0.5825420846917818,0.23145100659575496,0.30764949523990365,0.15791124124228498,0.13764775460750553,0.4023882673911619,0.35805129512756606,0.21403270344538333,preci,All,Day
23.75_100.25,1.0,0.562575596667498,0.20723469639770334,0.27511225676441453,0.12263132124872739,0.1276666560987594,0.39417476081420866,0.30958475317626205,0.21561796905066058,preci,All,Day
23.75_100.75,1.0,0.5997742789874265,0.19115525423495897,0.30274391115005483,0.13598965035174365,0.1297127211702219,0.4055114137208856,0.35286677646679715,0.20504569375796514,preci,All,Day
24.25_100.25,1.0,0.5413705901898141,0.19803220401686608,0.25940344031603607,0.10381670763391655,0.12393329057758688,0.35002059326395446,0.31637971441700596,0.21887682044702125,preci,All,Day
24.25_100.75,1.0,0.5496188018019715,0.17651721009878502,0.26085312209737654,0.1058504415541245,0.10937675111729503,0.33728110138477074,0.31787943884785014,0.19656472341671738,preci,All,Day
24.25_99.75,1.0,0.530770453114229,0.18870818213149046,0.2505783674569156,0.11462923357582606,0.13897161851896792,0.38565299002705544,0.32799015930080105,0.2203212950280546,preci,All,Day
24.75_100.25,1.0,0.5925235201672644,0.19930777484687792,0.26344370361851827,0.11549958893199123,0.12432891018230234,0.35035949028439445,0.31805700759742317,0.21872435632586723,preci,All,Day
24.75_99.75,1.0,0.5708760393241181,0.18864964428637182,0.2678513693794427,0.12009042930034393,0.13834768475088552,0.3516103908447631,0.3084217963200289,0.21778172799209428,preci,All,Day
25.25_99.75,0.9999999999999998,0.5689839549826542,0.19913523970190988,0.26580536950744765,0.1394614648948488,0.12352442386124417,0.33618466300735794,0.2908585235696257,0.22151767164801844,preci,All,Day
25.75_100.25,1.0,0.5570644883098583,0.21288600051099324,0.3018958564064436,0.12512197146578452,0.09671135514574826,0.34742651386451795,0.3187131250563333,0.24490325847860747,preci,All,Day
25.75_99.25,0.9999999999999998,0.5156079507979461,0.2685046655228787,0.27765944741466686,0.1386829035582681,0.12485142185646717,0.3299836595370552,0.26633647034856295,0.25711306618385993,preci,All,Day
25.75_99.75,1.0,0.553151124733455,0.2472667189094463,0.30923524200218727,0.14121725284342418,0.11321751854372043,0.3511131442665608,0.29235194843525997,0.26114153096805853,preci,All,Day
26.25_99.25,0.9999999999999998,0.5149079529291681,0.3073469137637141,0.2991814903859906,0.14014529798442657,0.13182101133986762,0.35834404251686175,0.2687497134200911,0.29126102681150196,preci,All,Day
26.25_99.75,1.0,0.5558179237911535,0.2760852301183216,0.33559677450614656,0.15033529553757882,0.12538667029829267,0.37855765078134224,0.2904758306056657,0.29623856054207726,preci,All,Day
26.75_99.25,0.9999999999999998,0.49543664093069234,0.28064151861080233,0.3315922772934397,0.13386127578463586,0.13469997598967878,0.3511592721336657,0.25920272553664364,0.2991744635252229,preci,All,Day
27.25_99.25,0.9999999999999998,0.4722067344546048,0.24261042362524765,0.3055638146630185,0.14097324385652663,0.12442417290427234,0.30286513687749855,0.24794832334740458,0.3012989966467647,preci,All,Day
27.75_98.75,1.0,0.5550891194693459,0.2504507464144576,0.3525098188891157,0.17511360560202657,0.15021239274832562,0.3220792132141314,0.2926242850588909,0.3443117533555442,preci,All,Day
28.25_98.75,1.0,0.54959073872283,0.24424043607440477,0.3422031472688602,0.19912035907052214,0.12568744035387167,0.304699546965171,0.35515507941707775,0.30701423740773964,preci,All,Day
28.75_98.75,0.9999999999999999,0.5812702686901201,0.1953962240673928,0.3584168690542842,0.20942902617182566,0.11130373585160433,0.34174606703571414,0.3630574811029035,0.3047712747462608,preci,All,Day
29.25_98.25,0.9999999999999999,0.6351202792224268,0.1627628726511634,0.36782944102689685,0.19663279153342197,0.08893598915031654,0.40854806310537695,0.36381284138529113,0.3002815923382027,preci,All,Day
29.75_98.25,1.0,0.6294582028610187,0.16462997639486593,0.36061104223764223,0.17612188096006012,0.06930109940012207,0.3720804000655696,0.3624849743871517,0.2680274260155883,preci,All,Day
30.25_97.75,1.0,0.6799799415776767,0.23304980267371128,0.40865860023857364,0.1946390983588331,0.08341213223480491,0.4422927040850639,0.422076429216205,0.3028129295305803,preci,All,Day
30.25_98.25,1.0,0.6902339528138666,0.21775144405074864,0.42604132330459354,0.2106347466081968,0.08049893563011949,0.43237741809659014,0.42006359640861946,0.29374922383917645,preci,All,Day
30.75_97.25,0.9999999999999998,0.7016605714001493,0.2601178325037511,0.457305665026199,0.16780458346492802,0.11509038209666751,0.4629199961783409,0.4374710630417153,0.3656821879322442,preci,All,Day
30.75_97.75,1.0,0.7148828442751268,0.25720767795959343,0.4444730460221783,0.18110519094235986,0.11290774752654623,0.4366400035609438,0.43320922975037385,0.3507048595990467,preci,All,Day
31.25_96.25,1.0,0.6830923957615944,0.29342988636001116,0.4589067626018705,0.22844945555320506,0.1328650008774785,0.42469499012517425,0.4431680858150733,0.36424288553877376,preci,All,Day
31.25_96.75,1.0,0.6538004088298446,0.27021299652320757,0.45153156378766557,0.2102043704688771,0.12742056584713168,0.4377686491942705,0.44362052320356826,0.34900771136803505,preci,All,Day
31.25_97.25,1.0,0.6915689093427055,0.2714050736190783,0.46897476120106696,0.19864741130977287,0.13207288346344917,0.4736703435804106,0.45607830543003186,0.367149958899934,preci,All,Day
31.75_95.75,1.0,0.6444920122142476,0.34858277455463893,0.44850544960011396,0.29267691648680433,0.18526724530243632,0.41095980574537566,0.48826766977366387,0.4180882925317156,preci,All,Day
31.75_96.25,1.0,0.6449583301571405,0.3341513458653062,0.4650365780471756,0.29123644506578195,0.1708695915072066,0.4194493337021165,0.4870313773165412,0.4044722877367986,preci,All,Day
31.75_96.75,1.0,0.6293313837929836,0.30409256125884143,0.45836720532469394,0.2809881720029687,0.157135335398123,0.4368699167507544,0.4775282014842145,0.38348715679897744,preci,All,Day
31.75_97.25,0.9999999999999998,0.638252556060855,0.2926545349427441,0.46654164365183,0.27246442615386207,0.1444353870284827,0.4686722578867099,0.484516207216635,0.387202068790065,preci,All,Day
31.75_97.75,1.0,0.6314817704181823,0.29712290082818926,0.4808239765742399,0.23326458184851345,0.13808839858065153,0.4818246240296324,0.48660735342140315,0.39516531141031697,preci,All,Day
32.25_94.75,0.9999999999999998,0.713303112688851,0.3595162176115056,0.47205178340311954,0.329623179863958,0.21202541817361978,0.4354485470524295,0.48131050614234727,0.4089967303060325,preci,All,Day
32.25_95.25,0.9999999999999998,0.7004150715412353,0.3823111383260164,0.4783021399961025,0.3318720150558489,0.21808093934977163,0.36331192489352737,0.47731366981969403,0.4261684162950361,preci,All,Day
32.25_95.75,1.0,0.6874090121917957,0.3648139616625385,0.45690083828361683,0.3352892241003691,0.2034757388597379,0.4137813060494519,0.4758262482506563,0.42458072922898277,preci,All,Day
32.25_96.25,0.9999999999999998,0.6583186681200364,0.3255958146353478,0.4559247062772087,0.3116789333052798,0.18200766287650424,0.39975928124280513,0.46478747163740186,0.4001681134845204,preci,All,Day
32.25_96.75,0.9999999999999998,0.6415980995526049,0.3389598154180757,0.45402845173129336,0.3032297259767407,0.16868475435480293,0.4395609030215609,0.482614138073121,0.38775780058518006,preci,All,Day
32.25_97.25,0.9999999999999998,0.6504642059793327,0.3664031413884187,0.49714738249466717,0.2991298841076339,0.1541213329579348,0.4681482190001747,0.5099549304897714,0.4027921921640419,preci,All,Day
32.25_97.75,1.0,0.6546514629968138,0.33016476241643195,0.4681589787110595,0.25176685648185615,0.1387115763943728,0.45570815260385994,0.4968099014686152,0.41269750974392433,preci,All,Day
32.75_94.75,1.0,0.7270290428254705,0.37386068422862895,0.4568408982605982,0.3504001027319701,0.2103685219038199,0.41566712022042607,0.4540048305807488,0.42935153773798057,preci,All,Day
32.75_95.25,1.0,0.6943083287758957,0.34661838626992797,0.4940898817498106,0.3671345159466251,0.20117384559566276,0.4462215603049153,0.42720894816517413,0.42052624998848365,preci,All,Day
32.75_95.75,1.0,0.6933349721387091,0.3542613099336807,0.5005382266390874,0.3911299392669748,0.2093872818622774,0.4758147044314354,0.45514812587823206,0.4142975683475643,preci,All,Day
32.75_96.25,1.0,0.6871142843212104,0.35294104894227823,0.49770137844479495,0.3817050691935937,0.195784438753734,0.44476594642125267,0.47525156338827085,0.40640334336521783,preci,All,Day
32.75_96.75,1.0,0.639959653471173,0.3756460984274631,0.505148235682789,0.3538493936996191,0.1782517888851696,0.469715274753215,0.4944837829055396,0.40492625396143234,preci,All,Day
33.25_94.25,1.0,0.6761547944989853,0.3417623762226399,0.49870370990735513,0.34421809967192646,0.2220883248553728,0.46009718984465076,0.42447618742258664,0.42440313301999116,preci,All,Day
33.25_94.75,0.9999999999999999,0.6832490938042798,0.3284451252905594,0.48543984129286943,0.37662651561134763,0.20287739225717036,0.46691596397326973,0.39994652978499273,0.41278220738386,preci,All,Day
33.25_95.25,1.0,0.6726011418885808,0.3712768544143615,0.49334646017831546,0.3872320666717526,0.19078240739352162,0.4353382451450612,0.41229579003521344,0.4089211349708915,preci,All,Day
33.25_95.75,1.0,0.6736359193026608,0.40513742740924324,0.491865120538883,0.38618695595716035,0.19147855187416793,0.4800370653253293,0.44089402484409856,0.41481544432782397,preci,All,Day
9.25_105.25,1.0,0.5671336089492347,0.20117728776516405,0.3854284063327203,0.15319868984650664,0.2511755825359302,0.4771393170672366,0.3251048412178546,0.0833585604809438,preci,All,Day
9.25_105.75,1.0,0.5275631236747811,0.22724612808486758,0.38685065639054167,0.218295155472268,0.2279866274861198,0.4903151132136179,0.311007802285434,0.09767793098383616,preci,All,Day
9.75_105.25,0.9999999999999999,0.545760558688898,0.22225610596027487,0.3548332104306088,0.20203667118414445,0.23489547749679796,0.46672011188586565,0.29504167294802586,0.10891012608542354,preci,All,Day
9.75_105.75,1.0,0.4927552655863084,0.1901122004658115,0.37229395070519467,0.18144505737115324,0.21796928936732204,0.4722914554574112,0.31948114515070125,0.11185835466403032,preci,All,Day
9.75_106.25,1.0,0.52996227944895,0.17693702167161113,0.3788905754837118,0.1518217401449735,0.22856176819093982,0.48572451148558815,0.34049769814726905,0.09743072108036437,preci,All,Day
10.25_104.75,1.0,0.86798634766357,0.595202763491615,0.737540301063021,0.5724258600174758,0.6257086048277807,0.8022305455789595,0.5149605647087554,0.5252868803548172,preci,All,Mon
10.25_105.25,0.9999999999999999,0.8689796292831847,0.6494742577202272,0.7293801535366012,0.48467632935324917,0.6081699448601791,0.7872539128712666,0.6628576206548062,0.4898195575559079,preci,All,Mon
10.25_105.75,1.0,0.8901960177108041,0.6805857204882748,0.7685866344230271,0.5241950988382149,0.679101771494078,0.8278534841140246,0.7723132595769239,0.49833584946705345,preci,All,Mon
10.25_106.25,1.0,0.8955320627879912,0.6774796490200987,0.7861860714842112,0.568211022468843,0.723643583853917,0.8375229602513327,0.8378429465412555,0.5210388407457449,preci,All,Mon
10.25_106.75,1.0,0.9097255763184747,0.7683050652612489,0.7473671516152743,0.4701207014436073,0.7295231442186301,0.8381849323821138,0.85190159296884,0.5629172846851377,preci,All,Mon
10.75_104.75,1.0,0.8258480329084325,0.5537157952325249,0.6795604824984119,0.47963708321503634,0.5452566730998568,0.7410411953203477,0.44876515603712597,0.41571229942731097,preci,All,Mon
10.75_105.25,0.9999999999999999,0.8298556054483994,0.6260489478995004,0.6583140272933151,0.41223065059614755,0.5437339109262774,0.714895070859026,0.6890691347859171,0.4035689938778562,preci,All,Mon
10.75_105.75,0.9999999999999999,0.8707652128050366,0.6669279395548268,0.7178323650549805,0.48687538325693624,0.6302739203399306,0.7739980319000801,0.7566610476128097,0.46909550123829796,preci,All,Mon
11.25_104.25,1.0,0.7989517187871682,0.6255255764355382,0.6806941712836708,0.5461675931100587,0.5818560284549982,0.7648287221222234,0.22538423535769522,0.39009007908067705,preci,All,Mon
11.25_104.75,1.0,0.8137616279094745,0.590411586420661,0.6785353760556456,0.48636054780941135,0.54613601482236,0.7613949348617141,0.5822067259387935,0.36306097517537517,preci,All,Mon
11.25_105.25,1.0,0.8420588896482417,0.6439151700670863,0.6826959252298583,0.48754091811761274,0.589789873082059,0.7562688952652238,0.7224167992402353,0.40170582928792214,preci,All,Mon
11.75_104.25,1.0,0.7899549894728929,0.6562814614068978,0.6466849758833229,0.5845175382172607,0.5853997757583161,0.7720841173792932,0.2707969555386482,0.3523988932770737,preci,All,Mon
11.75_104.75,1.0,0.8169630043041054,0.6272080689789494,0.6839565554042051,0.5769718601885114,0.5408175434830992,0.7800662321309273,0.6543802307758365,0.36041163398442766,preci,All,Mon
11.75_105.25,1.0,0.8379735610742703,0.6442389429404537,0.6859294846624746,0.5358293374860198,0.5728864078613688,0.7624676013374452,0.716083671272375,0.4415617374652752,preci,All,Mon
12.25_103.25,1.0,0.8063888430408285,0.7312200208614252,0.7180063144752893,0.5854358168138349,0.6497614603046281,0.7719503514771231,0.3454693981800776,0.5439998549302479,preci,All,Mon
12.25_103.75,0.9999999999999999,0.788729000055226,0.6727682687684708,0.6268045595344783,0.5031117125882671,0.616625400459501,0.7721253871662306,0.2995069374054816,0.3892634568077197,preci,All,Mon
12.25_104.25,1.0,0.7715299630148159,0.6283087194632272,0.6667550247640841,0.6366217665573995,0.6283994953969961,0.7871976335679793,0.4837640700904423,0.3591713867547629,preci,All,Mon
12.25_104.75,1.0,0.8043674630158557,0.6330449364235743,0.7239803021587127,0.645723445913092,0.590520744076699,0.8051054378686434,0.6838120075651721,0.4005532613366849,preci,All,Mon
12.25_105.25,1.0,0.8219880892002526,0.6569441075161692,0.7267753583623369,0.6145919162333879,0.5870703168784853,0.7861259007395003,0.7331479006023732,0.48351056149256694,preci,All,Mon
12.25_105.75,1.0,0.8266649123873268,0.6503994712522733,0.7616601583717469,0.6278450872594554,0.6334459047417903,0.7962552104622109,0.7383942226883677,0.5723424317527421,preci,All,Mon
12.25_106.25,1.0,0.8406312824552148,0.6380149808893602,0.7868363025147131,0.63571217926922,0.7018198958857168,0.8111438530638675,0.7591356764630572,0.6493502038760255,preci,All,Mon
12.25_106.75,1.0,0.8742571860750014,0.6861697774945793,0.8034965947370047,0.7010943486842154,0.760997963372149,0.8180061051987506,0.7895453942388005,0.7018698127532519,preci,All,Mon
12.25_107.25,1.0,0.9267868649111112,0.7914638744370781,0.8484367807409577,0.779136167719092,0.7934642973899342,0.8748791185764245,0.8319446951122301,0.7472283430392835,preci,All,Mon
12.25_107.75,1.0,0.8937863968121986,0.7223738871076234,0.8363116345536334,0.7774681696643351,0.7593638142725374,0.888469294625244,0.6978619417097461,0.6935554308100104,preci,All,Mon
12.25_108.25,1.0,0.86681318839454,0.6700089359760818,0.7473722811545181,0.713302549187282,0.7205221036429703,0.8272618384735021,0.6875007714897162,0.3964393114400952,preci,All,Mon
12.75_102.75,1.0,0.7909520319240892,0.6936384762214407,0.740790874009084,0.522930965960252,0.6239033471417619,0.7942925974682226,0.3353818944379348,0.6140184537308669,preci,All,Mon
12.75_103.25,0.9999999999999998,0.7704408519475836,0.6354027438276123,0.6506419403330724,0.43901000245386873,0.578647197895227,0.7572736867133603,0.3949619711089261,0.4752763111334793,preci,All,Mon
12.75_103.75,0.9999999999999998,0.7624398320932807,0.5476257034125502,0.623384836173384,0.47834695241988934,0.5915621340776502,0.765496399467877,0.6649072166660432,0.4039443053637974,preci,All,Mon
12.75_104.25,1.0,0.7661420798235,0.5945058618692943,0.710749919916097,0.6143753642124845,0.6133315448372366,0.8114251100883665,0.7452476225561374,0.43972849057924723,preci,All,Mon
12.75_104.75,1.0,0.7886112924310995,0.6346790696427118,0.7412299354788899,0.6238128819668147,0.6229936790038512,0.8106158002164789,0.7448899917782443,0.4846618103666792,preci,All,Mon
12.75_105.25,1.0,0.812841152288336,0.6717054401389186,0.773144215306898,0.6856584419481634,0.6617962833886121,0.8253998870382772,0.7460379653744074,0.566670772687314,preci,All,Mon
12.75_105.75,0.9999999999999999,0.8312875377526187,0.6850664803792703,0.8010487073827609,0.7145998838499764,0.6927260348610865,0.8381182783101596,0.7333014581575178,0.6376545152589599,preci,All,Mon
12.75_106.25,1.0,0.844249948181797,0.6616801950521873,0.8096788351286752,0.702298330174538,0.7219408144386809,0.8454999588672799,0.7622265418323815,0.6944629494777197,preci,All,Mon
12.75_106.75,0.9999999999999999,0.8737364516219479,0.6970970798912227,0.8179580665163171,0.74316589300241,0.7705323546324373,0.8580411120176988,0.8021490470523539,0.7316691219339576,preci,All,Mon
12.75_107.25,1.0,0.917673376133225,0.7535502020617006,0.8349115919725583,0.7889784516100761,0.8123170325165474,0.8873293900336754,0.6862693336346717,0.7572372453227935,preci,All,Mon
12.75_107.75,1.0,0.8874232917616257,0.5707593074500045,0.8028512703668239,0.7706848592591723,0.7528490886600798,0.8660536875140127,0.5599543036099465,0.6984166333105679,preci,All,Mon
12.75_108.25,0.9999999999999999,0.8687321195693213,0.4428420312579558,0.7278441153173195,0.7088627901441455,0.6447530126239638,0.7914690781331554,0.6992781877854212,0.40766992078414754,preci,All,Mon
13.25_102.75,0.9999999999999998,0.7849126234315431,0.6906266186940788,0.705985171667471,0.521204886678268,0.6547604291725235,0.7959915484258157,0.4060668992679641,0.5772075219442213,preci,All,Mon
13.25_103.25,0.9999999999999998,0.7580663488899807,0.6263658271789954,0.6549043694674135,0.5187986940670406,0.6253168747457598,0.8140587653462104,0.6419609171091102,0.5282122214896634,preci,All,Mon
13.25_103.75,0.9999999999999998,0.7499772181159687,0.6170917482644297,0.6818957089317558,0.561024267385158,0.5997167284111219,0.8163747604910506,0.7199946117774554,0.5206525282468599,preci,All,Mon
13.25_104.25,1.0,0.7539212349661771,0.6122512075258895,0.7148628863240478,0.624970181078831,0.6147962665161781,0.8085344015997606,0.7335310148100608,0.5649886456742973,preci,All,Mon
13.25_104.75,1.0,0.7740960170619664,0.636729439995722,0.7473974213260497,0.6719712786948143,0.6671191136308904,0.8191011433737104,0.7199638480171563,0.5926983989978599,preci,All,Mon
13.25_105.25,1.0,0.8090250839495219,0.6853389275245115,0.791622772222273,0.728461962593233,0.7182192940889929,0.8532559806910683,0.755999187206691,0.6420676276376136,preci,All,Mon
13.25_105.75,1.0,0.8433930113825228,0.7170293347403432,0.826863767214849,0.7560886197798518,0.7436979265826812,0.8793985522786434,0.7632286714514048,0.7044562662235818,preci,All,Mon
13.25_106.25,1.0,0.8606253449584679,0.7232189387458448,0.8461993395317062,0.7661145789057866,0.7503408978138888,0.882926532317236,0.8035303367968709,0.7458574024559708,preci,All,Mon
13.25_106.75,1.0,0.8777051115671307,0.7320478791607957,0.8618095907224503,0.7763206111090571,0.7877941747230941,0.8937109324938909,0.83775014684601,0.7702767758774253,preci,All,Mon
13.25_107.25,1.0,0.9015574482138348,0.7007811615734346,0.8508938656621062,0.7643063042658004,0.804883564754528,0.8885749141441335,0.7914781562843384,0.7659111556740243,preci,All,Mon
13.25_107.75,0.9999999999999999,0.8869961590799973,0.6045620522727375,0.809508858679173,0.7283469390858651,0.7649062712332625,0.858413943867599,0.7949159830530954,0.706695350907069,preci,All,Mon
13.25_108.25,0.9999999999999999,0.8915006280031967,0.5501061053800238,0.726159534663128,0.6890362878777302,0.6719878589370418,0.7622935487884508,0.7132038314213663,0.5489563432652795,preci,All,Mon
13.75_102.75,0.9999999999999998,0.7876889941450554,0.7125321198864665,0.6717550674113272,0.597753868215797,0.6783841746869246,0.8130718660959051,0.611702041103138,0.5789314651126404,preci,All,Mon
13.75_103.25,1.0,0.7720226398898157,0.6889918754286956,0.6857033440045006,0.617684559643907,0.6569874149311908,0.8252232843343159,0.702421048138219,0.5964842982278594,preci,All,Mon
13.75_103.75,1.0,0.7703067603423368,0.6610956255539494,0.7173161520545054,0.6608193293197034,0.6548658936838705,0.8244237742429434,0.7493862188323299,0.6299862829582662,preci,All,Mon
13.75_104.25,0.9999999999999999,0.7834157305929111,0.6599701315546728,0.754606336275432,0.6945461929862131,0.6854792306399665,0.8347093723715728,0.7508612576138817,0.669015790926221,preci,All,Mon
13.75_104.75,1.0,0.8019698675570507,0.664097347165777,0.7795335133982199,0.7277039893829813,0.7374542355055561,0.8599321288812262,0.757218523643762,0.6909039206210665,preci,All,Mon
13.75_105.25,1.0,0.8366047101075973,0.7060751991102017,0.819652967376828,0.7815331564998194,0.7869361757694814,0.9008591821387988,0.8206282946572053,0.7183526919778958,preci,All,Mon
13.75_105.75,1.0,0.8570160745370906,0.7280711223301182,0.8417354321814823,0.7823790067467036,0.796369334212609,0.908563882939986,0.8368620843604504,0.7561702851830392,preci,All,Mon
13.75_106.25,1.0,0.8666386747816258,0.7229117599479727,0.8514657813066836,0.7623022211984954,0.7799077472666747,0.9074098736890898,0.8604788683542863,0.782164798589037,preci,All,Mon
13.75_106.75,1.0,0.8639337722466002,0.7299234631040624,0.8507500758991289,0.7360792492807156,0.7866797160962107,0.9066192266773837,0.8575093202033174,0.8000766656075232,preci,All,Mon
13.75_107.25,0.9999999999999998,0.8825849259063342,0.7073882881747708,0.8360184444620337,0.704192739462904,0.7716368082540941,0.8931772829151393,0.8396605957267632,0.7708118995995726,preci,All,Mon
13.75_107.75,1.0,0.8809725364362223,0.6940191516912281,0.8160858785870049,0.6277881249868907,0.7446386360486614,0.8837441994266152,0.8227001822011591,0.7079277986427341,preci,All,Mon
14.25_102.25,1.0,0.8633681507539375,0.8070614785821648,0.708593183449976,0.6353340930746011,0.6762721770038531,0.814350362352784,0.6176025196313791,0.5554257821605262,preci,All,Mon
14.25_102.75,1.0,0.8153349819375404,0.7802417663612677,0.7193049240696879,0.6347059223893203,0.7031634998027568,0.8285700520999726,0.5734526538843817,0.5901048777761466,preci,All,Mon
14.25_103.25,0.9999999999999998,0.793608735447494,0.7696503497458452,0.7548224229616223,0.6876411687606192,0.729899847265114,0.8582382905612966,0.712451665010722,0.661288654616035,preci,All,Mon
14.25_103.75,1.0,0.7864677246277891,0.7601532544340689,0.7731431970418612,0.7323258374575894,0.7332427328220366,0.871438867766852,0.7709016022113976,0.7152731764182765,preci,All,Mon
14.25_104.25,1.0,0.7990553524350583,0.7716264809653798,0.7850108510543963,0.7506900662239365,0.7401429616150293,0.8853188398472295,0.7297983108675969,0.7318586236796407,preci,All,Mon
14.25_104.75,1.0,0.8381985146585549,0.7622190771706012,0.8117532492868315,0.7740405380727443,0.7764007618556789,0.9095439067662806,0.7981189230720265,0.7455307584282855,preci,All,Mon
14.25_105.25,1.0,0.8604548581295208,0.757408076943755,0.8552684713928066,0.7989363132250977,0.7989549304494807,0.9306994100036926,0.852480684362736,0.760870465162348,preci,All,Mon
14.25_105.75,1.0,0.8809612072049934,0.6629622122887993,0.8616820535240574,0.7559208879149534,0.7999008552395538,0.934148448599572,0.8838571096732469,0.7924167015901045,preci,All,Mon
14.25_106.25,1.0,0.8955541292415105,0.6527171808019189,0.86276604286876,0.7452555155339814,0.8090773963289828,0.9299189826870842,0.906845733013037,0.8132330220650532,preci,All,Mon
14.25_106.75,1.0,0.8768245157536274,0.7018602310441777,0.8466045832880241,0.7074324039860513,0.7953027736038055,0.9269257847233151,0.874321181752364,0.8144968387732016,preci,All,Mon
14.25_107.25,1.0,0.8737021020853091,0.7061129491069335,0.837435666280268,0.6449732504647768,0.7703694461251086,0.9164628426505892,0.8439884712749077,0.7799348570064786,preci,All,Mon
14.25_107.75,1.0,0.8369009697061035,0.6689551735887705,0.810234354458304,0.5794839791365521,0.7004044167753916,0.8976624995391556,0.777387524304881,0.6550231729357721,preci,All,Mon
14.25_108.25,1.0,0.8538275598260561,0.6703862137227407,0.724028352498904,0.6550756119680977,0.6377639389576837,0.8407985641591058,0.6137973951808094,0.3459587032721649,preci,All,Mon
14.75_101.75,1.0,0.8373387982538002,0.7493494631957113,0.700515390589312,0.5473612434737315,0.5540102099963695,0.7617687298611737,0.6643313634998828,0.5097748805100801,preci,All,Mon
14.75_102.25,1.0,0.8347974180448571,0.6890433350060606,0.729828429254385,0.592689027433969,0.6240127948599485,0.8316487176687598,0.6157758264317903,0.5453640773008006,preci,All,Mon
14.75_102.75,1.0,0.8106644716572317,0.7456263943294765,0.7593884590057478,0.6482874346175401,0.6883415650494992,0.8447863334684605,0.6760110812701149,0.5972687837873267,preci,All,Mon
14.75_103.25,1.0,0.8073856286733169,0.7723379529606341,0.7792567125152442,0.7335420568662305,0.7140415318218559,0.876118791100398,0.6794751095031071,0.6749712541314201,preci,All,Mon
14.75_103.75,0.9999999999999999,0.8028399562098386,0.786347150045741,0.7658826825975755,0.7534686045196218,0.722349015667468,0.8883625493016017,0.7048571763742867,0.7184705036163898,preci,All,Mon
14.75_104.25,1.0,0.7923910134490697,0.7748416992822784,0.7406302287244872,0.7298325390724272,0.7026952643952542,0.8596731272445998,0.691949996509411,0.6955679593127704,preci,All,Mon
14.75_104.75,1.0,0.838055987573846,0.7771899270728948,0.808871885844297,0.7689015747705968,0.7573771559305994,0.9057814010770728,0.8072761704578612,0.7364989973107458,preci,All,Mon
14.75_105.25,1.0,0.8675046321283267,0.7668931536969615,0.8662006874284676,0.7690524073403824,0.802602126427174,0.9338658606737251,0.8579404621681943,0.7567852027078832,preci,All,Mon
14.75_105.75,1.0,0.8740018258121629,0.6698367011074562,0.8713355391587161,0.7289252365460033,0.805995128140277,0.9382738009809496,0.8872198307429953,0.7934845111926753,preci,All,Mon
14.75_106.25,1.0,0.8982272996220583,0.6977335542122862,0.8624527770731754,0.7136635491530092,0.8246848282300496,0.9411013465672777,0.8779808532614657,0.8110909952286398,preci,All,Mon
14.75_106.75,0.9999999999999999,0.8878873772521698,0.7255098379308152,0.8464703867475747,0.6720906227490763,0.7806291494375576,0.9319044636296656,0.8671588047688895,0.7945637683850149,preci,All,Mon
14.75_107.25,1.0,0.8759140757970897,0.6732765850371567,0.824136316207547,0.6275984478836192,0.7200548524787221,0.9337720313962703,0.8538726812302797,0.7529583664802274,preci,All,Mon
14.75_107.75,1.0,0.8155443994888474,0.6583796328320889,0.7322730965915648,0.6047981954256281,0.6404233743077185,0.898599417086237,0.6913834005404235,0.42886402230524473,preci,All,Mon
14.75_108.25,0.9999999999999999,0.8388824752196128,0.6073284240226515,0.6120266699326897,0.6663932725647617,0.5870452831701096,0.7794560388959827,0.6006789917866945,0.22265056607530123,preci,All,Mon
15.25_101.75,1.0,0.8309042502872004,0.6982704383229856,0.7201509704241056,0.571262462092919,0.5425678286123596,0.788397233971923,0.716083176711874,0.5391893590026112,preci,All,Mon
15.25_102.25,1.0,0.8161723685880656,0.6780997364315361,0.7429073684508258,0.6271059232793621,0.5958072508214859,0.8366709931286119,0.6508959499146602,0.5750282350512428,preci,All,Mon
15.25_102.75,1.0,0.8017889389377783,0.7455939653716819,0.7601462710878952,0.6774542477198884,0.6588013729978032,0.8661360989917759,0.6965429617395703,0.5987327504498811,preci,All,Mon
15.25_103.25,1.0,0.8096102679780021,0.7489514089637691,0.7413902202369808,0.7370081415655609,0.6846498741580231,0.8720489694466508,0.6877217288393641,0.6481697443050316,preci,All,Mon
15.25_103.75,1.0,0.819921109388759,0.7774350040964331,0.7449946129784467,0.7622395713572044,0.7196623046060768,0.8852523086802276,0.6983347211640423,0.7103541812282552,preci,All,Mon
15.25_104.25,1.0,0.8342405132350283,0.7891911318383843,0.7718609460523373,0.7616609601134424,0.7319576537355814,0.8832861370652392,0.760438877721967,0.7050552759775123,preci,All,Mon
15.25_104.75,1.0,0.8589537478642689,0.7792017925966616,0.8210357802372578,0.7783350612003683,0.7801457908205667,0.9056388506075626,0.824891225471729,0.737025527614271,preci,All,Mon
15.25_105.25,0.9999999999999998,0.8835191068837023,0.7661846487334965,0.8702415456146134,0.7725210660484964,0.8249676828672992,0.9303012610258986,0.8602895962256767,0.7757713486484398,preci,All,Mon
15.25_105.75,0.9999999999999999,0.8920824582008073,0.7660115120522073,0.8680223393950756,0.7362505824242856,0.8134795510699955,0.9403593338124806,0.8847219353823502,0.801788136945602,preci,All,Mon
15.25_106.25,1.0,0.8848422421529492,0.7656967205872875,0.8438290049973048,0.7106991731812305,0.7913308801695691,0.9318416218167145,0.8309175674858531,0.7961145062796421,preci,All,Mon
15.25_106.75,0.9999999999999998,0.8799281866175475,0.7018135707279534,0.8179079444407963,0.6878247801350243,0.7501267307631125,0.9300181194905246,0.837792853764403,0.7566714932539617,preci,All,Mon
15.25_107.25,1.0,0.8298572389346867,0.6752174117752029,0.6420680497538,0.6547988475737886,0.635131423064354,0.8726695156414611,0.7789617691172078,0.5321775344871198,preci,All,Mon
15.75_101.75,1.0,0.8682000637078404,0.7109942972126788,0.693608326898133,0.6292899203213248,0.6214199182831395,0.8074833708371689,0.6556588765616775,0.5675446470432515,preci,All,Mon
15.75_102.25,1.0,0.8536167258791945,0.686373711764517,0.7061965685806365,0.6414790956730752,0.5985783148711209,0.8305240438154591,0.6519463305509572,0.5583710878266456,preci,All,Mon
15.75_102.75,1.0,0.8395915450815796,0.7125177627435033,0.7519255778481215,0.6832449080317718,0.6392006467051404,0.8630981852610647,0.7248485726288085,0.5991720093903365,preci,All,Mon
15.75_103.25,1.0,0.8333387104222556,0.7431507362884907,0.7288123062370291,0.7422465351524926,0.6902192654078516,0.8697319667370835,0.6958129803238408,0.6474817631420666,preci,All,Mon
15.75_103.75,1.0,0.8422315308647744,0.7528800421834849,0.7450117886816514,0.7664605252075235,0.7302518906108361,0.8786104317996951,0.6979864685605373,0.68819114303015,preci,All,Mon
15.75_104.25,0.9999999999999999,0.8773062489384693,0.7614406602992163,0.7944195763888862,0.7972273658968566,0.7736556808714614,0.9011855151565837,0.7895300893667914,0.7352946519757658,preci,All,Mon
15.75_104.75,1.0,0.8956335713441315,0.7771973776680611,0.8416313191353462,0.8012240403818264,0.7989556497474507,0.9183589132012417,0.8303404658197888,0.7588943536484687,preci,All,Mon
15.75_105.25,1.0,0.897644500494017,0.768656424493643,0.867509244156196,0.7712942059971819,0.8069346440530978,0.9308485427900836,0.8480233829887074,0.776706550602522,preci,All,Mon
15.75_105.75,0.9999999999999998,0.8933324493292761,0.7427740586339086,0.8578768144026828,0.7416638671944852,0.7893045908891425,0.9195464429365662,0.8581701942629345,0.7864346775342579,preci,All,Mon
15.75_106.25,0.9999999999999998,0.870446292825123,0.6627287848048191,0.7792103251684956,0.7025338996128917,0.7335943654759857,0.9096408011714242,0.7946603842493075,0.752181922271569,preci,All,Mon
15.75_106.75,1.0,0.8215913519239032,0.7189427730629155,0.6815840317882682,0.6169793610296185,0.617018683367145,0.8860078652748886,0.7272656222409556,0.6235984464441368,preci,All,Mon
16.25_101.75,0.9999999999999998,0.8723924555600809,0.6985550381128016,0.6939819150662964,0.6067744040902247,0.6234391359752058,0.7956924467551206,0.6230484052635488,0.5450671088079713,preci,All,Mon
16.25_102.25,1.0,0.8641686656213086,0.6606133952957797,0.7282913792809383,0.6175199180475458,0.5953132565514487,0.8231698662032664,0.6539260035460052,0.5309953171388004,preci,All,Mon
16.25_102.75,1.0,0.8621079078915213,0.7004578411077929,0.7460132229265883,0.6866094576233635,0.6401396782451159,0.8556462181653833,0.7578163294608564,0.5933338130509208,preci,All,Mon
16.25_103.25,0.9999999999999999,0.8657220435872833,0.7330982480973863,0.751849583521291,0.7471201074559409,0.6984890796889165,0.8656130576417522,0.7563799682103775,0.6763627919968336,preci,All,Mon
16.25_103.75,0.9999999999999999,0.8574098523023994,0.7343774397206024,0.7501286507378858,0.77498460376603,0.7231246040315934,0.8772611810825205,0.7830589715169773,0.7162766237849074,preci,All,Mon
16.25_104.25,1.0,0.8927056164185285,0.7501903141083817,0.7864984476818133,0.8145526558597749,0.7594409979400382,0.9012002940814194,0.831855782475948,0.7483478804843671,preci,All,Mon
16.25_104.75,1.0,0.9018478176760579,0.7546632248880155,0.8107317563019035,0.804735548195073,0.7602998425601704,0.911398857103403,0.8360765250296288,0.7640272103025945,preci,All,Mon
16.25_105.25,1.0,0.8962675284874831,0.7538403502757163,0.8088356967244609,0.7714046343435587,0.7408476488146205,0.9217692921531002,0.8424590807408315,0.7766338004498266,preci,All,Mon
16.25_105.75,1.0,0.89000808509148,0.7083285057774149,0.8184921718352486,0.7198344685864329,0.7226534147795508,0.9136524777292925,0.8284479373055377,0.7825706273256655,preci,All,Mon
16.25_106.25,1.0,0.8488391295623214,0.6936867375430867,0.7692479392440481,0.6566866072350654,0.6736559335841177,0.8879829000699789,0.7775691204000723,0.7520900460552037,preci,All,Mon
16.25_106.75,0.9999999999999998,0.8149494156678876,0.6216882388830458,0.5621161630281133,0.5440811725056625,0.536031764059191,0.7895664132895639,0.55313512562601,0.38247780833577993,preci,All,Mon
16.25_107.25,1.0,0.8019871099449901,0.4180267357360511,0.5061893530697293,0.6800410471760229,0.4987479351769462,0.7312218179327042,0.6281475221652694,0.4411855499847958,preci,All,Mon
16.75_101.75,0.9999999999999998,0.8529484803237368,0.6548510738759734,0.7270691468449412,0.5675785159073534,0.594911651467573,0.8087007115851501,0.6774307509995019,0.5445470679975626,preci,All,Mon
16.75_102.25,1.0,0.8436903151813837,0.6153404123247201,0.7478979230007242,0.5935970828317558,0.6038299023973888,0.8364455210774732,0.7157120863592992,0.5412822718645062,preci,All,Mon
16.75_102.75,1.0,0.8636498092044632,0.6867431204722032,0.7447805836995784,0.6991276840877996,0.6599241445452931,0.8830644118727698,0.7999675194848784,0.5906663953030555,preci,All,Mon
16.75_103.25,1.0,0.8923100956651858,0.7329619023164359,0.7601293680361471,0.775096921636229,0.7192090094426613,0.8941674300444434,0.8246124983419875,0.6756802268009974,preci,All,Mon
16.75_103.75,1.0,0.898233101212131,0.7597274535539068,0.769574191724384,0.7947091368712218,0.758998542681565,0.8978715786718002,0.8440684286838546,0.722570527697403,preci,All,Mon
16.75_104.25,1.0,0.9087486477386674,0.7601262773199189,0.7742960698862529,0.8036444311267527,0.75817894549264,0.9033813935197194,0.8408359204456285,0.748145516437895,preci,All,Mon
16.75_104.75,1.0,0.8947072806810923,0.7151005965140003,0.7567122765198401,0.7924425258385067,0.7222832739034507,0.8926920096676962,0.8378789097407101,0.7635167928260455,preci,All,Mon
16.75_105.25,0.9999999999999998,0.8848373867073163,0.7199803668460139,0.7735050212968241,0.7635013973855963,0.6906203856159663,0.8917937821751584,0.8284537069023823,0.7709912669443075,preci,All,Mon
16.75_105.75,1.0,0.8671855485619797,0.6784319432592467,0.7404694580408753,0.6892187687748809,0.6691219060352515,0.8783865190157614,0.8003700258629973,0.76225789530064,preci,All,Mon
16.75_106.25,1.0,0.8059676237707634,0.6271505645935762,0.5831132265492481,0.5857556600216028,0.5957177154943318,0.8275373016992045,0.6447529288316366,0.6019405581255876,preci,All,Mon
17.25_101.75,1.0,0.8470872833658853,0.6671890651500351,0.7252244492259807,0.5737916265391112,0.5912094217448366,0.8203938867549568,0.6794260970547166,0.5804211349556281,preci,All,Mon
17.25_102.25,1.0,0.8773107111548871,0.6971864514028127,0.7540027389316067,0.6869012517838193,0.6670859732264337,0.8658776370059329,0.7651378147024833,0.614933907740875,preci,All,Mon
17.25_102.75,1.0,0.8973769896145389,0.7265993382041537,0.7677577144319532,0.7713671860997801,0.7171888922106809,0.901174577530395,0.7853335803153186,0.6334468654474028,preci,All,Mon
17.25_103.25,0.9999999999999999,0.909501058287893,0.7565762329653667,0.780818529858136,0.8018199784546666,0.7371286470660604,0.9043405330941059,0.8254274449897024,0.6605750385923442,preci,All,Mon
17.25_103.75,1.0,0.9182506892204354,0.7764179014629818,0.7803412922292351,0.8109348041401518,0.7620291034672838,0.9107557983833667,0.8452151364351105,0.7161899281114389,preci,All,Mon
17.25_104.25,0.9999999999999998,0.9218415897431539,0.7620244364562969,0.7718895908923415,0.8031421331985155,0.7611830321788641,0.9192469386893042,0.8360832822187396,0.7795810067415889,preci,All,Mon
17.25_104.75,1.0,0.9129204438180907,0.687520744608742,0.7396032286191984,0.7946035320029605,0.748853456403045,0.9164319593565541,0.8324086446268814,0.7784396083171061,preci,All,Mon
17.25_105.25,1.0,0.883108852587829,0.6538122193646538,0.7480827223048009,0.7373488134845406,0.7140340002802567,0.9125204890680089,0.801924293324861,0.7750662670103942,preci,All,Mon
17.25_105.75,1.0,0.8266153548450462,0.6280353196167268,0.6621926990034821,0.6353733510579213,0.6659602118604443,0.8749857409209568,0.7470067646225509,0.6777537718915232,preci,All,Mon
17.25_106.25,0.9999999999999999,0.8600918248784837,0.533605543388782,0.5841162525536167,0.6530414608398319,0.5874916648390632,0.7930422394533165,0.6896340453362806,0.5313537995772691,preci,All,Mon
17.75_101.25,1.0,0.874543598013296,0.7072236168774355,0.7589749317938653,0.655534907769238,0.6800068334046298,0.846168616181367,0.7993293527002137,0.6068585490951699,preci,All,Mon
17.75_101.75,1.0,0.8833864943587787,0.7059966000715323,0.7370853725943871,0.6527762007676553,0.6728631365038735,0.8352781713386286,0.7584102360019048,0.6084770793760025,preci,All,Mon
17.75_102.25,1.0,0.8722822844165641,0.7106069444776841,0.7769687376832726,0.7659255026402506,0.742564190947145,0.8796626682216759,0.7256356434253317,0.631999745272224,preci,All,Mon
17.75_102.75,1.0,0.9009444135929711,0.7133080186402044,0.7736129662288688,0.8099368366980596,0.7291481584023272,0.8906478768376016,0.7753539304395825,0.6512572450664345,preci,All,Mon
17.75_103.25,1.0,0.9224857469273517,0.7657368797941295,0.7983298262245799,0.825187394319417,0.737748210508805,0.9031211464463815,0.8188697754343663,0.6956995118279485,preci,All,Mon
17.75_103.75,1.0,0.9268907551308431,0.7573966531383144,0.8121772638752682,0.8281033278320158,0.7531664430878923,0.912774081044113,0.8312470663378954,0.7615269029617339,preci,All,Mon
17.75_104.25,1.0,0.933504375838107,0.6678467127961398,0.7760899608589912,0.8332741756638496,0.7505480169087406,0.9172607377047829,0.8509556377566817,0.7699627229867038,preci,All,Mon
17.75_104.75,1.0,0.908624449870208,0.6887078279068412,0.7332548958900952,0.7829358316459931,0.7305566045556833,0.9241511595988379,0.8471277057965306,0.7447613812277382,preci,All,Mon
17.75_105.25,1.0,0.870648028198135,0.684155415077232,0.6574279620447432,0.7419317492800408,0.7130022273816371,0.9053052067389042,0.8232248883419623,0.651467104860371,preci,All,Mon
18.25_101.25,1.0,0.8724915120325176,0.6865804083027917,0.7643191149961399,0.6681551899980411,0.6797824010604923,0.8573871226097847,0.8198830884247431,0.577271943802958,preci,All,Mon
18.25_101.75,0.9999999999999999,0.8988747828761018,0.660509859318515,0.7765736354705082,0.7565473768007553,0.7342500670624783,0.8926811501651865,0.7550000658845225,0.6271716860697985,preci,All,Mon
18.25_102.25,0.9999999999999998,0.8831868775084899,0.5868817961310142,0.7796520611189495,0.8172982456575892,0.7726840343598066,0.9006331212778981,0.7328396355365351,0.6595349095230042,preci,All,Mon
18.25_102.75,0.9999999999999998,0.8951784548199344,0.717853474597934,0.8047115153587296,0.8227819292033108,0.7661173730466475,0.8917265013717985,0.8062828097120519,0.6813431525264421,preci,All,Mon
18.25_103.25,0.9999999999999999,0.9070475012752465,0.6511564356647628,0.802070801879164,0.8265919937614133,0.7831678215136249,0.9156893264964471,0.8098732713942343,0.7537768031351609,preci,All,Mon
18.25_103.75,1.0,0.9101628665936007,0.6257630423384073,0.8112571220471652,0.8207977633034302,0.770938199925625,0.9138267419722148,0.7764665589087916,0.8079364282959701,preci,All,Mon
18.25_104.25,1.0,0.9340493747044343,0.7303342534825809,0.7713287300333178,0.8246019272500856,0.7459281259300347,0.9101536968410303,0.8762221558760115,0.7598008991322939,preci,All,Mon
18.25_104.75,0.9999999999999999,0.8769193291523095,0.7228226025122138,0.67099390710895,0.7923616037145319,0.706765264167052,0.8827963973382108,0.845152889135109,0.6161814017679266,preci,All,Mon
18.25_105.25,1.0,0.8727169709670757,0.5934479513103582,0.5518701410229904,0.7169846438776234,0.6639041368388172,0.8102035622670393,0.6448980894407865,0.4925042417486634,preci,All,Mon
18.75_101.25,0.9999999999999999,0.8503316530973913,0.7263105389823049,0.7494025264259558,0.7088924650116423,0.6660216248966716,0.832252424538658,0.8291913376173992,0.5427025339871958,preci,All,Mon
18.75_101.75,1.0,0.8770786170225671,0.6541063830091114,0.77150392900708,0.7897834473256286,0.7181736152825754,0.8728849772706397,0.7435713772032387,0.6095977391080543,preci,All,Mon
18.75_102.25,1.0,0.8750210384319164,0.5646472762298761,0.7459426947493327,0.8399655220595507,0.7886738228587098,0.8822335233697643,0.8305235581143428,0.680976210428456,preci,All,Mon
18.75_102.75,0.9999999999999999,0.8742324605619455,0.6737601587946286,0.8141732140323614,0.8474869782137309,0.806699345224423,0.8833913746536056,0.8380178445752414,0.7315437129630441,preci,All,Mon
18.75_103.25,1.0,0.8797397731455552,0.8116737487424793,0.8129293824216056,0.8494878304501231,0.8043861189080721,0.8900068748865001,0.8231256694789121,0.7788470552564761,preci,All,Mon
18.75_103.75,0.9999999999999999,0.8710292502257901,0.6010270831100234,0.7714913300715786,0.8412903062225561,0.7674454574808449,0.8737663172986657,0.8283070591188181,0.794573363159779,preci,All,Mon
18.75_104.25,0.9999999999999998,0.8811395759867154,0.7644421747602066,0.728178018220996,0.8448785393213849,0.7512935100733075,0.8818168506851015,0.8488341788961099,0.6873877674929371,preci,All,Mon
18.75_104.75,0.9999999999999999,0.8762633937257868,0.6750409333234282,0.589928704805358,0.7799595687009194,0.7211059327759796,0.8355262888069968,0.7303306428865178,0.5117208867560107,preci,All,Mon
19.25_101.25,0.9999999999999999,0.8384337656119236,0.7256164085566057,0.7020008586348879,0.7348887058728744,0.6608480359773266,0.8288919332396915,0.805452976216562,0.5712480540136253,preci,All,Mon
19.25_101.75,1.0,0.8408933337349586,0.5769634605650868,0.70171177579768,0.7559594830801618,0.6696129975095876,0.8316021677443638,0.7974823667570929,0.5826601926079525,preci,All,Mon
19.25_102.25,1.0,0.8700439287134732,0.719270968731726,0.7760077051465608,0.8210378193906656,0.7522971824636264,0.8841291715954976,0.8779763646408708,0.652615297303943,preci,All,Mon
19.25_102.75,1.0,0.869567040571884,0.7626468512550344,0.7668736795434523,0.8345150576147393,0.7634971589421491,0.8613583498156357,0.876914057692538,0.7134043757817521,preci,All,Mon
19.25_103.25,1.0,0.871364965398443,0.7488233741119967,0.7434308775025699,0.8180140478971165,0.7273657374869403,0.8329875264244624,0.8280495168835035,0.7112019897722999,preci,All,Mon
19.25_99.75,1.0,0.8451711887069416,0.645483933723339,0.663589676151807,0.630549891966293,0.5790977693798844,0.7644992539998856,0.7591918151087289,0.5002983476970262,preci,All,Mon
19.75_100.25,1.0,0.8244313085810868,0.6329135431429712,0.6863868143405779,0.6854058948032558,0.6431664449734198,0.813412332043749,0.7893961132004823,0.5458193894010381,preci,All,Mon
19.75_100.75,1.0,0.8190239497811209,0.6891160091249278,0.6865871500102887,0.727928062063291,0.6459294699034327,0.8215723508428785,0.818016177073573,0.5623060288456795,preci,All,Mon
19.75_101.25,1.0,0.8142617540352016,0.6884604530613335,0.6829052182570726,0.7256350327565451,0.6649119371127616,0.8408037946931108,0.8046223177887096,0.5555462470468917,preci,All,Mon
19.75_101.75,0.9999999999999999,0.8104701024107464,0.5261693879421101,0.6569759366428642,0.7122311969817878,0.6700466046910059,0.8366935230336696,0.8025546411969466,0.559573292090821,preci,All,Mon
19.75_102.25,1.0,0.8198790604219383,0.656198431316958,0.7463568550743597,0.7624170919651406,0.7098293806912706,0.8766189056025646,0.8707471625905394,0.6106825721558398,preci,All,Mon
19.75_102.75,1.0,0.838673291691301,0.5840099558993375,0.7188845141192747,0.8118016597881754,0.7315084683933734,0.8582275224357956,0.8831036936101698,0.666166149636128,preci,All,Mon
19.75_103.25,1.0,0.8447928188984529,0.5725849266468283,0.7030313752442163,0.7815279455991428,0.6946736400017477,0.8087028477551986,0.7977369212940101,0.663195615030796,preci,All,Mon
19.75_99.25,1.0,0.8080886465272252,0.6301110529039207,0.6598476469737853,0.6548760626166812,0.64492211048186,0.7703797153410641,0.7206705658142956,0.4640543029469165,preci,All,Mon
19.75_99.75,0.9999999999999999,0.8312409192576414,0.5686266645764523,0.6476976454400556,0.6699155183182025,0.6525427417453039,0.7911553744336248,0.7533761078404523,0.5011390131054214,preci,All,Mon
20.25_100.25,0.9999999999999999,0.8173263954776115,0.5405875981404901,0.7056655816542702,0.6810593179643598,0.6611131785480837,0.8036971608585878,0.7958133060246214,0.5657328764101429,preci,All,Mon
20.25_100.75,1.0,0.8111484467511878,0.7008267025189707,0.6968754802353248,0.7086085638501681,0.6658859071730511,0.8353856702150204,0.810735797645044,0.5610020663088207,preci,All,Mon
20.25_101.25,0.9999999999999999,0.8024117048607128,0.7001285695203268,0.6896177609455071,0.704840790372796,0.6957155694106841,0.8557394144065777,0.843816512097188,0.5478621902742741,preci,All,Mon
20.25_101.75,1.0,0.8055943665448192,0.7047308795234812,0.6865448871967254,0.6749527957878495,0.6828236007172894,0.8686551654622506,0.8393861027990223,0.5551469985644771,preci,All,Mon
20.25_102.25,1.0,0.8048844333666777,0.5493965409478281,0.6498518348238013,0.6924145007396947,0.6630215705235822,0.8650734123267234,0.8164239056366194,0.5846225419100877,preci,All,Mon
20.25_102.75,1.0,0.8282465990158618,0.5511482555137945,0.707954470689771,0.7593241636513066,0.6822709081732949,0.8667328794198461,0.837402470203778,0.6293874199863078,preci,All,Mon
20.25_103.25,0.9999999999999999,0.8544847253246242,0.5602935626560895,0.7256675849691205,0.7662051006178424,0.6868776564774457,0.8709427161205788,0.8937497855933896,0.6412083126580642,preci,All,Mon
20.25_99.25,1.0,0.8220192073058546,0.6593652159405768,0.705241394063813,0.7185220946511727,0.6413207276533853,0.8280069833302668,0.7883254508504414,0.49035985367531504,preci,All,Mon
20.25_99.75,1.0,0.814455792584002,0.5596653146229811,0.6881494385679654,0.6658705181605777,0.6532268180645134,0.818427266582664,0.7491081485256179,0.5374928140066448,preci,All,Mon
20.75_100.25,0.9999999999999999,0.8161068740614074,0.660583464816359,0.7383538688286565,0.6618306253715316,0.6645336532607475,0.8344332622028435,0.7972600252670597,0.6040137070409095,preci,All,Mon
20.75_100.75,1.0,0.8180290946801434,0.7281173681408276,0.7473943631674871,0.6846069441614845,0.6821243683041921,0.861891803103807,0.8145613897874384,0.5661050237777474,preci,All,Mon
20.75_101.25,1.0,0.8044405168998305,0.7888598351111775,0.7320710611377167,0.6874564180434556,0.6865187681636378,0.8687036915447769,0.8434471214088142,0.5288120147938999,preci,All,Mon
20.75_101.75,1.0,0.8103152573986723,0.7495223812788524,0.7045849470779897,0.6965605142192708,0.678469132810154,0.8633417180171693,0.8356587570458501,0.5301568215798999,preci,All,Mon
20.75_102.25,1.0,0.8166690820037475,0.701191303153575,0.7307673704876813,0.7259915523198783,0.6547143085273884,0.8649036988289678,0.8355578902508719,0.5368288904506794,preci,All,Mon
20.75_102.75,1.0,0.8266153719810895,0.6349435937592262,0.6956765473780834,0.7523154650795685,0.6443230430841909,0.8602107417027589,0.8678436880670356,0.5826226550354988,preci,All,Mon
20.75_103.25,0.9999999999999999,0.8450549612790695,0.7179438664259995,0.7446432853638777,0.7744661815153455,0.6547674449683865,0.8870230641613722,0.8929046715746547,0.6222591689945868,preci,All,Mon
20.75_99.75,1.0,0.815023706927456,0.6967949837363094,0.7251795483373896,0.6804781199628664,0.6444737695728835,0.8502161309047116,0.7855962823456459,0.6032401019003588,preci,All,Mon
21.25_100.25,1.0,0.8380164967539264,0.6918079091235818,0.695799904337722,0.6621842086080832,0.6512295719750817,0.8441008155283724,0.7903636766773556,0.5943273007807519,preci,All,Mon
21.25_100.75,1.0,0.8359481591245556,0.7378107760346664,0.7900612334493425,0.6890536605438645,0.6642979756590003,0.8753003008810013,0.8158342884353195,0.5528164787395684,preci,All,Mon
21.25_101.25,1.0,0.8163737044472089,0.7787501956525771,0.777948256893706,0.7018839525444628,0.6595474311314433,0.8699684618668468,0.8304046245122382,0.5036186011408997,preci,All,Mon
21.25_101.75,1.0,0.8051183918547661,0.7980892974306326,0.7693391230581943,0.7332907976921231,0.653369074645807,0.8591778466881493,0.8412530053773077,0.47921948193779956,preci,All,Mon
21.25_102.25,1.0,0.8057472158875163,0.750586792403829,0.7542682561126686,0.7638039616898425,0.6494862284101085,0.8719600490941859,0.8158315690127251,0.5276278699912055,preci,All,Mon
21.25_102.75,1.0,0.8237921184021799,0.7155373771820935,0.7220737868780667,0.7927940636962659,0.679933212522347,0.8613677539119163,0.8883041890131096,0.5951522125703516,preci,All,Mon
21.25_99.75,0.9999999999999999,0.8377373442607011,0.7408199602859944,0.745193165278346,0.6645989099227066,0.6328900347393082,0.8504901859096187,0.7637945449705443,0.6209509395786754,preci,All,Mon
21.75_100.25,0.9999999999999999,0.8892205377283177,0.7996778552852764,0.7881352534013849,0.658312519618317,0.645392913249808,0.8695333008048358,0.8222997853328606,0.5758254429475774,preci,All,Mon
21.75_100.75,1.0,0.8870122717694238,0.713994436538525,0.7985502164138274,0.6197448778574924,0.636737978301344,0.8712494533654063,0.7672879454044522,0.5560270761122079,preci,All,Mon
21.75_101.25,0.9999999999999999,0.8784969960636881,0.694222299140869,0.7814750926794408,0.6545771972126774,0.6274756233627833,0.8563642432731006,0.820059164075973,0.53689353919445,preci,All,Mon
21.75_101.75,1.0,0.8536698030233679,0.7916382154499181,0.7899698096018672,0.7011794611997284,0.6222448135674156,0.8600313670455734,0.8342345594927771,0.5185474388006377,preci,All,Mon
21.75_102.25,1.0,0.84228515107025,0.7368931636665403,0.7675128362550037,0.7652340488905729,0.6405618926740503,0.856251762705452,0.838446071117814,0.5673323259513692,preci,All,Mon
21.75_99.25,1.0,0.8895205688568405,0.7971437216225341,0.8364308254289153,0.6972480356918729,0.6196241762108397,0.8881420746406785,0.8359505420374881,0.6944666985446116,preci,All,Mon
21.75_99.75,1.0,0.8860304593783853,0.7300408613551113,0.8095436002956993,0.7034452702306633,0.6332219190110524,0.8752992882578582,0.8055904589801909,0.6417377234802746,preci,All,Mon
22.25_100.25,1.0,0.9092713384068724,0.7843443649860036,0.8132848305654619,0.656823563008185,0.6058664867653908,0.8797417180470036,0.8180023238642612,0.5855489621313845,preci,All,Mon
22.25_100.75,1.0,0.9046089053097565,0.684285647228096,0.7806457513280587,0.5933069839354581,0.5885743147811544,0.8817682139301741,0.7734345579695687,0.5789215526324742,preci,All,Mon
22.25_101.25,0.9999999999999999,0.8991912745058225,0.7451135540629331,0.7998931886029923,0.629514073689232,0.587261799966296,0.8755959888602995,0.8416516564737666,0.5831802263940865,preci,All,Mon
22.25_101.75,0.9999999999999999,0.8799146360266372,0.766542119387171,0.8166389957904241,0.7001730941003963,0.6112807096774017,0.8842969321815023,0.844448490272178,0.6179946339556862,preci,All,Mon
22.25_102.25,0.9999999999999998,0.8678899722864207,0.72588363405593,0.8101529927397877,0.7539902483984873,0.641204322469464,0.8822147299087841,0.8572981686088555,0.6481267606736182,preci,All,Mon
22.25_99.75,0.9999999999999999,0.905962592368412,0.7740477527851146,0.8279600994199429,0.6745911103767311,0.6134720343414337,0.8792506784646726,0.8478308675914341,0.6021496160956521,preci,All,Mon
22.75_100.25,0.9999999999999999,0.9174612508626322,0.7566579134297221,0.8155235654531457,0.6467879331348954,0.5621790540096248,0.8764549372069709,0.7720077539906749,0.6270107594763893,preci,All,Mon
22.75_100.75,1.0,0.9164705099536118,0.7283808744159186,0.8061391748757156,0.654386574719108,0.5450287566405999,0.8779029676749429,0.8399350931521795,0.6119671531089784,preci,All,Mon
22.75_101.25,1.0,0.9184366461703779,0.7897274842604057,0.8159396058423887,0.691640221956391,0.5470990679069722,0.8972727090524598,0.8475267206720711,0.6382173342727053,preci,All,Mon
22.75_99.75,1.0,0.9133869904025298,0.801125846525303,0.825270536147617,0.677623126746504,0.573809352176834,0.8860142338644628,0.815651968342295,0.6231785772039673,preci,All,Mon
23.25_100.25,1.0,0.913857994276275,0.6966549297810487,0.8079055365702493,0.6586205299396697,0.5632169242584876,0.8792065906525863,0.7798674630586777,0.6394359927630262,preci,All,Mon
23.25_100.75,1.0,0.916088719247203,0.7344507268533477,0.8154504966399978,0.6637480428949821,0.5640687252693338,0.8827884033140185,0.8301696772625797,0.6261496839979527,preci,All,Mon
23.25_99.25,1.0,0.9130661108957844,0.7455751026969606,0.8384949681117065,0.7166020831368443,0.5631101711120534,0.8927129156957161,0.8345514684752519,0.6368692924556917,preci,All,Mon
23.25_99.75,0.9999999999999999,0.9149975432501567,0.7727730477390676,0.8257443989414999,0.7065256555069547,0.5546021675594771,0.8919872964391743,0.832286145189973,0.6437827213624577,preci,All,Mon
23.75_100.25,0.9999999999999999,0.8917791982211571,0.6983435144056553,0.7934502250449358,0.5944279693893872,0.5473163752605131,0.875184451439255,0.7820610493025544,0.6611924362079682,preci,All,Mon
23.75_100.75,1.0,0.9043045853422854,0.6866064324744838,0.8051094617545365,0.5934970104442628,0.5456715590182216,0.86535388452103,0.8157228761019509,0.6469787274750783,preci,All,Mon
24.25_100.25,0.9999999999999998,0.8710310126781522,0.6611260872477775,0.7515633977598217,0.4974097335341355,0.5031309745916448,0.8360108647111922,0.7855236959450443,0.7134359423511595,preci,All,Mon
24.25_100.75,1.0,0.8780790457010578,0.6360011852166971,0.745287183617988,0.5067659085393774,0.5014464836077538,0.8226588866941565,0.7846393555061655,0.700352239503221,preci,All,Mon
24.25_99.75,1.0,0.8951483688863416,0.6689832157467396,0.7291258422120964,0.5182790028192412,0.5003974737201194,0.8558666100910528,0.7953221328441932,0.6750606927938215,preci,All,Mon
24.75_100.25,1.0,0.8986184909362406,0.6284892648882835,0.7555262783985123,0.5091034145305523,0.5028213749680893,0.8362159270053519,0.7737131781491687,0.6739477997538743,preci,All,Mon
24.75_99.75,1.0,0.8992106134502927,0.6049832076582575,0.7527390307132548,0.49705936531256933,0.519115229829239,0.8224012989242936,0.7545597368274329,0.5965847104471932,preci,All,Mon
25.25_99.75,1.0,0.8840015169149934,0.5852402124091675,0.7211552252959675,0.5010768591482738,0.4956049922034376,0.8012572231227731,0.7219390075097801,0.5743731684668986,preci,All,Mon
25.75_100.25,1.0,0.8786469910679661,0.5846756830404669,0.7783240550886245,0.5074654642186538,0.4319343230791899,0.8234581223224176,0.784187278866912,0.6463037691626187,preci,All,Mon
25.75_99.25,1.0,0.843545338362939,0.7005643498993456,0.7165013725946859,0.47376264410095675,0.5272532993480458,0.7314814338241618,0.6694216073627713,0.6229156813229283,preci,All,Mon
25.75_99.75,1.0,0.8775437123107369,0.6259984002730222,0.7668656168608912,0.5217608668923243,0.48343082809834564,0.7948269886184766,0.7351561328849634,0.6127700749739475,preci,All,Mon
26.25_99.25,1.0,0.801172971201247,0.7006276840815505,0.6851473988516568,0.42798005866357386,0.5145416870775221,0.7378698416740663,0.6817256629702135,0.6624564569712466,preci,All,Mon
26.25_99.75,0.9999999999999998,0.850870532422406,0.5909682629771973,0.77134946093616,0.5430556461671351,0.4951757198498774,0.8133023506904025,0.7493440437298915,0.666845924271276,preci,All,Mon
26.75_99.25,1.0,0.7668786906807511,0.5583817054385829,0.6647906096850525,0.3133256332427768,0.4582748648171721,0.6966042744805603,0.6795112005822087,0.6568343209460108,preci,All,Mon
27.25_99.25,1.0,0.7345256704216026,0.4959361149286573,0.5511552872278318,0.3534187922489075,0.4202570965243264,0.5958623244506072,0.6541473458627619,0.6100555198546496,preci,All,Mon
27.75_98.75,1.0,0.8201217425839951,0.5124380626856115,0.5886757493311673,0.4369378972767996,0.505435877659917,0.5114987018952766,0.6543979644712244,0.6350497026473385,preci,All,Mon
28.25_98.75,1.0,0.8697456522320853,0.5569425575418511,0.6307696138210727,0.5541863955989997,0.46722534735895044,0.5513221739699192,0.7774576522236886,0.5430043867346237,preci,All,Mon
28.75_98.75,1.0,0.9110941282987306,0.5210728341687051,0.7300695789782229,0.6270581446337683,0.3734568915225209,0.7215705499815198,0.8132822568009436,0.5583060310544489,preci,All,Mon
29.25_98.25,0.9999999999999999,0.9376952989849242,0.41183854977086937,0.7556413158835774,0.6073309455834418,0.2614073931613117,0.8098592307331872,0.8258566844476501,0.6382460264043464,preci,All,Mon
29.75_98.25,0.9999999999999999,0.9390573244774723,0.4463053882391835,0.7767718747978742,0.5501802805240906,0.2192031201578473,0.8095852456544363,0.8564515116902166,0.620246629741569,preci,All,Mon
30.25_97.75,1.0,0.9372230226376104,0.6727811777023459,0.8369408238596039,0.5153708580899585,0.3208392362902597,0.8982759230044559,0.8873999842080087,0.7065339686390869,preci,All,Mon
30.25_98.25,1.0,0.9379882923691125,0.6054265208024113,0.8541927007982009,0.562181057411719,0.2637423044332088,0.8839207238802365,0.886343265306856,0.680763271796198,preci,All,Mon
30.75_97.25,1.0,0.9248058185317924,0.7881628251820021,0.8785006196398467,0.414018541399539,0.4103289340719178,0.9130535357533054,0.8881113961456553,0.794320304124034,preci,All,Mon
30.75_97.75,1.0,0.9302189551978848,0.7610096096282968,0.8718728128313854,0.4315108203994315,0.39300999215707405,0.8930050773391992,0.8904621242500548,0.7719480372766598,preci,All,Mon
31.25_96.25,1.0,0.9057042297934016,0.852415498088795,0.8634638078458052,0.7224180710334821,0.6073931608399731,0.8694520557679507,0.8849763593869113,0.7914309346379741,preci,All,Mon
31.25_96.75,1.0,0.9069992432423645,0.8298971441401393,0.8730067480539088,0.6747414517439582,0.5406664643278815,0.8843614362760795,0.8867464565004386,0.7675981470195952,preci,All,Mon
31.25_97.25,1.0,0.9196962348906115,0.8402299504258327,0.87848636244245,0.5412804386122426,0.4801434198426654,0.9005988418993306,0.8910576073485451,0.7895763630672492,preci,All,Mon
31.75_95.75,1.0,0.914106145175947,0.866762796362649,0.8301486631665572,0.789133650597022,0.7066263448081158,0.8307717587513482,0.894655894954181,0.8456477047113737,preci,All,Mon
31.75_96.25,1.0,0.9095176036176724,0.8571821725663484,0.8702759825979745,0.7918863637334601,0.6877204585799331,0.8660263877481901,0.8970018801961535,0.8265198884658221,preci,All,Mon
31.75_96.75,0.9999999999999999,0.8959434978671211,0.8416293522274348,0.8729135212790232,0.7613532203881536,0.6355697181874799,0.8899797167678121,0.8926164036681344,0.786500292838179,preci,All,Mon
31.75_97.25,1.0,0.8986420477240653,0.8341216515020846,0.863855071912604,0.6853676734979289,0.5669190941018232,0.8949018304840243,0.9050735101627929,0.7786854431985443,preci,All,Mon
31.75_97.75,1.0,0.895384965519296,0.8330945483057538,0.8764087009095142,0.5732813200040172,0.5400536639784569,0.9025021074542198,0.9058174858500176,0.8001222850194613,preci,All,Mon
32.25_94.75,0.9999999999999999,0.9536234009904085,0.8501768746901165,0.8635119151998613,0.8334323804829712,0.7930404632890672,0.9009941631402562,0.8626290374040287,0.8356684676245647,preci,All,Mon
32.25_95.25,1.0,0.9526765965613545,0.8672141986855038,0.8740552675443455,0.8277893253966547,0.7825110542559212,0.8263838624125733,0.8690320057067699,0.8565086434711051,preci,All,Mon
32.25_95.75,1.0,0.9422797949236799,0.8571330815360241,0.8585460491370205,0.8299354130886077,0.7519783505894774,0.8677980573402911,0.8743643372613014,0.8563237830153925,preci,All,Mon
32.25_96.25,1.0,0.9320331858334848,0.8364545915837098,0.864994738500663,0.8287596513319206,0.7379000159519057,0.8670899545378102,0.8770912436048494,0.8251816124437945,preci,All,Mon
32.25_96.75,1.0,0.9101766654676235,0.8531387000232769,0.8468792099118241,0.8104839346082787,0.7002085258027491,0.8766267601697766,0.8931423964345195,0.7910112353260701,preci,All,Mon
32.25_97.25,1.0,0.9071643828505125,0.8643704303446529,0.868079969395537,0.7476236178151842,0.6385024988837492,0.8807116066021285,0.9143232624034153,0.7917179692311305,preci,All,Mon
32.25_97.75,0.9999999999999999,0.91042576339531,0.8423444529216803,0.8649357068508167,0.6388078500900899,0.5891289265088538,0.8796399805370195,0.9132648559880406,0.8046191468236725,preci,All,Mon
32.75_94.75,1.0,0.960098977353018,0.8548878884707787,0.8457283836091951,0.8691498017101722,0.7862931849862848,0.8831312442913051,0.8534289196359331,0.856239699787276,preci,All,Mon
32.75_95.25,0.9999999999999999,0.9573276785515451,0.837413914155279,0.8820191051509131,0.8731343699524226,0.782530519153254,0.8950332285767864,0.8391512235740807,0.8526785109214264,preci,All,Mon
32.75_95.75,0.9999999999999999,0.9472727021802042,0.8552720104226882,0.8942264317198985,0.8648883047440868,0.788592647114974,0.9027655619334062,0.8594417690997618,0.8471173063923063,preci,All,Mon
32.75_96.25,1.0,0.9388637674410434,0.8645491465151719,0.882300230272112,0.8591212298248182,0.7733816557374609,0.8858824429052841,0.8756472923579639,0.8347036667055291,preci,All,Mon
32.75_96.75,1.0,0.9139988981294618,0.8728077773201862,0.8742617996640283,0.8483881583933471,0.7589849287752797,0.8955531397420408,0.8928690043084571,0.8251398619685218,preci,All,Mon
33.25_94.25,1.0,0.9431068475173532,0.8435319160202438,0.8710398771967026,0.8866328625218214,0.7728165801025828,0.895363249099817,0.8391386250036021,0.879858623330492,preci,All,Mon
33.25_94.75,1.0,0.9475498107470893,0.8265451819775361,0.861286145636886,0.8890483652674366,0.7796457647810917,0.8994568178164272,0.8282753081498742,0.8815918076982014,preci,All,Mon
33.25_95.25,1.0,0.9478411571039862,0.8589042774652428,0.884957210271924,0.869890182437478,0.7938524603236681,0.8651137416969326,0.8371650791268779,0.8782132045513639,preci,All,Mon
33.25_95.75,0.9999999999999998,0.9414254397978472,0.8781944381691359,0.8845640006462561,0.8573190251598831,0.7914213368008088,0.9104978154384322,0.8574540639541954,0.8726556479460399,preci,All,Mon
9.25_105.25,0.9999999999999998,0.9157058354486357,0.6819376185529253,0.8424709095668668,0.46250556191108877,0.7446186384001053,0.8343702493193276,0.7796034599598678,0.44043460825940917,preci,All,Mon
9.25_105.75,1.0,0.8997098476241754,0.70140576651249,0.8364588250490487,0.6231382761232692,0.7663446659715561,0.848883408348031,0.7731584776253447,0.4610336110615408,preci,All,Mon
9.75_105.25,1.0,0.9026847801789403,0.6748684354975995,0.7873750191161781,0.5377810354233472,0.723801523756498,0.829842368761593,0.700847275419574,0.49106480244342604,preci,All,Mon
9.75_105.75,1.0,0.8938802923609719,0.6823594787249149,0.8176437085503429,0.5265638698071874,0.7440193892316799,0.8487603005502165,0.7776572865014726,0.48153480364622814,preci,All,Mon
9.75_106.25,1.0,0.9014552951362499,0.6546421599580223,0.8262089212814807,0.5194054226719003,0.753583379941915,0.8653249454388454,0.8103969692603121,0.480960430052137,preci,All,Mon
10.25_104.75,0.9999999999999999,0.35511405238785576,-0.353421498817982,-0.11640463860790833,-0.16871428537626854,0.061584951212254456,-0.010524255150638758,0.11399046595793874,0.256291213133027,preci,All,Yr
10.25_105.25,1.0,0.3152541278136665,-0.1616155378456778,-0.004260567838090838,-0.30958894477395016,0.12182003010475062,0.07501409432508209,0.1789772370388687,0.316149947932023,preci,All,Yr
10.25_105.75,1.0,0.18885520888853974,-0.014775272499321927,0.05499546145439435,-0.1398920217254383,0.34590829997806305,0.2908618444944913,0.27888796891914946,0.481105738277073,preci,All,Yr
10.25_106.25,1.0,-0.07250720637951044,0.028552328955275163,0.004596891498919619,0.029606036407373675,0.47122142456309346,0.29516313845755254,0.3792790141554611,0.4652989480574545,preci,All,Yr
10.25_106.75,1.0,-0.08367630483996208,0.019431987142492432,0.12929317646471414,-0.0158937749600174,0.3086240456533711,0.2829313178396212,0.466383003631751,0.37116198293678493,preci,All,Yr
10.75_104.75,0.9999999999999999,0.2862755513327959,-0.13169532871384898,0.05818644813007063,-0.16737422783809885,0.05943707770916196,0.005779252471018493,0.13681285082551534,0.188025047224817,preci,All,Yr
10.75_105.25,1.0,0.2732434266172574,-0.060295138487511495,0.08844773711840001,-0.16319398978161748,0.13956736478452808,0.07553373587385215,0.10106940474085803,0.1813687008393339,preci,All,Yr
10.75_105.75,1.0,0.12887589782882378,-0.10525278485034213,0.029846266072624934,-0.10022145646683385,0.318793915936457,0.07733786143736418,0.19331826049959172,0.35321411726614993,preci,All,Yr
11.25_104.25,1.0,0.3761341057399402,0.020330118100513956,0.108401588168549,-0.03732904163355383,0.2843425419209048,-0.14123696377683334,0.10531109031496387,0.29523028411542646,preci,All,Yr
11.25_104.75,1.0,0.32399101399625324,-0.03785817169129704,0.1367006365960603,-0.15455794510900786,0.17311911075055994,-0.08948884037685453,0.11679874053071196,0.10560124659188899,preci,All,Yr
11.25_105.25,0.9999999999999999,0.26064355378600945,-0.15286433425519844,0.03353630185658103,-0.10910312531360641,0.0495272073591163,-0.04234248189367481,-0.06374657447240123,-0.07472776150774679,preci,All,Yr
11.75_104.25,1.0,0.32620076539326986,0.11156111041604763,0.14101134614576502,0.012951645475142794,-0.0025370850729977412,-0.19471650397129614,0.026174442275187317,0.19379203532380662,preci,All,Yr
11.75_104.75,1.0,0.31983232569636993,-0.06634967859929071,0.1751548470531603,-0.13760586726646967,-0.29688888428893095,-0.20748125951326765,0.13383464343656726,0.04796034953508966,preci,All,Yr
11.75_105.25,1.0,0.2321601728841591,-0.27270247449481966,-0.009859385178175976,-0.28969657429163026,-0.2750356717074088,-0.24560712565434054,-0.1202972854009447,0.04958239989274489,preci,All,Yr
12.25_103.25,0.9999999999999999,0.3058032753600696,0.04011798316557174,0.07165272490852231,-0.2384334280903874,-0.10700345845254086,-0.2510027703630984,0.03896882543792091,0.28949625565083925,preci,All,Yr
12.25_103.75,1.0,0.40430982985312347,0.2230057909784139,0.10953223871317211,-0.16749647388410893,-0.0585631377703957,-0.09465158610088589,0.10834527316065537,0.2634087718851811,preci,All,Yr
12.25_104.25,0.9999999999999999,0.3274920789940876,0.10579118172692191,0.20995852151292477,0.021157070813017497,-0.31583026945987197,-0.039130952736816736,0.16056777285978963,0.26417370478215635,preci,All,Yr
12.25_104.75,0.9999999999999999,0.3081495982097132,-0.24462265012846227,0.1756010618068404,-0.025700492405146307,-0.7005119300133631,-0.14873980943225648,0.1837578300659137,0.1819678892743209,preci,All,Yr
12.25_105.25,1.0,0.18160322976990526,-0.4005530830981863,0.011496574113404419,-0.2118970453268097,-0.6275999000985272,-0.18776665575458007,-0.0507554341183494,0.20869828302688634,preci,All,Yr
12.25_105.75,0.9999999999999999,0.11864704362446463,-0.40154884357883963,0.07801257717801795,-0.19469585611408768,-0.560815293650439,-0.21020160938652285,-0.20485904350826223,0.24421929340505494,preci,All,Yr
12.25_106.25,1.0,0.1371367986324836,-0.4533979657303487,0.07833093871962371,-0.40122422394370666,-0.508877854793425,-0.28296606232712823,-0.32988041460429707,0.3655087241503116,preci,All,Yr
12.25_106.75,1.0,0.15839145482650696,-0.3861504014242515,0.08424750534223299,-0.40215124711412154,-0.4102912303605708,-0.23734204410596474,-0.1988699526825064,0.38848192073917287,preci,All,Yr
12.25_107.25,1.0,0.15442741666390328,0.20778672523083608,0.042347835609854854,0.05753272276581795,-0.030317745883769828,0.042182305991792554,0.16634746302233894,0.1693226854790831,preci,All,Yr
12.25_107.75,1.0,0.13600748971852308,0.5413112672233773,0.0017310822242421278,0.4011941672896906,0.10046058308898673,0.3452437060373995,0.34876634878427704,-0.06229971047488156,preci,All,Yr
12.25_108.25,0.9999999999999998,0.1610999111059843,0.43320111127554517,0.08071871100199911,0.4077637167155519,0.1739525445369857,0.056363061224539567,0.36008144066548864,0.20061592358316907,preci,All,Yr
12.75_102.75,1.0,0.13339714022194463,-0.15288306265249177,0.2528019231793954,-0.1834854358763914,-0.05845724917634261,-0.11348852982155477,0.09130797750526788,0.37978774107840213,preci,All,Yr
12.75_103.25,0.9999999999999998,0.31220233427045785,-0.17123710756104477,0.21645693395670967,-0.18149502095540157,0.026723506336402903,-0.260043158410274,0.16674858115002028,0.35822466293796273,preci,All,Yr
12.75_103.75,1.0,0.43310512147497254,-0.2339119738031782,0.20296489209080087,-0.12013644944937224,0.036605212321724846,-0.0709567873245077,0.2278037207232641,0.3281361552681393,preci,All,Yr
12.75_104.25,0.9999999999999998,0.3041504693848159,-0.14235321459575645,0.24313920818734214,-0.0167535462897787,-0.3624093826490694,-0.002062578139551336,0.2223477119121737,0.3738761085855368,preci,All,Yr
12.75_104.75,0.9999999999999998,0.18873365060511788,-0.23183852919232167,0.23095888350511204,0.023953097711690366,-0.208551705486712,-0.15710862634506947,0.05848291670035336,0.26703095348682154,preci,All,Yr
12.75_105.25,1.0,0.21868297457789113,-0.49043789491575457,0.07866273627750534,0.007845247407893004,-0.13543235036522644,-0.07212915031979221,-0.0005298721629877859,0.21362205773086085,preci,All,Yr
12.75_105.75,1.0,0.13196299296357067,-0.46061226598457317,0.052966608693888494,-0.07444774171779274,-0.4327026537204416,-0.07235399469004483,-0.2156097017855767,0.2254938685051604,preci,All,Yr
12.75_106.25,1.0,0.0770217603474945,-0.518424071200104,0.1255529552574808,-0.2716100342658835,-0.4710388767366994,-0.03221160765639911,-0.2365050100716835,0.3373952980291837,preci,All,Yr
12.75_106.75,1.0,0.14805501173722244,-0.41130924825555515,0.02206098452076361,-0.1869642973576542,-0.32722767403202124,-0.06635259083016504,-0.22643641145505056,0.4403950218701576,preci,All,Yr
12.75_107.25,1.0,0.18722332775788028,0.13789928057467332,-0.04986166912571068,0.11957019698931404,0.10750465973704462,0.09619236531931095,0.012497964268742981,0.2673803108061534,preci,All,Yr
12.75_107.75,1.0,0.10000858324960049,0.2707558798177338,-0.047898428660428975,0.43083695971111496,0.15955030765254385,0.3414794761264593,0.17736824436420617,0.00249900456943617,preci,All,Yr
12.75_108.25,0.9999999999999998,0.15545883439599378,0.35300313550435264,0.08153469755304522,0.4836671140022705,0.11956057331248565,0.24221518707578196,0.3205927508359392,0.1851934234424395,preci,All,Yr
13.25_102.75,0.9999999999999998,0.10589869878555336,-0.2206717409613368,0.27565209178368344,-0.16405566211987718,-0.01617502092596584,-0.19544807905170633,0.17954949792172345,0.11801744858438605,preci,All,Yr
13.25_103.25,0.9999999999999998,0.18726158967510323,-0.4447478018405811,0.2463542848995396,-0.07162190263127398,0.06726310061852683,-0.12374082939746432,0.10371036712949115,0.3815071036185937,preci,All,Yr
13.25_103.75,1.0,0.32673465886245795,-0.3836189955331769,0.2181665379124743,-0.06877151597068802,-0.24646479056556525,0.0039021345343098804,0.09908109944341047,0.43752978361828304,preci,All,Yr
13.25_104.25,1.0,0.28587325458607454,-0.3393369964475339,0.2841443612338122,-0.05057710048033582,-0.38154685360143326,0.10876148471476073,0.05694068976543347,0.38049342267095226,preci,All,Yr
13.25_104.75,1.0,0.2663192244810962,-0.40174141100281735,0.32199295956162466,0.167597778518891,-0.041034162874161485,0.04323182235271404,-0.07922533502565833,0.2660846115558174,preci,All,Yr
13.25_105.25,1.0,0.2907343376357007,-0.4374037133546416,0.1869200742327251,0.21995881637968043,0.10850479541110435,0.04483345615091349,-0.11846986453423086,0.13695357186313123,preci,All,Yr
13.25_105.75,1.0,0.27251387361136653,-0.3880890235548379,0.12462887680962745,0.0999290830218865,-0.015145126603278363,-0.01015408166447941,-0.19960084823963017,0.1989930523199816,preci,All,Yr
13.25_106.25,1.0,0.2404364780206187,-0.4296604042683228,0.11625090094085545,0.036376828303051896,-0.1597092684636531,-0.021734969591198177,-0.13893632843107598,0.2812496709449928,preci,All,Yr
13.25_106.75,1.0,0.2283247018790224,-0.3645471058007684,0.07488100837476043,0.1292181393311681,-0.08282876572477844,0.029373918655325352,-0.0978201429974576,0.2814102691192467,preci,All,Yr
13.25_107.25,1.0,0.2044477131324615,-0.21129509939151858,-0.10466770769719658,0.3391125323914245,0.14214075146739238,0.10906606334530221,-0.07759557880486069,0.14899918176714405,preci,All,Yr
13.25_107.75,1.0,0.14252373308313004,0.12534291747301118,-0.1932802478944376,0.49941544065891924,0.1779547245896842,0.38354853701720193,0.10772818316736898,-0.07512827862496338,preci,All,Yr
13.25_108.25,1.0,0.14313767257624688,0.18438026926183232,-0.1279544450034057,0.5202064355981199,0.024598806880706155,0.21406587034864846,0.23529415459908454,-0.046264065874096656,preci,All,Yr
13.75_102.75,0.9999999999999999,0.028627191328327556,0.2036176520070706,0.13025121003127035,-0.37441948921611923,-0.09362224054327518,-0.12346586196641571,0.4863994622820596,0.22216826123776062,preci,All,Yr
13.75_103.25,0.9999999999999999,-0.032119063662392346,-0.35595244244774454,0.23860900795225526,0.05150717865848307,-0.01267910065149355,-0.05842891272484223,0.2392132651418282,0.5350850874807218,preci,All,Yr
13.75_103.75,1.0,0.17276975265355823,-0.43548247448055755,0.28044478992774385,0.044652971688420806,-0.0887388197603309,0.03323251307988242,0.11996546234986746,0.4589837543326487,preci,All,Yr
13.75_104.25,1.0,0.24500028633620136,-0.45762323466353094,0.253973509805103,0.04751192182041356,-0.08963270330053255,0.06497217635493878,0.007615636340053311,0.310974991488537,preci,All,Yr
13.75_104.75,1.0,0.3274498062289423,-0.5041488914152669,0.2492450329930305,0.18841630367022624,0.11169963288788283,0.2046486062446096,-0.07099195849915547,0.2468028427753577,preci,All,Yr
13.75_105.25,1.0,0.3813339536648314,-0.42511587797255934,0.22604014357433724,0.29074349292574275,0.2743997380254684,0.2547509949550241,0.007802585650797616,0.24816538450453673,preci,All,Yr
13.75_105.75,1.0,0.42084080238977367,-0.5288995780432848,0.14983351327539335,0.2571064719555826,0.2282419653499388,0.19074623334499363,0.034916375704439076,0.19716748593149652,preci,All,Yr
13.75_106.25,1.0,0.3319386430805499,-0.5847693305560978,0.015423793159137857,0.20443254727524202,0.02577792753873665,0.1723071231814282,-0.0054069824960184,0.23074756079867867,preci,All,Yr
13.75_106.75,1.0,0.25269934420676526,-0.5244913385620095,-0.06982059071443333,0.3274884500824044,0.03550923989610524,0.20260989157829323,-0.004032425022630884,0.23305162938110346,preci,All,Yr
13.75_107.25,1.0,0.1940998971733992,-0.4842976589186599,-0.29295270534708606,0.45674192698331295,0.19138606472655123,0.18122114690003419,0.037567903556287405,-0.024721575304902228,preci,All,Yr
13.75_107.75,0.9999999999999999,0.03869584468313084,-0.2697497281524114,-0.4219541147296499,0.47062539802023584,0.08686323499918337,0.32611298869391114,0.22711467927582465,-0.2786465351007924,preci,All,Yr
14.25_102.25,1.0,0.1518820994226999,0.6469178259671275,0.11221901091265946,-0.29952736180469397,0.07834563979116244,-0.14367716255853347,0.358189348726105,-0.00449863163213926,preci,All,Yr
14.25_102.75,1.0,0.04593855658864462,0.4877273364752477,0.2443319783106293,-0.45628557059493596,-0.037166957371568804,-0.017030301727443607,0.5414324525994126,0.11510455211647246,preci,All,Yr
14.25_103.25,1.0,-0.004830188159728767,0.04550235363265591,0.282257441046729,-0.3680916038659259,-0.06454002132862706,0.05742848422706918,0.437636710141638,0.2909760696357474,preci,All,Yr
14.25_103.75,0.9999999999999999,0.14615285252968097,-0.001240882707479908,0.22917965458974768,-0.09337541500630984,0.219764705466159,0.08984612012586321,0.22643521720862256,0.3580599197832885,preci,All,Yr
14.25_104.25,1.0,0.32751216137770806,0.24634383233177232,0.1096474316984872,0.05332153281166241,0.32894333036313206,0.26052124166304075,0.19153648996532632,0.21935502539903215,preci,All,Yr
14.25_104.75,1.0,0.4474102806518085,0.26707204743603163,0.07443648511564624,0.20552964001262283,0.11467470451181601,0.25735475905779953,0.23414271261117378,0.1878800427212683,preci,All,Yr
14.25_105.25,1.0,0.5596947619337753,0.04789598048048,0.11088770378785573,0.34988633856692514,0.024369536510810752,0.4570350387244253,0.42794438348946984,0.00747680151129606,preci,All,Yr
14.25_105.75,1.0,0.5489913273489045,-0.31509957381736325,-0.0038002361829663424,0.38494531521556946,0.0904109573496087,0.44468961763825055,0.3142866302376366,-0.05633676881083468,preci,All,Yr
14.25_106.25,1.0,0.3782719988520032,-0.524395159990865,-0.22863350529142112,0.41173542097713317,0.1774004822975429,0.3735708704141746,0.2220699307022727,0.05667363443056888,preci,All,Yr
14.25_106.75,1.0,0.28018376974678677,-0.5252984480551747,-0.20994320462672056,0.4959103877962051,0.2402581178063924,0.3824420885244937,0.233937201532535,0.09464471979641952,preci,All,Yr
14.25_107.25,1.0,0.14848509381712194,-0.48742917283467696,-0.30972324880742436,0.5152204268278902,0.3450601054021124,0.3476958494495395,0.25247596980168824,-0.1443851577830248,preci,All,Yr
14.25_107.75,1.0,-0.16315004750921808,-0.29212005451169293,-0.5302172413774576,0.557199139005573,0.02636908846077648,0.3172257416549761,0.043436264883005254,-0.39149243267128014,preci,All,Yr
14.25_108.25,1.0,-0.2781294991780987,-0.14527832473429278,-0.5036652726155663,0.5307782982648542,-0.27546243886158284,-0.018344372275655264,-0.13176535995757582,-0.294579823618624,preci,All,Yr
14.75_101.75,1.0,0.08472543057087446,0.4467121871987391,-0.10517714064093496,-0.2141253365270165,-0.2648077445150493,0.03597384395214553,0.40341341316759843,-0.24296628049330002,preci,All,Yr
14.75_102.25,0.9999999999999999,0.08768136042694408,-0.004965259783923465,0.15914946592643398,-0.32062786006539523,0.07286081560350612,0.06711364675926779,0.35177397639554653,-0.36673134932993845,preci,All,Yr
14.75_102.75,0.9999999999999999,0.22472898421067203,0.2223901277354039,0.2872319998218636,-0.4518607054300711,-0.004325944630729469,0.15166574339662398,0.4618428534404525,-0.16789113057906987,preci,All,Yr
14.75_103.25,0.9999999999999999,0.21776194361654846,0.2985160019511508,0.2704151112838764,-0.41094283302840456,-0.20095679256863586,0.38690719908057924,0.502528819130841,-0.029453446834972266,preci,All,Yr
14.75_103.75,1.0,0.24046513173086967,0.6327393729117957,-0.027281144274169923,-0.25459358271439114,-0.00039032857177603137,0.3135352362953731,0.45715519468104376,0.10382040881197739,preci,All,Yr
14.75_104.25,1.0,0.28439248737692574,0.7234064452247353,-0.11272830423628706,-0.07303314305512994,0.006437276014485838,0.14313408029306726,0.3982439693957921,0.2014574688658845,preci,All,Yr
14.75_104.75,1.0,0.34676492879566223,0.6181418539983466,-0.036364342042032795,0.2135554429632387,-0.1201156220063853,0.32856904101162715,0.529681771677683,0.04520128327723422,preci,All,Yr
14.75_105.25,1.0,0.5098148381425293,0.4071368675755119,0.09892304074977036,0.2975698363325501,-0.1946923300862392,0.5000390382918869,0.6124391375759001,-0.2527715483201836,preci,All,Yr
14.75_105.75,1.0,0.42592607356879575,0.08369251326665568,0.008702728597709418,0.22115982364754394,-0.2635767989043899,0.6602057980549886,0.49086309740794215,-0.40180276721981145,preci,All,Yr
14.75_106.25,1.0,0.4185516133671998,-0.30243439470014916,-0.10545669919263409,0.34098689139363675,0.11625497038455321,0.6250844198098783,0.3234614039129847,-0.1526864695051697,preci,All,Yr
14.75_106.75,1.0,0.3173321593860995,-0.40237042409028795,0.03770069298116998,0.4614095889073415,0.1646473757303588,0.6287921948351433,0.4281985074553048,-0.1020896442398752,preci,All,Yr
14.75_107.25,1.0,0.10132126454746428,-0.23898116788840448,-0.1981193333337385,0.5582258709874268,0.10051496349417591,0.5310889096895681,0.24196397439311998,-0.4464760094211394,preci,All,Yr
14.75_107.75,0.9999999999999999,-0.2856539655129834,-0.11235377375788885,-0.5139233452238539,0.6123884459358906,-0.1065551794070756,0.3170636918402937,-0.16373276294644304,-0.5123882883938444,preci,All,Yr
14.75_108.25,1.0,-0.31260002964770733,0.0552139103880499,-0.20379060724533976,0.6682795624514942,-0.14727831499837296,-0.06308259682009444,-0.08148095483211149,-0.15298778315998524,preci,All,Yr
15.25_101.75,0.9999999999999998,0.10197784430845588,0.36072271119199734,-0.2525936342698639,-0.20910242280626595,-0.3234828030806826,-0.009694290372982832,0.28893303318185504,-0.15280749253956555,preci,All,Yr
15.25_102.25,1.0,0.3194203244215493,0.07850577411998419,0.011674104643865377,-0.17128148261674472,-0.0668553218326544,-0.039614286699115875,0.26322897813473595,-0.20503459043641337,preci,All,Yr
15.25_102.75,1.0,0.38893524256346645,0.21737983818286946,0.12615068530988152,-0.22152050915865273,0.11499879242554382,0.2394967504738597,0.3421259270765983,-0.2667879272840872,preci,All,Yr
15.25_103.25,1.0,0.2177184949581751,0.3513666077916324,-0.04743445455209799,-0.10789539638928047,-0.20385378111118097,0.41624291448006223,0.36286499601803146,-0.3084086252454593,preci,All,Yr
15.25_103.75,1.0,0.270430325007289,0.6840676681402634,-0.1984339931275105,-0.10549079945093237,-0.22052825698125306,0.4177342876320975,0.518490795887587,-0.18173359250298407,preci,All,Yr
15.25_104.25,1.0,0.22208089172848716,0.6874264347381207,-0.14912376713138145,-0.04909805506214018,-0.29218897832223434,0.19342042647868404,0.4818603821831428,-0.12349842353768027,preci,All,Yr
15.25_104.75,1.0,0.353037002967585,0.5365668185708109,-0.09267295279947463,0.18345066668586332,-0.1634897232107299,0.3254359640628204,0.6030572243196254,-0.07020415953470467,preci,All,Yr
15.25_105.25,1.0,0.48767529322953523,0.4228006831467903,0.0011299211879723671,0.3053476187462029,-0.06600250256840243,0.4898971227323216,0.7267228829014774,-0.09555733676145493,preci,All,Yr
15.25_105.75,0.9999999999999998,0.4833511844605361,0.007950547396260454,0.07688340666474452,0.22908321203954463,-0.1807838361290173,0.6413608564625413,0.5502390449572279,-0.09691120584896731,preci,All,Yr
15.25_106.25,1.0,0.43090383496468226,-0.3557578953880657,0.13471225205664855,0.06751867863944766,-0.10590548141546091,0.7364939008081082,0.33099014382831077,-0.08194861131157652,preci,All,Yr
15.25_106.75,1.0,0.2813753430171822,-0.34580112830348375,0.12697059635702992,0.2564826969508467,-0.11432487115337923,0.7826331256248108,0.33684200446377044,-0.268757219043871,preci,All,Yr
15.25_107.25,1.0,-0.040417956103842495,-0.26646036122700373,-0.32587183907811235,0.3635641696126317,-0.15489402733688615,0.562603584645481,-0.05658479206710281,-0.4305280662967262,preci,All,Yr
15.75_101.75,1.0,0.36037232141390046,0.38660598262285023,-0.19844439577217668,-0.15623846511260825,-0.33874892509643706,-0.06513164652166963,0.19199586764845958,0.07608902265044915,preci,All,Yr
15.75_102.25,1.0,0.4605530186346347,0.2662427381965217,-0.08357791094726484,-0.061828625435075085,-0.23224645707688202,-0.15254029508660186,0.2772967000923171,0.07457802379704417,preci,All,Yr
15.75_102.75,1.0,0.39368268866243233,0.28099911425282503,0.02056037505980329,-0.14644369993495715,-0.04702769448150079,0.17518747594907744,0.4079085303439646,-0.07290035377035813,preci,All,Yr
15.75_103.25,1.0,0.27216956016666105,0.14063152895599138,-0.23408425279198883,-0.0031249412705788315,0.023104859865729355,0.38271522489330295,0.48242104236407096,-0.3072096811744001,preci,All,Yr
15.75_103.75,1.0,0.18345366029935287,0.21105983595893338,-0.39421714233884003,0.12827126297373392,-0.07475753113772195,0.24912555714023546,0.45361415606258854,-0.3494420648206631,preci,All,Yr
15.75_104.25,1.0,0.2897002842804783,0.2770206239483677,-0.4009131817246876,0.26996391722062585,-0.03690807665629107,0.34268249974162734,0.4767509390206416,-0.1800798381471364,preci,All,Yr
15.75_104.75,0.9999999999999999,0.5750688730644383,0.3786185801384145,-0.16017859264351983,0.2379373226214802,-0.022924712515109268,0.4427623328496358,0.7333742208330287,-0.09176679154247125,preci,All,Yr
15.75_105.25,0.9999999999999999,0.5784459847513845,0.20266095532362202,-0.054703843092552475,0.13635743137042675,0.00026567989715804594,0.5510636103594514,0.7379447103014491,-0.18038954811597455,preci,All,Yr
15.75_105.75,1.0,0.4912050353074452,-0.022772432691539085,0.039756219051700174,0.06645013289274057,-0.020020150457767408,0.6320157866562917,0.5675070723636634,-0.02161686601176169,preci,All,Yr
15.75_106.25,0.9999999999999999,0.3705328019994024,0.16260600081611729,-0.08171118664707597,0.21117395262376198,-0.2211363079409755,0.6139182735403794,0.4689526263089825,-0.1381577466656925,preci,All,Yr
15.75_106.75,1.0,0.27916472323847263,-0.158568221920084,-0.1433514397339474,0.2739781472053665,-0.19855186468509461,0.5872156382419795,0.10256931172347683,-0.19658959721781033,preci,All,Yr
16.25_101.75,1.0,0.6675110958967148,0.3866482464287218,0.001499309192562331,-0.2651370040042191,-0.2999022093030627,0.20099555554996054,0.337198408755943,-0.01873487983701114,preci,All,Yr
16.25_102.25,0.9999999999999999,0.7613607862038723,0.26701635194216483,0.1410015722409426,-0.022868386509059882,-0.2630520120572515,0.02954739115455239,0.5673566514321077,0.04604392604973484,preci,All,Yr
16.25_102.75,1.0,0.6116147706309419,0.35559703040863455,0.17511966672512333,-0.04468598305577787,-0.01452448991594932,0.08745554959410555,0.6408132448138749,0.13221281923204345,preci,All,Yr
16.25_103.25,0.9999999999999999,0.4724242969080119,0.3057417913657981,-0.17258739157707084,0.0012464689521648135,0.07084260821016349,0.19700021888568037,0.6072478478920189,-0.1295506240506566,preci,All,Yr
16.25_103.75,1.0,0.10386002205460246,0.04586469369072644,-0.3545121300988114,0.0025529954824360665,-0.19403945612909443,0.1264409268296254,0.3617437466321765,-0.1628697550244362,preci,All,Yr
16.25_104.25,0.9999999999999999,0.3508890347863826,-0.04855490706060709,-0.3458458884253422,0.26468212108384614,-0.27551584457344813,0.2594718231649825,0.5962136762246684,-0.07364412335336978,preci,All,Yr
16.25_104.75,1.0,0.5788920867149695,0.1363965748151053,-0.20996059020114158,0.24701623867382694,-0.1491730378362223,0.5723708525635066,0.8202198893485012,-0.08563338229648938,preci,All,Yr
16.25_105.25,0.9999999999999998,0.5372295285839608,0.16744238348678028,-0.13433760113687326,0.10402205445673879,-0.05641275218533272,0.5717195042827864,0.744987074630956,-0.2679428122726081,preci,All,Yr
16.25_105.75,0.9999999999999999,0.45772026742128347,0.0962367693892109,-0.06734332861433409,-0.13421217439055239,0.12645183661161136,0.496326329501475,0.5510200039035313,-0.28105312474896,preci,All,Yr
16.25_106.25,1.0,0.42101912603597225,0.38140257249867027,-0.09198242708732865,0.1725173823682375,0.01744406417580525,0.6252796201770828,0.35932550294704096,-0.23920858731641553,preci,All,Yr
16.25_106.75,1.0,0.27211950254380485,0.09745468714980174,-0.2060465979366703,0.300718448865009,-0.11659127928859697,0.45893573141279953,0.1944640296373704,-0.10221491462506696,preci,All,Yr
16.25_107.25,1.0,0.22275987790534,0.04444702885494353,0.20800863647718967,0.4572811058307916,0.30159094323927116,0.5742883688398958,0.2721845487265687,0.3792929731410492,preci,All,Yr
16.75_101.75,1.0,0.5701310201206913,0.2709971480144685,0.006444348032060469,-0.34691815238514706,-0.3308237870841001,0.4816368705220231,0.33351514557322554,-0.04659373436564245,preci,All,Yr
16.75_102.25,0.9999999999999999,0.7773549723367654,0.07360136404902617,0.12109051870149706,-0.09325209973045144,-0.4014732265347493,0.30762892621855503,0.38992437404875435,-0.023364942411017844,preci,All,Yr
16.75_102.75,1.0,0.7198424742390849,0.29850109760322674,-0.056237942477421116,-0.12624012958037403,-0.17235551839503782,0.2930972469933999,0.5337249620023432,0.0206073791758973,preci,All,Yr
16.75_103.25,1.0,0.4070068519827251,0.2127657098450034,-0.24212820331491586,-0.1757509466196198,0.04150813478144504,0.3979772841319909,0.5836477114241897,-0.008796542232423623,preci,All,Yr
16.75_103.75,1.0,0.30923051156602527,-0.007594173033068136,-0.25857780852426737,-0.23097949471797471,0.09725200564081675,0.319027436499491,0.5319971826994466,0.01104805019754648,preci,All,Yr
16.75_104.25,0.9999999999999999,0.483723022795446,-0.07772420985585844,-0.26583830305712003,-0.05564259680776878,-0.014753930078173168,0.40076141759804806,0.6189575606350451,0.022355561265806543,preci,All,Yr
16.75_104.75,1.0,0.4415642663931545,-0.12917705699341875,-0.26536223198967374,0.19712629912562113,-0.18074045277519477,0.4887938393989375,0.7097784302306254,-0.11292049562283214,preci,All,Yr
16.75_105.25,0.9999999999999999,0.41910438437100195,-0.014644814799624395,-0.0888136233619015,0.14148648075733802,0.06683111856014602,0.4238384229011952,0.6300122070203106,-0.1936649836691451,preci,All,Yr
16.75_105.75,1.0,0.22371579560502722,0.1916267991628162,0.038510326308996194,-0.07376607861421014,0.20803925035131002,0.3491805140599991,0.1823433305191123,0.0693321313198957,preci,All,Yr
16.75_106.25,0.9999999999999998,0.23753244258924364,0.21786653420820612,-0.10724697075181994,0.178703669196594,0.013352845843453502,0.3372454057889634,0.052096722639683776,0.10577677463572313,preci,All,Yr
17.25_101.75,0.9999999999999999,0.2223264764503948,0.3275158446241962,-0.17247224051543786,-0.37291705032517874,-0.10538436625667703,0.564879066367576,0.1088111683911602,0.02073185038898497,preci,All,Yr
17.25_102.25,1.0,0.4682544402435231,0.3550355421628264,-0.2160937755646942,-0.1560873812448299,-0.2571629482456294,0.44319089985144877,0.1224294662762409,-0.019482660738129823,preci,All,Yr
17.25_102.75,0.9999999999999999,0.5158188631660169,0.31491495899386707,-0.40190718920376345,-0.01973178156422319,-0.2689556622380204,0.5824676832797335,0.3809432250826145,-0.11027890335800158,preci,All,Yr
17.25_103.25,0.9999999999999999,0.36964026114990667,0.3099717511468387,-0.37365718192368,0.002925419908995141,-0.2183674186377596,0.5596884578360556,0.49087798195855764,-0.1307333295691266,preci,All,Yr
17.25_103.75,0.9999999999999999,0.42786084582901757,0.13514651868616478,-0.254762739719523,-0.07675989476079241,0.061424604446263735,0.5102013439865111,0.43067680131493347,-0.22277358706674943,preci,All,Yr
17.25_104.25,1.0,0.46226599274451774,-0.03252044266991087,-0.2088119307755239,-0.1748693734477729,0.24966175740849902,0.5809600868990153,0.5383007718569843,-0.16799011826848287,preci,All,Yr
17.25_104.75,0.9999999999999998,0.3821265133177701,-0.0769252243607555,-0.23440506929925967,0.0423924757747666,0.08704836048562622,0.5767892923166644,0.5820115200603097,-0.2420872605895394,preci,All,Yr
17.25_105.25,1.0,0.2758879368828989,-0.06160307532240238,-0.12351283554509739,0.007787813348809939,-0.058008530691914535,0.3861932073270432,0.32674079152236407,-0.3190643870382911,preci,All,Yr
17.25_105.75,1.0,0.10972850542596145,-0.08896555159786908,-0.28593897053590583,-0.04192802679645301,-0.015100645803257965,0.1715520563562871,-0.024064083687405053,0.008452046558716765,preci,All,Yr
17.25_106.25,1.0,0.1945064031290378,-0.02717833206270536,-0.14130848175712143,0.3209536592207487,-0.001953582983309464,0.03091768654689869,0.015085707253484076,0.07553937192271673,preci,All,Yr
17.75_101.25,1.0,0.18835256026386316,0.02327843561718377,-0.2820602760044011,-0.516479234376891,-0.008288349503601663,0.42611834539418386,0.23723405889235472,-0.0734162204148627,preci,All,Yr
17.75_101.75,1.0,0.25702568026152445,0.32822557895344706,-0.22959891395114468,-0.36361893156763203,0.04966099619192884,0.5520520194782267,0.04714400080989008,-0.0383242516663296,preci,All,Yr
17.75_102.25,1.0,0.16299143843673078,0.3478880631936744,-0.32019547736014203,-0.10182815621584111,0.2539018210208175,0.43155575174219174,-0.1955841618602806,-0.09858892241004985,preci,All,Yr
17.75_102.75,1.0,0.2524555323253544,0.20799260809229736,-0.4326953455976804,-0.0033905116748225174,0.06272568557935239,0.4356897066271807,0.0587364657690089,-0.1465098037816987,preci,All,Yr
17.75_103.25,1.0,0.3772373089074284,0.12102137634117661,-0.49580434341857893,0.1154282594570326,-0.22995155286978297,0.4742764293180667,0.29612053460040155,-0.12990190774669677,preci,All,Yr
17.75_103.75,1.0,0.3475855800780136,0.12001858852778377,-0.4785873212692748,0.1261663429294582,-0.05145859680179392,0.4662582448259167,0.34523077751556774,-0.2990939046678633,preci,All,Yr
17.75_104.25,1.0,0.461545181720787,0.2105053176707409,-0.3177188578935332,0.06515131178798281,0.1250129115065833,0.6120745355155024,0.5017104277786414,-0.2647779605524462,preci,All,Yr
17.75_104.75,0.9999999999999999,0.34378807642348586,0.092589400598427,-0.2769029530098865,-0.12859098304453276,0.03501193340729177,0.5950221838407729,0.41385406636479727,-0.22484486373816875,preci,All,Yr
17.75_105.25,0.9999999999999998,0.3215912742170945,-0.16800423214861213,-0.35702212902847325,-0.1146791537120225,-0.18581252658459285,0.3693253627438142,0.23844729630043046,-0.31448234199709896,preci,All,Yr
18.25_101.25,0.9999999999999999,0.20897087282039303,0.10309670130423647,-0.4420814566686061,-0.40763956528404605,0.146862515129333,0.4115537417598136,0.1491566011352731,-0.09330581684778365,preci,All,Yr
18.25_101.75,1.0,0.2932721842009304,0.09511050122320883,-0.36507725745404,-0.25978210628589876,0.21613912845880742,0.5141117732594923,0.026056739797183526,-0.06389045101657734,preci,All,Yr
18.25_102.25,1.0,0.24262643582737634,0.24989611254154412,-0.3046258742437248,0.021807263117403313,0.3215125830821059,0.4720966625350584,-0.2130246717632077,-0.025782721677723476,preci,All,Yr
18.25_102.75,1.0,0.26821229933619123,0.18407306328306536,-0.2284065542143067,0.0495866797542346,0.18133935735537465,0.36783163231940974,-0.05004244738841685,0.03559465040140658,preci,All,Yr
18.25_103.25,1.0,0.2985333684189826,0.30235699832309904,-0.32894794185193876,-0.07741267500411163,-0.020306540962367343,0.34086678402235104,0.1008483506212271,0.03955753763413402,preci,All,Yr
18.25_103.75,1.0,0.24608560659680842,0.4496064931328442,-0.30702859726162957,-0.10285008417262059,0.08943697618486163,0.36035086344080675,0.1901607523038617,-0.07771422589597216,preci,All,Yr
18.25_104.25,1.0,0.38103589739191907,0.30967572188840503,-0.5264604266622461,-0.021141033299453837,-0.16194658845572896,0.4022283914569129,0.41966577015050527,-0.3835467171033138,preci,All,Yr
18.25_104.75,0.9999999999999999,0.4515593888731124,0.0035333072390579473,-0.6548265149646102,0.006046319222711642,-0.15088123059076855,0.48040482262707196,0.4682176728246455,-0.38863478603418916,preci,All,Yr
18.25_105.25,1.0,0.5826395006791726,0.03777750928194456,-0.6703197125111611,0.09504933520833918,-0.025388387870473757,0.3992577468596002,0.3238736681127906,-0.24958896600591682,preci,All,Yr
18.75_101.25,1.0,0.1740736218383217,0.008458669501328512,-0.3893466399412381,-0.30383236023816373,-0.15274792840242457,0.3490133627285754,0.2491131609392311,-0.05344814664281163,preci,All,Yr
18.75_101.75,0.9999999999999999,0.2882269131819835,-0.05473802734131018,-0.32210014893395805,-0.1323258960164059,-0.08610121856556469,0.3017362471911892,0.09850166590124726,-0.04922373046441598,preci,All,Yr
18.75_102.25,1.0,0.38078145962467547,0.19464297771280503,-0.18631877522552728,0.2562734046631105,0.04227885741761968,0.338641786452655,0.1806745892368485,0.046964851574967284,preci,All,Yr
18.75_102.75,1.0,0.2369235697731915,0.3784649631864072,0.07331016644958634,0.16531727520416734,0.0355108816953544,0.17610863573481825,0.16935082693017675,-0.029738657349411363,preci,All,Yr
18.75_103.25,1.0,0.17356849040958008,0.19664089289238598,0.035210280474016364,-0.10358600095904083,0.030266317989405142,0.19203370060429856,0.11786793109700901,-0.11592132235897319,preci,All,Yr
18.75_103.75,1.0,0.1512700884042739,0.4731868859798727,-0.1284550358653882,-0.07494862784463692,0.052074617576703196,0.14566811536216964,-0.026739278197851758,-0.1356587943792804,preci,All,Yr
18.75_104.25,0.9999999999999998,0.1594047645245821,0.1511013948044254,-0.5600448412688029,0.08505745375446207,-0.14078882992295932,0.2908728603543615,0.10850009824643668,-0.30614947013321736,preci,All,Yr
18.75_104.75,1.0,0.3947202079360295,-0.11556069072921782,-0.7823582958596135,0.1370834028694197,0.010739762428592611,0.3937704837804175,0.09996902240605153,-0.30891974213715595,preci,All,Yr
19.25_101.25,0.9999999999999998,0.17307109560458792,-0.22199490021447862,-0.34011183180599175,-0.19637175460277476,0.05512561258246589,0.30266252946475786,0.16179305641497266,-0.05708294976900515,preci,All,Yr
19.25_101.75,1.0,0.1845267678194739,-0.2086100026323273,-0.16351549138648516,-0.0773305899913075,-0.18108750058869336,0.10183766638264058,0.1516935151923182,-0.06586628195019137,preci,All,Yr
19.25_102.25,1.0,0.27210970196043716,0.1229675682531498,0.11197010082446146,-0.006024612630911773,-0.16677134019644282,0.2707583582760314,0.4467406120362902,0.000822516423361913,preci,All,Yr
19.25_102.75,1.0,0.220091816889941,0.16128277740688882,0.207552270432332,0.054943929891615624,-0.1957870053313214,0.1550564935765431,0.45115287866827414,-0.15356477982199562,preci,All,Yr
19.25_103.25,1.0,0.26348284564877406,0.011505943780611913,0.155377780721784,0.12175827792386563,-0.26030535488882023,0.17116762369144756,0.40649238819148026,-0.27967356115651404,preci,All,Yr
19.25_99.75,1.0,0.41948658293982327,0.008678040418477608,-0.1903647030291861,-0.07282727563373961,0.13922885258391562,0.5038210932156106,0.15679808295386677,-0.02379650210639668,preci,All,Yr
19.75_100.25,1.0,0.2612880127898192,0.03791978425612001,-0.2636564513944121,-0.20748796234179445,0.041248531018906444,0.4250919356856888,0.2805145727062689,0.16640663829915436,preci,All,Yr
19.75_100.75,1.0,0.23900086146600177,-0.11014157309937146,-0.2846424353012443,-0.2662053010097099,0.20632727492245273,0.4147521709186581,0.3025788711883241,0.167903457008731,preci,All,Yr
19.75_101.25,1.0,0.17517116003539143,-0.30294202687468336,-0.2710403912794478,-0.2304264735379968,0.21501817624322178,0.28745440643205983,0.1947969494879478,0.08839255919253787,preci,All,Yr
19.75_101.75,1.0,0.13817384304753055,-0.12367119436838554,-0.10296482795869667,-0.20564170997812262,0.01701661775374435,0.05582414564575674,0.12561081566436452,0.06965526753148218,preci,All,Yr
19.75_102.25,1.0,0.07452474481087587,0.16623970074462163,0.12487102483509384,-0.12853119417956432,0.010778532520726847,0.1839297483613205,0.3091198229746166,-0.026649452475190523,preci,All,Yr
19.75_102.75,1.0,0.06963617031305062,0.17848478967725875,0.19203534234417863,-0.06139709149461071,-0.14481801245017817,0.16538025943618936,0.41554862720543434,-0.2295453346886241,preci,All,Yr
19.75_103.25,0.9999999999999998,0.06261758827305733,0.0333125696069532,0.12293637574160825,0.008948127662761077,-0.2625001783608599,0.1727777406373011,0.28485335133621276,-0.4156031671598493,preci,All,Yr
19.75_99.25,1.0,0.3555529843545045,-0.0927308801722786,-0.33586764918004963,0.21938804194984038,0.3450280864110121,0.485340586879906,0.283534166422792,0.10576872138940961,preci,All,Yr
19.75_99.75,1.0,0.3674212578389521,0.15221291114609756,-0.3413974306311005,0.040892921580714676,0.17600162341071987,0.5902975384847473,0.16883993682574294,0.15402018315040855,preci,All,Yr
20.25_100.25,1.0,0.13539181478142281,0.3367797102668917,-0.10154461262242989,-0.34389493496596835,-0.04610216416753649,0.24789199473112158,0.2380539250439643,0.32648381809761573,preci,All,Yr
20.25_100.75,1.0,0.1424177930738061,0.30744180551934147,-0.16731496876985702,-0.43964585154361335,0.009147291978573942,0.379792390027619,0.23269296542337423,0.26746159904339983,preci,All,Yr
20.25_101.25,1.0,0.11419722899850598,0.18847318723881976,-0.1839857364366051,-0.5021819284597084,0.06861877896856325,0.31215673369148456,0.21071150282501863,0.137474886866097,preci,All,Yr
20.25_101.75,1.0,0.23104789043154153,0.0738827257035867,0.008764537769903193,-0.39704013771305285,-0.051800720454263705,0.22555359454247334,0.18392161743045993,0.057145710837264864,preci,All,Yr
20.25_102.25,1.0,0.30966241622011803,0.14653652009344367,0.22093722672775157,-0.17479434472127864,-0.18816370004723323,0.16217429172271505,0.12519322832392074,-0.061213055336447476,preci,All,Yr
20.25_102.75,0.9999999999999998,0.2590530360353157,0.23240687936030457,0.2574949596810399,-0.1259944904572871,-0.24333486590612616,0.16364220827021306,0.022853604510347618,-0.22737381967184309,preci,All,Yr
20.25_103.25,1.0,0.2207353310823553,-0.003571341409896428,0.15981338953380467,0.019331121526332165,-0.13127182831412545,0.2604349997031368,0.4107693148639999,-0.43086759146722153,preci,All,Yr
20.25_99.25,1.0,0.21099543691983552,0.19585679229517827,-0.16462813038988372,0.2805999994179466,0.11326887488235418,0.6428776417903965,0.17806392231394727,0.2913251748495487,preci,All,Yr
20.25_99.75,1.0,0.20945068673322273,0.39579355906665853,0.047071178773063695,-0.18965746957950802,0.06442518259180666,0.5165422190498671,0.15044526127197239,0.35861074988763897,preci,All,Yr
20.75_100.25,1.0,0.10850365193733252,0.4705682201360235,0.11929971050376577,-0.3929905934315918,-0.052808835224168175,0.3047754462086809,0.28396241751770124,0.39178142674072647,preci,All,Yr
20.75_100.75,1.0,0.10947956891369813,0.6138508633159567,-0.0018783060046907824,-0.48637641528655484,-0.0794693086803767,0.3719249522918252,0.24935770810080615,0.06971467478042633,preci,All,Yr
20.75_101.25,1.0,0.15856820510417138,0.5740740441774772,0.008726566608805062,-0.4614130184100762,-0.24975238016432677,0.36131678817462903,0.26820959219897217,-0.220074036611778,preci,All,Yr
20.75_101.75,1.0,0.35681710326400723,0.40324494544067246,0.048259770556858914,-0.4449858225572634,-0.3276039397683509,0.2961131893324165,0.29468962450440983,-0.1932653511117161,preci,All,Yr
20.75_102.25,1.0,0.5932945139726198,0.09750128344460567,0.21468738796625042,-0.33312936500525614,-0.20089638838760895,0.20698604618293676,0.31284278308480507,-0.1157225843363706,preci,All,Yr
20.75_102.75,1.0,0.5549315158695771,-0.03901140655567361,0.24192115710053338,-0.20954407079278053,-0.11714166210421682,0.043395704889189535,0.17224165082820939,-0.040669328717972984,preci,All,Yr
20.75_103.25,1.0,0.5250056545820673,-0.23148795251693546,0.202117853706729,0.08594261138680669,0.03165450329477012,0.1441112292563412,0.4273355129924066,0.05108874298904557,preci,All,Yr
20.75_99.75,1.0,0.12726740630862762,0.40266220512824086,0.2032970803360203,-0.2369922097189487,0.029638786403943365,0.47249928273294584,0.3539483161595276,0.5148942253096379,preci,All,Yr
21.25_100.25,1.0,0.1690061258381979,0.3889861865605287,0.2163255113921188,-0.387138635135029,-0.09075952101727294,0.3056146460835528,0.355441488979778,0.1493630421768077,preci,All,Yr
21.25_100.75,0.9999999999999998,0.18565813367612086,0.44637692887864716,0.13564775456241557,-0.5288298030109266,0.021517969151001393,0.23531846901907236,0.18686502284084774,-0.1304640460217966,preci,All,Yr
21.25_101.25,0.9999999999999998,0.25207937752971665,0.548553162451474,0.1314001938208109,-0.49796848804638744,-0.299811588610948,0.26846422451707264,0.23411731106045816,-0.16799913116119708,preci,All,Yr
21.25_101.75,1.0,0.43425668805344714,0.4550721057050914,0.21170323007438363,-0.3710565692209886,-0.4937419611222313,0.2394542250862875,0.3063599749273122,-0.20056717343907726,preci,All,Yr
21.25_102.25,1.0,0.592760535305314,0.2117215450930532,0.29919605964738727,-0.3166814090593226,-0.2742245941514039,0.1827567649373241,0.46735886108878993,-0.13447446739887298,preci,All,Yr
21.25_102.75,1.0,0.5855110025613502,-0.032861104825092476,0.3215862054453612,-0.1888421226416132,0.06741547844299393,0.18936154581580072,0.4776491677261172,0.08513260435826958,preci,All,Yr
21.25_99.75,0.9999999999999999,-0.022312421209520168,0.4424282794110951,0.2527669427287516,0.007675596710051585,-0.0704237345363685,0.5457251776829798,0.38000318603451155,0.2495193394085638,preci,All,Yr
21.75_100.25,0.9999999999999999,0.2976306886277126,0.13906785198029634,0.149970245343469,-0.26604502705448196,-0.21067408850104735,0.3357094572208253,0.2745396714581991,0.16790499400657086,preci,All,Yr
21.75_100.75,0.9999999999999999,0.35566281930860777,0.20181115598273822,0.11714385373255042,-0.584750919010229,-0.08624391275237797,0.19122386133754524,0.20660597387606208,-0.09562240795638906,preci,All,Yr
21.75_101.25,1.0,0.42429463303154974,0.34654067254665727,0.09608645769425973,-0.5577941350173246,-0.28284677333431857,0.1696619946412954,0.23624669025106956,-0.1900064152559888,preci,All,Yr
21.75_101.75,0.9999999999999999,0.5102759287541183,0.3358484207873662,0.14846227514356178,-0.2905862746771108,-0.43482868137357783,0.19731382869902747,0.3241965995236569,-0.2994484919850503,preci,All,Yr
21.75_102.25,1.0,0.5127815842083069,0.2528521845681952,0.36533096491514816,-0.14152599290455897,-0.27507779120531767,0.2547090902727319,0.4992499669043922,-0.15039509818566768,preci,All,Yr
21.75_99.25,0.9999999999999999,0.0013413073974730854,0.3848842237492237,0.16252061927331077,-0.10090860281019762,-0.1202873870030911,0.4820099916757155,0.19125961339432268,0.28864808998025837,preci,All,Yr
21.75_99.75,1.0,0.0791215516728476,0.33778589648474555,0.1614988865731867,-0.0707472243081753,-0.25561568494581954,0.48372206552248426,0.3431149944442424,0.2665647306753758,preci,All,Yr
22.25_100.25,0.9999999999999999,0.4113823856117299,0.11073181166341678,-0.03331313167809572,-0.1760792172937233,-0.34712889864904234,0.32370937745680645,0.22911247399582482,0.026627232288526675,preci,All,Yr
22.25_100.75,1.0,0.44901805083130947,0.031090247496259913,-0.04373407437101663,-0.47356829468056916,-0.32679517463201774,0.23193370988862488,0.2119156701983962,-0.1122079192885747,preci,All,Yr
22.25_101.25,1.0,0.575452380523124,0.12794681205913983,-0.0033472868616923404,-0.369943259882007,-0.3163967976737399,0.14760759670060836,0.19892179460769516,-0.19459588952945894,preci,All,Yr
22.25_101.75,1.0,0.59811348510126,0.08419295586952982,0.10088579344078084,-0.10606962653575673,-0.290167664445196,0.19990937370640763,0.28271599558407534,-0.11723575353958259,preci,All,Yr
22.25_102.25,1.0,0.528719720261066,0.2144609830243897,0.21467288441202237,-0.09747236631332441,-0.2545921010932086,0.38947694878462275,0.33199959296698217,-0.012959667778246458,preci,All,Yr
22.25_99.75,1.0,0.15790034556026872,0.2437615744801169,-0.10474156994144274,-0.16804107491967615,-0.3138281468221568,0.371939807653763,0.07225603976745049,0.13278511183248193,preci,All,Yr
22.75_100.25,1.0,0.41534999220580376,0.13348081631686012,-0.10273355673084641,-0.12919996279713566,-0.2073951455700967,0.3004642108512925,0.20202104378531524,-0.12831724183046528,preci,All,Yr
22.75_100.75,0.9999999999999999,0.5043005792018471,0.10577427112940298,-0.05595131922346856,-0.12247431147365943,-0.2586876704825121,0.24786450801539348,0.12945495732060783,-0.20769362866018307,preci,All,Yr
22.75_101.25,1.0,0.5881646496821736,0.046861713547953605,-0.04832795124996873,-0.05001804657802112,-0.2942528296948311,0.17721542038948956,0.2713080291412741,-0.10385147009849008,preci,All,Yr
22.75_99.75,1.0,0.21652606062079732,0.21658067180221255,-0.2320727984804989,-0.10115855806479561,-0.16414734868898456,0.29283634186509033,0.12861212693871218,-0.0048921996110639875,preci,All,Yr
23.25_100.25,1.0,0.3528900365244328,0.22304921079773277,0.0099020239664958,0.16116246915532517,0.0484084760127596,0.3675997981767413,0.26417833348198433,-0.14909300031447062,preci,All,Yr
23.25_100.75,1.0,0.47448620550049814,0.14997794310086623,0.053742195326957294,0.1630717810433654,-0.061096838263480134,0.2792742577910289,0.103522991818311,-0.21044244575238405,preci,All,Yr
23.25_99.25,0.9999999999999999,0.13517828078342642,0.17935895225126164,0.07946953607826723,-0.026470926095586038,0.26912730522145445,0.3696673563064886,0.05625272678483913,0.002525461968906418,preci,All,Yr
23.25_99.75,1.0,0.18282425075270223,0.20868708622765025,-0.019701632450027002,0.1396069596541303,0.10879870579749173,0.4156879160759858,0.17787690087624047,-0.04950575783431004,preci,All,Yr
23.75_100.25,1.0,0.32639307626597164,0.12973093700014038,0.15052586710175303,0.33338789390534807,0.25844819910704314,0.44604174471586466,0.20972314836718445,-0.22889747438499589,preci,All,Yr
23.75_100.75,0.9999999999999999,0.450270193501412,0.026838205898769438,0.26090040062413844,0.3177544395755924,0.06095602452652466,0.32563384738527534,0.18684235562779045,-0.11208260727903625,preci,All,Yr
24.25_100.25,1.0,0.3517304966675893,-0.10252380049201927,0.327652654316191,0.2802977258894306,0.3922538598760781,0.42163754869074754,0.04278798632390979,-0.11190871287068982,preci,All,Yr
24.25_100.75,1.0,0.4766709207748679,-0.11842216689629753,0.2997380817288513,0.36937051346425903,0.21468812383227304,0.3557436706031562,0.21981509539865454,0.12144374037037328,preci,All,Yr
24.25_99.75,1.0,0.25452443819130516,-0.09879053327281243,0.06688680601822872,0.08175406450833986,0.6978017072141195,0.040000688386183834,-0.12285572291425939,-0.1691875688024747,preci,All,Yr
24.75_100.25,1.0,0.5476494856506309,-0.24301880251485372,0.2893327480244836,0.2000113834374364,0.5031210834797525,0.3558728772758686,-0.025035612653549515,-0.08094276305256232,preci,All,Yr
24.75_99.75,1.0,0.596741394089137,-0.23879228716726497,0.03827421944850926,0.13931510027961247,0.6300469012552475,0.0251994589178773,-0.14161966201165438,-0.20279830021436326,preci,All,Yr
25.25_99.75,0.9999999999999999,0.6789539772499973,-0.20556582965836448,0.10998208880035792,0.11397058748546422,0.4408436151454413,0.1261195877895309,-0.11157506422935337,0.03836866258218157,preci,All,Yr
25.75_100.25,1.0,0.3102055259872561,-0.2118252631388013,0.4208760426632826,0.2376252943623669,0.019945702038178435,0.51619007382451,0.1515420942598056,0.37149691831023807,preci,All,Yr
25.75_99.25,1.0,0.5370208018358,-0.05823152928086309,-0.0212313708609015,0.11222243926169555,0.5621972846812967,0.07250204110077435,0.023855144599371516,0.19940314377919713,preci,All,Yr
25.75_99.75,1.0,0.6060929205221661,-0.13055941947191196,0.09213151333878442,0.19939331946093253,0.42240080866871477,0.12854215442518738,-0.015617225014270568,0.23358358060321124,preci,All,Yr
26.25_99.25,1.0,0.38616931828529594,-0.09085697990774953,0.1263330105902096,0.095993062408161,0.42927267707660444,0.12618658094855031,0.03500875773058433,0.2637423087096569,preci,All,Yr
26.25_99.75,1.0,0.37459338386057983,-0.20226442757222407,0.3225614144149674,-0.0237175257289762,0.21727785004183833,0.27543359587196037,0.05094849192470739,0.2735096180195732,preci,All,Yr
26.75_99.25,1.0,0.15554779221706183,-0.1419396933678969,0.31500884942801183,0.1280927979836866,0.22420486053426114,0.4857712282011255,0.15209622769195155,0.37767988708783395,preci,All,Yr
27.25_99.25,1.0,0.216878551050431,-0.16038931995646333,0.26490155320356057,0.18589896822751634,-0.061759024096588545,0.5802589043811012,0.30015188910525314,0.264265787434819,preci,All,Yr
27.75_98.75,1.0,0.46288084483725184,-0.02343484647766362,0.29013744459996665,0.23982654779660859,0.2711533634701305,0.29000632973337337,0.3687955927152973,0.15745485878363508,preci,All,Yr
28.25_98.75,1.0,0.7512314989114406,-0.03085657716923579,0.19723586530715972,0.06501441510170199,0.3367275953978178,0.07549899038368972,0.4771425748130687,0.08082324807245445,preci,All,Yr
28.75_98.75,0.9999999999999999,0.8002590064843867,-0.10159165478254226,0.13507910563033546,-0.1502349484981689,0.3627923503663361,0.11415608526323247,0.414154722100441,0.14395450854563865,preci,All,Yr
29.25_98.25,1.0,0.677872593320725,-0.08086227991029389,0.17918158524126393,-0.18893188546646691,0.3266329516169146,0.23991223851646695,0.4022771076997102,0.03112602363258963,preci,All,Yr
29.75_98.25,1.0,0.6399732463263751,-0.019147532625604556,0.2831455201437779,-0.26469954178860766,0.3516606361176498,0.200619639061128,0.36989392336919646,-0.12844321899312708,preci,All,Yr
30.25_97.75,1.0,0.5192093955080801,0.0962133635508696,0.345518929267191,-0.2909018002521038,0.4733504508544673,0.4584452200038068,0.3200863041703656,0.04042372557473066,preci,All,Yr
30.25_98.25,0.9999999999999998,0.4551352538049047,0.20789177245484075,0.21772495431175193,0.004151611423959939,0.40675229762943776,0.2706519619380989,0.31535255144150987,-0.07564065439253022,preci,All,Yr
30.75_97.25,1.0,0.48808453671213986,0.1555045808397143,0.18338924818838925,0.05279355662428336,0.42656231564471614,0.3940020257379846,0.478162577391386,0.002469168047808236,preci,All,Yr
30.75_97.75,1.0,0.4499940385490142,0.11575700305434868,0.14680216785494207,-0.017993136020580038,0.39823633368732697,0.21971096485428918,0.38636061969286734,-0.034065301109545185,preci,All,Yr
31.25_96.25,1.0,0.6429980209595948,-0.07296654118450313,0.27912675628294353,0.3132571436796941,0.16008716257352446,0.25890287657902833,0.5806506070914246,0.20705688498790265,preci,All,Yr
31.25_96.75,0.9999999999999999,0.6357005849800199,-0.04682267428332423,0.1715366712152593,0.15570673373512753,0.2947054027751333,0.06572357659163558,0.49862506732085315,0.2642997871999963,preci,All,Yr
31.25_97.25,1.0,0.5640421231003448,0.04737812401277843,0.06839317636992356,0.10913676504808072,0.32974809088872525,0.10097652984802326,0.48478033383378416,0.14645104630159142,preci,All,Yr
31.75_95.75,1.0,0.652164937771403,-0.1525577287285402,0.1845293590034071,0.0844965058492307,-0.17827870710363244,0.21814570828428748,0.5870831275196238,0.5065272352761124,preci,All,Yr
31.75_96.25,0.9999999999999998,0.6730758331980395,-0.17247173792090134,0.19489804717241396,0.15675030318184657,-0.02447406384454121,0.03733596800091223,0.5204349405895237,0.41407657011615934,preci,All,Yr
31.75_96.75,1.0,0.6930632619772044,-0.11271189246470442,0.19428637019298456,0.06031825433634813,0.10835941398077652,-0.1847695728018862,0.4924275922524134,0.40519471511170846,preci,All,Yr
31.75_97.25,1.0,0.6516601864191559,-0.09432910267790053,0.1008058152786848,-0.11413171321477128,0.044459810522551206,-0.15602648381100434,0.5024335036219687,0.4436109656089384,preci,All,Yr
31.75_97.75,0.9999999999999998,0.6145439876508797,-0.11755460845539588,0.0910997716376752,-0.20237595017848448,-0.00423388277921755,-0.09328571774520628,0.45542556271681933,0.4396014422408221,preci,All,Yr
32.25_94.75,1.0,0.7471108941694874,-0.06482909242200825,0.13514427665514075,0.2691208886204579,0.03843783835546131,-0.026190507181049486,0.23777553298488374,0.4317956889782268,preci,All,Yr
32.25_95.25,1.0,0.7293706137380608,-0.10922797568464386,0.12399351493310752,0.16747270913646756,-0.0652845352644625,-0.13134323600291542,0.32409128351078126,0.5536973022575933,preci,All,Yr
32.25_95.75,1.0,0.7264441284175112,-0.1922992102612588,0.10061957006711839,0.09817735582774981,-0.19588635415247702,-0.03830407825880608,0.45199723126469515,0.615129819592621,preci,All,Yr
32.25_96.25,1.0,0.7641697233416719,-0.10631588369930643,-0.031037532042398355,0.14699675446584534,-0.11873092272409337,0.018348965680258324,0.5541001610951393,0.6061040576724042,preci,All,Yr
32.25_96.75,1.0,0.7791676711888478,-0.07819170871488902,-0.16848997506728355,0.12612708247513899,-0.07112460024364128,-0.073357923050958,0.6070026302290964,0.5343049799461099,preci,All,Yr
32.25_97.25,1.0,0.763204884935171,-0.17147107263762787,-0.07830446350117641,-0.030860313145122456,-0.037001422524761754,-0.15126339209828027,0.627799530503257,0.4834218648171105,preci,All,Yr
32.25_97.75,0.9999999999999998,0.7233355972274554,-0.12736708140284386,-0.04702103984487902,0.004419202107920457,-0.07486726627857856,-0.1465811496302946,0.6450611205223971,0.37616121081707254,preci,All,Yr
32.75_94.75,1.0,0.781339765943655,-0.08010760762066019,0.048031911852232004,0.4246486626674551,0.009856127923184521,-0.33912550346534415,0.18709026337632514,0.4875768688131714,preci,All,Yr
32.75_95.25,1.0,0.7568450445128577,-0.025733939039650534,0.011196995938902868,0.4419603542399705,-0.1385476783865246,-0.2744529759790879,0.18526506459985587,0.46915875902834087,preci,All,Yr
32.75_95.75,1.0,0.752780227569224,-0.037258857981862056,-0.10812624324890296,0.23648230692487354,-0.3354774167729632,-0.10500272307703114,0.29627646443735495,0.49378974598911307,preci,All,Yr
32.75_96.25,1.0,0.7542005687727238,-0.0486794886598632,-0.14821134045903234,0.08273932457345977,-0.3274878020399086,0.007467342070038121,0.5007528367877501,0.5528283797933836,preci,All,Yr
32.75_96.75,0.9999999999999998,0.7553015214318058,-0.15472994729640013,-0.19658773427538626,0.031120125476489985,-0.17289036069164918,0.03074677345446008,0.5923204318870868,0.5352199517159048,preci,All,Yr
33.25_94.25,1.0,0.7689645606532178,0.2145064318878029,-0.14123416783904164,0.4887791653541357,-0.1428778991565747,-0.24161850807441823,-0.1419669172509803,0.45983151732970484,preci,All,Yr
33.25_94.75,0.9999999999999998,0.8041736316052316,0.248454567442741,-0.12260325957624237,0.400658419252435,-0.029259123973118115,-0.10404009090283713,-0.18801266019612103,0.4927429340008802,preci,All,Yr
33.25_95.25,1.0,0.8062920767416953,0.13276837368380406,-0.17719199073828865,0.4015467282837847,-0.16141859220230598,-0.16104111633185123,-0.12409893238701905,0.5025815062717583,preci,All,Yr
33.25_95.75,1.0,0.805236613485289,0.008769744651785472,-0.2658043981779906,0.38809466518215874,-0.3185197949403334,-0.09446714063251871,0.10490489319737986,0.5092307467655733,preci,All,Yr
9.25_105.25,1.0,0.26604351604076715,0.033014986045184436,0.4093515263974106,-0.10873681376667177,0.36340897118429333,0.08691934393040326,0.38665231616137424,0.5219309376651143,preci,All,Yr
9.25_105.75,1.0,0.13374604760537828,0.10972788618422748,0.3561465473761781,-0.1637010980917155,0.3725297117616571,0.1377049300334246,0.3021822375628168,0.4757983460414691,preci,All,Yr
9.75_105.25,1.0,0.33520187792248846,-0.2008071914578757,0.053804083676205844,-0.3018344738399843,0.19318563990294815,-0.058365480503898656,0.2080573151905233,0.2889396127879192,preci,All,Yr
9.75_105.75,0.9999999999999999,0.1626843730566434,0.0683339402393225,0.18470562493042098,-0.24743671620465563,0.33620828023608645,0.1373768534151658,0.2631246369918493,0.4149133960507567,preci,All,Yr
9.75_106.25,0.9999999999999999,-0.04983318722117869,0.065281722186723,0.12966395509505496,-0.0913852336185733,0.38479430490644817,0.35166552124305245,0.3085408909030403,0.5223904753801845,preci,All,Yr
10.25_104.75,1.0,0.33469572711022244,0.0314274705160786,0.08637251655642306,0.0668402641531908,0.1263751098377322,0.16940141434972644,0.10646164751156922,-0.01681493357914538,preci,JJASO,Day
10.25_105.25,1.0,0.2773831755058801,0.03010998766375448,0.07103888682722596,0.030157004706701237,0.06700994515921092,0.13120156154308157,0.10602735846268099,-0.006966357277155357,preci,JJASO,Day
10.25_105.75,0.9999999999999999,0.21279648382630123,0.016366125079413027,0.03740710173183264,0.02566037602236931,0.043880973964827916,0.13788104584299754,0.11097050624226745,0.018275431678739643,preci,JJASO,Day
10.25_106.25,1.0,0.22735538399954208,0.0025796433794238,0.019689910724208445,0.035120657789591385,0.04540688613830862,0.15228397353931927,0.11953378658173776,0.01170987330806965,preci,JJASO,Day
10.25_106.75,1.0,0.2170500516024202,0.027366944359271273,0.05002649579629945,0.048417992186062284,0.04240754553335083,0.189575799343737,0.1363407152339084,0.017629788946016512,preci,JJASO,Day
10.75_104.75,1.0,0.24076418338953604,0.06894561842482066,0.06666296069409743,0.01833956307517339,0.054777777820990636,0.09835511526223274,0.11022114818729586,-0.024037181008566607,preci,JJASO,Day
10.75_105.25,1.0,0.23013428657187363,0.06547770638680966,0.056456299778353494,-0.027291939906762586,0.014559675230802803,0.08915929575864791,0.13005081767277715,-0.0022688790398170716,preci,JJASO,Day
10.75_105.75,1.0,0.22997853729942297,0.04694390424961345,0.028033982011167986,-0.012435964877851029,0.01966957226461004,0.08679622784938912,0.13940355775800198,0.030089248359553386,preci,JJASO,Day
11.25_104.25,1.0,0.25345014410076205,0.08418048291615407,0.10025687397268689,0.01751733718120194,0.04654507564068732,0.15342228732386606,0.08425520873301344,0.009106575334910248,preci,JJASO,Day
11.25_104.75,0.9999999999999999,0.2405445424729986,0.09868488478439204,0.09223867228196662,-0.02575718348800186,0.05023699629017369,0.1352110020461187,0.16404080060508874,-0.010042400088118663,preci,JJASO,Day
11.25_105.25,1.0,0.23690482589597908,0.050940598992572986,0.06453164314784818,-0.021300086553993687,0.04516235163797494,0.09260076196368117,0.15704916615865988,0.00459970605887435,preci,JJASO,Day
11.75_104.25,1.0,0.22919748748425856,0.07588825947013068,0.11208838115048708,0.000178349015391849,0.0352376793971113,0.20569594740269798,0.11412374353485603,0.014690595274460257,preci,JJASO,Day
11.75_104.75,1.0,0.2252679512069358,0.0550528659758364,0.07359541774172658,0.0073037473858605,0.04394739589735117,0.15019651865739272,0.1428128993833728,9.899620565342228e-05,preci,JJASO,Day
11.75_105.25,1.0,0.22106814115140194,0.03751275989677642,0.05591732128858456,-0.01393963958084002,0.05974734781235915,0.11255645033734575,0.14232413964576743,0.013187805430836284,preci,JJASO,Day
12.25_103.25,1.0,0.25388652595550315,0.07589969686444308,0.11915649174060762,0.017039936106731192,0.07700987799416228,0.2801172313207287,0.0849134342292456,0.02426292312937146,preci,JJASO,Day
12.25_103.75,1.0,0.21541885155204213,0.06908029756910739,0.1093105161852456,-0.030235912421347134,0.044187052169060353,0.24921547919773349,0.12007832172622722,0.00964626876628625,preci,JJASO,Day
12.25_104.25,1.0,0.17763529389982302,0.052521461193243156,0.06498464384223547,0.018090784512279977,0.028939210797357482,0.17143250262787932,0.09746701220645934,0.00853342250852897,preci,JJASO,Day
12.25_104.75,0.9999999999999999,0.17587636286806604,0.03617629252278395,0.03303112435179553,0.03479714101604367,0.03394347873740417,0.1162085789665026,0.10246639926330187,0.011030101097266756,preci,JJASO,Day
12.25_105.25,0.9999999999999999,0.18295807715381332,0.03467683882674468,0.037140576255590384,0.015274370622167422,0.046557929874925415,0.11595181380982074,0.12986782986285064,0.03800375767605268,preci,JJASO,Day
12.25_105.75,0.9999999999999999,0.17115988014538044,0.031369912161764525,0.06864002441430896,-0.009366471149921118,0.06410487000563474,0.13021821156848465,0.14144815141636716,0.05392639979930799,preci,JJASO,Day
12.25_106.25,1.0,0.1989549577690955,0.009007734686535877,0.1107860400934054,0.007688142146560587,0.06990245985763362,0.1677100357346545,0.1675793033818434,0.04669154332458286,preci,JJASO,Day
12.25_106.75,0.9999999999999999,0.257492243095983,0.04830776145718397,0.15415383271561553,0.03331752985400227,0.06427605312302863,0.24513148370090873,0.19480033984303563,0.06660888606478815,preci,JJASO,Day
12.25_107.25,0.9999999999999998,0.36413448371315466,0.09443482261793966,0.16114010382143434,0.06496800045440913,0.03698625567324198,0.34023072347824546,0.17134478504225062,0.08868949283363521,preci,JJASO,Day
12.25_107.75,0.9999999999999998,0.3909921720532763,0.07948658312463712,0.1318146280616112,0.05871490565446748,-0.0016100773792158771,0.34514520549849825,0.14721353524810185,0.07604994447402214,preci,JJASO,Day
12.25_108.25,1.0,0.39511677416306756,0.043269242624378694,0.09019958657508959,0.05376655710074817,-0.036506894218028746,0.28504156629404065,0.10331136627935793,0.03218378238421078,preci,JJASO,Day
12.75_102.75,1.0,0.3064978889624681,0.06956946645805824,0.11339432315171254,0.010008537944236387,0.07791901288947234,0.2686021381275289,0.09995272888803018,0.02250024052594965,preci,JJASO,Day
12.75_103.25,1.0,0.2808782447543842,0.05907163756287005,0.11343304153895492,-0.0489302390194199,0.03895992862249253,0.2745015576093511,0.13277341869706633,0.02153683846560008,preci,JJASO,Day
12.75_103.75,1.0,0.23103661033898334,0.049635780938967936,0.10707045320502592,-0.025231198742241258,0.049976174421840214,0.22855648108536653,0.14651196810317874,0.013375618709884756,preci,JJASO,Day
12.75_104.25,1.0,0.19268956831330797,0.01889104896990928,0.08274687352161039,0.01545308375029269,0.061409367356221954,0.21480664067865549,0.15572322799186006,0.008772112932044978,preci,JJASO,Day
12.75_104.75,1.0,0.1683839123201618,0.006855743795614593,0.05973617947755063,0.01896089557332121,0.05062496014306554,0.16117276823370555,0.12555569760966603,0.010505969588700231,preci,JJASO,Day
12.75_105.25,1.0,0.1803696544613856,0.015678600820544626,0.05920174204851665,0.020667363211804974,0.06560283522189994,0.16383046662042364,0.13129283747402715,0.029647417497478516,preci,JJASO,Day
12.75_105.75,0.9999999999999999,0.20269943536806861,0.0366384152805165,0.08030131554997623,0.03818432558609429,0.0749505632362374,0.18893591442096558,0.13341858336046505,0.051666122762188064,preci,JJASO,Day
12.75_106.25,0.9999999999999999,0.23244920898775123,0.02899277017386038,0.1317030980330091,0.05145542977819675,0.06923599980560761,0.23073844801396634,0.15443644942886425,0.07188008202683689,preci,JJASO,Day
12.75_106.75,1.0,0.30098129387372635,0.06786797939159016,0.16907048059666113,0.07562094938193642,0.07123255425494006,0.305056659668256,0.19210559349730333,0.08561130276624497,preci,JJASO,Day
12.75_107.25,0.9999999999999998,0.38628741740941613,0.11516961955240977,0.1462588154560643,0.07510955420600944,0.047577629053590614,0.365762307645358,0.09700191490427967,0.09430777996410375,preci,JJASO,Day
12.75_107.75,0.9999999999999998,0.3961002446808983,0.11850868993313833,0.10464104960445991,0.05880799670561197,0.007035520638944056,0.3654209180569207,0.10047183061257557,0.07494503015775841,preci,JJASO,Day
12.75_108.25,1.0,0.39968416191749345,0.09341306783594001,0.07584507175469249,0.0734561898856374,-0.029984113627526572,0.34785050203948925,0.12421368017223035,0.04937025175072926,preci,JJASO,Day
13.25_102.75,1.0,0.3068255178345779,0.07233778929832987,0.10470747293945375,0.008981132380946763,0.09107945551296241,0.25508421470573694,0.14286094554948817,0.014894196590629367,preci,JJASO,Day
13.25_103.25,1.0,0.2862321007022242,0.04916668246211355,0.09366578158557268,-0.0167253855297421,0.0664084991799624,0.2572783872313664,0.17179840477905287,0.02449256127839435,preci,JJASO,Day
13.25_103.75,1.0,0.25353657762591386,0.022027260401473556,0.08098690743605845,-0.009714955020916032,0.07628679690964565,0.242149168797567,0.15025332017535042,0.020775239309246005,preci,JJASO,Day
13.25_104.25,1.0,0.21386905057381586,0.0033483332791620977,0.07361930987413173,0.007214979906033021,0.07958321272899303,0.22134928468413095,0.1601317391312823,0.022256210194712498,preci,JJASO,Day
13.25_104.75,1.0,0.20484190905815186,-0.0005111544871940136,0.08046819956230045,0.006371470859786512,0.08500831161718936,0.21557726828777413,0.14407210784440053,0.017796438491312492,preci,JJASO,Day
13.25_105.25,1.0,0.204678222648171,0.025421536175629474,0.10179870218960284,0.029112465367144794,0.10587486688407892,0.23312378496987027,0.1517183397659042,0.01933242039948921,preci,JJASO,Day
13.25_105.75,1.0,0.2272544343835093,0.049430064660087585,0.1284143305998426,0.05933788439067512,0.10251401975907945,0.26544870928785735,0.13141579662179598,0.04821831006084193,preci,JJASO,Day
13.25_106.25,1.0,0.2778402348129221,0.06393323498156286,0.16251387741224688,0.10314557402141601,0.08440076600437642,0.3309547696964394,0.1570008675718331,0.08213165539328429,preci,JJASO,Day
13.25_106.75,1.0,0.3230090990719146,0.10239615276487754,0.17244218883434423,0.11156770277966926,0.08903672702419115,0.3679940635977983,0.2075998886147188,0.0895098049920114,preci,JJASO,Day
13.25_107.25,1.0,0.371520530708282,0.13460993273217137,0.13925703063900333,0.06922681356538966,0.08026760323270214,0.37077649745247226,0.1818915428481319,0.08087402553485193,preci,JJASO,Day
13.25_107.75,1.0,0.38052955775135017,0.13768940631851326,0.09987130178215138,0.046718993486605076,0.03906415126067105,0.38032402556584793,0.21853977301305394,0.05129550618826181,preci,JJASO,Day
13.25_108.25,0.9999999999999998,0.3884280071180365,0.11782930152173315,0.06913275514872687,0.05574083683763669,0.009285728484518708,0.36863423741389223,0.13507237161563143,0.02723238844790928,preci,JJASO,Day
13.75_102.75,1.0,0.288363425289126,0.07029540453955595,0.0741294569633631,0.02914924412427303,0.09648324365196931,0.23421620679656147,0.17199659928921626,0.024790836789168005,preci,JJASO,Day
13.75_103.25,1.0,0.3029731302192129,0.04841625418734747,0.07046731317870139,0.011730692934841065,0.08692275299222235,0.2508151547011507,0.169687366359799,0.03802505047630036,preci,JJASO,Day
13.75_103.75,1.0,0.274869070344067,0.0164289922372274,0.06735490493109898,0.014944815029437447,0.07801890397696006,0.2543443019329515,0.16702968818520858,0.04531944143564055,preci,JJASO,Day
13.75_104.25,1.0,0.2629861284619273,0.011587468147857325,0.08456671419852253,0.016091138945221416,0.0957466375138377,0.250417225861973,0.18207386209982301,0.046408232370931224,preci,JJASO,Day
13.75_104.75,1.0,0.2709899384592274,0.013198656612053779,0.10505727632120085,0.019888008959771195,0.12586555194883298,0.28098519102234554,0.17556301092915388,0.03428686851994415,preci,JJASO,Day
13.75_105.25,1.0,0.26325334071252127,0.04433464468186118,0.14031779892392235,0.0669285569677828,0.14135774615113747,0.29519450589986385,0.17562936461485754,0.028213394388345123,preci,JJASO,Day
13.75_105.75,1.0,0.2669510144183068,0.07069384134166247,0.14675653818835002,0.09496776310517484,0.13192700536701707,0.31702826476317686,0.1586904166484621,0.05947054443730096,preci,JJASO,Day
13.75_106.25,1.0,0.32061718636552244,0.07537598005914845,0.1671423194350718,0.11003709920782809,0.10585493469481798,0.3777089008323197,0.20121991377858575,0.11445271405599682,preci,JJASO,Day
13.75_106.75,0.9999999999999998,0.36129230257049316,0.10675910251962581,0.1911294449952595,0.12869447567604284,0.11474831491563117,0.4513061780284508,0.26110946215829317,0.16168260992233868,preci,JJASO,Day
13.75_107.25,1.0,0.3721804792542066,0.13020126012160624,0.16927318574135802,0.08887238680255066,0.08599837476449458,0.45547986915897204,0.275191910544146,0.13698578267084957,preci,JJASO,Day
13.75_107.75,1.0,0.3541630161089879,0.13657980385039895,0.1327476668350618,0.02361504886940245,0.030792763560521512,0.43641595677073114,0.26208616313067173,0.06565347990610117,preci,JJASO,Day
14.25_102.25,1.0,0.34791568333431666,0.10231571441302044,0.10080182712761383,0.025031776723959672,0.09993180721008917,0.27373488443880434,0.21319912992595805,0.04883275702234526,preci,JJASO,Day
14.25_102.75,1.0,0.30615133664275435,0.06662833279669268,0.10202604960156353,0.028830237975843494,0.11565727043660504,0.2941905831604572,0.1864944160835682,0.06391498120008908,preci,JJASO,Day
14.25_103.25,1.0,0.28682997207681366,0.053284776988848544,0.08154021278716184,0.03177948271512044,0.11707154082104021,0.30895794094422063,0.18589868844820848,0.05795067501648561,preci,JJASO,Day
14.25_103.75,1.0,0.2724831138467678,0.044052554825164444,0.08434208117788508,0.04937677090039497,0.10380840360289184,0.3198165834396099,0.1959527072843217,0.06836690510752474,preci,JJASO,Day
14.25_104.25,1.0,0.2709824630011148,0.05213688204769043,0.10542176777896733,0.051372275942627256,0.10865506088236937,0.33682573685385137,0.16805968327182333,0.06031504899582966,preci,JJASO,Day
14.25_104.75,0.9999999999999998,0.288876363729162,0.051121715834612454,0.12090512182250418,0.07490383451341387,0.1266238226096201,0.31910132652989326,0.17367254998601073,0.03832666173355342,preci,JJASO,Day
14.25_105.25,1.0,0.3093358627098656,0.08269445075594678,0.15129803568381298,0.09586555572731405,0.16310116467985877,0.3429392410610992,0.1621682050732914,0.050018029913814384,preci,JJASO,Day
14.25_105.75,1.0,0.3623241328044687,0.06529816877489394,0.16155691689606794,0.09135124891037848,0.1576101197005333,0.36332533731768984,0.19638372908109836,0.10131800448679996,preci,JJASO,Day
14.25_106.25,0.9999999999999998,0.429596001301342,0.07210161169460347,0.20103411700186866,0.10112869427769094,0.13179365601321075,0.44889868559134943,0.2875017485660723,0.17111625382140633,preci,JJASO,Day
14.25_106.75,1.0,0.43410798405125695,0.10860677432275757,0.21217489671103554,0.10203000143510167,0.11178844719171195,0.5084371811464627,0.28141843382131715,0.21125879205625595,preci,JJASO,Day
14.25_107.25,1.0,0.39965064141697065,0.12635154617058394,0.1851432084535407,0.06347226264270266,0.08283178913205405,0.505964717182158,0.2831124387105602,0.16470698578329976,preci,JJASO,Day
14.25_107.75,0.9999999999999999,0.3409089255903929,0.11833509150210451,0.12985749188227683,0.018601140438396068,0.04442670671092365,0.4399525443619887,0.24837851883565457,0.06043049838011533,preci,JJASO,Day
14.25_108.25,0.9999999999999998,0.3371174629996428,0.08760044984219438,0.07607917937543951,0.06184553661539163,0.043776595008775815,0.3597904108523068,0.10190289835627779,0.008208663490539033,preci,JJASO,Day
14.75_101.75,1.0,0.36771997153992514,0.07956023859505061,0.09455434621543866,-0.00034505316599809765,0.05426303203493396,0.28207477757331795,0.2861536864266471,0.010255344341495828,preci,JJASO,Day
14.75_102.25,0.9999999999999999,0.33654778893812476,0.06518891664269494,0.13309097622044316,0.023776587711342438,0.07400336250013739,0.3155412209276522,0.26852075173561096,0.04462164467581041,preci,JJASO,Day
14.75_102.75,1.0,0.299657789551087,0.05548392233479252,0.10626022229688953,0.05806007658435738,0.10986403610060375,0.31307720400689043,0.22220737451637873,0.03603930759720978,preci,JJASO,Day
14.75_103.25,1.0,0.29507846250074526,0.06492327000317784,0.08077250285253341,0.07542099886725671,0.10491291571804888,0.3473210941454216,0.18801779352461517,0.03838582946362942,preci,JJASO,Day
14.75_103.75,0.9999999999999998,0.26923442842866446,0.07203658821852822,0.08591267280277068,0.07401693566654743,0.1045342951177428,0.3417253380582665,0.1743162910972367,0.05391874524664382,preci,JJASO,Day
14.75_104.25,1.0,0.2574668595081484,0.07180008353397113,0.09140983759480313,0.0797419936280251,0.08900806458669439,0.32049180913257796,0.16208953693048767,0.03948309273867773,preci,JJASO,Day
14.75_104.75,0.9999999999999998,0.2811019471798226,0.08015182734718797,0.1087753769120746,0.08177087057904604,0.09873129560482902,0.3358245752547164,0.1838336960181514,0.03159192846571028,preci,JJASO,Day
14.75_105.25,0.9999999999999999,0.30877517394741194,0.08884678742460111,0.1423911637181895,0.0786820789087489,0.1390843011018119,0.36599429703441627,0.19439946209725545,0.07369152164144617,preci,JJASO,Day
14.75_105.75,1.0,0.3884623461313767,0.06956501179498706,0.1986339463218286,0.06577847508486015,0.17821285780355478,0.4225135801069873,0.23937234416868075,0.15725369633893585,preci,JJASO,Day
14.75_106.25,0.9999999999999999,0.4458434269360303,0.11060013394778354,0.21714098757906253,0.06362921639006179,0.16812051711046405,0.51512530063699,0.25229658327552573,0.2020566613251969,preci,JJASO,Day
14.75_106.75,1.0,0.4339225185151794,0.1347950498727271,0.18868700813532624,0.05094819880563625,0.11283288609800254,0.4876601281095695,0.2788353483291451,0.17750062142352957,preci,JJASO,Day
14.75_107.25,1.0,0.40277429039873136,0.14828840742658597,0.15423563074398405,0.033418321470967724,0.09402551806497177,0.4808145790004455,0.2627256766073298,0.1344052269931893,preci,JJASO,Day
14.75_107.75,1.0,0.35898481326641496,0.0952932359993102,0.06658423061587136,0.036139335795330046,0.0649719779740288,0.43638747280320506,0.1507410623801473,0.020824909456330126,preci,JJASO,Day
14.75_108.25,1.0,0.3509311558150583,0.051942390334601324,0.046911161328928516,0.1023837784354421,0.052126220524108965,0.3912612960927089,0.11359483382489226,0.01409841933064257,preci,JJASO,Day
15.25_101.75,1.0,0.33248908474685607,0.061539353027024936,0.08116092624872226,0.0157104974275727,0.008508159055155244,0.2572514629196063,0.2787857646220003,-0.010287738499393873,preci,JJASO,Day
15.25_102.25,1.0,0.3388010334588959,0.0692671940210339,0.09602840803160598,0.04184805496944794,0.025506875816618504,0.29169911256455033,0.22306170773164244,0.029548464265695937,preci,JJASO,Day
15.25_102.75,1.0,0.36634784647720736,0.07380025874594384,0.09380526037777356,0.06589750315525822,0.06553015065018364,0.31258635597870726,0.2138081024201361,0.015122391950105915,preci,JJASO,Day
15.25_103.25,0.9999999999999999,0.3528096624059815,0.058926748857263934,0.08859009374113823,0.06358532271152968,0.0709891880151899,0.33074377127471877,0.18544773068326104,0.01515756659170185,preci,JJASO,Day
15.25_103.75,0.9999999999999998,0.3133105047113399,0.07773695388935993,0.06866379325805033,0.06449789481753015,0.08527718969048731,0.3261610249602076,0.1681777705303975,0.035204437280230344,preci,JJASO,Day
15.25_104.25,1.0,0.3225573560691875,0.1104798771897793,0.08082588965908774,0.06780088737825914,0.08072130873488466,0.33807319684844533,0.1870317697822431,0.040261978151968185,preci,JJASO,Day
15.25_104.75,0.9999999999999998,0.3427669625431362,0.091159798000693,0.10014690742747949,0.05967502862401553,0.1012903033233281,0.34953337612938035,0.2098382779180348,0.06743817316650451,preci,JJASO,Day
15.25_105.25,0.9999999999999999,0.33854782667070443,0.10033851612239532,0.14394289688715647,0.05740343752664121,0.13942051945719153,0.37140037344375393,0.25290405223102386,0.10793767028288655,preci,JJASO,Day
15.25_105.75,1.0,0.4241591168704214,0.14446016534297892,0.2040062087459473,0.04252613727014952,0.14212927802211547,0.4726409226271012,0.2944132340484238,0.15425661913940752,preci,JJASO,Day
15.25_106.25,1.0,0.42775614357847297,0.1580966346013002,0.20304745296040558,0.019203443898285388,0.14790811217761568,0.5283574965614389,0.22016136133042688,0.17476082263202355,preci,JJASO,Day
15.25_106.75,0.9999999999999999,0.4036059718584128,0.1323058520003381,0.16229358770841393,0.013813401744529436,0.12789761543508477,0.5086188903328656,0.31305802626918333,0.12881589300051938,preci,JJASO,Day
15.25_107.25,1.0,0.3790890926605252,0.13709457716799242,0.06318143050455195,0.016864990635774818,0.09616939787495929,0.4182960096079143,0.2179928601144163,0.05428696435494095,preci,JJASO,Day
15.75_101.75,1.0,0.32338587785849865,0.09011652501816561,0.07227153785778284,0.04404402922913064,0.038223736767787314,0.2351966457187159,0.2724593613196133,0.016247081832816694,preci,JJASO,Day
15.75_102.25,1.0,0.3486141077743762,0.09225403184493898,0.08409515343708834,0.03252892633895103,0.03048706241378766,0.2712350225664365,0.26141414986652645,0.023246385980753206,preci,JJASO,Day
15.75_102.75,1.0,0.3621994746699096,0.10297512013351598,0.09896820512757679,0.04913684451429713,0.0462358702441672,0.3044641732713781,0.24976517812833407,0.006194430979561691,preci,JJASO,Day
15.75_103.25,1.0,0.3607239824004463,0.11097103768658016,0.08798796537877684,0.057319272197901346,0.047212639586670976,0.3162525457396306,0.19927654456435206,0.02311832768050031,preci,JJASO,Day
15.75_103.75,0.9999999999999998,0.3513608253578343,0.10268054602149823,0.08381466875015271,0.045429872677781515,0.06387630295123305,0.3275248059569556,0.1884190356743685,0.03302747728040603,preci,JJASO,Day
15.75_104.25,1.0,0.3645475232657222,0.10023765099986055,0.11485800333172232,0.04975728734027031,0.09210021497954061,0.3435112896901565,0.2291609538929173,0.06318610600644813,preci,JJASO,Day
15.75_104.75,0.9999999999999998,0.3882739561822793,0.10983057586260969,0.14029768932208964,0.059804955334866954,0.13841838585896957,0.3900692903893725,0.2548022864268544,0.0970714032896409,preci,JJASO,Day
15.75_105.25,1.0,0.40052718587792663,0.11389159511178454,0.18134757144159244,0.057641300231268525,0.14110791576619944,0.435951694117532,0.26977759496555515,0.12019940188958103,preci,JJASO,Day
15.75_105.75,1.0,0.44577640048066086,0.13400326303836077,0.19706731286527548,0.02796916189178081,0.1466426021131626,0.49272454421992135,0.2977550872002436,0.1463425625209632,preci,JJASO,Day
15.75_106.25,0.9999999999999999,0.4101844059868454,0.13876316680882073,0.1310388448499735,-0.000999123073792038,0.1377542833484103,0.5136835824219883,0.28539109561766346,0.11373207265557884,preci,JJASO,Day
15.75_106.75,0.9999999999999999,0.38312453611806646,0.1300300459959634,0.09155377175484115,0.0010589667935122446,0.10617612932000266,0.4716674421417683,0.25933774169569174,0.0565631460631402,preci,JJASO,Day
16.25_101.75,1.0,0.35786386592496805,0.10595386961854414,0.07801576299442081,0.0470006290244026,0.07121482594606875,0.26882792560062513,0.29592383397475835,0.02566113402994133,preci,JJASO,Day
16.25_102.25,0.9999999999999999,0.35895639039225946,0.09439102230484432,0.09024896817202294,0.03911148526916014,0.04270294145597348,0.28919135416233566,0.31792920694618176,0.026407327531731094,preci,JJASO,Day
16.25_102.75,1.0,0.328797481102778,0.09466061051457393,0.08132611118775608,0.06154363263403002,0.0346939000790275,0.28987653053242507,0.2937111963095552,0.02162607491567587,preci,JJASO,Day
16.25_103.25,1.0,0.35181503662535124,0.1271192178084958,0.09614740689403195,0.09354411991432574,0.05857467535419535,0.309016487238097,0.24645343990625318,0.031996609910811935,preci,JJASO,Day
16.25_103.75,1.0,0.3620356473896701,0.10728809509764117,0.10826537090604554,0.1066244768169227,0.08852560984302846,0.3347731052319376,0.22310381677811914,0.04208639811334094,preci,JJASO,Day
16.25_104.25,1.0,0.4117067036032818,0.1161379734314168,0.12173932870015995,0.10421653461789318,0.11985833697240916,0.3840989597867896,0.2872888225360979,0.08444790574298541,preci,JJASO,Day
16.25_104.75,1.0,0.40366695935946983,0.11928765521713804,0.1269530007252329,0.08316856600147225,0.12852582680507416,0.4228113969908306,0.30633990423433666,0.12174653011075873,preci,JJASO,Day
16.25_105.25,1.0,0.4422988014615539,0.12369116120158558,0.1264238129338562,0.0687947692438837,0.1239120892545174,0.4491600463069672,0.29766102392615545,0.12835909373887716,preci,JJASO,Day
16.25_105.75,1.0,0.46242678080914024,0.11127009526849756,0.13061937971012122,0.018231616503721758,0.12950355979753758,0.47948349195754614,0.28235608245010024,0.12895791534687223,preci,JJASO,Day
16.25_106.25,1.0,0.43820582457142165,0.12641686542428499,0.11078753825066263,0.006400886019534695,0.11785877059965857,0.48630897214466673,0.2704994118203282,0.10056421128295491,preci,JJASO,Day
16.25_106.75,0.9999999999999999,0.43097364303650754,0.09036425038259,0.05473180836789183,0.061553583868429365,0.08510218145962915,0.4349499898480663,0.191850109216497,0.04139327809041913,preci,JJASO,Day
16.25_107.25,1.0,0.48416851105037023,0.04619798536777109,0.10114420762834221,0.17199036412252705,0.08082822332016533,0.4495702386289921,0.31403204513271926,0.07172542545743209,preci,JJASO,Day
16.75_101.75,1.0,0.3345974506329061,0.11111998394893141,0.09021610405752845,0.048082619119037585,0.07392321246531186,0.3048547308921018,0.30626208821772627,0.04514744134776397,preci,JJASO,Day
16.75_102.25,1.0,0.3288884975854381,0.0935815728152679,0.10623878524353421,0.05287889356258672,0.05511767556263712,0.2983058508560037,0.32130383298111803,0.06398026182015765,preci,JJASO,Day
16.75_102.75,1.0,0.35766774821392255,0.10793150775378448,0.08989525321856308,0.09301204111573218,0.044354486839698275,0.29536877738590644,0.3173633699227092,0.04869021450904272,preci,JJASO,Day
16.75_103.25,0.9999999999999999,0.3731749888202612,0.1451111494080163,0.09891167285518007,0.13882219766218068,0.09659838212875871,0.3039967493591858,0.27775946163620097,0.045889961190828554,preci,JJASO,Day
16.75_103.75,1.0,0.34947821137573665,0.1491752988205227,0.10529217228089496,0.14486226654714465,0.1307500229310602,0.339773902023074,0.2806267164182868,0.06362267509594778,preci,JJASO,Day
16.75_104.25,1.0,0.3767815228626536,0.14233736349311177,0.11388297034498171,0.13116358807704273,0.12240488757881944,0.38916143878964315,0.30153122159966134,0.08551451240952143,preci,JJASO,Day
16.75_104.75,1.0,0.37416789867899164,0.10069633017677079,0.09987419530649769,0.10509368033691555,0.10957640709013312,0.419428460304392,0.2914133022093747,0.10101991012336838,preci,JJASO,Day
16.75_105.25,1.0,0.4421561830024545,0.11565589696505478,0.10176614573482468,0.09755990077699044,0.12541318668871826,0.44742812221284,0.3013761367172648,0.11823295751777874,preci,JJASO,Day
16.75_105.75,1.0,0.43708491841272595,0.10837200292245605,0.08799840585179505,0.04482668450762204,0.12372681470913265,0.434979918388856,0.2703618866162289,0.09433714528186654,preci,JJASO,Day
16.75_106.25,1.0,0.42861070798592343,0.0897357875923607,0.04260757715089581,0.04302271302070796,0.1007383497998831,0.43120121528847766,0.21311831038167148,0.04796635325239967,preci,JJASO,Day
17.25_101.75,0.9999999999999999,0.33645592019147413,0.1238013303089208,0.0829210407496018,0.06193771666364456,0.0566155893281887,0.31189808901337923,0.28670055169152675,0.036647409367112305,preci,JJASO,Day
17.25_102.25,1.0,0.39414970768107854,0.10216723832140057,0.09100180303092185,0.10113175443228939,0.08741236821118718,0.29776112383043757,0.28321133011533123,0.06399764368108647,preci,JJASO,Day
17.25_102.75,0.9999999999999999,0.38658271930189486,0.11541683550597928,0.10532039929688713,0.14449503452334683,0.1007028742966587,0.3043874835752577,0.25337217704530113,0.04883561191381947,preci,JJASO,Day
17.25_103.25,1.0,0.42075923016479405,0.15500362519228553,0.1082204332376513,0.17490357373255297,0.13550783965660804,0.3088605080294053,0.2597965959711634,0.03929807173440948,preci,JJASO,Day
17.25_103.75,1.0,0.40868144773313037,0.16624383720937685,0.1039652515963956,0.17586482887997698,0.15123777054882284,0.34668570637023777,0.2976177702288441,0.06885380949868757,preci,JJASO,Day
17.25_104.25,1.0,0.3958886497171174,0.14702737681794437,0.1068188084855201,0.1376138915111382,0.1420989404132643,0.38487886845291264,0.31270312422404833,0.11934403082438153,preci,JJASO,Day
17.25_104.75,1.0,0.42333971418563093,0.1133075494143667,0.10743667862355971,0.11943674625485448,0.14482188767554272,0.432538410770632,0.3193256903175876,0.12497766097322244,preci,JJASO,Day
17.25_105.25,1.0,0.4348484621293928,0.11580894416575223,0.1043619044598184,0.11160613757906583,0.1409245560726854,0.4412870726472179,0.2875403103356082,0.10864915274619029,preci,JJASO,Day
17.25_105.75,1.0,0.4732807766835559,0.09140823559829989,0.04355214577359907,0.09545359904025708,0.14809756098371527,0.4671728549338336,0.26376140868957615,0.06312281638185235,preci,JJASO,Day
17.25_106.25,0.9999999999999999,0.5462872100114126,0.05182668285364556,0.05752393586996416,0.13951407008518868,0.1426304036284133,0.4942281114967498,0.27724404254088936,0.06401997343509869,preci,JJASO,Day
17.75_101.25,0.9999999999999999,0.34342801901357817,0.11921596972480816,0.08866786111940791,0.10313585377035232,0.10263262796082603,0.30280927142163755,0.3037178611936092,0.060787246358534386,preci,JJASO,Day
17.75_101.75,0.9999999999999999,0.3693733220527842,0.1337293852920462,0.08100375166504781,0.1049968537083202,0.08587381855454464,0.29197196054322094,0.2790835328230004,0.05232153662349444,preci,JJASO,Day
17.75_102.25,1.0,0.40747025545549226,0.09021570759253533,0.09770230133550929,0.15193465340341822,0.09888941700124092,0.30951555362498334,0.21803648949368978,0.06580581227019107,preci,JJASO,Day
17.75_102.75,1.0,0.4044348365096034,0.0946970491449906,0.10577869908102462,0.17943446369693553,0.12170902412808712,0.3140261578925761,0.23364972945473705,0.07274539141016302,preci,JJASO,Day
17.75_103.25,0.9999999999999998,0.45918563540687507,0.13752222679057552,0.12605562731610495,0.2034234318168149,0.1667493897117362,0.33816507310865906,0.26433172971677316,0.0796698395530161,preci,JJASO,Day
17.75_103.75,1.0,0.46574280555632525,0.14782592754248383,0.13980724933057098,0.1922416340232833,0.16540435179779409,0.36956630490345177,0.273407648563152,0.10653481526726327,preci,JJASO,Day
17.75_104.25,0.9999999999999999,0.45467050802331366,0.13057983677532395,0.12724431163655464,0.17838931034086675,0.15644891512515577,0.424784027752527,0.31558217117866794,0.1247974720346247,preci,JJASO,Day
17.75_104.75,1.0,0.42852653583714057,0.1511001356111109,0.10971187673702318,0.14926624421784174,0.16367310759063977,0.44464397315373183,0.34811994357201,0.09565997203478775,preci,JJASO,Day
17.75_105.25,1.0,0.43207333569990986,0.13297046173890548,0.03702595616419002,0.12822339266327754,0.14210511186167504,0.409646990357877,0.31459616069768154,0.05148678388055843,preci,JJASO,Day
18.25_101.25,0.9999999999999999,0.34384631528914783,0.11809359600771197,0.06497022862036646,0.10795582494587576,0.08856681966015653,0.27099720798258914,0.2913525472979246,0.032581238320205506,preci,JJASO,Day
18.25_101.75,1.0,0.4064649506152113,0.1101102513173188,0.09349074816788361,0.14485506315066182,0.12199369701169646,0.3225583030171458,0.24652624738487394,0.03858130526160005,preci,JJASO,Day
18.25_102.25,1.0,0.4085602516614836,0.06930628065840112,0.09311951346863838,0.17871541944013364,0.1199342439547478,0.35316245584664346,0.21562815836439855,0.05711540939318709,preci,JJASO,Day
18.25_102.75,1.0,0.43073269205916553,0.1020922411948791,0.15402248538548152,0.20032015439841427,0.12829873203281472,0.4044492736100551,0.2727169825524729,0.0706213576593564,preci,JJASO,Day
18.25_103.25,1.0,0.469361377799541,0.12227930303751963,0.1925791883499179,0.22062700432880705,0.19492449870682577,0.44964404729350166,0.2680468624136793,0.11430067880152524,preci,JJASO,Day
18.25_103.75,1.0,0.46350438714116293,0.12720276240133918,0.16330172704940354,0.22356416263262752,0.189066690663184,0.4347677317422193,0.216785097851571,0.15524061080023224,preci,JJASO,Day
18.25_104.25,1.0,0.4628132787315822,0.16665270540146657,0.15080619442254317,0.2174051954069509,0.1620203259588087,0.477447891491607,0.31951201480766556,0.11684232869020741,preci,JJASO,Day
18.25_104.75,1.0,0.41256868869536173,0.18052579514303327,0.05279799270156709,0.18956496136795192,0.14323301080469059,0.40508315437422804,0.3169615557682016,0.03943637302042756,preci,JJASO,Day
18.25_105.25,1.0,0.46699128134627566,0.10219450037759224,0.01732976378048875,0.15478131808607062,0.09767826122666416,0.3775867129533563,0.2469203014365288,0.03598308971444754,preci,JJASO,Day
18.75_101.25,1.0,0.3132662566082225,0.13779076780333013,0.05747785768553154,0.12911461980994,0.07803082961238146,0.29824844466549966,0.2624854429150335,0.012030367862782913,preci,JJASO,Day
18.75_101.75,1.0,0.3946435798400427,0.12617493425199872,0.07437690479591362,0.14419916499631774,0.11618015699442048,0.3284197362661378,0.24391763568771815,0.02908887899548587,preci,JJASO,Day
18.75_102.25,1.0,0.4119746145478678,0.10763375363667112,0.09227154360190838,0.182068107686417,0.14629300444561366,0.33672285494282617,0.2566822566623889,0.06609021515330961,preci,JJASO,Day
18.75_102.75,0.9999999999999999,0.42149726145336097,0.14803691663070595,0.15007857368917177,0.2104600740028968,0.1567932029102271,0.37590050505183037,0.2875913570334839,0.0876484796970782,preci,JJASO,Day
18.75_103.25,0.9999999999999998,0.4651134350620198,0.21293143100006953,0.16930922246162597,0.24217354586726503,0.18561066370377396,0.4149549322248435,0.29964932886276435,0.12039947529863206,preci,JJASO,Day
18.75_103.75,0.9999999999999999,0.43533871074687663,0.14020443923544473,0.14750252964176203,0.23483233287717672,0.1681924151793826,0.3933614105112474,0.2493562698057106,0.13196530371846604,preci,JJASO,Day
18.75_104.25,1.0,0.4099339864332896,0.19389098799914273,0.11307657800753565,0.23342194331414023,0.15088097716978285,0.40836539478888684,0.27750052755004107,0.07224599985943037,preci,JJASO,Day
18.75_104.75,0.9999999999999998,0.4652009288736249,0.13249891042815584,0.024369352849682502,0.17913603249013593,0.10391281327673099,0.380794815805133,0.2485876098510594,0.032819517320638536,preci,JJASO,Day
19.25_101.25,0.9999999999999999,0.31776089308556105,0.14365738169838227,0.05120535102039783,0.1357365635457778,0.09806333102633501,0.3223989837732248,0.22659423236720644,0.03369832378887529,preci,JJASO,Day
19.25_101.75,1.0,0.35701156505117154,0.10242369006471014,0.03610613290495104,0.1410906395892526,0.10791848246950282,0.2889814916262828,0.22530245188568107,0.01950533914474684,preci,JJASO,Day
19.25_102.25,1.0,0.4234013823544187,0.14355324636736244,0.09923924902748364,0.17629208576993985,0.15731622666920675,0.37456831160902154,0.2929711609729931,0.05600961297822662,preci,JJASO,Day
19.25_102.75,1.0,0.39213219622333106,0.16589555488763788,0.10195887172285721,0.18476518928273375,0.1352567447661533,0.3265036953818338,0.30122662766537656,0.06854466554057603,preci,JJASO,Day
19.25_103.25,1.0,0.36733675674528127,0.13076145846155282,0.0964764271293173,0.18421559231208645,0.1147106525403164,0.31167881895712646,0.2632050298146257,0.08154112905585748,preci,JJASO,Day
19.25_99.75,1.0,0.2339879282791666,0.10870643427939916,0.035629066452217965,0.07661629581400395,0.01821025826093464,0.17380485379502877,0.17209729564785317,0.0285592761914368,preci,JJASO,Day
19.75_100.25,1.0,0.27791743171173167,0.08202672094258452,0.05135233686739045,0.1181819571835449,0.06495876618013284,0.2695315907352738,0.20001172312225887,0.0648619736491141,preci,JJASO,Day
19.75_100.75,1.0,0.291386907254071,0.10519856408766327,0.06454766741464141,0.13099643588057816,0.08099451882713411,0.30420665704278627,0.24992563328420667,0.06662717309256809,preci,JJASO,Day
19.75_101.25,1.0,0.34377127542251973,0.1287681537543979,0.06969386198849402,0.13868834054246335,0.11415477429745712,0.36418733555822147,0.23162472714843418,0.04874781847805728,preci,JJASO,Day
19.75_101.75,1.0,0.3723227160371956,0.08755788984050884,0.06347205728883545,0.13149020624943714,0.12733699221377803,0.29865205674995093,0.22396085145193423,0.04285492717516159,preci,JJASO,Day
19.75_102.25,0.9999999999999999,0.370236741500333,0.1034045987605312,0.1183984484595523,0.15014453511129394,0.145359330683685,0.34215855705115483,0.2607986076994691,0.08542687621362424,preci,JJASO,Day
19.75_102.75,0.9999999999999999,0.3722296878584867,0.09577659313741006,0.11221868048970897,0.1653610920418173,0.16121243608904506,0.31282236286042453,0.28219773847809376,0.07732465645917101,preci,JJASO,Day
19.75_103.25,1.0,0.3459012783779969,0.08178197749788262,0.07872962668348772,0.1628783450992689,0.12824540435059237,0.2711610150958833,0.2197933172436964,0.06679914009140556,preci,JJASO,Day
19.75_99.25,1.0,0.28585321450155665,0.08587956918014228,0.03935411737901018,0.08163390304211446,0.045314353284864356,0.2214499868302499,0.16430668823121564,0.02238692046170278,preci,JJASO,Day
19.75_99.75,1.0,0.2661195704438095,0.06616909241566656,0.033326265824685786,0.10400869738034081,0.05469676891378675,0.2343629237625212,0.15481984068117072,0.04864607389680133,preci,JJASO,Day
20.25_100.25,1.0,0.31076470152226476,0.05921966109045428,0.07180025398893806,0.12189105387695541,0.07926829341148113,0.2390412000933719,0.1632220819460263,0.08583735058369739,preci,JJASO,Day
20.25_100.75,1.0,0.3267127819508387,0.09488208774027941,0.08294569756255156,0.1307740198698499,0.09945575166696048,0.3056942987365423,0.23783431129444757,0.08806722134237881,preci,JJASO,Day
20.25_101.25,1.0,0.38134874764380244,0.1083030536075979,0.10444590015338591,0.13816364321299038,0.1311635858185564,0.34403604567981044,0.29280714054401535,0.06006486525019081,preci,JJASO,Day
20.25_101.75,0.9999999999999999,0.39463804996018803,0.12796843335481028,0.10044658136045855,0.12522693338558735,0.12710062176921472,0.3254133472081133,0.29009479524188014,0.06564684718511322,preci,JJASO,Day
20.25_102.25,0.9999999999999999,0.3894067608827843,0.1073372558078672,0.09347498045281911,0.13641319886778452,0.11921369863067441,0.3049641247195764,0.2588350163885734,0.10689282181118373,preci,JJASO,Day
20.25_102.75,1.0,0.39789888705404686,0.10443090011261356,0.11261901618956428,0.15097779139014167,0.1433614131066196,0.3195338446266167,0.25290268646987524,0.08840656590439783,preci,JJASO,Day
20.25_103.25,1.0,0.4111775131356506,0.09825424617988787,0.10692078771298313,0.17355540859305657,0.13429398960354788,0.329259676002933,0.33611138111681654,0.07226755680914838,preci,JJASO,Day
20.25_99.25,1.0,0.2885998549315453,0.09122247806097208,0.08459390991906436,0.12063109350524998,0.06728530391385674,0.2754882237212093,0.16814787264022701,0.033310734401719354,preci,JJASO,Day
20.25_99.75,1.0,0.31270205951889435,0.07460241107841278,0.07641143364245569,0.11636553333573697,0.08236638697501016,0.2702330038175187,0.1334254705466904,0.06432469992258641,preci,JJASO,Day
20.75_100.25,1.0,0.3516262929276569,0.10051191951627696,0.1310056106257879,0.13782442092410388,0.14575808344881885,0.27688587538440573,0.18210475126421824,0.07136527818812279,preci,JJASO,Day
20.75_100.75,1.0,0.35576435725127975,0.0953713875781699,0.12598395272683657,0.140544841520036,0.13679526238604153,0.32799460988762896,0.255204430846713,0.07576940473068783,preci,JJASO,Day
20.75_101.25,1.0,0.3822641326488164,0.10919811567067031,0.13917172083159862,0.13692588746153622,0.1107445735528892,0.3407976435006972,0.2936224973865506,0.05285500182786076,preci,JJASO,Day
20.75_101.75,0.9999999999999999,0.4081707530500474,0.1386759631086545,0.13348866693379752,0.1408776139360363,0.1086952458073375,0.3217798458421138,0.29060103245889685,0.05282727270262714,preci,JJASO,Day
20.75_102.25,1.0,0.4260680903453426,0.14398393448944016,0.17039052121126633,0.15857033773888393,0.11378289546043378,0.32489307015594,0.30519792306492327,0.07771782816326221,preci,JJASO,Day
20.75_102.75,1.0,0.43354258392468525,0.1262582515043828,0.13171452337922943,0.16005456034487778,0.11825237169804463,0.320097282283916,0.3152580258973897,0.06540360077169761,preci,JJASO,Day
20.75_103.25,1.0,0.4387234077203916,0.13545159952310257,0.13370839832313564,0.1677563360955388,0.13055922548516277,0.3768581115696633,0.345533474972188,0.06653708313383905,preci,JJASO,Day
20.75_99.75,1.0,0.3473905018005776,0.12715137093569945,0.12158647192583538,0.14663357409170605,0.10750110161711558,0.297589612262501,0.1424697169591678,0.055395682009251455,preci,JJASO,Day
21.25_100.25,1.0,0.4011244245718622,0.11078546117611059,0.10228964238240978,0.1448137878095234,0.11038811394589129,0.3082532087975127,0.19146024999811964,0.06134245597012479,preci,JJASO,Day
21.25_100.75,0.9999999999999999,0.37388239204243734,0.11419595345330681,0.16285574921906673,0.14532035489846942,0.10283677850099444,0.3531416738120371,0.24956246974579835,0.048695779559122854,preci,JJASO,Day
21.25_101.25,1.0,0.3731465835093231,0.11575307970184126,0.14034700468209296,0.1349554813902172,0.08926341208407813,0.3393484097587221,0.2669984541287293,0.03436772882771559,preci,JJASO,Day
21.25_101.75,1.0,0.4081191633565235,0.14302514276570902,0.1608386963498194,0.14832330936946628,0.10689466796614484,0.34044822337302333,0.2839559439305967,0.0261746959413039,preci,JJASO,Day
21.25_102.25,1.0,0.4155695749259717,0.14106533538725688,0.17174231143115568,0.16476109943055472,0.11368425111833409,0.3492297834797167,0.26140265874485713,0.037427445761774536,preci,JJASO,Day
21.25_102.75,1.0,0.4385316796003594,0.11441928701277121,0.1347930762748533,0.1713362654082592,0.10880181000136226,0.3037783974217176,0.30566878514899104,0.0507896194935152,preci,JJASO,Day
21.25_99.75,1.0,0.3805157196829068,0.10969073664778811,0.09524565283416368,0.14552865111846688,0.08970317167986083,0.2607306959039329,0.13565954466330504,0.028541082364520767,preci,JJASO,Day
21.75_100.25,1.0,0.4246730919174492,0.12777074888183249,0.12447588341954068,0.12624303714067958,0.08275802143725755,0.3314797977727008,0.20964741188792554,0.05293358497298158,preci,JJASO,Day
21.75_100.75,1.0,0.38304208347953855,0.11770205869087981,0.1337781142639026,0.11683527931817428,0.08552966057477082,0.3339513337108174,0.1935766664573843,0.05203898325589116,preci,JJASO,Day
21.75_101.25,0.9999999999999999,0.3945774645388435,0.12662064582018692,0.13355995152775113,0.11895447059039742,0.08324621573823554,0.3346985697174248,0.22763066186916994,0.0501037692336745,preci,JJASO,Day
21.75_101.75,1.0,0.4165565943664864,0.14220176270438986,0.15365745561503857,0.12608444790736983,0.09496795994898019,0.34952881761424603,0.25511530118015147,0.03619378172413418,preci,JJASO,Day
21.75_102.25,1.0,0.4097313824977529,0.13319281465597166,0.138086716218859,0.1549586448210196,0.1082174599663639,0.3057884115482562,0.24246260636596084,0.03702786214785941,preci,JJASO,Day
21.75_99.25,0.9999999999999999,0.3850663344118938,0.11410312801663741,0.14903881884728104,0.1264977502688125,0.06091619941458244,0.31216683102854215,0.2308962392091336,0.05473177225811656,preci,JJASO,Day
21.75_99.75,0.9999999999999999,0.3971097845130969,0.1061948590067695,0.11540488273185767,0.12951467639992334,0.06654557780655021,0.28789797661631455,0.19150836929800583,0.044393976021764266,preci,JJASO,Day
22.25_100.25,1.0,0.41177285846984896,0.12413725083472056,0.11574856109612006,0.13097947528966875,0.08378631793794808,0.3218224472687588,0.1904724210139351,0.07679471546261528,preci,JJASO,Day
22.25_100.75,0.9999999999999999,0.3924019350757522,0.11241439212204579,0.12073794204395084,0.1234837961242841,0.07700389903673845,0.3193720877737389,0.1913699166215246,0.07804892304785604,preci,JJASO,Day
22.25_101.25,0.9999999999999999,0.4135752354604269,0.13590685249155252,0.14474462948041844,0.13009659189737022,0.08707297626575808,0.3271393618080982,0.248658697688823,0.07006253123527496,preci,JJASO,Day
22.25_101.75,0.9999999999999998,0.428427649506031,0.1422781805477353,0.16046997669923144,0.14596548031000053,0.10362291889396913,0.3389781684635762,0.23708413397669126,0.05498559171481768,preci,JJASO,Day
22.25_102.25,1.0,0.40730466741645,0.14653149505283145,0.1592750898146213,0.17483123826226998,0.13136149096031904,0.28827381754596776,0.2490467753322281,0.06256176936879002,preci,JJASO,Day
22.25_99.75,0.9999999999999999,0.3849047138411011,0.11019243962884911,0.12104354397880741,0.11990533456206251,0.05975310563233714,0.2687795641106722,0.23352807017602187,0.05766514288488101,preci,JJASO,Day
22.75_100.25,1.0,0.4351771120404362,0.11897200898981243,0.11605553581636703,0.11173957421814198,0.07078751499309903,0.28291942949442384,0.15323483780025035,0.11968343616921688,preci,JJASO,Day
22.75_100.75,1.0,0.436710578454653,0.1267289629855417,0.1438306201426546,0.1161615181732557,0.08213882841678746,0.2788040212365663,0.2444997796350887,0.1148840992886127,preci,JJASO,Day
22.75_101.25,1.0,0.4447387155317882,0.14222836845639983,0.1487415993281348,0.15178346154881836,0.09965240689047339,0.3752497671075944,0.25768910747879475,0.11115540242225537,preci,JJASO,Day
22.75_99.75,1.0,0.3824962201900453,0.1142576422320867,0.09773256089319864,0.10481406978487696,0.051217429325535524,0.26330705086236944,0.16502342600448358,0.08841096010796495,preci,JJASO,Day
23.25_100.25,1.0,0.4905937634020422,0.09863334786587151,0.11409634290328452,0.10088321908747838,0.073359838217666,0.2679282887078533,0.17479697270644812,0.1259418025571573,preci,JJASO,Day
23.25_100.75,1.0,0.5070411235667689,0.10189839497027356,0.13143950249405167,0.10062387904133155,0.0893170071408419,0.3007546390108447,0.24582362459581727,0.11605189476987887,preci,JJASO,Day
23.25_99.25,0.9999999999999999,0.4007030257800663,0.10020833052374958,0.11929868430594566,0.10141427263969481,0.07199272989534175,0.24659427784596535,0.23260971701127586,0.08100985918482168,preci,JJASO,Day
23.25_99.75,1.0,0.4404382184454224,0.11033181588084,0.11462773958213841,0.09405471986247516,0.06017398628389593,0.2664183736897314,0.20289090320859154,0.09310142094953174,preci,JJASO,Day
23.75_100.25,1.0,0.4471985737764854,0.09850309541704921,0.08932076752712792,0.1003011833947389,0.0693974925662358,0.2831342670844085,0.18225179442221376,0.09419956137690631,preci,JJASO,Day
23.75_100.75,1.0,0.48635180429513186,0.07624273225215357,0.12126466931060685,0.11152060615700292,0.0745406846425643,0.29460314181837133,0.23483571266515604,0.09095101457001092,preci,JJASO,Day
24.25_100.25,0.9999999999999999,0.4195829924999668,0.09808010834421113,0.09884412032161538,0.09207320315239707,0.06505912865743574,0.27285760554041677,0.19593318115575512,0.07915179229581336,preci,JJASO,Day
24.25_100.75,1.0,0.43328748727602656,0.07170860796447365,0.11478749799216528,0.09868152263815415,0.054259377745001225,0.24819816911425469,0.20770084574952857,0.07551864669109114,preci,JJASO,Day
24.25_99.75,1.0,0.39807099864069023,0.09432117710761363,0.08744672242886241,0.10298590661137565,0.0816216660912313,0.2875542945428307,0.19070827037928378,0.07791238704913934,preci,JJASO,Day
24.75_100.25,1.0,0.4701201623331639,0.10390739506432389,0.10575635756009935,0.09837341758873043,0.060251899738668895,0.26479754603768946,0.19416266785196903,0.0802136062556754,preci,JJASO,Day
24.75_99.75,1.0,0.43371357265011934,0.09976401686820975,0.1019683941572501,0.11224068224638944,0.07341752377558299,0.25885742206786666,0.17203236688568835,0.07048236248517827,preci,JJASO,Day
25.25_99.75,0.9999999999999998,0.43160713947265206,0.12545862882332884,0.10378377222975793,0.10634442870650555,0.05949094053594859,0.24153271240680413,0.15882200221757556,0.09092986690498298,preci,JJASO,Day
25.75_100.25,0.9999999999999999,0.4284947216530645,0.14429933404455916,0.15202329558845662,0.08602874604230579,0.037505678963313804,0.26399536402917284,0.19907414329861126,0.1507421238235308,preci,JJASO,Day
25.75_99.25,1.0,0.36687649508310205,0.18042185809908112,0.12420124682239952,0.10486956414277107,0.06919486521761727,0.2516126514784417,0.142432109041107,0.11967827810853363,preci,JJASO,Day
25.75_99.75,1.0,0.4177177392626368,0.17285106871945893,0.14935623921994295,0.09481725299567065,0.05411383156929751,0.2749804736286565,0.16738187121123213,0.14402682190439878,preci,JJASO,Day
26.25_99.25,1.0,0.3611325432488212,0.19968404313588367,0.15092986954014528,0.10421026850413896,0.08090953244151379,0.287373013215233,0.14388009400707746,0.14210605750701216,preci,JJASO,Day
26.25_99.75,1.0,0.4222027027373387,0.19439247773727955,0.18740166769415723,0.11230536192163268,0.07142855443927419,0.2995977718512286,0.16832991239162864,0.16809145385346172,preci,JJASO,Day
26.75_99.25,1.0,0.33859568356734865,0.18612182180786946,0.18453615215325692,0.13277692687629322,0.08942519479185185,0.27326198031204446,0.15232459069580548,0.14996589905570243,preci,JJASO,Day
27.25_99.25,0.9999999999999999,0.31526950491991235,0.1653047458962784,0.16890263568754582,0.15135879031379645,0.07706988571807503,0.2204184168668757,0.1747481438727841,0.13966218162482258,preci,JJASO,Day
27.75_98.75,1.0,0.4586838902948697,0.20424342937151088,0.2233580343574132,0.17413118303889827,0.10320122167453548,0.23597320078967077,0.2741325595644566,0.14737004409441334,preci,JJASO,Day
28.25_98.75,1.0,0.46635550892848104,0.17923414148673,0.26092067591778245,0.2103917767122194,0.08688266497955795,0.27057068844259174,0.3097762949780435,0.19261660725846463,preci,JJASO,Day
28.75_98.75,0.9999999999999998,0.5101363664370479,0.1134835501217628,0.30996434390344907,0.22883494146230657,0.0701918410772703,0.32870912565076355,0.2974779511308448,0.21316893944688292,preci,JJASO,Day
29.25_98.25,1.0,0.5650362859358595,0.07984762308379056,0.3414524042955714,0.2015182581234276,0.04243282830053265,0.362908041112179,0.2801896662781613,0.1841581518652593,preci,JJASO,Day
29.75_98.25,0.9999999999999999,0.5518792623077297,0.07796781811884834,0.31070782550164633,0.1815215018175134,0.023594134268478187,0.29766891739960966,0.25667755229502187,0.16547377184017156,preci,JJASO,Day
30.25_97.75,1.0,0.6134127758720975,0.11009521147344399,0.32513958046911,0.21027365029624956,0.030778658592618906,0.33637300980187435,0.30227842285937123,0.2006480625528133,preci,JJASO,Day
30.25_98.25,1.0,0.6265081954914304,0.10034358997456032,0.314142556225359,0.2123377074691205,0.03797080900266636,0.3179573237209904,0.29879313792327516,0.19573236401352015,preci,JJASO,Day
30.75_97.25,1.0,0.6353033837744525,0.14001165546673788,0.33417447661740146,0.1693844776578785,0.07711343587683962,0.32695621999521685,0.325740061937386,0.25531843368582624,preci,JJASO,Day
30.75_97.75,1.0,0.649651197442991,0.12219931435430537,0.30409667509077126,0.19376913312766314,0.07421645074510472,0.3092582121710642,0.30584378363091513,0.23340490389648066,preci,JJASO,Day
31.25_96.25,1.0,0.6081232109163267,0.15279542117259295,0.34459484338017826,0.18465834902678385,0.061218659861446534,0.29117784445135375,0.32804103008788127,0.25789345565558824,preci,JJASO,Day
31.25_96.75,0.9999999999999999,0.5770081581381239,0.14727261006241252,0.32130587944464756,0.16566146300746734,0.07263694632762868,0.2920503244705962,0.3276588436152284,0.24853468222633612,preci,JJASO,Day
31.25_97.25,1.0,0.6146577984663312,0.13956625159747613,0.317545863817467,0.17925151054375307,0.08937728847271266,0.3120473902131631,0.33546865206606563,0.2561793907081817,preci,JJASO,Day
31.75_95.75,0.9999999999999999,0.546415372609455,0.20208514470133646,0.3312199521790957,0.19942114484120332,0.08344381489573995,0.26324280920447973,0.3426481567953872,0.29299085275519227,preci,JJASO,Day
31.75_96.25,1.0,0.5526455186321276,0.19449746141882807,0.32776914370737553,0.21002934568965106,0.08040872682919792,0.26261153520872965,0.3487451435544257,0.2904532755045477,preci,JJASO,Day
31.75_96.75,1.0,0.5415803439622949,0.17809970271313624,0.3176680221924105,0.20728075381447078,0.08299462962253491,0.2767910506114941,0.35118863521767185,0.27872887363304594,preci,JJASO,Day
31.75_97.25,0.9999999999999998,0.5501737139553647,0.16024253603864583,0.3202076748046548,0.21493945649833965,0.08114516018190943,0.2993718164242858,0.344809433166186,0.28170969999105894,preci,JJASO,Day
31.75_97.75,1.0,0.5404600541929084,0.1587253083964496,0.3221652927463779,0.19657591586881995,0.07864879593717625,0.2990456480656707,0.3333363670683615,0.2855751461898254,preci,JJASO,Day
32.25_94.75,0.9999999999999999,0.6272964636725075,0.23138993258046145,0.3363087299792022,0.21738437795414994,0.10615865556620042,0.2778957074597022,0.3278566457553969,0.278523608313545,preci,JJASO,Day
32.25_95.25,1.0,0.6076577217342805,0.24472635536585122,0.3388658279727537,0.21607410301760102,0.10767445869519515,0.22811694114018533,0.32838276665775434,0.29388804650456846,preci,JJASO,Day
32.25_95.75,1.0,0.5949766919944428,0.2366974156156946,0.32478973724407584,0.22404389503126437,0.09170911294211129,0.2588526355026151,0.3373972444631194,0.29775208324335023,preci,JJASO,Day
32.25_96.25,1.0,0.5685919849684734,0.20889608821153555,0.3073245721600983,0.2138961273331094,0.0760496026614085,0.24570264391917385,0.33606230455144426,0.2921824861043412,preci,JJASO,Day
32.25_96.75,1.0,0.553880264517413,0.21512171675592734,0.31318814058995054,0.21318235835831886,0.07006831594581794,0.2783701646144518,0.35425327063300477,0.287770181984979,preci,JJASO,Day
32.25_97.25,1.0,0.5614825942428552,0.2289676802293458,0.34381885373197374,0.22269050247304856,0.06351358083426363,0.29805693602916494,0.3634941469582114,0.30249856985967355,preci,JJASO,Day
32.25_97.75,1.0,0.5624972591545393,0.20576712023422503,0.3178148491890608,0.20342020225666915,0.06532073941973522,0.288750016346549,0.34466968136555076,0.31859025991594647,preci,JJASO,Day
32.75_94.75,1.0,0.6385536758563022,0.24883844256482476,0.316401293802222,0.2369216327033334,0.09765556077294714,0.27366707959493597,0.3113759950581362,0.2982280746704283,preci,JJASO,Day
32.75_95.25,1.0,0.5979811977500472,0.23189164612251134,0.3438297834400146,0.2526716163218345,0.08715282054440968,0.28937120002413014,0.29864943941611366,0.28983469295317194,preci,JJASO,Day
32.75_95.75,0.9999999999999998,0.6018922626273135,0.23383479527551979,0.34886253986206134,0.281546709789221,0.09014977776465642,0.30659474816214366,0.32218893507494367,0.27722863367903633,preci,JJASO,Day
32.75_96.25,1.0,0.5990073228204353,0.23444185207967144,0.34888240485318206,0.2812135600630731,0.07366739950482062,0.28433747750356586,0.34448640482486403,0.2740743068050763,preci,JJASO,Day
32.75_96.75,1.0,0.5456563594030862,0.24893434036856618,0.3557173796987796,0.2509511976393475,0.0599272228444969,0.30082104725115194,0.36094541016966375,0.2861214662565063,preci,JJASO,Day
33.25_94.25,1.0,0.5821380167302506,0.22707526900874236,0.3501283118166075,0.22878343114032865,0.12980684670293655,0.304243651604407,0.27661581609855795,0.3020880037745328,preci,JJASO,Day
33.25_94.75,1.0,0.5942018265641507,0.20938530263986158,0.3301697552412481,0.2484869795010634,0.0997274755173862,0.2981676286081768,0.2555398049691668,0.28663840271383734,preci,JJASO,Day
33.25_95.25,0.9999999999999998,0.5846607590480161,0.23490214043007837,0.33444734393123515,0.2628761603427816,0.07712777930838927,0.2740862430572398,0.267446655564777,0.280951024914819,preci,JJASO,Day
33.25_95.75,1.0,0.5910917141947476,0.2645539889012879,0.33689043174901145,0.26914081390482697,0.07062595599177393,0.31490265340927914,0.2910839452152289,0.27894392250130257,preci,JJASO,Day
9.25_105.25,1.0,0.3943264235645264,0.04725605905776708,0.10538450771887838,0.09471877477639229,0.12709938055598957,0.22652777657871598,0.1347397318799462,0.0005194404040892495,preci,JJASO,Day
9.25_105.75,1.0,0.2865906065209315,0.050468497913104156,0.11536622950599437,0.015023711710808026,0.08266444384724346,0.1885659369436832,0.10559185518270724,0.0038190506163109966,preci,JJASO,Day
9.75_105.25,1.0,0.33549314880723563,0.0467310347522527,0.11224129902315591,0.0851506309320086,0.09344095117222506,0.18221270464503264,0.11363529660971187,0.002264092960954804,preci,JJASO,Day
9.75_105.75,1.0,0.21744463084600343,0.03102787561062282,0.08236137275566463,0.04112679914802728,0.05097281989804792,0.16641347242981852,0.07923979705749667,0.017025670649626887,preci,JJASO,Day
9.75_106.25,1.0,0.2575806614773141,0.0042771549282536545,0.07952749454001252,0.0529276809846279,0.05838184403582366,0.17242469145749642,0.10742242793119727,0.009627725571828212,preci,JJASO,Day
10.25_104.75,0.9999999999999998,0.41498279739054855,-0.26090945553297834,0.07603210217580836,0.03245998151326435,0.1323547348492849,0.13920752404167844,0.0958142317205739,-0.01460132120402882,preci,JJASO,Mon
10.25_105.25,0.9999999999999998,0.4616825274115951,-0.16049682258563552,-0.039934011705180884,-0.12137865250586707,-0.016280109218542987,0.057815007164622324,0.22428234222857787,-0.05795622561493323,preci,JJASO,Mon
10.25_105.75,0.9999999999999998,0.4982417381810068,-0.11179240760783749,-0.07604713876261206,-0.2055603241202946,-0.14272555221997354,0.09301795046292452,0.33841470332150847,-0.04911350178550937,preci,JJASO,Mon
10.25_106.25,1.0,0.3277927839821616,-0.1679638450077461,-0.16613746762520723,-0.18651756611291992,-0.14578340915299184,-0.024924782974047068,0.2839335037680635,0.01817987957062047,preci,JJASO,Mon
10.25_106.75,0.9999999999999999,0.2927944584596497,-0.02705559207331954,-0.0026864433347383075,-0.045561642641744456,-0.07647161286969519,-0.013973943849669474,0.10393872519490364,0.02459937999617016,preci,JJASO,Mon
10.75_104.75,1.0,0.47399762349314206,0.013135837787654417,-0.0379055359048675,-0.1566177494368715,-0.032781944862323165,0.04925285808462559,0.37538754372252514,-0.15247650325888107,preci,JJASO,Mon
10.75_105.25,1.0,0.539302161758442,0.08738809931206355,-0.07697178718719144,-0.23468444407658903,-0.12563587583183933,-0.021592155953727314,0.4190778536033143,-0.10298471627357668,preci,JJASO,Mon
10.75_105.75,1.0,0.5331865173104643,-0.05403671198392348,-0.14361128039878843,-0.3012611190818151,-0.13282999046761174,-0.044921655172064964,0.473549964449396,-0.062457790711992305,preci,JJASO,Mon
11.25_104.25,1.0,0.3933584824216538,0.12257248460108436,0.12688464289117352,-0.14020294000195607,-0.03964777878378451,0.1035339853584448,0.32194834146440365,-0.11805038154361051,preci,JJASO,Mon
11.25_104.75,1.0,0.529924851223303,0.20558218601310768,0.22395596723802572,-0.2536044936817326,-0.08918760198279761,0.22522667266253707,0.4695783272847441,-0.09359602586933945,preci,JJASO,Mon
11.25_105.25,1.0,0.539640564156359,0.08600624441820176,0.10173883005139966,-0.32377927489640335,-0.06515771737541091,0.05120328723664654,0.38524993468785573,-0.06293024652369776,preci,JJASO,Mon
11.75_104.25,1.0,0.3691326246018067,0.1907013293381518,0.31071869917921163,-0.0982205550729065,-0.05894698696527131,0.2621127429911018,0.28258780773967546,0.0769434478509362,preci,JJASO,Mon
11.75_104.75,1.0,0.46151085274698783,0.06335870348754025,0.3001922790430062,-0.1827821336835214,-0.14051907647927092,0.23812543139067618,0.36857208486715887,0.0807627191743025,preci,JJASO,Mon
11.75_105.25,1.0,0.5060000265837328,-0.01826497274274073,0.13237587336498058,-0.3213823201333638,-0.10615371335403304,0.028494615866116624,0.3359129031578996,0.02497647827126917,preci,JJASO,Mon
12.25_103.25,1.0,0.3762035186733808,0.1899965479550443,0.165212446939212,-0.058026534895534956,0.06958598581903098,0.1689821567803442,0.12141545597061862,0.13859296235785534,preci,JJASO,Mon
12.25_103.75,0.9999999999999998,0.4229687743827077,0.24594046273813516,0.3334502792428048,-0.1979296001964888,-0.05782570116462954,0.34176045515598924,0.26636244360680345,0.11723525215757608,preci,JJASO,Mon
12.25_104.25,0.9999999999999999,0.30992017790077153,0.0964346241464773,0.24600480600558972,-0.04003524180247773,-0.011529047555557248,0.19462720902124325,0.19484626949763972,0.12005933577614346,preci,JJASO,Mon
12.25_104.75,1.0,0.3315503346232444,-0.0013795938990601162,0.2315646636840432,-0.09086447845189526,-0.08381142744434648,0.08628728476235516,0.2729019820379505,0.11801349424413655,preci,JJASO,Mon
12.25_105.25,1.0,0.34952019600846,-0.023485315585252478,0.1291496766229647,-0.19749212180441925,-0.16137652066137875,0.020743222698963948,0.2926105345465353,0.08696787885659067,preci,JJASO,Mon
12.25_105.75,1.0,0.35021335328743036,-0.02616517500016385,0.21375553190384386,-0.15767133193885963,-0.043653987299312885,0.08720343903248867,0.23919786158184547,0.11167159644139661,preci,JJASO,Mon
12.25_106.25,1.0,0.3825453472265421,-0.1019741649998439,0.30828309929737413,-0.10285312628924742,0.08462216657088002,0.17998137757597016,0.17343375686749501,0.06769876457535984,preci,JJASO,Mon
12.25_106.75,1.0,0.4652945947663424,0.004932806140185482,0.3711446266307266,0.022434682321843213,0.1441697251039447,0.24648467788820613,0.1869646412835469,0.08776834398514982,preci,JJASO,Mon
12.25_107.25,1.0,0.6374614178041624,0.18467181287910825,0.5191026834735004,0.24359178999548042,0.16914485401305274,0.4682860912631372,0.26477147497993103,0.2008439232003477,preci,JJASO,Mon
12.25_107.75,1.0,0.5931675457654418,0.20544947195024688,0.4790716034441821,0.25932273275415835,0.05421468495766792,0.5106208677198338,0.010962777605897771,0.13237807868320975,preci,JJASO,Mon
12.25_108.25,1.0,0.5708329878488432,0.08232539486873956,0.3572149351335324,0.05508266329614832,-0.03103874481400361,0.3329737374713463,0.023902165719717535,0.004238765072801295,preci,JJASO,Mon
12.75_102.75,1.0,0.47498908484285224,0.13144732033214068,0.1643921814981254,-0.1111437107774982,0.05585325091196325,0.19169809402548033,0.183397786813808,0.12150951688189991,preci,JJASO,Mon
12.75_103.25,0.9999999999999998,0.5027437417963336,0.14549610742740637,0.24435827797394138,-0.2625917260284595,-0.08374979747690008,0.3535265836789842,0.3649547857148446,0.048752911731567386,preci,JJASO,Mon
12.75_103.75,1.0,0.4666524776794938,0.05815082330834105,0.20249061316371095,-0.24982989435211747,-0.08739635508191078,0.3416180732038807,0.3937959097385319,0.07071355764048974,preci,JJASO,Mon
12.75_104.25,1.0,0.32798132902656396,0.0598874068289357,0.16163117564665141,-0.14930677599925507,0.008183020834274276,0.26057715083180283,0.38640597524207865,0.08728174993777094,preci,JJASO,Mon
12.75_104.75,1.0,0.2741460648009808,0.09361561689267768,0.18810304744942757,-0.1420159459504072,-0.0025101972338600403,0.17221801974000342,0.3144659637535659,0.07240815365686928,preci,JJASO,Mon
12.75_105.25,1.0,0.26033210882691393,0.08515158924392964,0.2335770259081308,-0.0013591296337799293,0.026859350455822804,0.19526484840075675,0.2524405284017247,0.11809740696950023,preci,JJASO,Mon
12.75_105.75,1.0,0.327404427807062,0.08038952179028958,0.34086217307125005,0.08709290726492809,0.031602358471722776,0.27184759299264655,0.19445809200402442,0.17892625119915878,preci,JJASO,Mon
12.75_106.25,1.0,0.4064923302146814,0.05396530261856989,0.38217442202165264,0.06273925767932843,0.09046835064020291,0.3630383956844855,0.22850506933152373,0.2177531998638814,preci,JJASO,Mon
12.75_106.75,1.0,0.4889743593907777,0.1548695673276661,0.43116661915477333,0.16889217044164767,0.20593582164541552,0.4176941725819461,0.2891201666026274,0.24976900014445197,preci,JJASO,Mon
12.75_107.25,0.9999999999999998,0.628705523827812,0.3174530401334135,0.5132162485099827,0.2879840045682797,0.26737777547227176,0.5133928490252376,0.05583114348980441,0.284466320860987,preci,JJASO,Mon
12.75_107.75,1.0,0.5923399457904266,0.23986352595009755,0.4598203357047936,0.24697250312644323,0.08838053802173759,0.4679263923223542,-0.04239276804970936,0.17806570090985704,preci,JJASO,Mon
12.75_108.25,1.0,0.6381944697523246,0.13560166082631897,0.34483398676143,0.09951421939791665,-0.1164512893747505,0.2566927171009396,0.15008410076109457,0.05973363063646535,preci,JJASO,Mon
13.25_102.75,1.0,0.5057262045518613,0.2497253611307123,0.175285340365097,-0.10794737308703661,0.11984317535268224,0.32237415767532424,0.22254365603719836,0.054142932603437194,preci,JJASO,Mon
13.25_103.25,1.0,0.4863946887706037,0.14138222140338003,0.14677892437030327,-0.19862909599129605,0.0014319097615073603,0.42182322463324273,0.33474180789485664,0.01394569131933189,preci,JJASO,Mon
13.25_103.75,0.9999999999999998,0.44313279806424877,0.1115591285192519,0.1577370372887074,-0.2023619474115877,-0.012909769650311232,0.35598573086617846,0.3559577741541568,0.06613146741524441,preci,JJASO,Mon
13.25_104.25,1.0,0.3442816479243612,0.14612348502553632,0.1857658914133376,-0.08263149736331638,0.03855050449614764,0.2939065974961285,0.36952742290327406,0.11208585705921333,preci,JJASO,Mon
13.25_104.75,0.9999999999999998,0.3087788944090258,0.17134357453786503,0.24686942604186446,0.02296074967103651,0.12149419635196373,0.3188695353552125,0.3164798360440284,0.126653973616144,preci,JJASO,Mon
13.25_105.25,1.0,0.29322817063410866,0.18733641278963628,0.3416251487862975,0.1612306476405691,0.19818046720433377,0.40065664008570323,0.2708048286295615,0.17630049130525705,preci,JJASO,Mon
13.25_105.75,1.0,0.37772596244212503,0.223418143206386,0.4332083865670323,0.24227181369701575,0.21745251476471567,0.49773782043363857,0.23443930342783567,0.25914433045636204,preci,JJASO,Mon
13.25_106.25,0.9999999999999999,0.48786409517237805,0.2534160966375894,0.49544160977145035,0.28218629112174864,0.22250744205577364,0.5369798627896566,0.32002716694285405,0.3372633455542396,preci,JJASO,Mon
13.25_106.75,1.0,0.5417861264982038,0.29387260981763846,0.5495467985364282,0.312828762884278,0.3440514586011716,0.578950651895318,0.4227503401247726,0.39809468075007837,preci,JJASO,Mon
13.25_107.25,1.0,0.6088324587524664,0.29547738098390686,0.5398872519235681,0.2630180677327637,0.4110303518523252,0.5578047903005414,0.28503347463706613,0.34568999896354985,preci,JJASO,Mon
13.25_107.75,1.0,0.5905854867845683,0.2533881896188515,0.4236979645434582,0.17803956292315462,0.23801623719389148,0.5031103028721974,0.36386576165039186,0.16017908846999387,preci,JJASO,Mon
13.25_108.25,1.0,0.6519549884365125,0.1115803305851907,0.21329790818554226,0.08938609773081159,-0.02197840618803073,0.19377435343844915,0.19091936426220604,-0.13196041133501132,preci,JJASO,Mon
13.75_102.75,0.9999999999999999,0.46473947411642424,0.3383238237428621,0.06596545158710722,-0.033401670375424165,0.19506147881508942,0.29430677196312177,0.34657716197214405,0.039422874820009966,preci,JJASO,Mon
13.75_103.25,0.9999999999999999,0.4477751899020019,0.235380198574236,0.1094518601466219,-0.05154147850525298,0.11940514267814045,0.39910676586060495,0.3954289089269868,0.03997791918569359,preci,JJASO,Mon
13.75_103.75,1.0,0.4006864868406461,0.18941085293556467,0.2036024482165125,0.03167908736666828,0.1098196749104006,0.3604236552732388,0.36694395615667763,0.12925341695615356,preci,JJASO,Mon
13.75_104.25,1.0,0.37451876260678785,0.23308907581176178,0.2687394978382675,0.08879975089404864,0.15830512416686396,0.37098274282660365,0.36324492067840897,0.18363352461393395,preci,JJASO,Mon
13.75_104.75,0.9999999999999999,0.37447101111507675,0.2310637595253633,0.32149457361101824,0.17621437535950715,0.2527087488599336,0.46621336974930966,0.35606214893331056,0.23006264588289937,preci,JJASO,Mon
13.75_105.25,1.0,0.41394825022147896,0.28396871690469316,0.4018594644378526,0.2920245387537219,0.3805059368554596,0.6064393010373952,0.42130106996644645,0.2974477234805054,preci,JJASO,Mon
13.75_105.75,1.0,0.4783050897129595,0.29433541953678544,0.46641183936427166,0.31287513793524185,0.39842006064310703,0.657233438789863,0.41291720466569737,0.3381417753207742,preci,JJASO,Mon
13.75_106.25,1.0,0.5524677873183419,0.31432171846945345,0.5186048444967499,0.30588686044709273,0.32253446671171454,0.6773699725762302,0.5043007316863467,0.40761910068059554,preci,JJASO,Mon
13.75_106.75,0.9999999999999998,0.589070034090239,0.35671945561121665,0.5646015955736959,0.3284473178990711,0.4103470111652557,0.7060477644366717,0.5538982771427462,0.4822414131608911,preci,JJASO,Mon
13.75_107.25,1.0,0.6311096142473103,0.3134098129017833,0.533775483830438,0.24869939218785697,0.4247925738589409,0.66895166319863,0.5060977430326514,0.4055366369636032,preci,JJASO,Mon
13.75_107.75,1.0,0.5876071256107015,0.2885151222023679,0.47709888812012435,-0.011119827766821938,0.3013344919741001,0.6648740868099191,0.49365520918238587,0.23256625569700512,preci,JJASO,Mon
14.25_102.25,1.0,0.6648619960231563,0.5065242824508734,0.10418828535239283,-0.056300390870270264,0.1728133168769555,0.21956386758101862,0.3421433713035528,-0.028144246255361945,preci,JJASO,Mon
14.25_102.75,1.0,0.5685362982662203,0.4822814889415291,0.20010477912347727,-0.03771703617153902,0.24626396574702264,0.334433211065588,0.2972483737454103,0.05781544643590254,preci,JJASO,Mon
14.25_103.25,0.9999999999999998,0.4673263948724725,0.4222451697908896,0.26571311611013837,0.10754752347672816,0.29620085950179775,0.4519538613049286,0.3729967099662425,0.15983843460799596,preci,JJASO,Mon
14.25_103.75,1.0,0.39437639440892147,0.37650147859414734,0.30143878351784553,0.2249159661360144,0.31424927130249153,0.5020724254754426,0.36264208990957947,0.2798535578825276,preci,JJASO,Mon
14.25_104.25,1.0,0.39121685127394357,0.4488703338769144,0.3344268481705602,0.2584729241703725,0.33394058657049785,0.6005553677630522,0.25988148774844794,0.3335351335957369,preci,JJASO,Mon
14.25_104.75,1.0,0.5081007598742113,0.44856319951222506,0.4095529809244987,0.3274704818762244,0.40199251933074326,0.6851237368277262,0.4116069835004763,0.33892221887126583,preci,JJASO,Mon
14.25_105.25,1.0,0.5827699332778812,0.3925738249915726,0.5341102152403906,0.39996540243820183,0.4953267584907951,0.7564956361850166,0.5203937765633249,0.3576854379479791,preci,JJASO,Mon
14.25_105.75,1.0,0.6698727788794017,0.29624217296467065,0.568439554635444,0.2859405952927925,0.5057633136558541,0.7841246384568501,0.5817929610412913,0.4400524577472584,preci,JJASO,Mon
14.25_106.25,1.0,0.7161228173820681,0.29969175954027844,0.5905696797761898,0.2949201553654873,0.46919265461792664,0.7741281590725242,0.6940284033692146,0.5007535944649538,preci,JJASO,Mon
14.25_106.75,1.0,0.6954933116601013,0.3728261790472694,0.5996772408813673,0.31103995703051485,0.5044507910452006,0.800471907249783,0.6597253428174639,0.5449016123819789,preci,JJASO,Mon
14.25_107.25,1.0,0.65149883051009,0.3381959999878567,0.5889757392820794,0.1370745307309423,0.4578878862538351,0.7726156634326796,0.603630696182911,0.4682007278570573,preci,JJASO,Mon
14.25_107.75,1.0,0.493488310841152,0.2684770216123829,0.5104383500141215,-0.09749450378277585,0.29900194240945155,0.7248953272908316,0.4278033171023015,0.21063494786309958,preci,JJASO,Mon
14.25_108.25,0.9999999999999999,0.5327781677652118,0.1646659195167016,0.3481288711170184,0.019177926164933645,0.07827115648633347,0.5174793809227675,-0.030211674563210427,-0.07751860898030281,preci,JJASO,Mon
14.75_101.75,1.0,0.6137108561353972,0.3511168605916895,0.1263686523325746,-0.17146549115702706,-0.043818226208164356,0.20385852343271715,0.5825605753873007,-0.19235854542866115,preci,JJASO,Mon
14.75_102.25,0.9999999999999999,0.6228608659512505,0.23358520129567684,0.3208518556576696,-0.09587603011986687,0.07623082507024781,0.40591284829522595,0.47678181874716985,-0.056959294708931185,preci,JJASO,Mon
14.75_102.75,1.0,0.5865859630443778,0.3995735615758675,0.35922450418722934,0.02614541532860821,0.246639003628294,0.44071477863609787,0.379830259018924,0.0651160537042953,preci,JJASO,Mon
14.75_103.25,1.0,0.5331266172919904,0.434749784732271,0.3626810948422377,0.21908489147473217,0.32201993960979164,0.5382986479716996,0.25527826055808595,0.20077108039572486,preci,JJASO,Mon
14.75_103.75,1.0,0.4618497910000634,0.46266245644832266,0.29416751481040904,0.30314141427789887,0.34420365987654034,0.619631237643162,0.1980581605626179,0.29751138816929884,preci,JJASO,Mon
14.75_104.25,1.0,0.45289770060360196,0.49428146100489045,0.27761332925941196,0.272137683536593,0.3045280418568991,0.6133526175628747,0.20517096449526814,0.2719445982320652,preci,JJASO,Mon
14.75_104.75,1.0,0.5567004885850174,0.4908187552828143,0.4459734978167214,0.3383535962580062,0.41283729224801863,0.7394183866059726,0.4272119941451126,0.3186150508618928,preci,JJASO,Mon
14.75_105.25,1.0,0.6579346022988757,0.4408788332395354,0.6117450528637228,0.35172406411210044,0.5466702367112004,0.8060781498816496,0.5507191361794488,0.35900900818121484,preci,JJASO,Mon
14.75_105.75,1.0,0.7151722236995068,0.3527530410866188,0.656420680369212,0.26508539880106446,0.5569088338445691,0.8278927004787568,0.6880037713850695,0.47158609590368167,preci,JJASO,Mon
14.75_106.25,0.9999999999999998,0.7601230493321888,0.37019739596726753,0.6430943649277124,0.24267553004386525,0.5776954749415666,0.829644258748183,0.6859761915937069,0.5320370158780796,preci,JJASO,Mon
14.75_106.75,0.9999999999999999,0.7488109810513153,0.4078263239300661,0.626606076523689,0.186713185036392,0.5150811707015078,0.822220404442835,0.6802346573467907,0.5162136813297941,preci,JJASO,Mon
14.75_107.25,1.0,0.6776521887465728,0.34570412805644674,0.5862238107495397,0.046929198835085666,0.39953846136118176,0.8292116258970301,0.6203706969695367,0.4423819107616033,preci,JJASO,Mon
14.75_107.75,1.0,0.45419335213971035,0.2087982830712716,0.35943165339992644,-0.0659654629837476,0.21310860646988708,0.7279236581269257,0.18492878977579344,-0.044442408768338465,preci,JJASO,Mon
14.75_108.25,1.0,0.517404031397095,0.07409203130639462,0.20319077988918507,0.13074651606029955,-0.011702531383349575,0.4287876704456597,-0.0391551380058301,-0.05149661712349615,preci,JJASO,Mon
15.25_101.75,1.0,0.6564150501725549,0.25101026719118846,0.13912563000746037,-0.12708627242632056,-0.07306193070030834,0.30542506566177213,0.6211146697211323,-0.2017433145996191,preci,JJASO,Mon
15.25_102.25,1.0,0.6388439109205931,0.2375858427983239,0.30389471500657544,-0.011770764714687602,0.055355002273366365,0.42377150487566223,0.4617435792643069,-0.029869976392320984,preci,JJASO,Mon
15.25_102.75,1.0,0.6194147851299784,0.4091041749449034,0.34734125978847497,0.08424001934888174,0.2316786785629822,0.5036607727750723,0.39818889843798994,0.08674630685673716,preci,JJASO,Mon
15.25_103.25,1.0,0.5954585919240775,0.42307921815736454,0.278404927904355,0.23771299845430569,0.2974946468245574,0.5594930091148429,0.2999013677054465,0.21031911237182618,preci,JJASO,Mon
15.25_103.75,0.9999999999999998,0.5562142732091832,0.48976013421448267,0.2633619026012364,0.30114085841633925,0.35215276815973046,0.60681934380143,0.22143981140480426,0.30107332286964167,preci,JJASO,Mon
15.25_104.25,1.0,0.5924876497299484,0.5220136830641667,0.343412859562204,0.3144393163333113,0.3607051538383484,0.658499332570873,0.35229976340119973,0.28215099511512315,preci,JJASO,Mon
15.25_104.75,1.0,0.6393243744251871,0.5107164201295303,0.4738239133369464,0.3462445234055665,0.5060670328111823,0.7454520632738163,0.5269811475342883,0.3763754242273771,preci,JJASO,Mon
15.25_105.25,1.0,0.7336128791924386,0.4741352067324733,0.6355772178554745,0.35289036825459974,0.621981971731244,0.8178247570213171,0.626858866528676,0.46430253994070964,preci,JJASO,Mon
15.25_105.75,1.0,0.78968893395487,0.48536915493219157,0.674973445212912,0.2833110004526619,0.5713220990832596,0.847166469715782,0.7180504720611046,0.5250156984301474,preci,JJASO,Mon
15.25_106.25,1.0,0.7585068039913784,0.46512457918911876,0.6208805771569096,0.19477772054573414,0.5126830021039266,0.815495560385274,0.6166048484549637,0.5230920106246709,preci,JJASO,Mon
15.25_106.75,1.0,0.7349348410363262,0.384580061150075,0.5797117104451852,0.1285343909667455,0.449873081161902,0.8193620231256847,0.6105416250028868,0.42238414839758764,preci,JJASO,Mon
15.25_107.25,1.0,0.5748727445677991,0.32773323880677335,0.28675546531147883,0.004681803775150753,0.30004866306942074,0.7215290120635889,0.43854173539582636,0.10733678795373286,preci,JJASO,Mon
15.75_101.75,0.9999999999999999,0.7015097392046841,0.3418372135223238,0.10771478711533371,0.07303250499797767,0.13454983695548986,0.3789733933801479,0.45974031271640087,-0.019831971893586403,preci,JJASO,Mon
15.75_102.25,1.0,0.6961444533866186,0.34400498752454606,0.23250752007970377,0.061778310430494074,0.09396051472856794,0.4420530594134313,0.47211105408820625,0.03268437215035548,preci,JJASO,Mon
15.75_102.75,1.0,0.6789661111224321,0.36061617479470776,0.3316490008816021,0.111919494199298,0.1858520413798232,0.5541635720424678,0.4840774138302756,0.10571092893759959,preci,JJASO,Mon
15.75_103.25,1.0,0.624741564907485,0.4391760900289787,0.2821721049171662,0.30104067929448014,0.32095876884298336,0.6202486781497493,0.32098766293605546,0.25024582950122054,preci,JJASO,Mon
15.75_103.75,1.0,0.6332982051363023,0.4553409105779221,0.3113515516618369,0.356379335710663,0.38373636523547977,0.641691399983794,0.2926438077116811,0.2981776797623977,preci,JJASO,Mon
15.75_104.25,0.9999999999999998,0.6962606721359504,0.46532433017083,0.41473072444128173,0.3985592765915648,0.4698169018969286,0.703599969565475,0.4583164897830212,0.36825860834178464,preci,JJASO,Mon
15.75_104.75,1.0,0.746474225618414,0.5196304177291508,0.5502721314119441,0.42214963893468066,0.5548055733783165,0.7842770924145737,0.568888584612772,0.4338709705286421,preci,JJASO,Mon
15.75_105.25,1.0,0.7649090156281706,0.507114882084027,0.6356061660612415,0.353748822870048,0.5594280590938889,0.8279875570203135,0.6146032142345499,0.48957654873146544,preci,JJASO,Mon
15.75_105.75,1.0,0.7757132106279004,0.4765038376900994,0.6421285674102903,0.3247963454821771,0.5062534368561322,0.7975880503663553,0.6560814008916952,0.5140526633715217,preci,JJASO,Mon
15.75_106.25,1.0,0.7176008038609072,0.375001611736164,0.5007847568622757,0.17959114242540264,0.3791198248785302,0.7707783723987756,0.5493394033157577,0.4195986696285795,preci,JJASO,Mon
15.75_106.75,0.9999999999999999,0.6008161687680409,0.40483264521759754,0.3717857208610617,0.00023766495133342727,0.21893563049038547,0.7488491928822324,0.3719686472007723,0.19004374462457355,preci,JJASO,Mon
16.25_101.75,1.0,0.7516508104544107,0.30736816902067643,0.17155763587265535,0.06873692203661581,0.19659597781646712,0.41663026419566873,0.4389958163929647,0.016954422347541024,preci,JJASO,Mon
16.25_102.25,1.0,0.7445817378226073,0.28622344717883225,0.2879297075668179,0.04315217108129981,0.12100190085360031,0.4908708521883613,0.5216653600397342,0.051134231357521986,preci,JJASO,Mon
16.25_102.75,1.0,0.7309496122510634,0.3461641954091994,0.35061990940513166,0.16614489294708917,0.21777340910798146,0.5899396991809658,0.5810288893069756,0.143782208907117,preci,JJASO,Mon
16.25_103.25,0.9999999999999998,0.7027455696106184,0.408132062724555,0.37998801671433596,0.30715860750202606,0.3449912305628243,0.6076633395671851,0.481300509451337,0.2990613949382515,preci,JJASO,Mon
16.25_103.75,1.0,0.6888783036983017,0.43638160241295615,0.37880514358830275,0.40262639708817954,0.39887272959741243,0.6662853861348356,0.5220372693449338,0.36900645293363643,preci,JJASO,Mon
16.25_104.25,1.0,0.7743948129859346,0.46417490626913066,0.4396350458244934,0.49774191110385363,0.4807052479585037,0.7309639314476085,0.6303823962270022,0.42417824349350697,preci,JJASO,Mon
16.25_104.75,1.0,0.7846097585970981,0.4678396442241372,0.5015742709939568,0.4773267732377049,0.5009982278927281,0.772670678794495,0.6201078722378508,0.4661581946523217,preci,JJASO,Mon
16.25_105.25,0.9999999999999998,0.7766602812209026,0.49234763776641427,0.5121745899476629,0.4002239115811411,0.4523537014138049,0.814068383416251,0.6264267350040761,0.4972231566244085,preci,JJASO,Mon
16.25_105.75,1.0,0.7655490565276557,0.4363022894115124,0.5547651867727295,0.2521031311382097,0.43052211618311514,0.797483155178679,0.5915356329702152,0.5149914330472036,preci,JJASO,Mon
16.25_106.25,1.0,0.6660027013938938,0.40038678355459645,0.4738740489540669,0.04967369026458257,0.34757178804598643,0.7422717901895073,0.50162378700304,0.438221178532487,preci,JJASO,Mon
16.25_106.75,1.0,0.5960833880588157,0.17855663108284317,0.16164023571188726,-0.05676454624448334,0.14895773904864618,0.5248388033019019,0.03933003194013865,-0.01924032944892299,preci,JJASO,Mon
16.25_107.25,1.0,0.7443939417712003,-0.11069523068020026,0.3954201950424535,0.3667329866447413,0.13092276977631012,0.609896839415901,0.5254930179487901,0.3555188301957399,preci,JJASO,Mon
16.75_101.75,0.9999999999999998,0.7054488457049259,0.22349444085105605,0.24074926043728098,-0.02930221091003034,0.14051759940219236,0.4698546199120319,0.604248056604144,0.07852158090826568,preci,JJASO,Mon
16.75_102.25,1.0,0.7319961966673576,0.22117740653685639,0.35585550393120974,0.030392193590790456,0.1716853472768272,0.5735221470863748,0.6050641685614092,0.14125816238217553,preci,JJASO,Mon
16.75_102.75,1.0,0.7718757149485522,0.3257060094482301,0.3605424858269004,0.21286836241711765,0.28917243087772004,0.6886428040131761,0.6268540158567344,0.1996082843792582,preci,JJASO,Mon
16.75_103.25,1.0,0.7845187917323937,0.4119453875937584,0.3982507705221327,0.39063790355152705,0.41261029290303536,0.7050395588630665,0.6184551983292774,0.3103634209988062,preci,JJASO,Mon
16.75_103.75,0.9999999999999999,0.7880788612148103,0.4863601396213482,0.4142027110618034,0.4778028945192562,0.5129099510769255,0.739563241920443,0.6553164913913808,0.40716536755905935,preci,JJASO,Mon
16.75_104.25,1.0,0.8107795970729652,0.4825224569503165,0.4265695119996296,0.526474230053399,0.5280026930801028,0.7773439518758204,0.6545708030931643,0.44976153186293955,preci,JJASO,Mon
16.75_104.75,1.0,0.7748201897509127,0.4187008685762116,0.40042389431328795,0.4979521748912228,0.4550474035396046,0.7552260719461353,0.6342558887032546,0.4714339728420691,preci,JJASO,Mon
16.75_105.25,1.0,0.7594384200340448,0.45725599518913784,0.4756867762294848,0.40554311676714827,0.39883139078390223,0.7554808034858675,0.6157078396110947,0.49862792886235413,preci,JJASO,Mon
16.75_105.75,1.0,0.7105405874679224,0.4134723057860076,0.4254944302679235,0.19331353007494553,0.3827913771106457,0.7256791246083518,0.5637562056848753,0.4869710823662675,preci,JJASO,Mon
16.75_106.25,0.9999999999999998,0.5633131579578813,0.24728223037695748,0.1350612735255401,-0.06537970622815943,0.2602372380742104,0.6085766505182615,0.23973437052229318,0.2517441424406364,preci,JJASO,Mon
17.25_101.75,1.0,0.6651347653030173,0.2682516266856765,0.21684587113308224,0.016991397276498368,0.16491405992597014,0.5260773628207945,0.5967998429360918,0.18988351373193313,preci,JJASO,Mon
17.25_102.25,1.0,0.7964052859169157,0.356081707636016,0.3106862360687288,0.2295292130076565,0.3235091336316071,0.6494677578300014,0.5852440227763918,0.2829840890670441,preci,JJASO,Mon
17.25_102.75,1.0,0.8090227942570832,0.4162809935707828,0.3901945684477696,0.42694108083683413,0.4604174942486082,0.7512395996546408,0.5550895800753919,0.311096030105028,preci,JJASO,Mon
17.25_103.25,0.9999999999999999,0.8071581451431443,0.4746349956227032,0.434164708477654,0.5136229264268228,0.5215258875789687,0.7586304093046466,0.5958106449091812,0.3141341781227552,preci,JJASO,Mon
17.25_103.75,1.0,0.8330256828288743,0.5229572713212097,0.4423372826594179,0.5555710591537644,0.5677220902930165,0.7937384298290261,0.6463891409257361,0.4110204850729391,preci,JJASO,Mon
17.25_104.25,1.0,0.840792436727336,0.5125980832472053,0.44051232548557306,0.5393488941752356,0.557040334846655,0.8232483060188004,0.631415521119316,0.5297317046446529,preci,JJASO,Mon
17.25_104.75,0.9999999999999998,0.8177551225574935,0.43591099711461473,0.40790060184214455,0.5097783706028857,0.5141460185718096,0.8212613292727486,0.630942108890591,0.519635831402699,preci,JJASO,Mon
17.25_105.25,0.9999999999999998,0.747127565818075,0.42278058470082364,0.4715470716055503,0.36862414535204086,0.4470174374290084,0.8147830208821648,0.5891338158877385,0.5209560977167043,preci,JJASO,Mon
17.25_105.75,1.0,0.5966654591520331,0.29540822110944853,0.26657087103518073,0.12250288825444944,0.3863302681114515,0.7174060862642712,0.44335251937344966,0.3382413697989446,preci,JJASO,Mon
17.25_106.25,1.0,0.7442373118985852,0.010572200606454156,0.22184553387528816,0.20999124950371545,0.26019675881521664,0.5192000810416894,0.40182547627835546,0.28673745282971785,preci,JJASO,Mon
17.75_101.25,0.9999999999999998,0.6852083222590614,0.34062742976290694,0.329967364324822,0.20119273410825825,0.3804211978400061,0.6218887377848668,0.6633425882961901,0.2845122478364182,preci,JJASO,Mon
17.75_101.75,1.0,0.7480615683135605,0.35324578041805943,0.2744288702430187,0.20951083781024013,0.3465390729323938,0.5752445693358447,0.5881828326304839,0.2895333467825708,preci,JJASO,Mon
17.75_102.25,1.0,0.788042986962466,0.4221036588843175,0.39387013304678997,0.4564957322992001,0.507106296293404,0.6834755196293533,0.46925663586591415,0.36811571308655555,preci,JJASO,Mon
17.75_102.75,1.0,0.8109528532853003,0.4306872864480527,0.40872282670510024,0.5438593222075087,0.5000458812376731,0.7194312691456222,0.5357108283116783,0.3708045994524207,preci,JJASO,Mon
17.75_103.25,1.0,0.8485253708409366,0.5241977153720172,0.4641507845171347,0.6029690665724022,0.5457236450584669,0.748663379238536,0.5984691877193488,0.4154794884399387,preci,JJASO,Mon
17.75_103.75,1.0,0.8581804895584463,0.5331345215084597,0.5206791314965624,0.6182718939049496,0.5783373707174936,0.7867051047322948,0.6195885617561601,0.5335124358882252,preci,JJASO,Mon
17.75_104.25,1.0,0.8746237233190103,0.43311824256159287,0.48787796902956837,0.6079433213172863,0.5418125539631491,0.8176558487709834,0.6787705772105989,0.536224862499378,preci,JJASO,Mon
17.75_104.75,0.9999999999999999,0.8126928142429812,0.4557809900273141,0.43385981124220463,0.4915834595632805,0.4751533902715111,0.8469929702402521,0.716857647205689,0.47800705437792557,preci,JJASO,Mon
17.75_105.25,1.0,0.7001707973503617,0.4136944116938486,0.2877366369922072,0.37136590765133504,0.41978768752633466,0.8069622859752446,0.6514231591094942,0.33077132947042387,preci,JJASO,Mon
18.25_101.25,1.0,0.6834841871709761,0.2829404736278676,0.34195499587351913,0.2524751048779172,0.3739818454491571,0.6407653220455753,0.6314247505205431,0.19181814739949557,preci,JJASO,Mon
18.25_101.75,1.0,0.7711509140459616,0.28939325150076106,0.3697284932834112,0.41459711807586547,0.48071136194310077,0.6955618224209416,0.5427874796970422,0.2929525383929552,preci,JJASO,Mon
18.25_102.25,0.9999999999999999,0.7763497188830194,0.2746815277886088,0.4333440605937001,0.5524522357996748,0.571084729476597,0.7318630339769512,0.4597852692298716,0.36286500466287525,preci,JJASO,Mon
18.25_102.75,1.0,0.7930675464868534,0.4493121166386414,0.5261781672477178,0.575514129325947,0.5349980330804022,0.7120555403400018,0.583505780998016,0.3979060467787417,preci,JJASO,Mon
18.25_103.25,0.9999999999999999,0.8330528010052823,0.4409666528102174,0.5368790356202122,0.6029443437877852,0.5818892113923875,0.7864649782280322,0.595631534306911,0.5515314613391268,preci,JJASO,Mon
18.25_103.75,1.0,0.8285170742927822,0.45778520287049723,0.5851512683735762,0.605638783962331,0.6088461167125271,0.794699785862579,0.5186152312927421,0.6513560678780781,preci,JJASO,Mon
18.25_104.25,1.0,0.8700282843860601,0.5450801560845359,0.5057509937553161,0.5927483152205728,0.5474820745217026,0.8084644474672676,0.7609700089844776,0.5283227003106874,preci,JJASO,Mon
18.25_104.75,1.0,0.7287724372363888,0.47983070183297666,0.3082829914399125,0.5276794307085666,0.4521198473582611,0.7812228992500585,0.7007909134500494,0.26069628484660645,preci,JJASO,Mon
18.25_105.25,1.0,0.7336397898597428,0.18518307421631536,0.11512331647137711,0.3202181911013839,0.31305675714787684,0.6500201165513873,0.31718195159347135,0.12959883834860028,preci,JJASO,Mon
18.75_101.25,1.0,0.6373148502340497,0.36425770502770105,0.3269986412033197,0.34623128569147327,0.32461468895539053,0.5824656436059973,0.5951545863220089,0.16066075102961985,preci,JJASO,Mon
18.75_101.75,1.0,0.7105767815678122,0.28880641097780946,0.3810226787181243,0.47249036411672424,0.43924931556381225,0.6299491631049106,0.5282303084927169,0.2595305499751656,preci,JJASO,Mon
18.75_102.25,1.0,0.771142202648531,0.23245101392348583,0.43386202386861433,0.5954725881514262,0.6262146534000712,0.6845412455584139,0.6284862007063692,0.4001899459490581,preci,JJASO,Mon
18.75_102.75,0.9999999999999998,0.7922356599863605,0.38689195997037784,0.579342423243313,0.6251764386307167,0.6516819246852615,0.7088812254672823,0.668833927253951,0.4891782577608027,preci,JJASO,Mon
18.75_103.25,1.0,0.8142980324062218,0.644996649643243,0.5904222479363226,0.6507538877836886,0.6380864700201988,0.7372451491837215,0.6620982959851934,0.5830030984941872,preci,JJASO,Mon
18.75_103.75,1.0,0.7879166890976338,0.4402827760651911,0.5403199087951583,0.6429243253969276,0.6189717386407508,0.7189647220517827,0.635065585972193,0.6224834125428759,preci,JJASO,Mon
18.75_104.25,1.0,0.7667005081676485,0.594429981382,0.417384774185801,0.6400702330989654,0.5718463828716742,0.7361309275189096,0.6749223350073671,0.3961174032516784,preci,JJASO,Mon
18.75_104.75,1.0,0.7513259292933867,0.3674141800147836,0.14879966218669533,0.4628140281230213,0.4808875867581661,0.645231101150479,0.41790212327586035,0.1246964267388974,preci,JJASO,Mon
19.25_101.25,1.0,0.6346805661485616,0.39519294957584405,0.25914298842814343,0.4271340420471099,0.3688803274545176,0.6031648648725481,0.5246904245748119,0.2128285608124843,preci,JJASO,Mon
19.25_101.75,1.0,0.6223047789486302,0.18332435150485085,0.24731479417942456,0.44287600108747505,0.3630586142675422,0.5503981179465605,0.5667584770039196,0.20384369537223535,preci,JJASO,Mon
19.25_102.25,1.0,0.7628263789445747,0.40817670168540565,0.44541051396413506,0.5928583272158626,0.5678881839761079,0.6938331318971515,0.7222991174870506,0.3626891229564669,preci,JJASO,Mon
19.25_102.75,0.9999999999999999,0.7842196943393555,0.4934043218483202,0.4745544493772608,0.6329156719643775,0.591615984556428,0.6862820309532759,0.7439193388778993,0.4649376907005383,preci,JJASO,Mon
19.25_103.25,1.0,0.7812110176196815,0.49592532361950653,0.44338383596091013,0.6194470868600401,0.5233836065999491,0.6533027753895566,0.6495640458184198,0.45842730738379095,preci,JJASO,Mon
19.25_99.75,1.0,0.5736175647834487,0.237182753440312,0.04996110117943877,0.19716740791500628,0.12662542184972508,0.39167803246375704,0.48295797575014077,0.0294694268422157,preci,JJASO,Mon
19.75_100.25,1.0,0.6004012592302526,0.2866146810928791,0.15782158266498533,0.38547491048607924,0.31343360922436325,0.5126095840843128,0.5631188860499136,0.1776807392674317,preci,JJASO,Mon
19.75_100.75,1.0,0.6158016371675015,0.37716374289756593,0.21147597997611178,0.4625431262871692,0.35189652218239864,0.5752567967859658,0.6007700743821706,0.22013697274229807,preci,JJASO,Mon
19.75_101.25,1.0,0.6348863246845133,0.37794755785087336,0.22674864148589557,0.47225297899701074,0.3952923788158483,0.6358775247347748,0.5322687740669668,0.22258337970104108,preci,JJASO,Mon
19.75_101.75,0.9999999999999998,0.6482485646765722,0.2219683498959155,0.1885394060505933,0.4496821306139372,0.41857520696899236,0.608740479973615,0.5644709357119001,0.22733089944577742,preci,JJASO,Mon
19.75_102.25,1.0,0.7080920423735048,0.3731895899769271,0.37493613984699536,0.5377706430976351,0.49293605743287616,0.696557218706537,0.7100670914315048,0.3347624180339804,preci,JJASO,Mon
19.75_102.75,1.0,0.7621699607918365,0.3097208497779211,0.3881395585578147,0.6442087818024755,0.5418884738731129,0.6807685447561315,0.7440197577007911,0.4088686413131271,preci,JJASO,Mon
19.75_103.25,1.0,0.7566941988174091,0.2857551886348977,0.38328451774970135,0.6291649063616058,0.4916189818310966,0.6275784116934972,0.5501912138431707,0.4041389830940184,preci,JJASO,Mon
19.75_99.25,1.0,0.47540097493547623,0.21110369487968011,0.015140591564515872,0.3336204223384223,0.2737726281137,0.368707807602659,0.3218469375040376,0.0031578210041556605,preci,JJASO,Mon
19.75_99.75,1.0,0.5688090735497882,0.20537890741686127,0.04149828372019669,0.3782182657155912,0.3031677891610646,0.40013388993272386,0.4046639714266287,0.09269902117693532,preci,JJASO,Mon
20.25_100.25,1.0,0.6084677020815867,0.2514760469215572,0.22741264999140154,0.44247027639518416,0.3446244946846644,0.45668505904174445,0.565740298744171,0.29141648809932896,preci,JJASO,Mon
20.25_100.75,1.0,0.6270104968709002,0.3990174415878332,0.23412929473271513,0.47528245916023465,0.3563914053052713,0.5712641183643878,0.5902611806059688,0.28345568380112623,preci,JJASO,Mon
20.25_101.25,1.0,0.6823501543936601,0.44830803595444074,0.24816342028724614,0.4988713850472985,0.44147731445208005,0.6554391618423857,0.6481092790485925,0.2830302906683742,preci,JJASO,Mon
20.25_101.75,1.0,0.7265788089154466,0.4572874422098517,0.27722146333658176,0.5030406465947777,0.4519289830611338,0.6994624871792078,0.6518082322699337,0.32295603244255855,preci,JJASO,Mon
20.25_102.25,1.0,0.7437694207173805,0.3351994646415752,0.2786121782199851,0.5421054691696903,0.4311465685678276,0.7108092282366469,0.6136074673098697,0.39604047911223966,preci,JJASO,Mon
20.25_102.75,1.0,0.7859393169398944,0.3343711104724774,0.3917603544702151,0.6153173745197568,0.4735517227943105,0.7235609122337997,0.6536955801701397,0.40660514439896855,preci,JJASO,Mon
20.25_103.25,1.0,0.8003747382128599,0.31160422470748844,0.4371626963840281,0.6352873080534053,0.47720621283719444,0.7324679822834296,0.8040524878498758,0.41220882974375567,preci,JJASO,Mon
20.25_99.25,0.9999999999999999,0.4819794588619841,0.27430642256780174,0.15440372882401301,0.4547285090031123,0.3239890630368065,0.47521291692863377,0.4423376801063732,0.1088381162476078,preci,JJASO,Mon
20.25_99.75,0.9999999999999999,0.5293759576432575,0.24804558211212913,0.16949978942472263,0.41394249597636895,0.3312051314730794,0.43650906926794725,0.3512892470034479,0.23254202387491527,preci,JJASO,Mon
20.75_100.25,1.0,0.6002948112800629,0.3707347857112735,0.3304183477312786,0.4799990833882041,0.3915155591214349,0.5356156364849951,0.5369614983794827,0.3201715061600689,preci,JJASO,Mon
20.75_100.75,1.0,0.6566387245999844,0.4572293467730638,0.3535114937370891,0.5130442542157282,0.4067853395218008,0.6463138683542792,0.6192358257885218,0.3028081997464122,preci,JJASO,Mon
20.75_101.25,1.0,0.7250910898078377,0.5774005631159133,0.36400990128421207,0.5433971664155739,0.43989312257950947,0.7048485162266164,0.6852045664369231,0.311264120949877,preci,JJASO,Mon
20.75_101.75,1.0,0.7841464008617015,0.5775418473188969,0.3685351025124799,0.5661722117070093,0.4769691382029128,0.7074887847236676,0.657687911689976,0.3262415301599428,preci,JJASO,Mon
20.75_102.25,1.0,0.8131996599256485,0.518795351444931,0.4263449143250183,0.6006888200203903,0.46840831595420707,0.735196710287148,0.6688144005245051,0.3585583574796079,preci,JJASO,Mon
20.75_102.75,0.9999999999999999,0.819886886448057,0.4519808679252603,0.4169284338098856,0.6237294215095233,0.46574063135755855,0.752809777809989,0.7614318161258885,0.41090024614225756,preci,JJASO,Mon
20.75_103.25,1.0,0.826408225895302,0.5087862964731568,0.4845186623745155,0.6684362249781344,0.48091511174201135,0.7798420702042484,0.8329708115627041,0.440908995646495,preci,JJASO,Mon
20.75_99.75,0.9999999999999999,0.5336129289624386,0.3954216706339195,0.2743313547230282,0.4969057633066849,0.3831210010547198,0.5605260052954151,0.4353830108929876,0.3216520180324804,preci,JJASO,Mon
21.25_100.25,1.0,0.6406398065106489,0.43485800850064615,0.24499056632646027,0.5525965446891272,0.39133205861033443,0.5584916335148878,0.5076890771451269,0.29163421217433133,preci,JJASO,Mon
21.25_100.75,1.0,0.6882982046263927,0.49909030412829924,0.4703756319737414,0.5985238571732586,0.39810533584967667,0.6920321996323109,0.6272667494794831,0.2830217275819185,preci,JJASO,Mon
21.25_101.25,0.9999999999999999,0.7341295517546353,0.5722404220069238,0.48251720222575667,0.5997543198923847,0.4169652938664741,0.7105784844862466,0.6805631316167842,0.25751848146358597,preci,JJASO,Mon
21.25_101.75,1.0,0.7914091653380292,0.6194687708898708,0.5025290659835076,0.6200086540226731,0.4458281096312243,0.7014935308676012,0.6893444492598713,0.22278072775063892,preci,JJASO,Mon
21.25_102.25,1.0,0.8174342665537925,0.587350600435311,0.4854499112523154,0.6592751617632809,0.4728466934152933,0.7455808597919351,0.6266231410995639,0.31713568496588623,preci,JJASO,Mon
21.25_102.75,1.0,0.8361789463583003,0.5473243716993311,0.46905222948114184,0.697002656830525,0.5257408032680125,0.7364606882488585,0.8195938851113754,0.4489412533219657,preci,JJASO,Mon
21.25_99.75,1.0,0.572655315061573,0.4073207006993311,0.25777898271345706,0.5163789329081209,0.3690580756893416,0.5964181346128561,0.4147941041419625,0.2918946935824039,preci,JJASO,Mon
21.75_100.25,1.0,0.7153213234097454,0.5541771914723229,0.38982015099958633,0.6239781186508946,0.40558960340396666,0.6127669985112569,0.6009114128058634,0.30396350303468134,preci,JJASO,Mon
21.75_100.75,1.0,0.7357379377903596,0.48729522908653694,0.4638827019847721,0.6124447812364682,0.39264693601563105,0.6709310403219217,0.4693089468940145,0.3144955719251177,preci,JJASO,Mon
21.75_101.25,1.0,0.7576757141748309,0.5121229488073077,0.49122333620376996,0.5942693626971319,0.38543135892877534,0.6658940062013682,0.6709717128706838,0.29060248805160316,preci,JJASO,Mon
21.75_101.75,0.9999999999999999,0.7815500435212722,0.5961958134037032,0.5155469658300322,0.5999472974609287,0.38796351201794516,0.664372189222082,0.6917027325159532,0.2658155007866369,preci,JJASO,Mon
21.75_102.25,1.0,0.8136176946443126,0.5946031073035692,0.5297243204981743,0.696304825821797,0.4475941134733609,0.6927089800685701,0.6861491480346019,0.3881269292270967,preci,JJASO,Mon
21.75_99.25,1.0,0.6312785487692085,0.5157212635490623,0.5096674564668461,0.5459478689765017,0.3660460430729469,0.6878323659122891,0.6461517835913889,0.41683558564157036,preci,JJASO,Mon
21.75_99.75,0.9999999999999998,0.6684955908030185,0.5262486168935181,0.43460520467277347,0.608239696845433,0.3853435067636154,0.6260176053230986,0.5686068094131633,0.3689631944195853,preci,JJASO,Mon
22.25_100.25,1.0,0.7478708606069,0.5668226257535208,0.3987157040058573,0.6588752984106778,0.40893585901474744,0.6038843584707593,0.5643266794869912,0.34190258444268484,preci,JJASO,Mon
22.25_100.75,1.0,0.7578104583169328,0.5114517278419116,0.47393018608735804,0.6230178244863508,0.3791840029842497,0.6872412915680071,0.4929309093235451,0.3665671205651914,preci,JJASO,Mon
22.25_101.25,1.0,0.775373887904366,0.5623495912470843,0.5131552264355982,0.623718653870886,0.36385569775237586,0.6848661665685748,0.7173595709024262,0.3614396312357955,preci,JJASO,Mon
22.25_101.75,0.9999999999999999,0.8063119471093748,0.5881491216086976,0.592198300771053,0.662132209839452,0.405736485602815,0.706072340440218,0.6867358207375391,0.42979077861099846,preci,JJASO,Mon
22.25_102.25,0.9999999999999999,0.8287549663921635,0.5935189803638834,0.6249782118873551,0.7096437280146529,0.4701144652948921,0.7346166376005454,0.7404736185146954,0.5432329282703819,preci,JJASO,Mon
22.25_99.75,1.0,0.70665320176353,0.5938416796797206,0.4509193718766967,0.6104315300979452,0.40597212097692814,0.6167301403380332,0.7087309907507069,0.3349096469182089,preci,JJASO,Mon
22.75_100.25,1.0,0.7496010431979164,0.5283141252758602,0.42391061426941423,0.6475961865462014,0.36978090786973955,0.587197403711878,0.4429401821796017,0.42754484484560845,preci,JJASO,Mon
22.75_100.75,1.0,0.769173204719548,0.5412658198874747,0.5179438019754289,0.6374580539861153,0.35162102628607034,0.6623869234722857,0.7063612587600423,0.42057103293333703,preci,JJASO,Mon
22.75_101.25,1.0,0.7923591840912522,0.6015784442794185,0.526777219664206,0.6801207819186387,0.35404170809381585,0.7026843844368664,0.6775631689464402,0.44302050538336035,preci,JJASO,Mon
22.75_99.75,1.0,0.7065671393022965,0.5627504409185127,0.40485449133947027,0.6211790714869869,0.3652710432007777,0.6044579449068189,0.5291854937801492,0.36328167476561296,preci,JJASO,Mon
23.25_100.25,1.0,0.734412903240005,0.4342018175524265,0.4527594606813097,0.623257618695414,0.3669961097252971,0.6156016034439029,0.454057919090694,0.4326620204506352,preci,JJASO,Mon
23.25_100.75,0.9999999999999998,0.7514174073571656,0.49734942871321014,0.5196775891710237,0.6042118161872323,0.3793663285981868,0.6220874965826974,0.6619276798359727,0.4193755673244929,preci,JJASO,Mon
23.25_99.25,1.0,0.7111230287379057,0.5119680797097996,0.5182215649662205,0.6091928409894808,0.4026628406895228,0.6760256044327484,0.6922459509465794,0.35576035858060634,preci,JJASO,Mon
23.25_99.75,1.0,0.7171260717791991,0.5054752830561118,0.4313064610950808,0.6267104014218747,0.3549912066687533,0.6491362627115244,0.5966942784971231,0.3904230035954509,preci,JJASO,Mon
23.75_100.25,1.0,0.6767121506396079,0.35540517171917413,0.39260374227555866,0.5963221045803694,0.3781121459706031,0.5905926451706062,0.4412896812528018,0.4271084565939563,preci,JJASO,Mon
23.75_100.75,1.0,0.714458699976191,0.37476319914911355,0.4815530365096852,0.5966518835090691,0.38741244821900944,0.5675892156155096,0.6012704491114698,0.4288425215904151,preci,JJASO,Mon
24.25_100.25,0.9999999999999999,0.6308555164234019,0.346530719789665,0.39234259173604996,0.5736174082985384,0.3537877057804839,0.559183294033862,0.507014887720211,0.47713671290294796,preci,JJASO,Mon
24.25_100.75,1.0,0.6617826048638477,0.2942019162235557,0.3841678079478626,0.5676334689273439,0.36770786728438115,0.5012401643436384,0.5065668368602887,0.4853391471338658,preci,JJASO,Mon
24.25_99.75,1.0,0.7011022356163381,0.4042571803661802,0.3576253019590906,0.5920867934166258,0.3865881536367367,0.586343072589816,0.5911948956833161,0.4373204901559431,preci,JJASO,Mon
24.75_100.25,1.0,0.6766388430583109,0.3292933660344148,0.36743164147266105,0.5209015110681081,0.3800259404346499,0.569816127771204,0.49626518658842017,0.4291692376123613,preci,JJASO,Mon
24.75_99.75,1.0,0.6827519463557162,0.3207819736618082,0.33766548159736315,0.5304559471584158,0.3886594562482199,0.5279858841341852,0.4853245815811067,0.3297260294252937,preci,JJASO,Mon
25.25_99.75,1.0,0.6299393524379512,0.28722437746770196,0.24026145097745089,0.45978623391488216,0.2762463656329224,0.4754204168897952,0.4141241832069796,0.31582907401715365,preci,JJASO,Mon
25.75_100.25,1.0,0.6123037544673883,0.2595478936199343,0.39598605084755695,0.4723473044928379,0.19551768902373357,0.5496101205663427,0.4950830397764363,0.45482579120479527,preci,JJASO,Mon
25.75_99.25,1.0,0.571326115424669,0.38284781922820904,0.29218710206041576,0.4883373075170741,0.35246220575807213,0.41366590179238394,0.3704119353955818,0.3186232447014927,preci,JJASO,Mon
25.75_99.75,1.0,0.6279006849482419,0.29966579080911093,0.3592377499490061,0.47924966826344245,0.2679567417506012,0.5139720960118851,0.43816565445213235,0.35725413322789545,preci,JJASO,Mon
26.25_99.25,0.9999999999999999,0.5163205394399882,0.3506730044018466,0.34058733205050784,0.4647135200151118,0.3390309855598683,0.46973946777383646,0.4028291620649115,0.37705570654319986,preci,JJASO,Mon
26.25_99.75,1.0,0.5982493774773525,0.22693782790755368,0.4615126061373054,0.5533784659924424,0.2970423076051219,0.5788965728246492,0.475017714644132,0.41689093577178027,preci,JJASO,Mon
26.75_99.25,1.0,0.4810640377673528,0.20220373815979775,0.3916202824028079,0.49172298713819773,0.28522622221736704,0.43473825767065544,0.4355437239234971,0.38689556955267235,preci,JJASO,Mon
27.25_99.25,1.0,0.4671664311279909,0.1533780637821882,0.3047758853908292,0.6099755994996274,0.21402054779163476,0.29689752989027113,0.48605935030575637,0.35527220828596623,preci,JJASO,Mon
27.75_98.75,1.0,0.7160914304281218,0.2511037854192048,0.358699933978353,0.5555798312830897,0.2770985473034532,0.1758481815266003,0.6884757443055212,0.373990833468143,preci,JJASO,Mon
28.25_98.75,1.0,0.7743076879313184,0.20880466058953465,0.5618996424450287,0.6100172648631953,0.17867021790325055,0.4169260873856903,0.743562418383681,0.3190641533947919,preci,JJASO,Mon
28.75_98.75,0.9999999999999999,0.8320942314791916,0.1521942239609747,0.6986578249539955,0.6516853881989233,0.04666629960396384,0.6259744581792498,0.6424709517352937,0.30898025005443736,preci,JJASO,Mon
29.25_98.25,0.9999999999999999,0.8794512478923234,0.09056259102395219,0.7244759819023199,0.6040053180567451,-0.05673547248824684,0.7206026288696362,0.6059921350271705,0.3238169244844046,preci,JJASO,Mon
29.75_98.25,1.0,0.8918305857667717,0.13011505549294908,0.7338052777808322,0.5723967554513485,-0.07186969748433468,0.7502281043303674,0.66746261866555,0.31225678387286954,preci,JJASO,Mon
30.25_97.75,1.0,0.8761354777727208,0.27830757920982874,0.7734409186552088,0.5695536906358368,0.03779469901005328,0.814834474780477,0.7145550266154457,0.40197445088043365,preci,JJASO,Mon
30.25_98.25,1.0,0.881130858269231,0.17943611294107334,0.7504311374077623,0.588133160607139,-0.014511719099252269,0.7956952290533442,0.7106330434119853,0.37802778617308513,preci,JJASO,Mon
30.75_97.25,1.0,0.8382424169160746,0.4311474476497721,0.7834101915963129,0.44712649443949454,0.15481293397840534,0.7844651953078912,0.7130962938878918,0.5407577776321459,preci,JJASO,Mon
30.75_97.75,1.0,0.8549351230297174,0.34645093744109834,0.768802438744866,0.5029132698902135,0.14676365840874162,0.7768173033063037,0.7014196116532897,0.4906876236366295,preci,JJASO,Mon
31.25_96.25,0.9999999999999998,0.7691240639521072,0.5378158725257336,0.6909820121395158,0.6680394319645493,0.273952257835478,0.6377509599179703,0.7171869133039157,0.4871183169214327,preci,JJASO,Mon
31.25_96.75,1.0,0.7920240702864482,0.516792336632617,0.723631973362253,0.6103712382608352,0.2625816869478078,0.6805914732400594,0.7039298272004596,0.46836733943670444,preci,JJASO,Mon
31.25_97.25,1.0,0.82001370207767,0.564063742774189,0.7338988406406463,0.5022269082278217,0.22430177420903546,0.7183395166659977,0.7234813667332484,0.5233022906722286,preci,JJASO,Mon
31.75_95.75,1.0,0.7616441801917705,0.6054515115062982,0.5755245487918857,0.6669422784242137,0.3416479838765041,0.48552921746180505,0.709976209596602,0.5837043192433543,preci,JJASO,Mon
31.75_96.25,1.0,0.7565100721782922,0.5767002894594025,0.6784333570720662,0.7058588331784144,0.33199997614534993,0.5915840266591553,0.7240603925267969,0.563067050596912,preci,JJASO,Mon
31.75_96.75,0.9999999999999998,0.7397572007854513,0.5820956945344753,0.7148738433383338,0.662547335978554,0.29270540567968917,0.6834332686493845,0.7281454651199221,0.5099177896630245,preci,JJASO,Mon
31.75_97.25,0.9999999999999998,0.7555203691787431,0.5632725015106025,0.6962737200177733,0.5863145290582141,0.21280656454917035,0.6873778779712831,0.7373971350431393,0.5196107881679092,preci,JJASO,Mon
31.75_97.75,1.0,0.7495235972477637,0.5290580957114578,0.7121601098063386,0.5084608444963311,0.2138126528666987,0.703950258866358,0.7159864124980965,0.5673930261025102,preci,JJASO,Mon
32.25_94.75,0.9999999999999998,0.8819170820158364,0.6602478148818928,0.6478840075386809,0.7427653746622853,0.5676231270242377,0.731592851190382,0.6424703868044189,0.5758820624523141,preci,JJASO,Mon
32.25_95.25,1.0,0.8781553593393803,0.6630431746231196,0.662309196756884,0.7335829385359982,0.4991783584256855,0.5784334603039332,0.6593806833780512,0.6103790060084728,preci,JJASO,Mon
32.25_95.75,1.0,0.8521640750969884,0.6361885577767922,0.6363970068172751,0.7266037391518163,0.38009444662917685,0.6337161342665901,0.6822740291135234,0.6107710215127147,preci,JJASO,Mon
32.25_96.25,1.0,0.836539917573236,0.6023482532451074,0.6387237799111593,0.7260879710478242,0.33631766700379184,0.6356954467074674,0.6921161624266711,0.5600443963308719,preci,JJASO,Mon
32.25_96.75,1.0,0.785544979196437,0.62686173479324,0.6126973215953709,0.7019224548239681,0.26967339702178533,0.6485579746672323,0.7228766501523458,0.5093616681233818,preci,JJASO,Mon
32.25_97.25,1.0,0.7683319063392373,0.6219347817543363,0.6598136138147234,0.6439971580042233,0.19516411621811489,0.6365306930309966,0.7537998553637079,0.5106382573588798,preci,JJASO,Mon
32.25_97.75,1.0,0.7733650494750693,0.5846769829178916,0.6864017624918511,0.6140804565644301,0.19422795726588973,0.6433284006302097,0.7431163462283721,0.5519502827034591,preci,JJASO,Mon
32.75_94.75,1.0,0.9065043112072348,0.6715169623842877,0.6497810057543304,0.8046755608666444,0.553679431945978,0.733559354920484,0.6422775839379359,0.6430217203624945,preci,JJASO,Mon
32.75_95.25,1.0,0.9019681787291994,0.6480828117631556,0.6833960478001383,0.7987566209509821,0.5182719214915846,0.7178990977871054,0.6235898983852171,0.6253935668381072,preci,JJASO,Mon
32.75_95.75,1.0,0.8790307311760053,0.6683689281564295,0.6962531275888221,0.7786660709622595,0.47385109828362154,0.7047854053562416,0.6601660535404393,0.5939525201230317,preci,JJASO,Mon
32.75_96.25,0.9999999999999998,0.8588452849735302,0.6777811153942208,0.6873452273418728,0.7673865704744375,0.3919518475530165,0.6846468440690131,0.6953398635774468,0.5642000702419461,preci,JJASO,Mon
32.75_96.75,1.0,0.7865116294492549,0.6663160693929306,0.6512893147144665,0.7433209872564202,0.3475606690393045,0.6859645576275113,0.7216847409515209,0.5550631499154488,preci,JJASO,Mon
33.25_94.25,0.9999999999999998,0.8711326004422439,0.6589538711260747,0.6994475322209569,0.8112933361788601,0.5359196535804425,0.7457320096967985,0.603406845650764,0.7214059616484843,preci,JJASO,Mon
33.25_94.75,0.9999999999999998,0.8827170063142763,0.6292835071709295,0.6600031514907364,0.8143081458454502,0.515449271308583,0.7325490716309091,0.5762682805841713,0.7212250668110283,preci,JJASO,Mon
33.25_95.25,1.0,0.8867990937573151,0.6602040637331245,0.6864995830007322,0.7755381284860065,0.5218287900623735,0.6090270918374299,0.6017663238310891,0.7040756218208265,preci,JJASO,Mon
33.25_95.75,1.0,0.8750013049550744,0.6883580547554607,0.6813960880781464,0.7469736991549204,0.49222518559215206,0.7200480379841596,0.6362491446990454,0.6664367655386217,preci,JJASO,Mon
9.25_105.25,1.0,0.42960203929349167,0.04280792589452036,0.18676492213881868,0.15069394062900685,0.20020883009431728,0.09758952598107355,0.24006561826941233,0.0246774842418591,preci,JJASO,Mon
9.25_105.75,0.9999999999999998,0.3485055005797128,-0.0010555390540906468,0.1762221487659979,-0.12038904393588146,0.0985826960543785,0.021435032102501514,0.19191978509530971,0.05488437790650622,preci,JJASO,Mon
9.75_105.25,1.0,0.4460499022170764,-0.1477523093478266,0.1549576929792596,-0.018764429380417582,0.1118782863871396,0.10652590161786785,0.13890061406942547,0.01735690356261942,preci,JJASO,Mon
9.75_105.75,1.0,0.3873523483402998,-0.07157981155262051,0.10287303759335516,-0.09044920295747241,-0.03483818153811279,0.08376300644688316,0.17041863937986576,0.07455971688042627,preci,JJASO,Mon
9.75_106.25,0.9999999999999999,0.3122920617846799,-0.13295724635214412,0.010026608692161923,-0.049515470424143546,-0.03064454377221583,0.05839871505150198,0.16076158805271815,0.11487381131650713,preci,JJASO,Mon
10.25_104.75,1.0,0.4184473434626426,-0.636185379542968,-0.016708101562794647,-0.15977080546582897,-0.09131850404348729,-0.0741569072353181,0.023022072788025056,0.443889430816841,preci,JJASO,Yr
10.25_105.25,0.9999999999999999,0.3755254333580049,-0.5311330830072777,-0.0914358069725743,-0.3096247292166501,-0.12068702543195141,-0.04966509231495157,-0.06891453435187202,0.4111513577881139,preci,JJASO,Yr
10.25_105.75,1.0,0.20493450407696,-0.36419681831467676,-0.10119423694971726,-0.3038553805227978,-0.028052627557233527,0.03417529605130162,-0.02708051319524899,0.41073277831708016,preci,JJASO,Yr
10.25_106.25,1.0,-0.21342352083971264,-0.29022804489814646,-0.2099615853553023,-0.22582466844132948,0.30635565311305835,-0.015224423331098696,0.17131646735316888,0.3556088890747106,preci,JJASO,Yr
10.25_106.75,1.0,-0.24724107688197572,-0.17115862137062207,0.25322109032612916,-0.22740260898119444,0.4507079851227612,-0.0008829109783223941,0.1253353839888108,0.24060555837821626,preci,JJASO,Yr
10.75_104.75,0.9999999999999999,0.3121020545452892,-0.3500911595800189,0.14224668954616454,-0.10070811011052905,-0.045877283461995266,-0.036246669131122664,0.026231203620750564,0.1315789996042506,preci,JJASO,Yr
10.75_105.25,1.0,0.30834132757234856,-0.32110919473856087,0.10662944388635258,-0.17467969470147438,-0.035308670044273814,-0.04929276272231367,-0.03784956776481185,0.18349518056247965,preci,JJASO,Yr
10.75_105.75,1.0,0.153283511231467,-0.3695105022407575,-0.0005680446842792387,-0.20425410752452008,0.12936081971269497,-0.13557900493941935,-0.011895897764826023,0.3142307198684792,preci,JJASO,Yr
11.25_104.25,0.9999999999999999,0.2289680948385657,-0.2378728562205329,0.2322020268769134,-0.0019944168944347027,0.032353019484490146,-0.2298219020883318,0.09258463662757635,0.13865408491878586,preci,JJASO,Yr
11.25_104.75,0.9999999999999998,0.3038742968180972,-0.16653450229502237,0.27991095077077344,-0.03778107023071588,-0.022223337028636426,-0.19079780921683398,0.027635106010202172,0.04638654423172281,preci,JJASO,Yr
11.25_105.25,1.0,0.2775985469980451,-0.22000329263722482,0.3099564814459698,-0.049389345911952647,-0.02032870254418068,-0.12533567714943905,-0.14827168459748136,0.07300714723637126,preci,JJASO,Yr
11.75_104.25,1.0,0.1952499232299249,0.08289526429363313,0.3328324249153981,0.13724667351730702,-0.1499292743369889,-0.1256688743241764,0.04694009059735753,0.22812735417614413,preci,JJASO,Yr
11.75_104.75,1.0,0.30392826967255204,-0.08265155393292438,0.33834344526626414,-0.02879157642840168,-0.3741892038689839,-0.20132677137789828,0.0874174744315477,0.20385554319441437,preci,JJASO,Yr
11.75_105.25,1.0,0.2573420647373113,-0.12417234004406064,0.27482900573733265,-0.2474044777640613,-0.26870578680211277,-0.2710443203297733,-0.17265093019331743,0.22512277060549726,preci,JJASO,Yr
12.25_103.25,1.0,0.3062072918553853,-0.011843858565093356,0.24367761361476756,-0.11962668155746442,-0.2132208103274915,-0.2841262564634229,-0.09391657232964,0.3745803521989969,preci,JJASO,Yr
12.25_103.75,1.0,0.39480769206848426,0.2485872670183065,0.49147861059966574,-0.021969522506531156,-0.16257450453366737,-0.11908121840231192,0.041373733624486715,0.3175826824799567,preci,JJASO,Yr
12.25_104.25,0.9999999999999999,0.3031129416811209,0.123256016338677,0.3800900487593456,0.1843989480062418,-0.21463872676361243,-0.21284641006688473,0.1072341932123386,0.29221439287095513,preci,JJASO,Yr
12.25_104.75,0.9999999999999999,0.3234361212720196,-0.15516286460155415,0.2686782329394196,0.04907986472120046,-0.4868002302020916,-0.25529376445927165,0.17273268744709228,0.3501946709951547,preci,JJASO,Yr
12.25_105.25,1.0,0.1467859752795434,-0.2254902068181922,0.11558789627349017,-0.24437910896520865,-0.5096570389375844,-0.35560632445658846,-0.12240779338604586,0.40755365716769565,preci,JJASO,Yr
12.25_105.75,1.0,0.083488431159841,-0.1986133925649446,0.13553246663001756,-0.16910557309879898,-0.31606623803068046,-0.29363735018940545,-0.2143234269649237,0.38015762284141286,preci,JJASO,Yr
12.25_106.25,0.9999999999999999,0.08823494066590164,-0.2748816338871803,0.12245404458637797,-0.2235075021456426,-0.18149770511257768,-0.22250262933007958,-0.25257543274166727,0.42859237312931747,preci,JJASO,Yr
12.25_106.75,1.0,0.13369876033289116,-0.28956702596680817,0.09077043248071773,-0.20779554270435685,-0.16910986453962934,-0.1955828347639704,-0.26268434211602676,0.4437517793147977,preci,JJASO,Yr
12.25_107.25,1.0,0.19901569359748994,-0.012082056163816845,0.004063711073091526,0.2495738496537795,-0.08370854710553859,-0.032157008150472066,-0.08570439458629878,0.129727636042894,preci,JJASO,Yr
12.25_107.75,1.0,0.18991409191548073,0.09345760937024912,-0.1675250447187184,0.6293144473820994,-0.09815700515376422,0.07065763085431055,-0.05116575369846613,-0.3795563444147421,preci,JJASO,Yr
12.25_108.25,1.0,0.13067689642432778,0.0014084767208458857,-0.0905125935582809,0.4989092853485051,0.024250336191772626,0.03286827992844055,-0.028705373898583676,-0.1703017539887991,preci,JJASO,Yr
12.75_102.75,1.0,0.24745339707106526,-0.301791441490592,0.3695195582290604,-0.11972078973786454,-0.14993980537930077,-0.2661281290408511,-0.06748042315213239,0.43831851751450335,preci,JJASO,Yr
12.75_103.25,1.0,0.35354696770498634,-0.173508530980666,0.4152853227758725,-0.0716601100050262,-0.2123014257892473,-0.22884531836224592,0.06995093238401143,0.28431440017776544,preci,JJASO,Yr
12.75_103.75,1.0,0.4291292804432066,-0.18365949128007955,0.42573670654673923,0.005951715423845446,-0.2063224102197768,-0.0967286665166766,0.09303596012422115,0.2663230587682436,preci,JJASO,Yr
12.75_104.25,0.9999999999999998,0.29795974962512817,-0.14341518934443145,0.3674960237011607,0.10351406785726033,-0.04551464221002779,-0.10883173850661965,0.14936829575200677,0.28668814085960637,preci,JJASO,Yr
12.75_104.75,1.0,0.181232985956864,-0.07936293731182817,0.3131610862880227,-0.008813432988873538,0.08800331863674937,-0.2544211992912868,-0.036279281448201146,0.2115238206428015,preci,JJASO,Yr
12.75_105.25,0.9999999999999999,0.15285519499474085,-0.1690799906856091,0.24138588800296956,-0.08850704982479861,0.05612658169715416,-0.1579769732591297,-0.16080676307331598,0.2766605077944642,preci,JJASO,Yr
12.75_105.75,1.0,0.07662580086219903,-0.21882735431778863,0.07999033031202274,-0.06425399220598747,-0.31081022072987174,-0.158389777290232,-0.23839989457218153,0.2759519656435908,preci,JJASO,Yr
12.75_106.25,0.9999999999999999,0.035002099796999156,-0.27669627923067586,0.06020106352788547,-0.1816701796344342,-0.326442701557931,-0.01442017793358977,-0.18592565452158533,0.38251482594464764,preci,JJASO,Yr
12.75_106.75,0.9999999999999999,0.1367481749700338,-0.24421967733972808,-0.07158661509465662,-0.07279664194130553,-0.1737555198517133,-0.006344532465782007,-0.21250004485812984,0.4298575411892825,preci,JJASO,Yr
12.75_107.25,0.9999999999999998,0.2190583407122466,0.11526196775458351,-0.20973523957200615,0.24329936714551792,-0.10329054724982986,-0.046475950396467805,-0.17090790009811502,0.19385348758844556,preci,JJASO,Yr
12.75_107.75,1.0,0.12695311664328493,0.10213241001445689,-0.31499526722037685,0.5602430644777266,-0.22772074420420996,0.11533773684067714,-0.045238744779373806,-0.13135015493854224,preci,JJASO,Yr
12.75_108.25,1.0,0.16469329402020866,0.14595593401519336,-0.040877615035390426,0.43183267169268047,-0.1969688815088207,0.10128185605035765,0.012982524350128902,-0.01844864895346051,preci,JJASO,Yr
13.25_102.75,1.0,0.2554098780403766,-0.20436221298269533,0.36921373046641753,-0.07742512435548404,-0.132828369861326,-0.1686312719010595,0.03716536413755002,0.48288454823168286,preci,JJASO,Yr
13.25_103.25,1.0,0.2764411577598148,-0.39345305426105354,0.3663113472545701,0.04566915022304258,-0.16896078312991705,-0.08075053765171336,0.06969773990608258,0.3937021688372663,preci,JJASO,Yr
13.25_103.75,1.0,0.3969810501228033,-0.3112720895169329,0.38188143603600133,0.012733024212652447,-0.22845669682909242,-0.008825077748536728,-0.05546663164398793,0.23907479561344444,preci,JJASO,Yr
13.25_104.25,0.9999999999999999,0.33263397151332275,-0.21505048235620847,0.32591697320813656,0.04465837209436317,-0.19976362282947568,0.03570316435452801,-0.11799483764185432,0.26069623314591833,preci,JJASO,Yr
13.25_104.75,0.9999999999999999,0.2898536042312825,-0.15717492914739484,0.22062856644308573,0.10756030380249701,0.0837731560556416,0.01056524558199297,-0.22554067883495943,0.20167401934242887,preci,JJASO,Yr
13.25_105.25,1.0,0.22428837780498234,-0.15614394056101782,0.24251295342432233,0.07421631861817408,0.16652477363871954,-0.004387990081757908,-0.2798246621057829,0.10562387039880487,preci,JJASO,Yr
13.25_105.75,1.0,0.16187188387875645,-0.18514704152732972,0.13350559596341333,0.031187733830912813,-0.026901727152854795,0.0031655351886176607,-0.28550925723642956,0.20389457099163777,preci,JJASO,Yr
13.25_106.25,1.0,0.15042872780061808,-0.29304965606239325,0.05249149416479937,0.05697736810456017,-0.21143058879554757,-0.07203835798420241,-0.07503045406147202,0.3006206605305069,preci,JJASO,Yr
13.25_106.75,1.0,0.17344983310827095,-0.29646863115523586,-0.024715713756052065,0.1927385793837961,-0.1412691990024203,-0.047197259408834,0.042517676542850914,0.2950803962789147,preci,JJASO,Yr
13.25_107.25,1.0,0.18927661688864064,-0.20236396347655095,-0.2530999164003793,0.42475976889948747,-0.005167755179602478,-0.07353531522295031,-0.07794783632856192,0.09333158007111023,preci,JJASO,Yr
13.25_107.75,1.0,0.17442084304642427,0.1246427154071076,-0.3825579852519991,0.5782941235819437,-0.11012603229607917,0.2759580280337465,0.02486034463831351,-0.18375125488228589,preci,JJASO,Yr
13.25_108.25,1.0,0.2371928736758421,0.159489328854773,-0.2886391939469153,0.4998422358456641,-0.20685974763868445,0.13398397019073963,0.02247125182798191,-0.17416807739868123,preci,JJASO,Yr
13.75_102.75,0.9999999999999999,0.12875645850047265,0.19753697911139378,0.09963675157486052,-0.1979295408840894,-0.29036517914635657,-0.23396736695422496,0.17281733542460745,0.4076348383769808,preci,JJASO,Yr
13.75_103.25,0.9999999999999998,0.11304317383162171,-0.24750852423639105,0.3006818772046457,0.11640971979479936,-0.1398268860292648,-0.04136533945405627,0.12678866638853845,0.503170556021851,preci,JJASO,Yr
13.75_103.75,0.9999999999999998,0.21225892714561687,-0.355547814467138,0.4018974921536645,0.10410705002524448,-0.1312941483921013,0.08646003952575865,-0.02057703307760879,0.3926286647778177,preci,JJASO,Yr
13.75_104.25,1.0,0.2237825404663989,-0.22177404281713795,0.25732701877123443,0.07947835318595717,-0.1079691398435805,0.06692567325402235,-0.06729073078599353,0.3609208941097912,preci,JJASO,Yr
13.75_104.75,1.0,0.24170030064968073,-0.2334538604977137,0.15010759429502926,0.1224258936196931,0.1439149491393537,0.16522713064155461,-0.11501566686636548,0.2651909856308646,preci,JJASO,Yr
13.75_105.25,1.0,0.23272730154878102,-0.3253376131031081,0.21273075363235144,0.12454948964508054,0.26045971991262656,0.22183614673842122,-0.10706019940121116,0.1461514796311886,preci,JJASO,Yr
13.75_105.75,0.9999999999999999,0.27414640878054286,-0.4978460336110935,0.14110411344685433,0.15826392640896725,0.1339596246775558,0.24806367565186013,0.06276804742607706,0.08636434509031199,preci,JJASO,Yr
13.75_106.25,1.0,0.20480718424326774,-0.6394840524118767,-0.03839053577592607,0.1540942251359315,-0.059797698827538,0.1916194361630636,0.11319638388444327,0.19773204601128777,preci,JJASO,Yr
13.75_106.75,1.0,0.1575445363319391,-0.6229853450098956,-0.09012142149708657,0.27339877442902716,-0.027650692404604015,0.13487660629072998,0.11573673572662296,0.2615901480849562,preci,JJASO,Yr
13.75_107.25,1.0,0.1237483236017516,-0.566865897325163,-0.260636052150625,0.48985890207128097,0.10696192084221234,0.04163516887882591,0.036388379118427946,0.031034797692637235,preci,JJASO,Yr
13.75_107.75,1.0,0.018498751828649494,-0.36154233565565913,-0.32994727110923416,0.5372980571113594,-0.03589197596494512,0.23475582713892693,0.1234980147132078,-0.31367305460437084,preci,JJASO,Yr
14.25_102.25,1.0,0.0726512097459819,0.6361213468542561,0.06453198256124211,-0.2597780816939964,-0.07193463300641735,-0.41695251407323564,-0.17664074186483822,0.07700818854824458,preci,JJASO,Yr
14.25_102.75,1.0,0.08705063027788959,0.6038248312865234,0.23075298689079837,-0.4033792919561907,-0.25413474525388474,-0.20667425558095312,0.12016028649861776,0.31245313380311335,preci,JJASO,Yr
14.25_103.25,1.0,-0.015582238421061373,0.15448686402460596,0.28390122483626223,-0.23390077698966166,-0.19641619197391091,-0.031909421135669316,0.1886008545228377,0.47451066045252827,preci,JJASO,Yr
14.25_103.75,1.0,-0.0025998997817895607,0.009129472139626902,0.17714411361014049,-0.072551977499634,0.0017457314806035838,0.08457563990460468,0.10302277791508464,0.4895193560389811,preci,JJASO,Yr
14.25_104.25,1.0,0.0991952058184439,0.29220365962388467,-0.10309642382725216,-0.019119558407965767,0.19612261197888256,0.19679998483435882,0.16107122396774243,0.32386618675275614,preci,JJASO,Yr
14.25_104.75,1.0,0.25928422110006083,0.26261475573781934,-0.16484513097638812,0.1537429974117039,0.08578606105431215,0.2608714739930176,0.2637418208525854,0.06021237428986651,preci,JJASO,Yr
14.25_105.25,1.0,0.4459742097593415,-0.1282939981955343,-0.07485322368374067,0.22193033224558734,0.0762672331096134,0.4718489806237651,0.44636352234069293,-0.2330917711762806,preci,JJASO,Yr
14.25_105.75,0.9999999999999999,0.487715259607829,-0.348017629751675,-0.08883565178724195,0.14938548517279687,-0.007273143063935431,0.5083722287185558,0.36413155359318305,-0.16677611220027105,preci,JJASO,Yr
14.25_106.25,1.0,0.3125456089059333,-0.5920161744669739,-0.22957403573687646,0.2781574343112894,0.04174400404946175,0.40794733526098964,0.3285228447203736,0.04392838196560058,preci,JJASO,Yr
14.25_106.75,1.0,0.23166852682532713,-0.606162404345482,-0.11391273584846325,0.4608953024298379,0.1662397106907176,0.3631943265332191,0.2880030950281894,0.10452500826616944,preci,JJASO,Yr
14.25_107.25,1.0,0.11956931667555552,-0.5822929409777329,-0.09599319216493497,0.5396842062837309,0.2331649374626428,0.30623650434419486,0.2382087433509623,-0.1167455892517309,preci,JJASO,Yr
14.25_107.75,1.0,-0.13987090412172237,-0.3978989624558679,-0.2509001666022233,0.6037024220118454,-0.04625651531822403,0.28908853858345734,0.013783888691902241,-0.41698810171580103,preci,JJASO,Yr
14.25_108.25,1.0,-0.23008664775070561,-0.27683481901989154,-0.17853857634075496,0.5556418846231712,-0.3736071164072427,0.07527024307538341,-0.33456237441656234,-0.4743096788723177,preci,JJASO,Yr
14.75_101.75,1.0,0.015395392816206336,0.39999047627177914,-0.11142681866379778,-0.11066854004569018,-0.2201687662585427,-0.3108411632081744,0.021333595957330073,0.060304542480250634,preci,JJASO,Yr
14.75_102.25,1.0,0.030804471203487473,-0.071647643753875,0.02245400470513604,-0.2741247029118744,-0.13377838299980493,-0.2680553388375865,0.005657789381287407,-0.16912045399878148,preci,JJASO,Yr
14.75_102.75,0.9999999999999999,0.18794338466136898,0.22474974713692183,0.12517915709010405,-0.5208099414840013,-0.3185187599088786,-0.20925468676218328,0.1745650968290626,-0.10085939282039329,preci,JJASO,Yr
14.75_103.25,1.0,0.12494220578794811,0.19259420353883283,-0.005072290648091569,-0.5144937520428001,-0.41314497505275666,-0.016573080701335414,0.3177904773895527,-0.17743236596078663,preci,JJASO,Yr
14.75_103.75,1.0,0.05134469846553939,0.46756394622308456,-0.4906580214745157,-0.27012426445445664,-0.14761945291922385,0.08738818322290255,0.4045828895661172,-0.05359956599565322,preci,JJASO,Yr
14.75_104.25,1.0,0.07947956861044127,0.6587804641617255,-0.5087322914292618,-0.09989972840241575,-0.13363131732294822,0.1873395712720161,0.4008067102142517,-0.06202441580462863,preci,JJASO,Yr
14.75_104.75,1.0,0.2122411473124639,0.38353321060722356,-0.3704747664406901,0.16861021769880444,0.010837325218224735,0.3840425163531629,0.5758419586278418,-0.16414821062172655,preci,JJASO,Yr
14.75_105.25,1.0,0.4523431429882713,0.10042594788669938,0.0017356006341346793,0.18366620521741484,0.16918578565269884,0.4929539070389029,0.5595595024244668,-0.31614281462206706,preci,JJASO,Yr
14.75_105.75,1.0,0.5047648870016512,-0.003244712403775785,0.13145402334425932,0.10860239063619488,-0.07773487745006381,0.7154291222028213,0.498408178804572,-0.3171752556777321,preci,JJASO,Yr
14.75_106.25,1.0,0.45545232558798115,-0.3165635090611155,0.12357315038011117,0.241796435964534,0.1112790813521157,0.692232596022529,0.3830060915314766,-0.11068353738095894,preci,JJASO,Yr
14.75_106.75,1.0,0.3983466294358383,-0.4814049973255168,0.2516346218898123,0.3543779105679752,0.16808061142627803,0.6193388776675579,0.5338078157851486,-0.054934055633458954,preci,JJASO,Yr
14.75_107.25,1.0,0.20360524798855373,-0.4050132887363581,0.14833701546445754,0.5570223479950085,0.14972196086787662,0.5482999231607737,0.26038395566714045,-0.3298906602605103,preci,JJASO,Yr
14.75_107.75,1.0,-0.14172176921026597,-0.22509560930836445,0.03454058427944687,0.6311457599109017,-0.22385453276220818,0.4196012153430088,-0.1542418044744207,-0.4912773819049175,preci,JJASO,Yr
14.75_108.25,1.0,-0.4007688325769628,-0.10563626974105562,-0.015800610569812825,0.540585998861932,-0.4168685895992082,0.018535852639401443,-0.3297973305751713,-0.41420301477331706,preci,JJASO,Yr
15.25_101.75,0.9999999999999999,0.09893570094895915,0.380874449011145,-0.24126096325192467,0.00720768457824078,-0.2042681318073886,-0.34866904303172186,-0.029574634223944008,0.02137726673736311,preci,JJASO,Yr
15.25_102.25,1.0,0.3084316627910461,-0.026526654847138356,0.01102363798192028,-0.1434449459504947,-0.03902256492656901,-0.31827497729904264,-0.029870719385230855,-0.1679267480264877,preci,JJASO,Yr
15.25_102.75,0.9999999999999999,0.34244751834645704,0.11544629532326962,-0.04887805002335478,-0.3572827749609351,0.002475486551319334,-0.1017713990923764,0.09914368181518429,-0.3373736990396156,preci,JJASO,Yr
15.25_103.25,0.9999999999999999,0.141860182076928,0.12438146571070771,-0.40482386830831607,-0.28279659638769505,-0.121068221078796,0.1259675356881169,0.269346838959098,-0.3887380584074047,preci,JJASO,Yr
15.25_103.75,1.0,0.2069479223968678,0.4357169798871636,-0.528670190368711,-0.18789479019974256,-0.08423304617933651,0.2008138883378695,0.4553211458302716,-0.2854438910263095,preci,JJASO,Yr
15.25_104.25,0.9999999999999998,0.13364323534382938,0.4404113281430574,-0.48204938188954566,-0.06185332938147858,-0.14720296953364437,0.1738461985753431,0.43739595816131843,-0.23132542554732857,preci,JJASO,Yr
15.25_104.75,0.9999999999999998,0.2799847994179746,0.22673301794371103,-0.304867762502722,0.14567300368366595,0.16613781584373188,0.36232093098935175,0.6495753395838718,-0.10853837040310794,preci,JJASO,Yr
15.25_105.25,1.0,0.47727016274196227,0.08864226449478434,0.06102809919830137,0.23637591375441605,0.3631385038238906,0.514445359289929,0.6336534396089148,0.04013981052376606,preci,JJASO,Yr
15.25_105.75,1.0,0.5367916496575864,-0.26393553240250045,0.3243531867198813,0.08044530938850336,0.12428950179014274,0.664347756915164,0.4632083704984004,0.09460980714656614,preci,JJASO,Yr
15.25_106.25,1.0,0.44700353920140307,-0.4139492536543447,0.30557046627654905,0.08793556194723894,-0.00506504650528785,0.715320458956345,0.347763743786742,-0.033433935451653976,preci,JJASO,Yr
15.25_106.75,1.0,0.4005597161944971,-0.451346610725318,0.369918659034704,0.1954886378446992,-0.0665477437541941,0.7656991145869156,0.47871749130219454,-0.15957525896543862,preci,JJASO,Yr
15.25_107.25,1.0,0.1798303276670219,-0.38651172434399705,0.261243077743768,0.31541810791928393,0.01357448956701568,0.6074996096471578,-0.011239502470206433,-0.23690051688267347,preci,JJASO,Yr
15.75_101.75,1.0,0.208871584275581,0.3894566512138598,-0.20058546072022965,-0.05764636312675485,-0.16679864911932754,-0.3968065056070266,0.15712660589800828,0.03129041742205969,preci,JJASO,Yr
15.75_102.25,0.9999999999999999,0.3906343548368189,0.24744242306649594,-0.07874861642309365,-0.06450437879369514,-0.12010572596847434,-0.3491744204301201,0.06389320079745069,-0.0691266048445338,preci,JJASO,Yr
15.75_102.75,0.9999999999999998,0.3975412945914343,0.14160385843136913,-0.1657042231615111,-0.294502078302901,0.04604947289688558,0.09648428734158836,0.1383960919355072,-0.25375590136888637,preci,JJASO,Yr
15.75_103.25,1.0,0.2940294975358313,0.033455239188501,-0.38871467097773277,-0.200184883485654,0.10534123003575827,0.26894734196449827,0.40572753314538856,-0.3229249289822387,preci,JJASO,Yr
15.75_103.75,0.9999999999999999,0.2895560548475056,0.06492892542801092,-0.38877378788544664,-0.02692273820808942,0.05222629703692843,0.2827155545749598,0.3444753872087136,-0.2771059287155645,preci,JJASO,Yr
15.75_104.25,1.0,0.32908491938705664,0.12584943093114534,-0.3983237535758597,0.15669383131082992,0.18442568649266206,0.4816060812988034,0.4623516500090505,-0.07483457072046927,preci,JJASO,Yr
15.75_104.75,1.0,0.5433373193290989,0.14049613742745395,-0.031050872259692226,0.19789775661254247,0.19265535811214798,0.5087180977032324,0.609754828890451,-0.02729173750739369,preci,JJASO,Yr
15.75_105.25,0.9999999999999998,0.5700540918307446,-0.080080282820192,0.11355616569862666,0.03965659784898143,0.2331671656547193,0.49227326489288564,0.5505216379914252,-0.04155281002532205,preci,JJASO,Yr
15.75_105.75,0.9999999999999999,0.5810484074027954,-0.27402834711338675,0.2770566015215405,-0.05015995379680513,0.14528785380327244,0.5655719478755992,0.45774780832403467,0.11727984562831704,preci,JJASO,Yr
15.75_106.25,1.0,0.4108512070494902,-0.10064985653663311,0.20938461493184293,0.18570540138109207,-0.23944355573344325,0.6157593676522475,0.438645356452466,-0.09153385458101644,preci,JJASO,Yr
15.75_106.75,1.0,0.2941184673516732,-0.34018742508001254,0.22709309953224718,0.18801199173088495,-0.23475583304732778,0.6759617587352775,0.16903917848359706,-0.13898531585446414,preci,JJASO,Yr
16.25_101.75,1.0,0.48630994709688785,0.1411375660313848,0.047897275897247744,-0.3310090597581027,-0.07103888268357089,-0.09728580048758019,0.1579800216196046,-0.059579408086009686,preci,JJASO,Yr
16.25_102.25,0.9999999999999998,0.5774596171685471,0.0059106414664870715,0.17127616833074608,-0.18584617796695213,-0.12033776997844661,-0.12614163281817659,0.11019774616888624,-0.0915340426239874,preci,JJASO,Yr
16.25_102.75,1.0,0.5150059248335916,0.076333040235209,0.07715369525942038,-0.15701905345610467,0.07098667483911761,0.12418768805863158,0.36736036562577157,-0.04879031732387599,preci,JJASO,Yr
16.25_103.25,1.0,0.5704353201199425,0.10947394296647361,-0.05663613849346211,-0.0385933237125936,0.15475241108514912,0.141273101633144,0.4859180510470025,-0.011365123613451983,preci,JJASO,Yr
16.25_103.75,0.9999999999999999,0.34008738192230764,-0.11275454553125809,-0.23032376537375276,-0.04246779781780091,-0.13033977981843609,0.22354551629254946,0.3103814250864097,-0.09571684664649578,preci,JJASO,Yr
16.25_104.25,1.0,0.5294414780877381,-0.1744411228569806,-0.22557458056152258,0.22723646793262448,-0.17435918994676308,0.29221425494791786,0.6299258293495557,0.020011536126040005,preci,JJASO,Yr
16.25_104.75,1.0,0.6459084519398351,-0.08817231349443352,-0.005088830181495958,0.2540859560092186,0.07114068588856813,0.48998186688031603,0.6940233550672922,-0.00835363522155807,preci,JJASO,Yr
16.25_105.25,1.0,0.635146940217843,-0.24240092608506172,0.08647434311822547,0.014236257980093432,0.1346524688075293,0.5508212292276433,0.6042196093097669,-0.14499878065815702,preci,JJASO,Yr
16.25_105.75,1.0,0.5870816634703957,-0.21057356193614968,0.22783571134173633,-0.05705001122898127,0.31043745201188244,0.5377485806405469,0.502047509684646,-0.1270855137908525,preci,JJASO,Yr
16.25_106.25,0.9999999999999998,0.5290640660585539,0.12533537888052818,0.2113682381712305,0.226225655369943,0.1567226443951341,0.6328286355000765,0.4024968904900707,-0.041201974944263274,preci,JJASO,Yr
16.25_106.75,1.0,0.3378441198498958,0.029728193283748892,0.13910239612654304,0.36998051901062023,-0.0687479386990419,0.574301259560887,0.37480413653950084,0.10243697671852157,preci,JJASO,Yr
16.25_107.25,1.0,0.19825353835091597,0.09948416578140612,0.031215062012886496,0.501286190928207,0.21475276612693672,0.6641729979071652,0.5270832255065291,0.4343420368565138,preci,JJASO,Yr
16.75_101.75,0.9999999999999998,0.4848858605436781,-0.05804707271856237,0.015526034085056744,-0.48294106592923414,0.08690217597855697,0.3944408864670817,0.12706958396547186,-0.05397918187300769,preci,JJASO,Yr
16.75_102.25,0.9999999999999999,0.6312509728723518,-0.2038157039410396,0.18834530796303933,-0.2617486635477912,-0.11119266329099745,0.2502793456405649,0.09597314346598632,0.03763695707106275,preci,JJASO,Yr
16.75_102.75,1.0,0.6647318666015923,0.05069319353891831,-0.04128374781744715,-0.10674670710637892,-0.05810052419153539,0.2600518322653477,0.4644173520142963,0.07195238593084771,preci,JJASO,Yr
16.75_103.25,1.0,0.48982543716864047,0.04538132153934935,-0.08647100419337543,-0.15209726339548496,0.1480728947197147,0.42167048107789507,0.5630156846084466,0.08447925082649352,preci,JJASO,Yr
16.75_103.75,0.9999999999999999,0.469107228522657,-0.16898759681317327,-0.10460514801888268,-0.17453895536969122,0.15485923571908944,0.3852065448341206,0.556645776494109,0.13885512674005382,preci,JJASO,Yr
16.75_104.25,0.9999999999999998,0.596822559109095,-0.2561077683315458,-0.11668863690397017,0.043693209897096595,-0.000956423711808707,0.3555088883295357,0.6141821731184421,0.10986792772076345,preci,JJASO,Yr
16.75_104.75,1.0,0.5812035496852532,-0.32473960074715735,-0.08210922357715965,0.2519985935054843,-0.07292193349100021,0.36866099758486204,0.5983250246589393,-0.02100258076487906,preci,JJASO,Yr
16.75_105.25,0.9999999999999998,0.618002415093981,-0.21930842401521802,0.1584488006144205,0.2282509928974152,0.1349069746145665,0.4614674310632031,0.5132258518060704,-0.07647581722870633,preci,JJASO,Yr
16.75_105.75,0.9999999999999999,0.47397768614626606,0.07445609492320861,0.29007708478749245,0.13181719899465127,0.28280532645736556,0.5012399318772514,0.24292930178458666,0.11376720451338061,preci,JJASO,Yr
16.75_106.25,1.0,0.43248615594243034,0.2161332808232798,0.155729803179034,0.31123065447915305,0.25832971500409907,0.4441483486506367,0.23943961466600727,0.22854160532822157,preci,JJASO,Yr
17.25_101.75,0.9999999999999998,0.20402580769501497,0.238307941352729,-0.23649892565220626,-0.4865808210251553,0.1632414147542686,0.2921969620310523,0.17474820229199667,0.045851655090821564,preci,JJASO,Yr
17.25_102.25,1.0,0.6069408107645221,0.15720811245038765,-0.28041619375989674,-0.26326579209248185,-0.012094746042116428,0.2536699838300182,0.201244685997952,0.030029274279874337,preci,JJASO,Yr
17.25_102.75,1.0,0.5664913247099826,0.1496346421824378,-0.424139781119151,0.07011747558875497,0.02892903948492862,0.4438812089488806,0.5373822573724127,-0.012747857112697183,preci,JJASO,Yr
17.25_103.25,0.9999999999999999,0.4117123368142998,0.1516598142830491,-0.3112359557112691,0.06881818773950389,0.11603931237726166,0.43714142151497876,0.5491169660876393,-0.02724888315880506,preci,JJASO,Yr
17.25_103.75,1.0,0.45929525404302496,-0.06976331209502942,-0.20575370974345827,-0.014840938760827267,0.22898392347568378,0.43903937524539877,0.4395293453361785,-0.11376179967195388,preci,JJASO,Yr
17.25_104.25,1.0,0.5682219897694507,-0.18606732248922223,-0.18788548569465935,0.009636558019666565,0.2861964516771338,0.5464757512678011,0.5185821227163832,-0.05945988311991114,preci,JJASO,Yr
17.25_104.75,1.0,0.6084163065546555,-0.18885929009737923,-0.23144798397128333,0.23640130018231986,0.12651893620866247,0.6081644410758333,0.5564297940320562,-0.11620724751678929,preci,JJASO,Yr
17.25_105.25,1.0,0.6173089439910884,-0.06648382395178092,0.03202796091824057,0.0961695456891692,-0.03302723582273943,0.6166196756651373,0.385347772533298,-0.19258556232814372,preci,JJASO,Yr
17.25_105.75,0.9999999999999998,0.5042559043980132,-0.013891938709746266,0.03088830667453337,0.056173104829802686,0.04708226708796319,0.4703361926498627,0.10813838339264718,0.10690167041866423,preci,JJASO,Yr
17.25_106.25,1.0,0.5050630056646621,0.060839810491176684,0.06595679128257034,0.3469104928617076,0.15631169610254814,0.2877508464610912,0.2015394832982671,0.2317432917318565,preci,JJASO,Yr
17.75_101.25,1.0,0.06101279982341664,-0.05966008780164292,-0.1235419451025782,-0.557040734516623,0.10789847464479072,0.2506336434020524,0.258908556420533,0.04576172489036312,preci,JJASO,Yr
17.75_101.75,0.9999999999999998,0.1473853509628819,0.23520680323256815,-0.0976552155156098,-0.39612750884419135,0.29155984123485984,0.33536326086648927,0.18199475243631022,-0.0633824811605169,preci,JJASO,Yr
17.75_102.25,0.9999999999999999,0.3585361314291465,0.3138384845354961,-0.2216820634071274,-0.14542947127429323,0.3223898307072332,0.24589755891315296,-0.0934506293223618,-0.1197885511811215,preci,JJASO,Yr
17.75_102.75,1.0,0.4437032566423474,0.15704042401591234,-0.3449078575255664,-0.0038113072714110892,0.23367886663566412,0.21724355397435383,0.02991407417869504,-0.16469766647661804,preci,JJASO,Yr
17.75_103.25,1.0,0.5674320159364648,-0.03426615425029226,-0.47248651569216593,0.09648523811408377,-0.019620116820687476,0.34155314411571663,0.2439632762348826,-0.18899935218806235,preci,JJASO,Yr
17.75_103.75,1.0,0.5477624904004504,-0.06660017875290745,-0.601678089216515,0.1653784789126559,0.05839496342001411,0.34436203708631435,0.33222893246404345,-0.271402673345115,preci,JJASO,Yr
17.75_104.25,1.0,0.6616508521560736,-0.001375926120215106,-0.4863997343477609,0.2040864757603154,0.15962950753604271,0.590825944267566,0.5026334826432742,-0.2371214364798159,preci,JJASO,Yr
17.75_104.75,1.0,0.5929503751048869,-0.06740458841211688,-0.35066320859819666,0.03890426590536304,0.11410049485055028,0.6895080496711326,0.3929899481264274,-0.2249823864710379,preci,JJASO,Yr
17.75_105.25,1.0,0.5912209650878653,-0.21556944504011988,-0.24533343400017843,-0.05685259342150321,-0.048705393620690894,0.557883327270833,0.15998626040663388,-0.3086353841198942,preci,JJASO,Yr
18.25_101.25,1.0,0.026480757138832692,-0.05376005431268023,-0.31266073504871245,-0.40861391979910905,0.0039010419702811927,0.2948328546900765,0.20592351034742737,-0.000123797276685111,preci,JJASO,Yr
18.25_101.75,1.0,0.20000641313565645,-0.18731261185140977,-0.18621855953703978,-0.30870596948055323,0.11926486165647086,0.4474086347723033,0.037485091069241985,-0.1339925991959664,preci,JJASO,Yr
18.25_102.25,1.0,0.3387210382777657,0.14091722983798077,-0.18239232328266775,-0.023620036794121953,0.27325677254156616,0.26859086030738816,-0.287036710513961,-0.23078368196040902,preci,JJASO,Yr
18.25_102.75,1.0,0.4353515748174029,0.17093288119956573,-0.16212257671120453,0.09330021807010423,0.26669971775355233,0.16825489943577154,-0.19127316824048368,-0.11247543704829423,preci,JJASO,Yr
18.25_103.25,1.0,0.5446616526905064,0.16650074904361817,-0.35366832535004306,0.003574205293343366,0.0047184931507866235,0.15735093186862942,-0.08624884108476755,-0.0764140623949924,preci,JJASO,Yr
18.25_103.75,1.0,0.5157504656004772,0.26374416032343284,-0.5098268028029128,0.0010683708106761036,0.10511606659138337,0.19891051418330946,0.08853994758630465,-0.15206522985262041,preci,JJASO,Yr
18.25_104.25,0.9999999999999999,0.6777591127981863,0.08190756355190687,-0.6405745671723636,0.07867055209382387,-0.0748320152316869,0.4295779065383252,0.2860716043214895,-0.4462936637182511,preci,JJASO,Yr
18.25_104.75,0.9999999999999999,0.6842320370735013,-0.13142201316143012,-0.5350315909068857,0.08370873135556516,0.05821958595750978,0.5741598962462573,0.2964621322604753,-0.3649281978705721,preci,JJASO,Yr
18.25_105.25,1.0,0.7520219355665585,-0.07226645532160732,-0.3357422515237432,0.06503306262575399,0.12530929877405061,0.5186338015308122,0.2831883309754833,-0.1758584704363976,preci,JJASO,Yr
18.75_101.25,0.9999999999999999,-0.04031198871867774,-0.01458688871352978,-0.3472506529023716,-0.24438926078678563,-0.22941942328581635,0.2981339119317192,0.1751466282867525,-0.0329973775780023,preci,JJASO,Yr
18.75_101.75,1.0,0.20878032838443922,-0.31557430743785636,-0.24924033909341578,-0.13718004003785123,-0.13957454297841324,0.2019812428793262,0.2019357794977953,-0.1869201017884905,preci,JJASO,Yr
18.75_102.25,1.0,0.41338917872741276,0.030410871931625942,-0.14286407686476824,0.23291696856995894,0.13698589262075556,0.1986511805813855,0.04227736608351135,-0.1996992354939872,preci,JJASO,Yr
18.75_102.75,1.0,0.3953830164341153,0.17444429582544949,0.09124387951329564,0.19753145147641513,0.19766689097225798,0.12759809111767909,0.019078978608842882,-0.3024015526700928,preci,JJASO,Yr
18.75_103.25,0.9999999999999998,0.39270421893069063,0.08691684930436247,0.02839882721542128,-0.00590032295875013,0.04405519598670696,0.13075555956590518,-0.19753186859790586,-0.2121695604644467,preci,JJASO,Yr
18.75_103.75,1.0,0.4245412081256491,0.3319033201078021,-0.2256423786503386,-0.06399028559375732,0.2030671547429114,0.11546177400043026,-0.2579950089915695,-0.18671657093387337,preci,JJASO,Yr
18.75_104.25,1.0,0.5473228345056038,-0.026088834310800772,-0.49575566752640327,0.037920010793881895,0.060760470747452305,0.3191575663481299,-0.18237503492069376,-0.3519208784699126,preci,JJASO,Yr
18.75_104.75,1.0,0.7015622428199064,-0.15490594719243858,-0.4064358718597746,0.05363303583961711,0.23688172900373214,0.45930716286211254,-0.0071602538972240755,-0.3024548482183991,preci,JJASO,Yr
19.25_101.25,1.0,0.005200659678260047,-0.14029354003385888,-0.3625568156095056,-0.09600008466408154,0.048216818847792206,0.18125436416998855,0.16242064333702377,-0.10991487381042715,preci,JJASO,Yr
19.25_101.75,1.0,0.08678427603305813,-0.3409052556077618,-0.16728534495819625,0.06578082107984405,-0.0991029332197471,-0.026121863574615874,0.23266979585825598,-0.3026859891409111,preci,JJASO,Yr
19.25_102.25,1.0,0.27682408731057195,0.05902864054527993,0.03743362790509696,0.1546498977400009,0.03425695035720434,0.10318041529060201,0.33481191032458574,-0.30775233209882397,preci,JJASO,Yr
19.25_102.75,1.0,0.293592484405488,-0.03728803793872036,0.1928569890826443,0.21108315167541863,-0.02418635660916447,0.12239873423551231,0.349560813460792,-0.33308849535791707,preci,JJASO,Yr
19.25_103.25,0.9999999999999998,0.30066776713040416,-0.24980761815116664,0.11282373164310144,0.1980639677627083,-0.2863771390765617,0.13743026955551288,0.30698914260612997,-0.31787138521533764,preci,JJASO,Yr
19.25_99.75,1.0,0.3257620765160475,-0.1162403033824097,-0.2879458833880714,-0.0483037471456375,0.11907697838696792,0.36726861615038847,0.01343662553445323,0.028362445023429834,preci,JJASO,Yr
19.75_100.25,0.9999999999999998,0.1729628211385133,-0.1832266673976464,-0.3408503608191511,-0.20855053203749593,0.02813121044490126,0.2075365806764804,0.07301231073719332,0.19507969516937004,preci,JJASO,Yr
19.75_100.75,1.0,0.0803269951932316,-0.2071200657354903,-0.3468305815558377,-0.1802387686326371,0.13589422780218927,0.26870167901784264,0.12003565420539616,0.151815821531812,preci,JJASO,Yr
19.75_101.25,0.9999999999999998,0.016607217904500485,-0.30155047332615537,-0.31875489205208285,-0.11989927921132504,0.20737728380096068,0.14616748093244358,0.15513045878482798,-0.06731209060469728,preci,JJASO,Yr
19.75_101.75,1.0,0.049996394355117726,-0.22489527936854373,-0.20786405139204345,-0.06714263203469335,0.14341025511884958,-0.06565055883891917,0.11219012677970418,-0.22601400540040167,preci,JJASO,Yr
19.75_102.25,1.0,0.1142706967352644,0.07068244685811773,-0.01802639296758689,0.05088330905121344,0.1536967840753495,-0.004305207055556764,0.28411119718616895,-0.2784596941767795,preci,JJASO,Yr
19.75_102.75,1.0,0.21804635288420782,0.04206312930410442,0.11101762567756354,0.22591390416691107,0.021442792563111393,0.05639155017634776,0.40206546516689645,-0.3946210586667885,preci,JJASO,Yr
19.75_103.25,1.0,0.19543609647909876,-0.0860741049472684,0.11385589600093304,0.24990681457371547,-0.1841628139442368,0.15088523565062897,0.28031548730981676,-0.4491047002800625,preci,JJASO,Yr
19.75_99.25,1.0,0.3519493179016036,-0.19782970579610026,-0.45397109811847103,0.26431643250922404,0.31280136235740363,0.4960534294855273,0.20186871660008707,-0.07022357197988352,preci,JJASO,Yr
19.75_99.75,1.0,0.31634257086831424,-0.13266649015300896,-0.4785541809120393,0.04731372199644966,0.1504550512014285,0.4724468714084624,0.010723940706642308,0.034800198809110595,preci,JJASO,Yr
20.25_100.25,1.0,-0.011029943825505326,-0.06316585448929805,-0.20204048159972202,-0.35026166975405393,-0.13935823422685162,0.002634978625151395,-0.011105869283841968,0.4049864944946892,preci,JJASO,Yr
20.25_100.75,1.0,-0.009028870029097906,0.044163431591926476,-0.22413424035654564,-0.44836339975461503,-0.0728387070487265,0.23184549703256158,0.061762318367007775,0.42121410089704614,preci,JJASO,Yr
20.25_101.25,1.0,0.02634531782788225,-0.04834146648350275,-0.28320333354760385,-0.4715968015277462,0.0437818705914182,0.18496328645246013,0.09464202413599325,0.07695542686452284,preci,JJASO,Yr
20.25_101.75,0.9999999999999999,0.22623823353021952,-0.10089725005407973,-0.09503882529922668,-0.4114456986626212,-0.02677498457801908,0.11120286688764348,0.1854015981710021,-0.04822315479049514,preci,JJASO,Yr
20.25_102.25,1.0,0.3053479864860962,0.0019484929096575871,0.15186822066008251,-0.28465928049923417,-0.20190215733784905,0.11263234170308792,0.0987163272470245,-0.054986647845779786,preci,JJASO,Yr
20.25_102.75,1.0,0.3774169642609637,0.12988480852667314,0.2423894437913738,-0.15490109147844613,-0.28360373257700844,0.14202728298846812,0.01178027632674202,-0.24163064204933152,preci,JJASO,Yr
20.25_103.25,1.0,0.34261653726798935,-0.14447845470234705,0.17872766356571534,0.11086650261067857,-0.1984602701600412,0.23891772012648183,0.46206859796871214,-0.3606132953595041,preci,JJASO,Yr
20.25_99.25,1.0,0.13393699686222077,0.07982995805210004,-0.2733189533987545,0.2783315972033405,0.11110355793363791,0.5929543527968109,0.1800451094725488,0.13637465097852425,preci,JJASO,Yr
20.25_99.75,1.0,0.07213208020009185,0.061788760529701774,-0.06715395648714341,-0.27013092603003347,-0.18542654794884894,0.30213813749495944,-0.0030558974753868732,0.30168757791025613,preci,JJASO,Yr
20.75_100.25,1.0,-0.13208211647295362,0.14471620811176886,0.2430361318165702,-0.3986828501054159,-0.17156940739579785,0.048422900790536884,0.02471794724864267,0.3386488039091506,preci,JJASO,Yr
20.75_100.75,1.0,-0.08906769443252267,0.31703107735967884,0.019541247161157526,-0.5141345203832669,-0.08079315071074855,0.3025320758031898,0.13385520724796454,0.0134351276477786,preci,JJASO,Yr
20.75_101.25,1.0,0.13638557096466195,0.2832094593577306,0.006593193963621895,-0.47031908721855714,-0.17929077442743732,0.3434018982645448,0.24076129846644198,-0.2400473247966107,preci,JJASO,Yr
20.75_101.75,0.9999999999999999,0.46765407839549034,0.19616785255992633,0.07142812572568769,-0.48037069568728125,-0.23916047324583645,0.21146477022637156,0.2714035892446645,-0.09919963512072266,preci,JJASO,Yr
20.75_102.25,1.0,0.6397870395803382,-0.017942127785700115,0.2206882704520284,-0.48183583820697795,-0.28356469564545667,0.18578314562974102,0.29219656617533923,0.10262508813101397,preci,JJASO,Yr
20.75_102.75,0.9999999999999999,0.5535323766028045,-0.13757295364291955,0.21269605261343033,-0.3624286000319711,-0.25698081235825737,0.16899080141367886,0.2740803758786945,0.2533134621702162,preci,JJASO,Yr
20.75_103.25,0.9999999999999999,0.5017899427741573,-0.3323178793857004,0.09128057569631758,0.012805596785899584,-0.08122091289305952,0.297365099574279,0.5240543149442254,0.12102361428475861,preci,JJASO,Yr
20.75_99.75,1.0,-0.1303056985798135,0.12339538687009818,0.17626960485912416,-0.20436583521763466,-0.16647478883188008,0.19070709118246087,0.12833530898713794,0.46460494628013216,preci,JJASO,Yr
21.25_100.25,1.0,-0.14264843029514482,0.1529960374098644,0.052050027082251926,-0.3329169000055954,-0.2976671236285165,0.09590803286101181,0.0879052768683845,0.06076151208460047,preci,JJASO,Yr
21.25_100.75,1.0,-0.09199833964898936,0.13685667915335387,0.08627471912037918,-0.41804671819451705,-0.23566125331361248,0.16463224131255605,0.06427089297543459,-0.29567053137952404,preci,JJASO,Yr
21.25_101.25,1.0,0.13875646568650657,0.2327299982599072,0.0991384058904564,-0.4461734472684308,-0.3130239495675214,0.2868556909971305,0.20932703855956383,-0.3144601628799292,preci,JJASO,Yr
21.25_101.75,1.0,0.466715149388136,0.1671773035974882,0.10284499939151086,-0.39864131192656127,-0.41544738768896433,0.13248957434089456,0.3247880600001843,-0.18635332220030618,preci,JJASO,Yr
21.25_102.25,1.0,0.5789907602262965,0.08031139654529766,0.1942709406168612,-0.34818546945419554,-0.2793037277050373,0.06059101748238806,0.49836220694883493,-0.03122105051159427,preci,JJASO,Yr
21.25_102.75,0.9999999999999999,0.5185329566639507,-0.09121575481052831,0.28078738326705244,-0.17224777971453614,0.0705548358585028,0.15500904145683259,0.6796937372336616,0.23527581335826808,preci,JJASO,Yr
21.25_99.75,1.0,-0.24687482763169236,0.2971556895136947,0.019645584240286954,0.036650481079153384,-0.24487383462006748,0.32109749341288973,0.09503208449756775,0.1821519186131821,preci,JJASO,Yr
21.75_100.25,0.9999999999999998,0.035279458830130166,-0.012367425853223656,-0.10871534534272201,-0.16179100384211362,-0.4488020761990331,0.06935310501457011,-0.08171850471867416,0.03140470365930507,preci,JJASO,Yr
21.75_100.75,1.0,0.07450707063055435,0.0047971809983305596,0.02471186079703433,-0.3492280112800507,-0.39879757230172774,0.11464264912972974,-0.032946684418209256,-0.18426032760686145,preci,JJASO,Yr
21.75_101.25,1.0,0.19787285493570062,0.17980900211564388,-0.052895815524005504,-0.5460034616451853,-0.3780414436823257,0.1940639590396575,0.21329168329507903,-0.35941925124503477,preci,JJASO,Yr
21.75_101.75,1.0,0.4001753237767594,0.12531586744642223,-0.11189089204752413,-0.4079565748487048,-0.42396083377336835,0.08109331355515016,0.40030233044739255,-0.41617605167524196,preci,JJASO,Yr
21.75_102.25,0.9999999999999999,0.34591599955854085,0.1742912110998138,0.14702841385985155,-0.3326363396786723,-0.25551373761941504,0.09308235956768407,0.6064128472717006,-0.17147913426185707,preci,JJASO,Yr
21.75_99.25,1.0,-0.19734142196873544,0.19384650757986582,-0.059768520647876196,-0.17299478390159603,-0.35157433022057677,0.18745599832270685,0.016210784886402953,0.364154640892935,preci,JJASO,Yr
21.75_99.75,1.0,-0.1132491796022736,0.283267750468493,-0.10033217529627929,-0.07931785874475197,-0.4183173679196519,0.1733015822021893,0.08155617127266404,0.17426228112965128,preci,JJASO,Yr
22.25_100.25,1.0,0.19344869945468948,0.04394595319033335,-0.3216851658322884,0.1849172274344305,-0.4560105306128553,0.007800709058916952,-0.08945655184840987,-0.002848534470860385,preci,JJASO,Yr
22.25_100.75,1.0,0.24247341469258032,-0.06158724586650771,-0.12063795753463698,-0.06873154089324271,-0.4381369714794788,0.2313770245812151,-0.06180745369162669,-0.17375757276306136,preci,JJASO,Yr
22.25_101.25,0.9999999999999998,0.38717589073726044,0.040474748406373356,-0.04078906998905022,-0.4130330191652368,-0.46407970331648046,0.15429644614079935,0.15758170923038436,-0.32348919016506594,preci,JJASO,Yr
22.25_101.75,1.0,0.5137209430829278,0.002821502140664142,-0.006118571200668027,-0.4032836507088878,-0.4423632381449551,-0.0064842690097169425,0.2697580099204642,-0.2816469874627217,preci,JJASO,Yr
22.25_102.25,1.0,0.401096012606601,0.195040046429025,-0.005401781121129242,-0.46166521949206507,-0.4029244514438582,0.11658389990904755,0.4104086340099993,-0.06825351821123098,preci,JJASO,Yr
22.25_99.75,1.0,0.007949037225678265,0.18128284378897982,-0.40906722095650094,-0.07815390422192411,-0.45065079411997244,0.03825451087531726,-0.07735184866412369,0.05878020547762135,preci,JJASO,Yr
22.75_100.25,0.9999999999999998,0.22443406577752104,-0.03172050715217684,-0.45541413985691187,-0.044435747544972266,-0.40244188068215625,0.016923711532962394,-0.061108352895648706,0.01652736515402764,preci,JJASO,Yr
22.75_100.75,1.0,0.35534911249648243,-0.023638735009412933,-0.17699811954560163,-0.10874459570214116,-0.5088330372771627,0.10261467581500967,-0.04404495884220187,-0.07568697093671195,preci,JJASO,Yr
22.75_101.25,1.0,0.4778334721618958,0.01685260236159612,-0.07496105340526134,-0.2646643211811886,-0.5535609488055934,0.09155338640420613,0.10034870175557327,-0.11249506274248063,preci,JJASO,Yr
22.75_99.75,1.0,0.047171082666088555,0.04681280255030587,-0.5722353553305657,-0.02737456396394598,-0.34902225031197887,0.061541016632330185,-0.13451714235565326,-0.023324855264359665,preci,JJASO,Yr
23.25_100.25,1.0,0.15136872069738294,-0.04911864363458827,-0.39176868763099654,-0.0014344537120224619,-0.33025522914510397,0.2846553346092048,0.0024941800298414235,0.051908399421258085,preci,JJASO,Yr
23.25_100.75,1.0,0.29281251955146403,-0.021700120209962745,-0.1956982611685298,-0.04170217582926208,-0.42517110984438705,0.19077849066136285,-0.034733630004471626,0.007205329347228998,preci,JJASO,Yr
23.25_99.25,0.9999999999999999,0.07219925735362785,0.013009189275309497,-0.2054013148491293,-0.13074920045744134,-0.09271691194949476,0.417353051624153,-0.054350890300086975,-0.017570100784077572,preci,JJASO,Yr
23.25_99.75,1.0,0.033962019409172255,-0.05956004651834372,-0.3920699722102122,0.05377815149390533,-0.2725818355226159,0.381938116938526,-0.02423437149104213,-0.014149312268069083,preci,JJASO,Yr
23.75_100.25,1.0,0.1380750542366846,-0.03258609851470892,-0.3289345589587031,0.06897706500225571,-0.23636836902277614,0.41628956085951074,0.04815450819453334,-0.03176354490319637,preci,JJASO,Yr
23.75_100.75,1.0,0.24280142544752864,-0.11201440896419235,-0.10525352997040854,0.054638222489008806,-0.3394653507416492,0.2406437178683063,0.0025571859522878254,0.08888069075677657,preci,JJASO,Yr
24.25_100.25,0.9999999999999998,0.1564752625684829,-0.2642658161995267,-0.12411107821434872,0.13740365064428975,-0.061563696487731065,0.5207706260797869,-0.06969088225504408,0.022026865174603043,preci,JJASO,Yr
24.25_100.75,0.9999999999999999,0.24975572636447727,-0.28684185453455063,-0.1379812728986876,0.06162833098329959,-0.22493105169099942,0.34387192041537973,0.011474556102094158,0.23534927516969464,preci,JJASO,Yr
24.25_99.75,1.0,0.16978577388249005,-0.2464628902122799,-0.30817412975061165,0.012970940457994854,0.357966180397648,0.23326477166906537,-0.1654139799487216,-0.06533655582510167,preci,JJASO,Yr
24.75_100.25,1.0,0.3100069343056737,-0.36168350428231266,-0.14452497057897964,0.00043859365488346374,0.14482682011042394,0.4944903074768359,-0.13946437542244786,-0.010157295056519737,preci,JJASO,Yr
24.75_99.75,1.0,0.36626299369482224,-0.3571918017501446,-0.28696433595245124,0.07080774216694342,0.3793536619913353,0.3085859814464401,-0.20295673264792072,-0.16669117668795955,preci,JJASO,Yr
25.25_99.75,1.0,0.34899861653691067,-0.2373790542719007,-0.021558529203145077,0.07569858879417544,0.1633344164160559,0.35349269355776214,-0.1750675291312695,0.04273098387732157,preci,JJASO,Yr
25.75_100.25,1.0,-0.12236178444365513,-0.37818850744395915,0.40902446622941063,0.07760225303695399,-0.3796232871893012,0.3712280748103263,-0.13271547670022668,0.3454603241083497,preci,JJASO,Yr
25.75_99.25,1.0,0.2546973176674006,-0.025236968445190848,0.08092641924126599,0.2205047977905466,0.389116551158179,0.21124894124834723,0.06309882063909851,0.22703129479359319,preci,JJASO,Yr
25.75_99.75,1.0,0.2442513242629815,-0.21204381131265904,0.15145566558128085,0.3177273130871763,0.07468280840408167,0.220499345114986,-0.10206902366593175,0.25339810532325485,preci,JJASO,Yr
26.25_99.25,0.9999999999999998,0.09950332552328132,-0.1315101640733899,0.2806857489786243,0.11852102791088932,0.3322436263394914,0.24767141021214698,0.10895584178643819,0.32825532913662514,preci,JJASO,Yr
26.25_99.75,1.0,0.027957821956190416,-0.34650516437784223,0.4706602497673338,-0.02340296563085096,-0.05109132938689374,0.2707061592057818,0.003401854502185564,0.3223136198084296,preci,JJASO,Yr
26.75_99.25,1.0,-0.04801046406339839,-0.2757393076576513,0.4614278832569475,-0.1409722803380348,0.2107138982193703,0.5304378179916452,0.18927689615529028,0.37566407885878234,preci,JJASO,Yr
27.25_99.25,0.9999999999999999,0.10005515702166817,-0.26441660974755843,0.4458772623342111,-0.0036605697602226503,0.1261707081143201,0.5300834311305418,0.3370115770637321,0.27037624192879584,preci,JJASO,Yr
27.75_98.75,1.0,0.514373441587329,-0.12080882879470424,0.5180534210150057,0.10362029966614052,0.1884634306249082,0.32599296308662296,0.392574422205199,-0.15216977519217578,preci,JJASO,Yr
28.25_98.75,1.0,0.5870506225608233,-0.09690413710825885,0.5097192873194542,0.10752749497154271,0.13797496659126088,0.3694272705521519,0.5187406633263726,-0.20682873117160522,preci,JJASO,Yr
28.75_98.75,1.0,0.6733367765029753,-0.12901078224108659,0.5478791702163416,0.19279294211711387,0.19588955365849586,0.4034773475742432,0.3853456596418568,-0.03563635815610324,preci,JJASO,Yr
29.25_98.25,1.0,0.6460938165285653,-0.07252971309789492,0.5897840116134259,-0.046014228615546555,0.15930989935429438,0.5760096221188129,0.39934927941050474,-0.057077488035908515,preci,JJASO,Yr
29.75_98.25,0.9999999999999999,0.6303751991938846,-0.057492755979555846,0.5015682868318189,-0.16328466287552226,0.17783727150531234,0.3795202831393516,0.40409762030460905,-0.13323231619763137,preci,JJASO,Yr
30.25_97.75,1.0,0.5831087489233697,0.11903280611646827,0.5258833694782787,-0.21490044156857646,0.31212690101677626,0.4597501159907827,0.47202618596232615,0.08501119169757085,preci,JJASO,Yr
30.25_98.25,1.0,0.5454444945776654,0.1477092066062398,0.37077113986391813,0.1758141571081184,0.2929939748216418,0.3546430550608961,0.4598020999465468,0.014600716495405161,preci,JJASO,Yr
30.75_97.25,1.0,0.565182322351696,0.2708893883586023,0.44889170600102063,0.18246372302750685,0.2057286881909556,0.22304329848557528,0.6776406352889568,0.2967197575146428,preci,JJASO,Yr
30.75_97.75,1.0,0.5419477925953193,0.10639058841011073,0.354895103633539,0.05219214861696969,0.22784851493457137,0.23669059789307922,0.5980943583061088,0.27397829682722846,preci,JJASO,Yr
31.25_96.25,1.0,0.6850490717050782,0.041834232494498184,0.40502455837753504,0.5041551380928915,0.13238524021934775,0.2977715056201978,0.7095420789329532,0.3864851706572244,preci,JJASO,Yr
31.25_96.75,1.0,0.6505250981370228,0.10603435486813124,0.42332818009746714,0.33636900096649824,0.17685498037538294,0.09698303818267277,0.6677152973859225,0.3933537175302852,preci,JJASO,Yr
31.25_97.25,1.0,0.600501067730461,0.07538653630739187,0.41775102345523263,0.23093927623435204,0.2145815479526415,0.09762041497441666,0.6795833934383466,0.4145653787122055,preci,JJASO,Yr
31.75_95.75,1.0,0.7340619718415893,-0.061645859183538994,0.2503144306363376,0.24627875461113827,-0.16851156166155823,0.3111243042822018,0.6792344428375455,0.6375003124344776,preci,JJASO,Yr
31.75_96.25,1.0,0.7241335148159189,-0.05079778029066975,0.3024526208810817,0.35403673379061656,-0.05615377692629852,0.21247904674962034,0.6386575379855173,0.5575181734998487,preci,JJASO,Yr
31.75_96.75,1.0,0.6925225259687151,-0.008544659091858394,0.37201435759069384,0.29130954456354313,0.0757637138188915,0.07310781306679921,0.6126643083798902,0.5296766776378308,preci,JJASO,Yr
31.75_97.25,1.0,0.6462035910368732,-0.06318935282880164,0.3111619962842971,0.08100435264097368,0.034273110235942136,0.0444785861416592,0.6295667721352785,0.5455028694079573,preci,JJASO,Yr
31.75_97.75,1.0,0.6253457421368932,-0.09134163311007457,0.3050706163989499,-0.04414835605927164,0.020518245722405147,0.10328818196636917,0.6239523493172086,0.5229736041358548,preci,JJASO,Yr
32.25_94.75,1.0,0.8567298155868821,0.05044200679575454,0.10897923755635858,0.5280156445445924,0.08695150744806368,0.043409831954670144,0.30497406330928495,0.5430299097160248,preci,JJASO,Yr
32.25_95.25,1.0,0.8409619405220112,0.0167850481997809,0.10827228533816317,0.46037253016499513,-0.051275006838205406,-0.12332696280382854,0.43298287399533514,0.609545754408282,preci,JJASO,Yr
32.25_95.75,0.9999999999999999,0.800694374018262,-0.009308236533291577,0.1439568852247694,0.3660579335493818,-0.2076893338430986,0.08036332699399645,0.546498853780742,0.6270839169199756,preci,JJASO,Yr
32.25_96.25,1.0,0.8276175808373912,0.07564152487737456,0.060183263379576225,0.39912763116424615,-0.1604581798802852,0.21823263212741134,0.6107342276744164,0.6214821781067184,preci,JJASO,Yr
32.25_96.75,1.0,0.8026572518484434,0.05032117823610185,-0.020465662304001226,0.28667900790542183,-0.11919551786943325,0.24981851217568962,0.6474559884356326,0.6133631531235482,preci,JJASO,Yr
32.25_97.25,1.0,0.7410251831995807,-0.07207750364462209,0.0879729588065379,0.11450693470189731,-0.043602534287029926,0.20983581692381573,0.6913274782727312,0.5881636831101522,preci,JJASO,Yr
32.25_97.75,1.0,0.7023303842833448,-0.07536188055348554,0.10606201250490932,0.1362700182260454,-0.0843814047398927,0.12467077319961155,0.7354125488902503,0.5152146618941501,preci,JJASO,Yr
32.75_94.75,1.0,0.8774196026417848,0.12750375814358808,0.03449294191197433,0.6231754412975727,0.08694339293534578,-0.13779575593375532,0.2619509767532883,0.5532602437320931,preci,JJASO,Yr
32.75_95.25,0.9999999999999999,0.8476471656916906,0.19576118586176808,0.02859846669351408,0.614332612321177,-0.014904705623517334,-0.034299427070640494,0.26125677886231974,0.512840339696258,preci,JJASO,Yr
32.75_95.75,1.0,0.8007891565613398,0.20170019599654618,0.004279457795644213,0.4907123068662925,-0.18007575163402337,0.16399632954950394,0.39803391890052353,0.5261929181149542,preci,JJASO,Yr
32.75_96.25,1.0,0.7954718839306314,0.17329169563658073,-0.04974823055150574,0.3633581852503975,-0.2374301049633588,0.2489201966164347,0.5860682083426199,0.5802754112825543,preci,JJASO,Yr
32.75_96.75,1.0,0.7890761365099306,0.030315356994566556,-0.050104859444564415,0.31073696957426894,-0.13056694917438882,0.36407995380694663,0.6739102519660753,0.6016102666037089,preci,JJASO,Yr
33.25_94.25,1.0,0.8090520789218522,0.4155200935565839,-0.006939541603533469,0.5376752244582333,0.014558588701986865,0.15510214085554805,-0.05615777489791376,0.5884153644076162,preci,JJASO,Yr
33.25_94.75,1.0,0.8346135241217516,0.4095352462524682,-0.027603382959081584,0.5461929236995681,0.10741707640664762,0.26025127664256287,-0.06065575899225684,0.6323389812885931,preci,JJASO,Yr
33.25_95.25,0.9999999999999998,0.8304297878845232,0.3664151817250718,-0.06390832493456984,0.5349130419338572,0.025533972708720844,0.23134591316880787,0.051168670205844986,0.5800236409647455,preci,JJASO,Yr
33.25_95.75,1.0,0.8135786178766691,0.2657043015798748,-0.10337914437581171,0.5054570568295711,-0.0552700863745987,0.30291524109863105,0.3045257091123636,0.5609412780112477,preci,JJASO,Yr
9.25_105.25,1.0,-0.010194082342325302,-0.43634305230874865,0.09093328953566822,-0.17758908669895446,-0.17952456343717013,-0.43615789570233837,-0.07157248814005066,0.7561194895090475,preci,JJASO,Yr
9.25_105.75,0.9999999999999998,-0.09950549858629863,-0.29931930767218695,0.01916338717818,-0.4571112047694012,-0.11891028599446085,-0.4860287152874813,-0.10677649432520714,0.7413987945062913,preci,JJASO,Yr
9.75_105.25,0.9999999999999999,0.304639009922312,-0.6076611354482921,-0.10331823989093991,-0.2784579116091507,-0.13804787045997585,-0.3327935021869399,-0.056446691638357,0.5368067218948851,preci,JJASO,Yr
9.75_105.75,1.0,0.08349226591262868,-0.3262566320431342,-0.15718303968168718,-0.43762930674374695,-0.08747426757260657,-0.2616458398054993,-0.07887084504779418,0.5804205237915224,preci,JJASO,Yr
9.75_106.25,0.9999999999999998,-0.2642695126802977,-0.30723428891741217,-0.2692579287576723,-0.34444503946675087,0.059271145921272535,-0.0697598017139734,-0.17156519367477446,0.6250247237917844,preci,JJASO,Yr
10.25_104.75,1.0,0.5532619433231812,0.41466447290426234,0.3892029470621651,0.37493985253259693,,0.3917645894755758,0.4195562521235999,0.3581189721966889,temp,All,Day
10.25_105.25,1.0,0.5637991210101608,0.4198569866716782,0.3670852741965226,0.3653275160368589,,0.3808666801747274,0.4188243916123453,0.3505567529703205,temp,All,Day
10.25_105.75,1.0,0.5534789351827595,0.3801219263104407,0.34860169378807715,0.3315117161073798,,0.3902876710393982,0.40337629911698497,0.3239006590164524,temp,All,Day
10.25_106.25,0.9999999999999998,0.5871619859477067,0.39865608309609707,0.37856388638441846,0.3366604326555213,,0.4282180873954364,0.4398566426444924,0.356535164414613,temp,All,Day
10.25_106.75,0.9999999999999998,0.6082568632894351,0.4437468542234693,0.4608153806915919,0.35409291649922053,,0.5097237061499865,0.4997773218061211,0.43338040544981454,temp,All,Day
10.75_104.75,1.0,0.5492416278715784,0.41931948499208954,0.37500699689227635,0.3782009953033797,,0.40979491186172884,0.4367838780981316,0.37767779568346055,temp,All,Day
10.75_105.25,1.0,0.5675063221978255,0.4354173064407164,0.384528322662831,0.38700807955234834,,0.43087009063400694,0.4533128757519361,0.3815484258825692,temp,All,Day
10.75_105.75,1.0,0.5720892869569036,0.42227994138764635,0.3750370259275863,0.3688337837667229,,0.4187084704885827,0.44796515556074606,0.3671134350145213,temp,All,Day
11.25_104.25,1.0,0.5498479474612407,0.41430864269043766,0.37852936831454415,0.38877485287154057,,0.43852784771668163,0.4261371451387718,0.40282180857132377,temp,All,Day
11.25_104.75,1.0,0.5810090834293922,0.4618217343869383,0.4199603262817445,0.4276920127295186,,0.47269527439270803,0.49008280761696155,0.43025883662539477,temp,All,Day
11.25_105.25,1.0,0.5886695466194718,0.4725790806550301,0.43248591054597635,0.4306522013596156,,0.4859436258760779,0.5037721389854223,0.4345213333235406,temp,All,Day
11.75_104.25,1.0,0.5910264970496805,0.468425061139416,0.4434583993421375,0.4517340192176121,,0.5086334750999211,0.4923125641706542,0.4528797159900046,temp,All,Day
11.75_104.75,0.9999999999999998,0.6070943385575445,0.5017599518135015,0.4818401240789658,0.4728812110231891,,0.529218942348692,0.538444645232265,0.47114345350036324,temp,All,Day
11.75_105.25,1.0,0.6018632467378736,0.5025622571870584,0.4674550109690301,0.4700794005225133,,0.5228764095948278,0.5394391705197022,0.47756824452912716,temp,All,Day
12.25_103.25,0.9999999999999998,0.5969993769971126,0.4479197382738276,0.4234545617588054,0.414007855623169,,0.47506136983852293,0.49061247178092393,0.4430832629816816,temp,All,Day
12.25_103.75,0.9999999999999998,0.6253395919409535,0.5053489892317464,0.48002739848306275,0.4854779157329498,,0.5449010625228065,0.5474253687782595,0.4932066448463883,temp,All,Day
12.25_104.25,1.0,0.6360761210718506,0.5280561620824933,0.5029137739517022,0.5106544991734271,,0.5655623417080503,0.579332465882227,0.5099675450386836,temp,All,Day
12.25_104.75,1.0,0.6221012942691174,0.5309925915762398,0.49968092850468515,0.5065629425376202,,0.5543497767440506,0.5772416033002474,0.5111129358992819,temp,All,Day
12.25_105.25,0.9999999999999998,0.6087198479345866,0.5190734666618565,0.48451307773044244,0.5053657510131826,,0.535679853721798,0.5720322639162887,0.530836187979123,temp,All,Day
12.25_105.75,0.9999999999999998,0.5933289594529636,0.5151440210155386,0.4637982133542299,0.4860590916563481,,0.5262906238735141,0.5785985096647758,0.5436374634030817,temp,All,Day
12.25_106.25,0.9999999999999998,0.5961560876423805,0.5170491509252194,0.4424252369106497,0.4787320800569115,,0.5002726149764034,0.5888195800588474,0.543651658276983,temp,All,Day
12.25_106.75,1.0,0.6000053432629014,0.5220015836722112,0.40725052558520064,0.46295974305444065,,0.4624515993795501,0.5855428439180497,0.5323927291293471,temp,All,Day
12.25_107.25,0.9999999999999998,0.6171868536858813,0.5310860434110598,0.39336933998631396,0.4589644409066785,,0.46612854067144177,0.5849361241246798,0.5317319811928527,temp,All,Day
12.25_107.75,1.0,0.6369072433321363,0.5348241028376571,0.4713831238671416,0.4715951040957958,,0.5089298418272199,0.5900192267083423,0.5427453657083346,temp,All,Day
12.25_108.25,1.0,0.6523832246877239,0.5512991704111678,0.525976553886162,0.48881146356587035,,0.5519054692052408,0.5961203954988998,0.5468889931249149,temp,All,Day
12.75_102.75,1.0,0.6529844071522015,0.4709802444358309,0.44979252457508906,0.4580624663581897,,0.5142669579178494,0.5072378769844931,0.4821052959874608,temp,All,Day
12.75_103.25,1.0,0.6795266336927397,0.5340147421880329,0.529543393520036,0.5229756031009504,,0.5994487234701,0.5684254777942552,0.5348215997160447,temp,All,Day
12.75_103.75,1.0,0.6866971618012212,0.5798813963122906,0.5705768591503021,0.5590254198101393,,0.632105974553029,0.6231638000993017,0.5681190400893587,temp,All,Day
12.75_104.25,1.0,0.6765232640702957,0.5896985655056612,0.5656448260443242,0.5639746490620784,,0.630203513293231,0.6377314777793768,0.5762296081876939,temp,All,Day
12.75_104.75,1.0,0.6580186466892399,0.5702488019781675,0.5271838487177086,0.551110847038492,,0.5910620337693105,0.6266314450807652,0.5779134677789195,temp,All,Day
12.75_105.25,0.9999999999999998,0.6431458825824327,0.5485220554205753,0.4944773544874506,0.5311556417746476,,0.5625693284376557,0.617583088962145,0.5839157691152916,temp,All,Day
12.75_105.75,1.0,0.6273461050056411,0.5452984390381289,0.5135995105223052,0.5114064005988543,,0.569807123080467,0.6179489307367981,0.5866466300263226,temp,All,Day
12.75_106.25,1.0,0.6331497417516155,0.5481558089011227,0.4988879019451767,0.5186036213343166,,0.5624152074709663,0.6226793536518475,0.5857495836202119,temp,All,Day
12.75_106.75,0.9999999999999998,0.6319099253057245,0.5512119021709739,0.47586954191450526,0.5097201764359429,,0.5309006505351668,0.6224212933206348,0.5785714588095926,temp,All,Day
12.75_107.25,0.9999999999999998,0.6463837592121137,0.56126403093902,0.49053203460678757,0.5073144615417539,,0.5349520355463784,0.6226049788906916,0.583388005701328,temp,All,Day
12.75_107.75,1.0,0.6761649198485129,0.5786591636171349,0.5275068599628194,0.5248386280908632,,0.5687429573553784,0.6383138122561275,0.5966694267215972,temp,All,Day
12.75_108.25,1.0,0.6938597563484856,0.5918244505669743,0.5710130467289537,0.5485244298444242,,0.610331080471155,0.6506772198570339,0.5964387713809853,temp,All,Day
13.25_102.75,1.0,0.7131004239574303,0.5490809269832831,0.5345516994395119,0.5340513110964348,,0.6056112517714564,0.5715585190937172,0.5653173669763146,temp,All,Day
13.25_103.25,1.0,0.7314268903160905,0.587668074065044,0.5770268123796545,0.572664677653631,,0.6423658641031494,0.6212874336193741,0.5995363399804793,temp,All,Day
13.25_103.75,0.9999999999999998,0.7306395521508541,0.6216009110629512,0.605892856688266,0.5982347795948346,,0.6596213203056631,0.6610345624781044,0.6315016070456391,temp,All,Day
13.25_104.25,1.0,0.7053890600954198,0.6140250667789929,0.5746460304148799,0.594851648390662,,0.6335642262443485,0.6659332062316639,0.6333753753358607,temp,All,Day
13.25_104.75,0.9999999999999998,0.6885230448108987,0.5919587453489572,0.5376751212014347,0.574453705989142,,0.599778255945287,0.6559423066218686,0.62745555116366,temp,All,Day
13.25_105.25,1.0,0.6744282790896667,0.5713378017076544,0.5224630184149228,0.5394688948024241,,0.5960213868106701,0.6394801050281191,0.6141201642072418,temp,All,Day
13.25_105.75,0.9999999999999998,0.6542937709226928,0.5615691197874197,0.5463027404339377,0.5125405048746247,,0.6067082452530005,0.6292268650198529,0.6055700220020819,temp,All,Day
13.25_106.25,0.9999999999999998,0.6565184097476603,0.5615809768251079,0.5357204316950582,0.5234499652426294,,0.6032651014233135,0.6324575391242864,0.6034131042078034,temp,All,Day
13.25_106.75,1.0,0.6561902283909499,0.5631517219274744,0.5110231045975496,0.5265562246085413,,0.570751931258205,0.639702544750649,0.6027029645784195,temp,All,Day
13.25_107.25,0.9999999999999998,0.6645721917461981,0.5765914782336606,0.5043850976276354,0.538437626535645,,0.5620388168908297,0.6468350650787816,0.6086773831891403,temp,All,Day
13.25_107.75,0.9999999999999998,0.6941273800943718,0.5920990123341427,0.520776872438612,0.5597771437174079,,0.5778241024525979,0.6620574907066573,0.6178884196428377,temp,All,Day
13.25_108.25,1.0,0.7136199664983505,0.6074449813981508,0.533509892320422,0.5836495104426667,,0.6078317422021973,0.6679214924344283,0.6198828584199759,temp,All,Day
13.75_102.75,1.0,0.7593992763323896,0.6048522932380074,0.5780016145485785,0.5837620069410868,,0.6511564791036039,0.6279616352349302,0.6218096958223018,temp,All,Day
13.75_103.25,1.0,0.7626426240620312,0.6259513781287106,0.5948393960181265,0.6069673735958289,,0.6648129181730256,0.6521930010770873,0.64106935009261,temp,All,Day
13.75_103.75,1.0,0.7549761761822147,0.6329370820174337,0.5907958855840937,0.6106761180953744,,0.6577684194262867,0.667347011898493,0.6530055595074344,temp,All,Day
13.75_104.25,1.0,0.7236941951600309,0.6276407395659775,0.5688914789686877,0.6049221155841032,,0.6307023142283263,0.6779942016844576,0.6576186079412336,temp,All,Day
13.75_104.75,0.9999999999999998,0.7089335894713421,0.6070470582919483,0.5543004290390001,0.5883040740793773,,0.629878199595673,0.6645968636369447,0.6455621573846391,temp,All,Day
13.75_105.25,1.0,0.6981687322559481,0.581639662478461,0.5510723774251077,0.5537256241688016,,0.6334660510306265,0.6439026928561011,0.623594532486378,temp,All,Day
13.75_105.75,1.0,0.68074764488565,0.564452525647963,0.5614759559666406,0.5186336928058489,,0.6410512126375282,0.6321844142873861,0.6091485455049271,temp,All,Day
13.75_106.25,0.9999999999999998,0.6714393494255381,0.5655597476905145,0.5378456962056254,0.5183553462555961,,0.6242094760524802,0.6421005206676488,0.6100939503263694,temp,All,Day
13.75_106.75,1.0,0.6663484859773254,0.5716461999504159,0.5119551795065337,0.5148981681119383,,0.5833539006458892,0.6496544075715927,0.6112219619771508,temp,All,Day
13.75_107.25,1.0,0.6710718658920083,0.5821239397579231,0.48772843478587474,0.5220173039618513,,0.5594270144957,0.6558862093111831,0.6133554732204057,temp,All,Day
13.75_107.75,1.0,0.694949207172052,0.5949035732303706,0.5202885857502528,0.5448649989142155,,0.5731488230728249,0.6617393333504973,0.6212101648511696,temp,All,Day
14.25_102.25,1.0,0.7841303738157189,0.6362878304858064,0.5820475605188399,0.6008157673863131,,0.6544134310559319,0.658942632345896,0.6374269339544271,temp,All,Day
14.25_102.75,0.9999999999999999,0.7960736157566239,0.6478514663036768,0.6116981058678961,0.6164479360922622,,0.6795648817309554,0.6639052981910281,0.6555049272923664,temp,All,Day
14.25_103.25,1.0,0.8011629479420981,0.6524834857489026,0.6108355072672326,0.6239793002087269,,0.6866251729524052,0.6692759448747897,0.663994882651822,temp,All,Day
14.25_103.75,1.0,0.7970447375302966,0.6500096959812569,0.5969602010342069,0.622168587322996,,0.6789639806988179,0.6751636835530598,0.6692222790465886,temp,All,Day
14.25_104.25,1.0,0.7788845749585234,0.6361380551517292,0.5914570152815515,0.6079957865858958,,0.6686414404626944,0.675382198120785,0.6644289179423684,temp,All,Day
14.25_104.75,1.0,0.7559829291899907,0.6062333034787978,0.5854695002832608,0.5834754919159809,,0.6727529726965652,0.6551702149761337,0.6400515478439085,temp,All,Day
14.25_105.25,0.9999999999999999,0.7326794316723857,0.57243838363828,0.5702703187173674,0.5434427994211999,,0.6712217449096681,0.6326857258205022,0.6114212051454219,temp,All,Day
14.25_105.75,1.0,0.7063096772704827,0.5603896159805999,0.5661359156984271,0.5227731834357725,,0.6584009447278015,0.6328315389024158,0.604870657939742,temp,All,Day
14.25_106.25,1.0,0.6869976848733217,0.5604241597448244,0.528121606416871,0.5011946912831386,,0.6134139622915702,0.6389995311736506,0.6043514380442061,temp,All,Day
14.25_106.75,1.0,0.853825978783319,0.718265640741586,0.6250302430927934,0.6078267716316109,,0.738350314586601,0.8064260925530943,0.7559414707457779,temp,All,Day
14.25_107.25,1.0,0.8670875364859584,0.7490912593034501,0.6273605002432452,0.6470365992345658,,0.7294485862812102,0.8255236453749153,0.7728705736415055,temp,All,Day
14.25_107.75,1.0,0.8718070599259126,0.7653100511504264,0.7058708776353919,0.6888606155793828,,0.782131142199376,0.84107802620507,0.78700364795429,temp,All,Day
14.25_108.25,1.0,0.9174642710695572,0.8109019470774023,0.786575749109012,0.7545860018316163,,0.853048713398977,0.8671168145963477,0.8128770586081766,temp,All,Day
14.75_101.75,1.0,0.8060091660158654,0.6708603804839752,0.6057043750742422,0.6226567420341311,,0.661597209016055,0.6793339558852932,0.6482506414054009,temp,All,Day
14.75_102.25,1.0,0.8171333510085003,0.6807148670434217,0.6460521367228129,0.6392061514434428,,0.7033294246819187,0.6878859297892896,0.6692228689036234,temp,All,Day
14.75_102.75,1.0,0.820955231468636,0.6816624169687764,0.6453878683141001,0.6482127879368572,,0.7098834421046325,0.6850816517732945,0.6782187595303875,temp,All,Day
14.75_103.25,1.0,0.8224026064503749,0.6776281751371652,0.6319927704094297,0.6483910329907769,,0.703877873142925,0.6819197236481298,0.6807145512548131,temp,All,Day
14.75_103.75,1.0,0.8183320678417767,0.6729438121279252,0.6193724165901926,0.6447703493874555,,0.6965602214432856,0.6843715366038836,0.6832661533639891,temp,All,Day
14.75_104.25,0.9999999999999999,0.8037247362494999,0.6592661457950503,0.6136372088691331,0.63376933565546,,0.6931327702100745,0.6848427539763529,0.6787586386183602,temp,All,Day
14.75_104.75,1.0,0.7823903154149003,0.6272544411110998,0.6071339174139256,0.6032992316578589,,0.6977264269199437,0.6705065160231424,0.6549023564488453,temp,All,Day
14.75_105.25,0.9999999999999999,0.7437642184346425,0.5725676905870293,0.5893607739275628,0.5518485227885847,,0.6908767666306309,0.646569169777568,0.610833312486184,temp,All,Day
14.75_105.75,0.9999999999999999,0.7138961561169492,0.5524237027396042,0.5688523425661954,0.5139706494904961,,0.6662149894530949,0.6353236813790303,0.5970971398497924,temp,All,Day
14.75_106.25,1.0,0.8552211388708448,0.6841237014342343,0.6549348576122144,0.6003593165681231,,0.7546466693173716,0.781096980737937,0.7345939326182658,temp,All,Day
14.75_106.75,1.0,0.828993401307768,0.6789511553709828,0.6348325775798214,0.5920604813616476,,0.7544447174352882,0.7669167831947299,0.7154090484667417,temp,All,Day
14.75_107.25,0.9999999999999998,0.8661720437016804,0.7404628055225673,0.6696099080630251,0.6650837606301578,,0.7877282209256503,0.8132907792032196,0.7616917249938404,temp,All,Day
14.75_107.75,1.0,0.8876992860828523,0.7871214755360976,0.7545035034321061,0.7233845478201041,,0.8343488934007296,0.8395017659769981,0.7910931711257708,temp,All,Day
14.75_108.25,1.0,0.9367223951697792,0.8323515424402218,0.8101618123415416,0.7901168386797599,,0.8785049862696409,0.8674560771114297,0.8247222901639801,temp,All,Day
15.25_101.75,1.0,0.8147431310430227,0.6754332604850486,0.6380163079127514,0.6240482461080852,,0.6884542854399658,0.6821689866727737,0.6572985889494566,temp,All,Day
15.25_102.25,0.9999999999999999,0.8275706998742832,0.6908029277621515,0.6583513258142919,0.6452279528728574,,0.7183730134679008,0.6914486175337909,0.6757594904854295,temp,All,Day
15.25_102.75,1.0,0.8314879824751576,0.6973244815650381,0.6568500572511892,0.6588553292795176,,0.7188202817308743,0.6934980289756649,0.6830994576201921,temp,All,Day
15.25_103.25,1.0,0.836517624003751,0.6990187159456043,0.6466930966439035,0.6660958919231217,,0.7110990648555098,0.6942553352279607,0.6880453374787282,temp,All,Day
15.25_103.75,1.0,0.8379281829930766,0.698029493823679,0.6381707488439086,0.6666231455419546,,0.7060586562309419,0.6977989986091067,0.6965957063177545,temp,All,Day
15.25_104.25,1.0,0.8300594776169065,0.6854882065748977,0.6290801164579479,0.6552042313241719,,0.7062185347467598,0.7012655388017013,0.6929757426971285,temp,All,Day
15.25_104.75,1.0,0.8146057853735521,0.6655222021117845,0.6242914783345141,0.6342900027531189,,0.7040766239154913,0.697105941984587,0.6807722354750677,temp,All,Day
15.25_105.25,1.0,0.7720534402486164,0.6066809273614239,0.6083168855557715,0.5744321405799712,,0.7008768416166937,0.6663363611552763,0.6323356893415221,temp,All,Day
15.25_105.75,1.0,0.8941578569954898,0.7088982074329695,0.6989133298395237,0.6496727256230151,,0.8192638006993828,0.7951431731108747,0.74242935748557,temp,All,Day
15.25_106.25,1.0,0.8603183039844271,0.7043095958474801,0.6669719644180166,0.6265681783773794,,0.7739421454612143,0.777678613573082,0.7381719227347261,temp,All,Day
15.25_106.75,1.0,0.8535848325449822,0.7117276949131471,0.6773041877287935,0.6400093013178494,,0.7858604439542844,0.7876875929404253,0.7388172600724556,temp,All,Day
15.25_107.25,1.0,0.892492244110883,0.7675172257701421,0.7296489227850245,0.7229697778410996,,0.8122073470194705,0.821785335779148,0.7823904127742229,temp,All,Day
15.75_101.75,1.0,0.8069740813232402,0.6616026122869465,0.6366961759912284,0.606226945983505,,0.6949798812461658,0.6654283526941311,0.649795515367621,temp,All,Day
15.75_102.25,1.0,0.8224635425172412,0.6786774303134553,0.6504090294327338,0.6292601701020759,,0.7144079260263845,0.6726938664041697,0.6648514877204912,temp,All,Day
15.75_102.75,1.0,0.8391911274277786,0.701568928515516,0.6593755646501858,0.6595770744658734,,0.7217567784196525,0.6954274419038674,0.6849552767328516,temp,All,Day
15.75_103.25,1.0,0.8489760568041913,0.7073076665202402,0.6532719441110709,0.6725607085731765,,0.7187292643975737,0.7024835404254944,0.6961556251429515,temp,All,Day
15.75_103.75,1.0,0.8520612397010828,0.7079979824042323,0.6455324767690146,0.6752907275236598,,0.7110174011625976,0.7084428807948324,0.7046913519642565,temp,All,Day
15.75_104.25,0.9999999999999999,0.8505217865797297,0.7061045997736343,0.6432960052196391,0.6725767103223852,,0.7127424656861873,0.7173260184169629,0.7080406801656222,temp,All,Day
15.75_104.75,1.0,0.8393479662304146,0.6923830574670259,0.638754688320174,0.6587065706515789,,0.712733685956923,0.7161365717249297,0.6994424482109968,temp,All,Day
15.75_105.25,1.0,0.9610067938488445,0.7781607021026453,0.7390629315353526,0.7409971499230014,,0.8320523803217162,0.8246937515389532,0.7934657020013185,temp,All,Day
15.75_105.75,1.0,0.9353478187337193,0.7594414755682705,0.7116893884507824,0.7151538543779948,,0.8037166336380532,0.8132505801719799,0.7796635642888019,temp,All,Day
15.75_106.25,1.0,0.9001557484300501,0.7465416795352784,0.701020684270029,0.6995839869652667,,0.7912109071412354,0.8013517149588748,0.7662878239522899,temp,All,Day
15.75_106.75,0.9999999999999998,0.9119303789243168,0.7729501270502053,0.7181087362085037,0.7398381589888557,,0.7675442257782323,0.8163284744311757,0.7848284892336224,temp,All,Day
16.25_101.75,1.0,0.8101691661336419,0.6704017508607512,0.6486339517390772,0.6108936073011283,,0.705454474377418,0.6728569945390928,0.6547224059362967,temp,All,Day
16.25_102.25,1.0,0.8181756673249473,0.6791018736080369,0.6530765557392405,0.6274352857815595,,0.7145731557201213,0.6674729145073267,0.6611685594068917,temp,All,Day
16.25_102.75,1.0,0.8438254376188851,0.7044650663158633,0.6700573878706764,0.6618192908798981,,0.732953910051537,0.6965002878296516,0.6866173368416456,temp,All,Day
16.25_103.25,1.0,0.8565015244186547,0.7121230906657786,0.665704140926624,0.6767979452839473,,0.7275209822119343,0.7088016419255615,0.6992525992956472,temp,All,Day
16.25_103.75,1.0,0.8598813491749965,0.7146601255838867,0.6577786826072916,0.6798599755033738,,0.721218889780263,0.7159492039705153,0.7110581230136332,temp,All,Day
16.25_104.25,0.9999999999999999,0.8622725893894007,0.7173465799506366,0.6613975657960821,0.6823995289302646,,0.7245221291031168,0.7296105135861364,0.7201917742509035,temp,All,Day
16.25_104.75,0.9999999999999999,0.9779994493293493,0.8063734000897405,0.7470670908103513,0.7761515277640512,,0.8197921222046287,0.8298295963549219,0.8165064294924957,temp,All,Day
16.25_105.25,1.0,0.9728543497138279,0.7959947159899319,0.7343514508972416,0.7714962763829303,,0.8136012593130504,0.8249019187932266,0.8074714536266986,temp,All,Day
16.25_105.75,0.9999999999999998,0.9642863013313906,0.7951869107632351,0.6959503009864138,0.7830787499002977,,0.774380039299963,0.8213726068184166,0.8066970545083577,temp,All,Day
16.25_106.25,1.0,0.9654963253340308,0.804001479604352,0.6823381565403965,0.8116558253614702,,0.7360413337164619,0.8253740772487609,0.814260753499841,temp,All,Day
16.25_106.75,0.9999999999999999,0.968151744379024,0.8212797612582361,0.7369904754056842,0.8351459221283413,,0.7879119126356372,0.8462427703707719,0.8284591544538216,temp,All,Day
16.25_107.25,1.0,0.9760433089449563,0.843856354291099,0.7887040941951869,0.8617479342173646,,0.8249786751473814,0.8716181591838744,0.8535050984997391,temp,All,Day
16.75_101.75,0.9999999999999999,0.8124894164151123,0.6877233583987129,0.6627945738628654,0.6321202581786945,,0.7181988204735852,0.6845406639925641,0.6673808261396462,temp,All,Day
16.75_102.25,0.9999999999999999,0.8265205181652775,0.6982631651861612,0.6776257931016321,0.6504201026142052,,0.7384092157166195,0.688416207762788,0.678703603947907,temp,All,Day
16.75_102.75,1.0,0.845087585154566,0.7064460108724495,0.6835497664453296,0.6668201531814448,,0.749355163629015,0.7023932302376343,0.6915466105229249,temp,All,Day
16.75_103.25,1.0,0.8599731327164276,0.7136990922542777,0.6836627655046202,0.6797639512279732,,0.7457673995524315,0.715880396348457,0.6998946633217683,temp,All,Day
16.75_103.75,1.0,0.8661426565411897,0.7171561256905092,0.6736192467341353,0.684657837379023,,0.736823614587037,0.72326318454342,0.7164249449164529,temp,All,Day
16.75_104.25,1.0,0.866918461985904,0.716751581207224,0.6708380088600892,0.6847037356306007,,0.7316787460036513,0.7276473695958775,0.7239495788258886,temp,All,Day
16.75_104.75,1.0,0.9757856749046447,0.8047544149411648,0.7500859285491682,0.7789916584621722,,0.8188010914836394,0.8214509796469216,0.8171158174898133,temp,All,Day
16.75_105.25,1.0,0.978509311293514,0.8039423182172195,0.7325290381076867,0.7957073681647553,,0.7920952227027662,0.818654955901305,0.8208903795266984,temp,All,Day
16.75_105.75,1.0,0.9767449141531702,0.8111291073186959,0.702630058138679,0.8234736038002074,,0.7422013081516042,0.81958301586127,0.8238883892374494,temp,All,Day
16.75_106.25,1.0,0.9835165499820577,0.8207859676827362,0.7191898828339246,0.8533849956205406,,0.7413509504036048,0.8354273588904333,0.8348428050782903,temp,All,Day
17.25_101.75,1.0,0.8352348845800288,0.7093523729613656,0.6841160092646926,0.6689030964217452,,0.728578164347358,0.7100443687277067,0.686094309275572,temp,All,Day
17.25_102.25,1.0,0.8389339820257002,0.708618826120514,0.6890140578770709,0.6728512427911499,,0.745648110957624,0.7034467769317242,0.6886142219709003,temp,All,Day
17.25_102.75,1.0,0.8493086903903616,0.7055285244344428,0.6872078780577037,0.674117384610418,,0.7483943133127416,0.7040728084397632,0.6929516542324151,temp,All,Day
17.25_103.25,0.9999999999999999,0.8595320667661007,0.7081973511429135,0.6875434076384556,0.6806317700984039,,0.7454021015087898,0.7125498305057304,0.6962910843220139,temp,All,Day
17.25_103.75,1.0,0.8662111637248532,0.712289868771691,0.6792210834641668,0.6878998457251958,,0.7351490334673546,0.7165527817646127,0.7121041640943079,temp,All,Day
17.25_104.25,1.0,0.8639360824357836,0.7099499687673118,0.6705020741260465,0.6865679216782525,,0.7278042025309786,0.7162548342185234,0.7194869300803729,temp,All,Day
17.25_104.75,0.9999999999999999,0.9675489586227296,0.794707829249719,0.7459509500340423,0.7716894677925139,,0.8172739627396093,0.8052265928033546,0.8112631127924433,temp,All,Day
17.25_105.25,1.0,0.9811921906554659,0.8148358211028949,0.7301742888694298,0.8181004181411524,,0.7748455947187839,0.821054473499542,0.8331049869519556,temp,All,Day
17.25_105.75,1.0,0.9849654852644568,0.823909539866549,0.7291919418415663,0.8478540143546189,,0.7510629428498528,0.8298318310687619,0.8420703250079107,temp,All,Day
17.25_106.25,0.9999999999999999,0.9870963557769384,0.8108557320882901,0.7178132482075006,0.8650312231813623,,0.737988155574433,0.8432556027383167,0.8412539103775625,temp,All,Day
17.75_101.25,1.0,0.8356500203484171,0.7148666296066061,0.6778774121647525,0.6770071520359532,,0.705755625665128,0.7286780464013257,0.6803029568070174,temp,All,Day
17.75_101.75,0.9999999999999999,0.8472335189788451,0.722326511019601,0.6920044263490347,0.6946194912121746,,0.7342306570391427,0.7319049778508626,0.6932068619256876,temp,All,Day
17.75_102.25,1.0,0.8431790037791678,0.7095047868357637,0.6869896721448457,0.6833275200737228,,0.7335618596945019,0.7088962061505463,0.690166778954425,temp,All,Day
17.75_102.75,1.0,0.8477893042719786,0.6998367860237839,0.6821632440881613,0.6772195429026525,,0.7391602738330681,0.7012459066483692,0.6898030731531963,temp,All,Day
17.75_103.25,1.0,0.8551594598646934,0.6995808477246449,0.6791937753345573,0.680559933170625,,0.7371586483290644,0.7059424848240122,0.6912210213051911,temp,All,Day
17.75_103.75,0.9999999999999999,0.8608757445428186,0.7071785067664484,0.6774220573129629,0.6884151986731419,,0.7329801768802835,0.7140044964588602,0.7052177352720032,temp,All,Day
17.75_104.25,1.0,0.9756283126207712,0.805597206121534,0.756242012450532,0.7888915526946879,,0.8140482080172604,0.8155338391690174,0.8144780007948658,temp,All,Day
17.75_104.75,1.0,0.9721834983886402,0.8086216339223761,0.7517152552137609,0.7949566983693661,,0.7928664348304928,0.8226440102994709,0.8242140046660562,temp,All,Day
17.75_105.25,1.0,0.9824511405744354,0.829193110036412,0.7759317826105397,0.8351506083756468,,0.7905374607286274,0.8431172193411735,0.8435696415167059,temp,All,Day
18.25_101.25,1.0,0.9588465604815908,0.8216534553761862,0.7751610530119394,0.7959596780132391,,0.8080780300061668,0.8552374454084516,0.7788208193976706,temp,All,Day
18.25_101.75,1.0,0.960582216089566,0.8233024104250709,0.7821520061724389,0.8033355170532466,,0.823485760621649,0.8524299389813287,0.7872256149865917,temp,All,Day
18.25_102.25,1.0,0.9545166180944268,0.8117565361969438,0.7782778176374956,0.7898472868774349,,0.8263343022073734,0.8283438855543598,0.7886934052894223,temp,All,Day
18.25_102.75,0.9999999999999999,0.9570482344282661,0.7946618522793758,0.7675198995051484,0.7832127325648245,,0.8266430410979457,0.8197239298667565,0.7916545236985124,temp,All,Day
18.25_103.25,0.9999999999999999,0.8472195968777115,0.7050553071436679,0.6736471944241041,0.6905814455483361,,0.7160876545835372,0.7177977034542204,0.7023396089902222,temp,All,Day
18.25_103.75,1.0,0.8507670472539004,0.7094964332125532,0.6717203425603016,0.6968745937550948,,0.7107663793143933,0.719867894613001,0.7119986833398663,temp,All,Day
18.25_104.25,0.9999999999999999,0.9711430202612256,0.8168544305984808,0.7529004805118538,0.8132897235252317,,0.7865342813962107,0.8318850925371136,0.8283025783579022,temp,All,Day
18.25_104.75,0.9999999999999999,0.976040564820023,0.8238413487502446,0.7860730555856998,0.8383775840505525,,0.8147892811160077,0.8432454603703592,0.8434424234060272,temp,All,Day
18.25_105.25,1.0,0.9840301402485602,0.8323371346284307,0.7931930443951662,0.8604547456693709,,0.8170911991706821,0.8480724477282711,0.8555426821748925,temp,All,Day
18.75_101.25,0.9999999999999999,0.9567510137222732,0.8141785105101634,0.7469985590632812,0.7907265887308208,,0.7578184345459387,0.8613518198289867,0.7605927071635622,temp,All,Day
18.75_101.75,1.0,0.9522615947354449,0.8238249947422596,0.7751813067198341,0.7979231344163018,,0.7996065546265803,0.8648760279575586,0.780440481188011,temp,All,Day
18.75_102.25,1.0,0.9471948136990009,0.823524871121494,0.7969178528269074,0.7951703274211491,,0.8159060618666947,0.8558983325332807,0.7938661024861892,temp,All,Day
18.75_102.75,0.9999999999999999,0.946959979572335,0.8129949827613743,0.7629601980193912,0.7900577063895927,,0.8139978397458906,0.8471347776149039,0.7960473480392047,temp,All,Day
18.75_103.25,0.9999999999999999,0.9537846787485023,0.8199028972861189,0.7809193692244584,0.797441936440932,,0.8071992335506557,0.8448239753866164,0.8052324309450564,temp,All,Day
18.75_103.75,1.0,0.9605604870440145,0.8190148784455855,0.7707540423586169,0.8165191042264724,,0.8022614530058914,0.8418302108022511,0.8211325462582657,temp,All,Day
18.75_104.25,0.9999999999999999,0.9729254850203325,0.8305043511132552,0.7937368890617833,0.843932778002399,,0.8208013093805568,0.8439517219984844,0.8443023873847326,temp,All,Day
18.75_104.75,1.0,0.9834954769020423,0.83467268597066,0.8120450449810276,0.8647251579101816,,0.8277402909038528,0.8403568051469492,0.8592631366292725,temp,All,Day
19.25_101.25,0.9999999999999999,0.9535196589646514,0.8118999915013188,0.7530193283836739,0.7836149253284479,,0.7498256966169442,0.8676331047127623,0.7495221068989137,temp,All,Day
19.25_101.75,1.0,0.9435189630981696,0.8191724712300431,0.771057498763895,0.7976220348399569,,0.7890781967873444,0.8665396204028444,0.7718704342872209,temp,All,Day
19.25_102.25,0.9999999999999999,0.9462455747014428,0.8182770216621653,0.7693547536688156,0.8074378876300606,,0.7777961252688593,0.8609254453449716,0.7887325817858778,temp,All,Day
19.25_102.75,0.9999999999999999,0.9411241364913405,0.8285702588411218,0.7873933059604997,0.8143958345340881,,0.793700483214648,0.8592090365481062,0.8028093077018593,temp,All,Day
19.25_103.25,1.0,0.9447971973308243,0.8370529640706145,0.7973390368761613,0.8293550542142138,,0.8150642321714126,0.857855856577574,0.8186071504193765,temp,All,Day
19.25_99.75,0.9999999999999999,0.9770861801425498,0.81134347885195,0.7675298233189871,0.7934464388670333,,0.7794872388514845,0.8554119839569593,0.7194911931311213,temp,All,Day
19.75_100.25,1.0,0.9724612139438032,0.8036567710146736,0.7473706014089095,0.8073699580530455,,0.7525532279783413,0.8681527094887505,0.7192243486423056,temp,All,Day
19.75_100.75,1.0,0.9679398229023373,0.795332369107006,0.7285558266475873,0.8091757412049568,,0.7263549811155466,0.8605879298928674,0.7368609918045493,temp,All,Day
19.75_101.25,1.0,0.954130560880163,0.8029086999074365,0.7432618642925256,0.8089037659488194,,0.7387079888722046,0.8695300819043136,0.7511951986197057,temp,All,Day
19.75_101.75,1.0,0.9460664701455638,0.8089857420361561,0.7699167175259255,0.8186037293581431,,0.7655215123975901,0.8725103724917703,0.7638234187313607,temp,All,Day
19.75_102.25,1.0,0.9433223558413424,0.8160877583505246,0.7541630691370482,0.8277709082500596,,0.7551324253459178,0.8649135257758009,0.7808699672938901,temp,All,Day
19.75_102.75,0.9999999999999999,0.9453863457707201,0.8245877208081268,0.7783488197307661,0.8415783010384829,,0.7766037410944141,0.8611132420401566,0.8101646904840638,temp,All,Day
19.75_103.25,1.0,0.9487660641231391,0.834301059588875,0.7956757441362334,0.850900523756834,,0.8057921369362455,0.8590232423010081,0.8281544290857062,temp,All,Day
19.75_99.25,0.9999999999999999,0.9723027249988768,0.8053227440894787,0.7619624470279909,0.8058773918841831,,0.7567995530822251,0.8579597561390324,0.7218501465282124,temp,All,Day
19.75_99.75,1.0,0.9742832139061975,0.8059666834124165,0.7697393154241418,0.8053086513164447,,0.759574109224179,0.8628094153221084,0.7162765920361363,temp,All,Day
20.25_100.25,1.0,0.9688271453555372,0.8052659126728328,0.7530372684240818,0.8130611962839982,,0.7555785299527297,0.8748041114182845,0.7251724884159977,temp,All,Day
20.25_100.75,0.9999999999999999,0.9664264047451001,0.7893809757081011,0.7329133902064059,0.8169740791385758,,0.7216160139445918,0.8678924432720773,0.7345431700201468,temp,All,Day
20.25_101.25,1.0,0.9606306684225865,0.7860998728992254,0.7351251757227247,0.8205011058540801,,0.7163779614291019,0.8683921280756483,0.7473037807971163,temp,All,Day
20.25_101.75,0.9999999999999999,0.9539859502787098,0.7977763419488555,0.750981666778999,0.8239875980258337,,0.733837284091178,0.8721958483285372,0.7613051918998768,temp,All,Day
20.25_102.25,0.9999999999999999,0.9511703580919831,0.8141527463692593,0.7626278964216108,0.834117277949658,,0.7482749991665764,0.8781480914860167,0.7861986984155218,temp,All,Day
20.25_102.75,0.9999999999999999,0.9533920974232585,0.8243073872466792,0.7773398153592675,0.8489644738828128,,0.7554624267957889,0.8601067529344332,0.8139838591389992,temp,All,Day
20.25_103.25,1.0,0.9598150948426453,0.82378950669277,0.7878175237306981,0.8605281132441538,,0.7756532311420428,0.858074263948043,0.8304391884302912,temp,All,Day
20.25_99.25,1.0,0.9718232059698576,0.8076649257942573,0.7654096089002408,0.8144063633399515,,0.747346625987085,0.8656764916300236,0.7261183316049722,temp,All,Day
20.25_99.75,1.0,0.9715253378078532,0.8101285808484922,0.7684376225631016,0.8145617963715607,,0.7462337976703509,0.8657822014736408,0.7257513459693746,temp,All,Day
20.75_100.25,1.0,0.973555984591988,0.8002186266423036,0.75936674166833,0.8194049940801821,,0.7430969578566085,0.8663447564718391,0.7310244450783984,temp,All,Day
20.75_100.75,1.0,0.9710215610207641,0.7879805728661015,0.7376860061197814,0.8237695273794982,,0.7311537617938499,0.8669006722391788,0.7355872851696039,temp,All,Day
20.75_101.25,1.0,0.9639467678252522,0.7837347619701759,0.7247629618613274,0.8271019366987274,,0.7223875306547479,0.864003754175656,0.7463018047063205,temp,All,Day
20.75_101.75,1.0,0.9564569098006446,0.7915565423880745,0.7504816198525674,0.8285802824688285,,0.7267746866517327,0.8652177119590768,0.7619409754215843,temp,All,Day
20.75_102.25,1.0,0.9551746220535139,0.805082128125549,0.7611057813544566,0.8407103749353233,,0.7457599829624219,0.8695860611950753,0.789881447954114,temp,All,Day
20.75_102.75,0.9999999999999999,0.956960877052519,0.8208194622391111,0.7793032808396858,0.8551488778076738,,0.7625408281258318,0.862870211868951,0.8168036723306709,temp,All,Day
20.75_103.25,1.0,0.963715655030223,0.8104475224860835,0.7858554075826654,0.8648259436790929,,0.7766979541717695,0.85766259652782,0.8310243607155898,temp,All,Day
20.75_99.75,1.0,0.9728306229194537,0.8139120371375536,0.7696989296861897,0.8239831889810976,,0.762126482467474,0.8715078427923595,0.7316548978844845,temp,All,Day
21.25_100.25,1.0,0.9757664151487584,0.8119305681608372,0.805378041001148,0.8295241589497024,,0.7609632093492308,0.8561541149117281,0.7466314420660584,temp,All,Day
21.25_100.75,1.0,0.9745787877247234,0.7976624732313923,0.7748935792980608,0.832742020296026,,0.753961630372126,0.8577038947742127,0.7517709776839373,temp,All,Day
21.25_101.25,0.9999999999999999,0.9712537772443757,0.7888305479590098,0.7466555407021407,0.8369552575715423,,0.7310010574082842,0.8579741609162538,0.7555589898415621,temp,All,Day
21.25_101.75,1.0,0.9651940484489433,0.7975783891444219,0.7422745549393002,0.8403270701453356,,0.7264770979534867,0.8620018398529344,0.7706767921564025,temp,All,Day
21.25_102.25,1.0,0.9515486174608596,0.7971542283204001,0.7659635817515398,0.8408878254675342,,0.7472553231691287,0.8578158560850396,0.7916547404949554,temp,All,Day
21.25_102.75,1.0,0.9573079348939316,0.8152394502863849,0.7922708142206426,0.8599090507188661,,0.7758300272891038,0.8606948498519466,0.8179828888954567,temp,All,Day
21.25_99.75,0.9999999999999999,0.9668243331205655,0.8294016408043924,0.7910766261087253,0.8270738755514124,,0.7832501211646409,0.8718039897550252,0.7468475064799331,temp,All,Day
21.75_100.25,1.0,0.9811521222197832,0.8309000083216291,0.7902504461922877,0.8458786300201188,,0.770313968365503,0.8592961709081571,0.7560802007632583,temp,All,Day
21.75_100.75,1.0,0.9809804821312098,0.8097135640704901,0.7792403834832894,0.842317420277668,,0.7545345340497257,0.8559996656319371,0.75895701762502,temp,All,Day
21.75_101.25,1.0,0.9806333815797864,0.805944701318579,0.7673431176529132,0.8473625632620884,,0.740515867393249,0.8587955791809161,0.7693887039646905,temp,All,Day
21.75_101.75,1.0,0.9761987714665626,0.8078548976064276,0.7504788214134979,0.8518061106105238,,0.728921450205478,0.8673154984373552,0.7819476922323325,temp,All,Day
21.75_102.25,0.9999999999999999,0.9627227913891816,0.8092592035259129,0.7738784258224031,0.852520968661571,,0.7497951887953582,0.8650432797568335,0.7999528762711843,temp,All,Day
21.75_99.25,1.0,0.9742537939636637,0.8433973262414365,0.8461016085655312,0.8524866936798218,,0.8281881966019118,0.8797174610837254,0.7603007321970472,temp,All,Day
21.75_99.75,1.0,0.9756306258721803,0.8272906909533423,0.8129134369042276,0.8484121403829931,,0.7789862207908855,0.8724650814042031,0.7619259628174496,temp,All,Day
22.25_100.25,1.0,0.983343159012954,0.8370386469567581,0.8015281090110242,0.8648507817034748,,0.7712888259034387,0.8842023626371333,0.773030174566037,temp,All,Day
22.25_100.75,1.0,0.9836440088306574,0.8229965780036456,0.7849828997127282,0.8529344678307325,,0.757957836525722,0.8719071780303724,0.7767267791754522,temp,All,Day
22.25_101.25,1.0,0.9850348504824623,0.8193987311248844,0.7881386244890605,0.8566810928041886,,0.7589599441907883,0.8674136224446904,0.785337178140738,temp,All,Day
22.25_101.75,1.0,0.9822158668459787,0.8127676597189425,0.7687276344710875,0.8627274772378158,,0.7447970836193577,0.8736756942649637,0.7946993310719291,temp,All,Day
22.25_102.25,1.0,0.9775020639684262,0.823530748274869,0.7833181915383514,0.8685225804044358,,0.7541686520506196,0.8726644975992862,0.8123039185152766,temp,All,Day
22.25_99.75,1.0,0.9779394242578909,0.829449341575276,0.8298710097833083,0.8679316142405537,,0.8032772618817814,0.8749187244911217,0.7684720542913812,temp,All,Day
22.75_100.25,1.0,0.9836979083751718,0.8571675095977739,0.8235885110374769,0.8759639983296966,,0.8140236511039721,0.9033081792252692,0.7954534552382129,temp,All,Day
22.75_100.75,1.0,0.9861324562507433,0.8481621414191188,0.8213279623303459,0.8705632794826245,,0.814856065127078,0.8929722478460164,0.7986607196330143,temp,All,Day
22.75_101.25,1.0,0.9865600679329402,0.8476296349335981,0.8134061545488077,0.8698511440872192,,0.7988628429934024,0.8954809111949409,0.8015059586032552,temp,All,Day
22.75_99.75,1.0,0.979293860694531,0.858735058398387,0.8456220415433917,0.8774498369173442,,0.8152355649547812,0.9031380140430059,0.7888931379631299,temp,All,Day
23.25_100.25,1.0,0.986234459112671,0.8696946345893268,0.8550190152411568,0.8858545298723132,,0.8365120938977088,0.9151129307485023,0.815796037164535,temp,All,Day
23.25_100.75,1.0,0.9882431165447603,0.8740731221243441,0.8656222800076624,0.8852914052807737,,0.8432738829708002,0.914642354462569,0.8206403135160765,temp,All,Day
23.25_99.25,1.0,0.9847716919732785,0.8527192435724841,0.8451368087165075,0.8856144993876991,,0.8246228146621037,0.8985889366440464,0.8114033421497279,temp,All,Day
23.25_99.75,1.0,0.9844959385068652,0.8766249887874634,0.8593692551654802,0.887616964445024,,0.8372054356276479,0.9123876956613974,0.8116182192383466,temp,All,Day
23.75_100.25,0.9999999999999998,0.9844141024099744,0.8885429214784324,0.8672091297843291,0.8917372754498297,,0.8557039059060226,0.9279016545374693,0.8364851055198465,temp,All,Day
23.75_100.75,1.0,0.9874450130278123,0.8873993996390479,0.8691047754339764,0.894126669319289,,0.8525920906873213,0.9258184060303115,0.8395361540673848,temp,All,Day
24.25_100.25,1.0,0.9874124580509801,0.9045295307383603,0.8730180710492365,0.8987353245518912,,0.8685040156868583,0.9351505867051355,0.8593096165274605,temp,All,Day
24.25_100.75,1.0,0.9859430187679386,0.8993317070548625,0.8694152161621499,0.8983164290594389,,0.8711662568534932,0.928013046647624,0.8554141548103037,temp,All,Day
24.25_99.75,1.0,0.9882989340240594,0.8974156390019635,0.887269863600047,0.9031527024655513,,0.8832063488160709,0.9307451533575233,0.8583647632995662,temp,All,Day
24.75_100.25,1.0,0.9921403776675743,0.9152913287546248,0.8877805755926135,0.9027126100739628,,0.8829632321567595,0.9388359819013523,0.8827067868412554,temp,All,Day
24.75_99.75,1.0,0.9926546050191845,0.9059006753755038,0.8913763702944711,0.9060104729405865,,0.8834982827442494,0.938027576167421,0.8822126523967446,temp,All,Day
25.25_99.75,1.0,0.9910118771012869,0.9146149232452856,0.8950658515032036,0.8969313151934222,,0.8912521479345515,0.9421927055612811,0.8973473421493465,temp,All,Day
25.75_100.25,1.0,0.9859618257189935,0.920703534937885,0.9039660601313813,0.8843241390152529,,0.906047761044357,0.9367999322856854,0.8964603240341399,temp,All,Day
25.75_99.25,0.9999999999999998,0.9790911086605186,0.9158647910067952,0.9104907478444584,0.8999354151290035,,0.9175941060126924,0.935028475654235,0.9084387743112065,temp,All,Day
25.75_99.75,1.0,0.9844942978488643,0.9228566462467734,0.9082803738032571,0.8955511347382288,,0.9144080769749715,0.9404168578852397,0.9053538137112183,temp,All,Day
26.25_99.25,0.9999999999999998,0.9807868830391497,0.9311858115757343,0.9352602722369063,0.9139660917788418,,0.9418974056894623,0.9448701105342951,0.9223976121732466,temp,All,Day
26.25_99.75,1.0,0.9823590311908853,0.9312619963852161,0.9294628810679999,0.905764214158561,,0.9337177982945011,0.9430825652620963,0.9135586823078705,temp,All,Day
26.75_99.25,0.9999999999999998,0.9838220104582427,0.9388369825935243,0.9447236108852295,0.9248991443785226,,0.9513578480693686,0.9518446479497703,0.9303194868128392,temp,All,Day
27.25_99.25,1.0,0.9842182080925386,0.9425300214904315,0.9487376759835008,0.9280641931736184,,0.9544730406315615,0.9552263688574066,0.9380892917245461,temp,All,Day
27.75_98.75,1.0,0.9838695665972323,0.9417307707120087,0.9412109579871794,0.9278660132037015,,0.9338748830612242,0.9526858226413276,0.9406104616308055,temp,All,Day
28.25_98.75,1.0,0.9886474980023175,0.9457397318000659,0.9495074007070624,0.9147796982239815,,0.9455917730585097,0.9412673762470537,0.9478241622166262,temp,All,Day
28.75_98.75,0.9999999999999999,0.9889108230010935,0.9501847625762313,0.9573918355685057,0.913637484024393,,0.9560356067863371,0.9480600900911628,0.9536029583514656,temp,All,Day
29.25_98.25,1.0,0.9853140060889971,0.9398493244810983,0.9565204733391184,0.908313673303645,,0.9551029910081301,0.9486839156961164,0.9589352474037801,temp,All,Day
29.75_98.25,0.9999999999999999,0.9841062796872841,0.9448577959041963,0.9601502130728438,0.9013460895750124,,0.9594420960310244,0.9437663614449158,0.9600575113534496,temp,All,Day
30.25_97.75,0.9999999999999999,0.9837668293273762,0.9519950896774079,0.9541324995542536,0.8966994073012979,,0.9552818801657981,0.9417416852364541,0.9595604794216347,temp,All,Day
30.25_98.25,1.0,0.9839254856818819,0.9501189436296879,0.9592826731027982,0.897568983004231,,0.9547621929287222,0.9448112980424485,0.9612548155528173,temp,All,Day
30.75_97.25,1.0,0.9832856683936405,0.9580450751159728,0.9549495838421427,0.9064725840007584,,0.9566248814831018,0.9525955691784594,0.9602097182542206,temp,All,Day
30.75_97.75,0.9999999999999999,0.983414158380792,0.9562797455819911,0.9538591467383342,0.8959286101113487,,0.9574913268544298,0.9514931209268742,0.9604883954171443,temp,All,Day
31.25_96.25,1.0,0.9795869097072101,0.9574103331509621,0.9609409099899999,0.9130724555243189,,0.9598608479917325,0.9558462850202418,0.9599946349237446,temp,All,Day
31.25_96.75,1.0,0.97828852174276,0.9565803668672388,0.9599176145632824,0.9127296322971512,,0.9587634941666603,0.9540329426247285,0.9594656271677974,temp,All,Day
31.25_97.25,1.0,0.9806445193871985,0.9577299566109935,0.9568460474296686,0.9080581977703275,,0.9547325014935759,0.9532867170302158,0.9600028850560739,temp,All,Day
31.75_95.75,1.0,0.9781939372724736,0.9574798135503195,0.9609344345395312,0.9142054350565161,,0.9536550741416744,0.9436855763360965,0.9623361445144444,temp,All,Day
31.75_96.25,1.0,0.977428073673143,0.9569650797711349,0.9615889818663724,0.913504732348603,,0.9608376155205244,0.9545442749410187,0.9593290976601917,temp,All,Day
31.75_96.75,1.0,0.9770303181546274,0.9572437739542237,0.9629577453423421,0.9092292349188698,,0.9594628359701437,0.9563926040890611,0.959582476483422,temp,All,Day
31.75_97.25,0.9999999999999999,0.9791148813460941,0.9585014968112715,0.9615801909372126,0.9039028513215507,,0.9595060911327439,0.9553548307626402,0.9609219339148705,temp,All,Day
31.75_97.75,0.9999999999999999,0.979080038886553,0.9587320107755899,0.9583174808673511,0.9005997090177164,,0.9586479756606852,0.9498356881549872,0.9592341550197715,temp,All,Day
32.25_94.75,1.0,0.976828240405388,0.9579196135534752,0.9651830501658673,0.9186220497467371,,0.9592213149808724,0.9423329295619391,0.9599409306519538,temp,All,Day
32.25_95.25,1.0,0.9782763497631946,0.9577224310976196,0.964080348234693,0.9184868829650753,,0.9601218764374039,0.9507999680737047,0.9607442708614012,temp,All,Day
32.25_95.75,1.0,0.9771302806791213,0.9565115512920889,0.9623767191369845,0.9165836431355565,,0.9596229224271465,0.955860787946067,0.9585504058464553,temp,All,Day
32.25_96.25,0.9999999999999999,0.9716354827970807,0.9519683989459157,0.9575214592082347,0.9088535291681649,,0.9534766152329263,0.9540140042768813,0.9525043546492158,temp,All,Day
32.25_96.75,1.0,0.9740714011357555,0.957246594722727,0.9609460607377104,0.908576984883444,,0.9579231770401014,0.9581636230633276,0.9562392305226572,temp,All,Day
32.25_97.25,1.0,0.9768122095797246,0.9593945550887061,0.9626835891089672,0.9031537821736295,,0.9594416573243043,0.9557969625723635,0.9586964551356442,temp,All,Day
32.25_97.75,0.9999999999999999,0.9778553200780356,0.9599825729541702,0.9603239349363111,0.9033592423313833,,0.9603633200688878,0.9523456107100446,0.958440833458215,temp,All,Day
32.75_94.75,0.9999999999999999,0.9789092644630516,0.9580308426171933,0.9653452794084356,0.9210562421986178,,0.9606378013633301,0.9499123781876816,0.9596601690203042,temp,All,Day
32.75_95.25,1.0,0.9778653773477302,0.9561988701938543,0.9653146210976072,0.9187729795065126,,0.9609975551905958,0.9540587023236679,0.9589635154517734,temp,All,Day
32.75_95.75,1.0,0.9779654324605628,0.9575586593835175,0.9635840304011036,0.9174534923850579,,0.9570465560404924,0.9578494775958267,0.9595033157038784,temp,All,Day
32.75_96.25,0.9999999999999999,0.9762823032059299,0.9576785324691163,0.9611565813411374,0.9155072012443922,,0.9598841800599518,0.9591774707021349,0.9579118145116828,temp,All,Day
32.75_96.75,1.0,0.9744741653745674,0.9583899834712044,0.9549963836845219,0.9130430775405822,,0.955034355119308,0.9584050697559242,0.956538367651526,temp,All,Day
33.25_94.25,0.9999999999999998,0.9813544640041234,0.9620332192372122,0.9650928810759939,0.927240330608555,,0.9622037095722336,0.9562074664595086,0.9631417958097673,temp,All,Day
33.25_94.75,1.0,0.9796157619961544,0.9595107119782786,0.9658268874131563,0.9222474346293978,,0.964312857215818,0.9559455733839194,0.9612158213366144,temp,All,Day
33.25_95.25,1.0,0.9786678788720298,0.9578269239980219,0.9616851162538554,0.9188478319553249,,0.9583491242255471,0.9525532251416244,0.9600725293773626,temp,All,Day
33.25_95.75,0.9999999999999998,0.978849838734636,0.9583457088165062,0.9599075380362588,0.9177806946552535,,0.925041207226939,0.948054054328366,0.9606581661997484,temp,All,Day
9.25_105.25,1.0,0.5699574160095909,0.39763860403760914,0.3508028650489319,0.3426573518621186,,0.4512834762553638,0.39936568827579305,0.31681962230044364,temp,All,Day
9.25_105.75,0.9999999999999999,0.5786641166952045,0.42407002764466567,0.42896968080018144,0.37355980696144087,,0.3780677367255514,0.42372582224028327,0.3694452179510689,temp,All,Day
9.75_105.25,1.0,0.572779794043384,0.415676241436089,0.39697970940065597,0.3605258008872065,,0.3750896458023947,0.4086844875846018,0.3380966150437294,temp,All,Day
9.75_105.75,1.0,0.561510399395406,0.38710559417340945,0.3545335711245122,0.33044458620384015,,0.3765857587901996,0.39800284900785987,0.3237251881708131,temp,All,Day
9.75_106.25,1.0,0.5899138183722467,0.4120444001191263,0.38313619517802067,0.34152195922470346,,0.4277345975899157,0.4488835064100505,0.3678752058359159,temp,All,Day
10.25_104.75,1.0,0.8919970704056548,0.8232572396523028,0.7778820593480331,0.7916712528706363,,0.7055293664881643,0.7533295374799894,0.7116279692254861,temp,All,Mon
10.25_105.25,0.9999999999999998,0.8909026387655165,0.8039018753291709,0.7109155236470819,0.7744505233769933,,0.6507701390251552,0.7338534652331461,0.6771942233820601,temp,All,Mon
10.25_105.75,1.0,0.8894142256662976,0.7401565748161271,0.7029681825007157,0.7403012938725287,,0.6861343777444799,0.7127463088963433,0.6464441052706185,temp,All,Mon
10.25_106.25,0.9999999999999998,0.9352491697490983,0.7722833674371882,0.7899652702360086,0.7698609027093297,,0.761237346316408,0.772543950902921,0.7235920644273063,temp,All,Mon
10.25_106.75,1.0,0.9370409497653734,0.803622978374887,0.8403593577419575,0.7922315742573887,,0.8920324740382358,0.8413175921070195,0.8170543648037186,temp,All,Mon
10.75_104.75,0.9999999999999998,0.8896111751115846,0.8061537077878684,0.7437948623744838,0.7888115332779182,,0.7249041558065227,0.775131961480893,0.7269485495575783,temp,All,Mon
10.75_105.25,1.0,0.8971379652689012,0.8077524165748587,0.7346050706829124,0.8006038227032869,,0.7351543684270725,0.7795151300758346,0.7115914202922583,temp,All,Mon
10.75_105.75,1.0,0.9065224589630186,0.7964085083145064,0.7277991795940778,0.7926581781700467,,0.7302774344008683,0.7816861323235745,0.6990971069020394,temp,All,Mon
11.25_104.25,1.0,0.8895085685261556,0.7782419636283315,0.7560606668469587,0.7884062448344447,,0.7648476981621922,0.7441961054423715,0.7657900636371544,temp,All,Mon
11.25_104.75,1.0,0.8948186038081999,0.8082354335098959,0.7864339711980212,0.8219853114765839,,0.7770573858974155,0.8110282112927429,0.7610548685663773,temp,All,Mon
11.25_105.25,0.9999999999999998,0.9017480217248186,0.8176811683427804,0.7923640926409837,0.8317556866307763,,0.795644517371566,0.8225872225618477,0.7626908687285331,temp,All,Mon
11.75_104.25,1.0,0.9059661320500324,0.8087922469939984,0.8239599515381717,0.8451585950373371,,0.8383823964015453,0.7987455299603301,0.7942919684878974,temp,All,Mon
11.75_104.75,1.0,0.8957022295533371,0.817292341526986,0.8449272516801335,0.8489957474570229,,0.8253260273107553,0.8394158930760064,0.7801637587702852,temp,All,Mon
11.75_105.25,0.9999999999999999,0.8982384895775578,0.8282980510315664,0.8254011941568112,0.8543360873046258,,0.8221577140696643,0.8466552992941373,0.7982047611408856,temp,All,Mon
12.25_103.25,1.0,0.9142786553287361,0.8066759716694697,0.7827201789253257,0.8008850429232058,,0.785287674275548,0.8248918923838389,0.8019180806428864,temp,All,Mon
12.25_103.75,0.9999999999999998,0.9162422060467799,0.8384591860664338,0.8234261365545037,0.8622068203123404,,0.8427584168706823,0.8531820762558255,0.8207021982666882,temp,All,Mon
12.25_104.25,1.0,0.9158574376259037,0.841573709279445,0.8388160188801704,0.8800728556447005,,0.8459135170456861,0.8765756497495458,0.8169681423522875,temp,All,Mon
12.25_104.75,0.9999999999999999,0.9019532009067697,0.8415374559994283,0.8383541433905121,0.8787426065861433,,0.8329246977709723,0.8742213206887799,0.8204357944144155,temp,All,Mon
12.25_105.25,1.0,0.8938295732699906,0.8331864765281405,0.8179974073542581,0.8744276723650117,,0.8016927380900363,0.8694747318520851,0.8512709903304924,temp,All,Mon
12.25_105.75,1.0,0.8849203403573273,0.8387728839703762,0.7635564302010813,0.8662251437209271,,0.7940971233339085,0.8832919216722871,0.8732615611981508,temp,All,Mon
12.25_106.25,1.0,0.8913185900145126,0.8567499028584492,0.7245882863358952,0.8713888608499114,,0.7461117023915667,0.9037920110175356,0.8777585108680712,temp,All,Mon
12.25_106.75,1.0,0.9030050842468927,0.8668066582990399,0.6536709609826917,0.870808547190438,,0.675912809785519,0.9079500641454923,0.870394330811916,temp,All,Mon
12.25_107.25,1.0,0.9248018430593491,0.8811757986661936,0.6259241354264097,0.823823285485326,,0.6809796232065978,0.9092477131604715,0.875764214772158,temp,All,Mon
12.25_107.75,1.0,0.9103272062370937,0.8760026192879822,0.7869265671671045,0.7967847695839528,,0.7497488436040299,0.9145643439227684,0.8900456477369971,temp,All,Mon
12.25_108.25,1.0,0.9305254695066888,0.9003151074161995,0.8780033660786443,0.8215245322029838,,0.8327074583612202,0.9267501756374407,0.8921339374644576,temp,All,Mon
12.75_102.75,1.0,0.9365986191187213,0.8196546900528195,0.8072596431267677,0.8448838372206083,,0.8312323466069184,0.8304657368599635,0.8407992378790188,temp,All,Mon
12.75_103.25,0.9999999999999999,0.9414473789131371,0.8531566864881491,0.8784384945016486,0.8773792145691348,,0.9097674656245073,0.8592380495640133,0.8565879928552085,temp,All,Mon
12.75_103.75,0.9999999999999999,0.9306336676239949,0.8780388444285018,0.9003298677134579,0.8966686779897667,,0.9189007266949154,0.9051595272070853,0.864203900619054,temp,All,Mon
12.75_104.25,0.9999999999999999,0.9108854792664592,0.8772752347625992,0.8808906613842901,0.8944912779834849,,0.8938427881058721,0.9103001209654866,0.8559238157464643,temp,All,Mon
12.75_104.75,1.0,0.902945444109243,0.8593010050112372,0.8381552081150222,0.8912079921550361,,0.8342362625123442,0.9052365110587248,0.867191516986452,temp,All,Mon
12.75_105.25,0.9999999999999999,0.8970586788624952,0.8365595562034588,0.7850683430684778,0.8680509795552179,,0.7911121148131093,0.8967612148132946,0.8818615526279705,temp,All,Mon
12.75_105.75,1.0,0.8871585825665814,0.836352879981595,0.8207308488442375,0.8456736747483576,,0.8160169321084593,0.897153295202975,0.8875737165203024,temp,All,Mon
12.75_106.25,1.0,0.8970904742645629,0.8492674667102228,0.7941237266268786,0.8576220333294203,,0.814817121147647,0.9085707754690173,0.8888568299076821,temp,All,Mon
12.75_106.75,1.0,0.9061136850152274,0.8624955436777949,0.7466747856479757,0.8543083229304884,,0.764973144306655,0.9185132557811738,0.8923900539253217,temp,All,Mon
12.75_107.25,0.9999999999999999,0.9194935302703992,0.8689748376061204,0.7697977740493454,0.8243854406890216,,0.7626087905059962,0.9112894720830644,0.9001367734715024,temp,All,Mon
12.75_107.75,1.0,0.9169905623837554,0.872695718600355,0.8285599390554901,0.8042145293840237,,0.8059347041867303,0.9196450183088696,0.9068264490588854,temp,All,Mon
12.75_108.25,1.0,0.9290804407688041,0.8866806368494682,0.900735470761206,0.8269982947027973,,0.8724817905084048,0.9392306745789976,0.8967397570824458,temp,All,Mon
13.25_102.75,1.0,0.9500182006727418,0.8627060430079116,0.8776956816008141,0.8797703064966441,,0.9017158096675251,0.8536937270125098,0.8883221273773142,temp,All,Mon
13.25_103.25,1.0,0.9513631996289766,0.8761249132186819,0.9010837092371955,0.8930244710733547,,0.9118311412580274,0.8929500626847959,0.8945367747255114,temp,All,Mon
13.25_103.75,1.0,0.941608678800554,0.8930056833736773,0.9115052032433208,0.9011560923411389,,0.9082215057424611,0.9204279075256719,0.9054561269841378,temp,All,Mon
13.25_104.25,1.0,0.9171469773716021,0.8844316068068989,0.866036338022915,0.9008345370191002,,0.8609783164529319,0.9247299070952968,0.9036434621331169,temp,All,Mon
13.25_104.75,1.0,0.9094555442749782,0.8626696644984919,0.8194346168896306,0.8875927070719369,,0.8020865085024363,0.9178032164623819,0.9028733760695554,temp,All,Mon
13.25_105.25,1.0,0.9059717423252057,0.8400090912142902,0.8062556311505601,0.8454538257181089,,0.8123521060978081,0.8977536907844481,0.892518923762469,temp,All,Mon
13.25_105.75,1.0,0.8915564252637925,0.8296368856160988,0.8488107036155448,0.8041918308592404,,0.8434450161355589,0.8820739844937596,0.8838748835289856,temp,All,Mon
13.25_106.25,1.0,0.8983099752120127,0.8337014773295846,0.8367349232547424,0.8167895018863612,,0.8470954899358502,0.8911323203943192,0.8866518963877323,temp,All,Mon
13.25_106.75,1.0,0.902534430722644,0.8471058609768619,0.7903924123553226,0.829395796022438,,0.7979614997377092,0.9078482625635304,0.8952518072100539,temp,All,Mon
13.25_107.25,0.9999999999999999,0.9144849290650263,0.8666252768882897,0.7787991211702745,0.8484923248003153,,0.7807623466508816,0.9180761840431236,0.9079987755817663,temp,All,Mon
13.25_107.75,1.0,0.9208385206859738,0.8765511455183057,0.7969389967726987,0.8522663416630218,,0.803701721593574,0.9332134726693777,0.9155089904330405,temp,All,Mon
13.25_108.25,1.0,0.9430398484578514,0.8962247726557582,0.8121639768372795,0.8756116812604752,,0.843110561648325,0.9448857454223538,0.9168386512923632,temp,All,Mon
13.75_102.75,1.0,0.9571717193752081,0.8839303446801128,0.8848388701745287,0.8898014064160168,,0.9046312203450856,0.8845371536560093,0.9085525512130789,temp,All,Mon
13.75_103.25,0.9999999999999999,0.9533980043947639,0.8935102087082614,0.8904643075470468,0.906673198943913,,0.9001506696528969,0.9061327716193069,0.9139464601959315,temp,All,Mon
13.75_103.75,1.0,0.9401808482151032,0.8955269081854421,0.8750499815001797,0.9040472854763217,,0.8715878303223352,0.9196480076339448,0.917423403187619,temp,All,Mon
13.75_104.25,1.0,0.915002846333851,0.8865270692805568,0.8379467973192134,0.8994990745293274,,0.8243252601829655,0.9251930705595598,0.9188992928906545,temp,All,Mon
13.75_104.75,1.0,0.9150403640240304,0.8669912945827852,0.830902943443441,0.8870601224088985,,0.8380488983801206,0.9170073639679621,0.912874266617466,temp,All,Mon
13.75_105.25,1.0,0.9152977756305545,0.8344840695863533,0.8424479440416882,0.8386419206265732,,0.8611819786172026,0.8889859863366658,0.8883318795304174,temp,All,Mon
13.75_105.75,1.0,0.9027657692501942,0.8126934657625817,0.8598349524457856,0.7859845233013155,,0.8823067894997206,0.8689976009054357,0.8718488683780236,temp,All,Mon
13.75_106.25,1.0,0.8971345233508056,0.822765273057896,0.8237620086181127,0.7956377010297296,,0.8643653282493624,0.889764076257831,0.8835219366606138,temp,All,Mon
13.75_106.75,1.0,0.8926774870069835,0.8418244304324571,0.7765867528563832,0.8006463295250338,,0.7948613154416887,0.9054562018882832,0.8938077695884598,temp,All,Mon
13.75_107.25,1.0,0.899247488087094,0.85905747496893,0.7256680191987133,0.8179147136933851,,0.7512214149531867,0.9161467568761615,0.8998610431072308,temp,All,Mon
13.75_107.75,1.0,0.9041614637508131,0.8719780733461753,0.7832429007154175,0.8315148704404007,,0.782453035945317,0.9263289679605299,0.9125896307446711,temp,All,Mon
14.25_102.25,1.0,0.9549515323266646,0.9095871929251372,0.8405396084414407,0.8927629080833481,,0.8609062553510357,0.9046967492738013,0.9076316126260802,temp,All,Mon
14.25_102.75,1.0,0.9632778515369761,0.9085800800564617,0.8804899815007765,0.8999408167716209,,0.8883475028642227,0.8989635819373524,0.9158990679195244,temp,All,Mon
14.25_103.25,0.9999999999999999,0.9695658400937228,0.9067448618472684,0.8753242723800275,0.9065303165075318,,0.8906457378800805,0.9055833267125794,0.9202120928396169,temp,All,Mon
14.25_103.75,1.0,0.9648843109512826,0.9032436707263506,0.851038326323497,0.9028197191798355,,0.8692866919270441,0.9124085542275223,0.9233458408326154,temp,All,Mon
14.25_104.25,1.0,0.9544116024768308,0.8923471884399289,0.8538836342331106,0.89134503371722,,0.8549480836897303,0.9138880026261784,0.9207238579213052,temp,All,Mon
14.25_104.75,0.9999999999999999,0.9363686839107558,0.8602800853921759,0.8668208674489692,0.8698609623878653,,0.8941551610783033,0.8968476461202396,0.898119389687898,temp,All,Mon
14.25_105.25,1.0,0.911174916524951,0.8130460338551733,0.8605785802995999,0.8068217602683136,,0.9058804959459607,0.8634299585842762,0.8596482273493107,temp,All,Mon
14.25_105.75,1.0,0.8979417534040448,0.7982564735343851,0.8633170659272187,0.7827897445191196,,0.9004940871170247,0.866411627739882,0.8601498590783383,temp,All,Mon
14.25_106.25,1.0,0.8836205112035362,0.8105475072352691,0.8012320454720202,0.761387268965258,,0.8342353756400109,0.8808580974722352,0.872583762337039,temp,All,Mon
14.25_106.75,1.0,0.8940813370429677,0.8439072890360118,0.7473282595986203,0.7617011572969126,,0.7889650184390696,0.9021948288253612,0.8938534527893158,temp,All,Mon
14.25_107.25,0.9999999999999999,0.8984062099535916,0.8734683501901677,0.7313978343999586,0.8032926731526633,,0.7654781004378969,0.9194419160105347,0.9055011805386667,temp,All,Mon
14.25_107.75,1.0,0.8781497908993576,0.8834578024807825,0.8394963508109918,0.8121924719907068,,0.8435860148465073,0.9314924130379882,0.9136598239015683,temp,All,Mon
14.25_108.25,0.9999999999999999,0.9358017041003485,0.9265601164139626,0.9260420351479676,0.8753182880594799,,0.9394538882914858,0.9557832223003044,0.9302186983337172,temp,All,Mon
14.75_101.75,1.0,0.9676794142392019,0.9220233562738293,0.8337795819728793,0.9017432339675888,,0.8431913689842998,0.9069329603367627,0.8941325019589028,temp,All,Mon
14.75_102.25,1.0,0.9696432531142134,0.920517691022606,0.89444319351489,0.9061339474144937,,0.8984017644869258,0.9081853620496518,0.9098591794699105,temp,All,Mon
14.75_102.75,1.0,0.9703981333348823,0.9182111522784283,0.893651634091988,0.9106929899091115,,0.9011130492777982,0.9051518905108953,0.9166920309892054,temp,All,Mon
14.75_103.25,1.0,0.974195092295065,0.916186737037854,0.8783346152081556,0.9136298034650884,,0.8878731126230655,0.9035199222093836,0.9213598262671332,temp,All,Mon
14.75_103.75,1.0,0.9717864625860939,0.9142235014861972,0.8600042719123053,0.9133712599235341,,0.8737178680769068,0.9056304990948458,0.925821336670249,temp,All,Mon
14.75_104.25,1.0,0.9640210780126672,0.9041134474542738,0.8610075754854964,0.9050526912473554,,0.8765570019357691,0.910783053456456,0.9244671956567035,temp,All,Mon
14.75_104.75,1.0,0.9477197526440405,0.8771114466877259,0.8777545929066578,0.880353794511533,,0.9154608092800908,0.9070199439301567,0.9077955577514052,temp,All,Mon
14.75_105.25,0.9999999999999999,0.9019003638822432,0.8050555263778222,0.8716343239916937,0.8177050098252846,,0.9325218925504922,0.8769533817390757,0.8555151623272158,temp,All,Mon
14.75_105.75,0.9999999999999999,0.8773495433969537,0.7771932156947764,0.8520780401697026,0.7616662918575456,,0.9047764407819872,0.8649993312573176,0.8423638942580313,temp,All,Mon
14.75_106.25,0.9999999999999999,0.8794999441436022,0.807002217949046,0.8001400076478212,0.7352561659311238,,0.8193903614450285,0.8822149820649191,0.8721587183935268,temp,All,Mon
14.75_106.75,0.9999999999999999,0.8547829593890045,0.8036289077826672,0.7727426906248855,0.7346788174596062,,0.822882356889845,0.8649320478494311,0.8517086044183436,temp,All,Mon
14.75_107.25,0.9999999999999999,0.8914123404517473,0.8673982982862017,0.7953538886023965,0.8032158699781571,,0.8521282217368117,0.913364789255164,0.8920774533530793,temp,All,Mon
14.75_107.75,1.0,0.899148992908941,0.9047079337864637,0.8835430994322115,0.8389381816051644,,0.9015517047833251,0.9326688914500564,0.9082947718111953,temp,All,Mon
14.75_108.25,1.0,0.9577027423664496,0.9416132058618135,0.9310322100867922,0.9054891337864492,,0.9502752880016266,0.9569372900299934,0.9326122070307976,temp,All,Mon
15.25_101.75,1.0,0.9730632093933816,0.9173420121611341,0.8811362743802871,0.8939231771644708,,0.887600092177871,0.9075440065601634,0.9022218909434855,temp,All,Mon
15.25_102.25,1.0,0.9739005047988214,0.9198876205114229,0.899576798656505,0.900305333021302,,0.9139830993654405,0.9046146773053502,0.9086591017039326,temp,All,Mon
15.25_102.75,1.0,0.9729027711053919,0.9224702903341104,0.891091257723154,0.9093663960733244,,0.9009042074855226,0.9031065310170375,0.9119694182652851,temp,All,Mon
15.25_103.25,0.9999999999999998,0.9764141708981131,0.9229703370155229,0.8759984512527885,0.9163004102468437,,0.8829435386600266,0.8988866717738013,0.9168481856309777,temp,All,Mon
15.25_103.75,1.0,0.9771041458321512,0.921799357235452,0.8644531509322164,0.9174618492810773,,0.8709779139643403,0.8983091648826497,0.9252397889565678,temp,All,Mon
15.25_104.25,1.0,0.9750372803160604,0.9136078740809168,0.8634017374478555,0.909663829687507,,0.8759268980885129,0.9101003307839574,0.9270693731769644,temp,All,Mon
15.25_104.75,0.9999999999999999,0.9672893782371819,0.9035101681628823,0.8712343644395244,0.8984299300334698,,0.8891696485581343,0.917743714648563,0.9244295292964143,temp,All,Mon
15.25_105.25,1.0,0.9266116348173995,0.8476150836547885,0.8804013176947858,0.83701184136883,,0.9278249000930735,0.901081639057222,0.8823854569919196,temp,All,Mon
15.25_105.75,1.0,0.9065695177099461,0.8313515352214117,0.8461887370437394,0.7919427207227688,,0.9053316721796203,0.9032540800688587,0.8786991339025694,temp,All,Mon
15.25_106.25,0.9999999999999999,0.8661732424064761,0.8388908919521848,0.8044583848312681,0.7572927889986242,,0.8415913033539748,0.8835706627094954,0.8819099151480115,temp,All,Mon
15.25_106.75,1.0,0.8671825410252053,0.8404560142511034,0.8100259678047304,0.7728419696981473,,0.8542801783939065,0.8898624159038945,0.8725504829131917,temp,All,Mon
15.25_107.25,1.0,0.9121066528078566,0.8955190294532308,0.8588921972486622,0.8521134799677482,,0.875943122363617,0.9248400507978567,0.906196722172619,temp,All,Mon
15.75_101.75,1.0,0.963897724667781,0.9033964991150356,0.8868154292480579,0.871354342844738,,0.906512623785663,0.8905162723507818,0.9018241194234833,temp,All,Mon
15.75_102.25,0.9999999999999999,0.9684705728304059,0.9065132785472538,0.890144245320437,0.8823268276954137,,0.9128620761178642,0.8823610533943976,0.9018393434671361,temp,All,Mon
15.75_102.75,0.9999999999999998,0.9775746019316678,0.9178047785263531,0.8848311661134576,0.9014921356008254,,0.8988079939250929,0.8973508710070234,0.9081691077965806,temp,All,Mon
15.75_103.25,0.9999999999999998,0.9835329029163801,0.9208028257868527,0.8727926809656038,0.9116104479760431,,0.8826697888275833,0.8991494034811147,0.9159868557722497,temp,All,Mon
15.75_103.75,0.9999999999999998,0.9849852650077803,0.921523625069084,0.860724606607807,0.9138617898747688,,0.8667191050094906,0.9028847174810365,0.9248715435110781,temp,All,Mon
15.75_104.25,1.0,0.9834821216881385,0.9196118273405945,0.8582854776569737,0.9103236176262952,,0.8656592605968938,0.9118443471426992,0.9296224282243416,temp,All,Mon
15.75_104.75,1.0,0.9784874835244685,0.9151802714527901,0.8583315959611146,0.9027322073684775,,0.8733112054051176,0.9173588659742185,0.9286449286705908,temp,All,Mon
15.75_105.25,1.0,0.9726160264217162,0.9070684150194317,0.8707703562152181,0.890582816308458,,0.8951425569121008,0.9251930312301757,0.9271306529187464,temp,All,Mon
15.75_105.75,1.0,0.94739906067363,0.8910171169847568,0.8322136108778863,0.8575829103988596,,0.8539807783375996,0.9174369502846179,0.9163488995976793,temp,All,Mon
15.75_106.25,0.9999999999999999,0.9118882433845263,0.8781493743332435,0.8211857139990999,0.8387465928557972,,0.8424702503005149,0.9064577056523945,0.9040174437457775,temp,All,Mon
15.75_106.75,1.0,0.930506813796865,0.9005944154114337,0.8298883656185333,0.8782428042331123,,0.7990301886934736,0.9129563208925148,0.9104562045899085,temp,All,Mon
16.25_101.75,1.0,0.9577731899217061,0.9004357664444427,0.8903828406234352,0.8591237182456256,,0.9082382683973524,0.8856273079387589,0.8994388060280355,temp,All,Mon
16.25_102.25,1.0,0.9567218902595993,0.8959105556084863,0.8784146389581869,0.8663697301667693,,0.9006032671496764,0.8641637870539411,0.8897917169169266,temp,All,Mon
16.25_102.75,0.9999999999999998,0.975691058263628,0.914144930284999,0.8863916759841773,0.8935825769549947,,0.9056379755966758,0.8912659469904348,0.9035688499551998,temp,All,Mon
16.25_103.25,1.0,0.9846899531305139,0.9195538789026598,0.87695458656295,0.9067812026264297,,0.8865375309907192,0.8979851809420354,0.9137822023754889,temp,All,Mon
16.25_103.75,0.9999999999999998,0.9864032478520492,0.9225919719477926,0.8628054409691268,0.9096162848746531,,0.871163818975759,0.900499715314812,0.9257026542729745,temp,All,Mon
16.25_104.25,1.0,0.9853687560039391,0.922664944137906,0.859982110917594,0.9078285850005229,,0.8681706429962598,0.9140565194068344,0.9323426957103381,temp,All,Mon
16.25_104.75,1.0,0.9910960007398247,0.925420909159902,0.8596862793659754,0.9146886030674561,,0.865583974148955,0.9200876500267894,0.9395178808127324,temp,All,Mon
16.25_105.25,0.9999999999999998,0.986345173208199,0.9176777870992588,0.8400591775375638,0.913481442253732,,0.8565498633687182,0.9147124277443275,0.934980385731332,temp,All,Mon
16.25_105.75,1.0,0.981009688634889,0.9138470929235059,0.7765071614423964,0.9201272222551874,,0.7902568601004961,0.9073568821049547,0.9291737389298301,temp,All,Mon
16.25_106.25,1.0,0.9828804780850033,0.9130528807845539,0.7441325938143039,0.9389559693337721,,0.7260387678260894,0.9040060616704962,0.9259908590423391,temp,All,Mon
16.25_106.75,1.0,0.985649594906256,0.9221576274105939,0.8111892983879803,0.9542304121424826,,0.8051995024598426,0.9217490527147885,0.9319694125153117,temp,All,Mon
16.25_107.25,0.9999999999999998,0.9926257643569242,0.9338334173092255,0.8677645825113628,0.9704016917771436,,0.8561327868315206,0.9461399990386833,0.9437728690444178,temp,All,Mon
16.75_101.75,1.0,0.9498989891205576,0.9066061409951168,0.8920273883839531,0.8681616387394043,,0.9073618687088051,0.8844583079665566,0.9030938532103836,temp,All,Mon
16.75_102.25,1.0,0.9562315475836676,0.9089150759940091,0.8957573953557155,0.8819935355642282,,0.919559140303121,0.8807143407105901,0.9008249128602883,temp,All,Mon
16.75_102.75,1.0,0.9707720508149185,0.9127284038748313,0.8969388251780657,0.8939662431015879,,0.9217120524415763,0.8920830467315268,0.905110126087336,temp,All,Mon
16.75_103.25,0.9999999999999998,0.9828745639949636,0.9170724399714278,0.8909243860386837,0.9036414086550273,,0.905668169956827,0.8971085177595189,0.9112682499580601,temp,All,Mon
16.75_103.75,1.0,0.9863373723012615,0.9207815636168277,0.8706829830139705,0.908643483055554,,0.8825097641641304,0.9023800566040416,0.9267987646065651,temp,All,Mon
16.75_104.25,1.0,0.9845113665479095,0.9196056755660109,0.8639933101629456,0.9065210599923627,,0.8711625717283974,0.9107096169906957,0.9326931495454572,temp,All,Mon
16.75_104.75,1.0,0.9875764587170568,0.9215333764631565,0.8591384261033386,0.91691854054362,,0.8652792710641481,0.9138646807429016,0.9398146653174587,temp,All,Mon
16.75_105.25,0.9999999999999998,0.9905569586434967,0.9159186290641087,0.8270985767349285,0.9303595049495197,,0.8174936438332433,0.9035528035247293,0.9406102902223642,temp,All,Mon
16.75_105.75,1.0,0.9904634317727318,0.9106745114314041,0.7720282866577207,0.9479387262437917,,0.7351203246305181,0.892851316824082,0.932167586511172,temp,All,Mon
16.75_106.25,1.0,0.9944946546831261,0.906876561603473,0.7803329487249506,0.961252376919944,,0.7323726826387655,0.9007371578173133,0.9304312839236998,temp,All,Mon
17.25_101.75,0.9999999999999998,0.9655890513785715,0.9170301280955243,0.892532942522509,0.897640279803982,,0.8979531493928272,0.8997785552249002,0.9097341320184891,temp,All,Mon
17.25_102.25,1.0,0.9652677963698473,0.915837743276147,0.8998985698284252,0.9012161091240006,,0.9187354807152783,0.8924820390627604,0.9072391907448332,temp,All,Mon
17.25_102.75,1.0,0.9732317100712868,0.9110163749939881,0.8987624351186195,0.9017506894787609,,0.9148568588889368,0.892380529538589,0.9075960179852779,temp,All,Mon
17.25_103.25,0.9999999999999998,0.983042204965244,0.912229429544248,0.8941814200388981,0.906509677157794,,0.9042599888312755,0.8945779017235141,0.9101619412242653,temp,All,Mon
17.25_103.75,1.0,0.986297940644657,0.9132697459214643,0.8733416775599165,0.9115699380094863,,0.8780668491235404,0.8938131489695889,0.9225217805875974,temp,All,Mon
17.25_104.25,0.9999999999999998,0.9831574175070856,0.912263144358136,0.8622553706423475,0.9122261076830162,,0.8685973231991652,0.8994626314255831,0.9309466191395039,temp,All,Mon
17.25_104.75,1.0,0.9816245069648808,0.9162386824815981,0.858891123928044,0.9160508607711542,,0.8702132597008211,0.9041785918602093,0.9405933198644479,temp,All,Mon
17.25_105.25,1.0,0.9929826999013691,0.9188435453563321,0.8164174639271862,0.9455168283445609,,0.7903272200514325,0.9020769997376072,0.947490661969721,temp,All,Mon
17.25_105.75,1.0,0.9958239364807282,0.911212467162281,0.8011721327859941,0.9609778502668195,,0.7525471122852823,0.8965510327622016,0.9436853411123661,temp,All,Mon
17.25_106.25,1.0,0.9951010288035916,0.886034194272488,0.7803961770309771,0.9613791369925573,,0.7427291821981747,0.9085665636093899,0.9294446778280347,temp,All,Mon
17.75_101.25,1.0,0.973613576201859,0.9213094227940687,0.8792773679115792,0.9020823134759205,,0.8697179852786504,0.9151344042288037,0.9035654311573665,temp,All,Mon
17.75_101.75,1.0,0.9745756425759098,0.9237661115805466,0.8904266138038295,0.9145008287400125,,0.895468464366656,0.9137115226299837,0.9100109648897367,temp,All,Mon
17.75_102.25,1.0,0.9718361369239524,0.916930600630937,0.8942278473141241,0.9109608987893335,,0.896036862067203,0.8962242379825304,0.9085673776595861,temp,All,Mon
17.75_102.75,1.0,0.9759996118668767,0.9074361375890061,0.8939858498743151,0.908245870628185,,0.9030358478186457,0.8908926438271262,0.9084580611268757,temp,All,Mon
17.75_103.25,1.0,0.9824537947269587,0.9031559802935514,0.8850376004050854,0.9109150742360688,,0.8952954946265651,0.8891543971354386,0.907766058045596,temp,All,Mon
17.75_103.75,1.0,0.9845162699313319,0.9062360512172762,0.874185602257485,0.9151586561906837,,0.8823873681312153,0.8922244393929567,0.9162880143422185,temp,All,Mon
17.75_104.25,1.0,0.9905818125446654,0.9158101390609282,0.863143396050747,0.926214134592869,,0.8580140622276565,0.9006598211106698,0.9353087232983381,temp,All,Mon
17.75_104.75,1.0,0.9859282287365695,0.9159846205297408,0.8505872665036878,0.9303847955911647,,0.8260278209616794,0.9069386271431926,0.9441642612685778,temp,All,Mon
17.75_105.25,1.0,0.9940444497649895,0.9232214286515564,0.8639926211293462,0.9545244183780339,,0.816258497572328,0.9207725778956584,0.9525388636239266,temp,All,Mon
18.25_101.25,1.0,0.9813765326970084,0.9242631335622871,0.8838104812305384,0.9184284724881671,,0.8696658042145726,0.9319166305631187,0.9075833106545255,temp,All,Mon
18.25_101.75,1.0,0.9794564030986986,0.9275344569001756,0.8906741428124892,0.9249691822792395,,0.8829459305967666,0.9332169608627803,0.9139407040949704,temp,All,Mon
18.25_102.25,1.0,0.9755281156623893,0.9235157259736612,0.8944688347971319,0.9207691049311992,,0.88646501805419,0.9159349716814208,0.9182197403781539,temp,All,Mon
18.25_102.75,1.0,0.9801930706879315,0.9074735310691943,0.8844225867350296,0.921446421389152,,0.8850008764275605,0.9090282554372081,0.922255450287989,temp,All,Mon
18.25_103.25,1.0,0.9779288733754679,0.9037508682088515,0.8736539650885488,0.91779266554343,,0.8607950455708038,0.8944681024535812,0.9153840132768072,temp,All,Mon
18.25_103.75,1.0,0.9771496434317309,0.9014599820761234,0.8646493268342466,0.9196159272774332,,0.8461080860539737,0.891912838132507,0.9179135371727618,temp,All,Mon
18.25_104.25,0.9999999999999998,0.9898391603816556,0.9129398242388262,0.8447806536443633,0.9416509055515664,,0.8167468899006276,0.9040386268416714,0.9414182281827976,temp,All,Mon
18.25_104.75,1.0,0.9883429469514106,0.911265390788442,0.8736787282145967,0.9537343845812726,,0.8509827479947947,0.9194790327630249,0.9494382316266137,temp,All,Mon
18.25_105.25,1.0,0.9954320512066733,0.9133394710141044,0.8745445180595902,0.9653779560317183,,0.8559306872546525,0.9231582085326553,0.9518436042709637,temp,All,Mon
18.75_101.25,1.0,0.9798920824695858,0.9118785704133916,0.860338424558872,0.9173119266204642,,0.8201749505137582,0.9407590605749385,0.8932534431106625,temp,All,Mon
18.75_101.75,1.0,0.973363481261035,0.9203727780746397,0.8842235694053315,0.9204581888645688,,0.8564767834780272,0.9428173858437792,0.9049810734086234,temp,All,Mon
18.75_102.25,1.0,0.9696184721354715,0.9229741298098009,0.9129353891530381,0.9212561739708147,,0.8731330621574863,0.9337747363538411,0.9168789530079376,temp,All,Mon
18.75_102.75,1.0,0.9718144055457604,0.909871023576799,0.8769210573819505,0.9243691061069358,,0.867601417070636,0.9259484046091578,0.9208853497411952,temp,All,Mon
18.75_103.25,0.9999999999999998,0.9780381607193839,0.9155105594185823,0.9020918400482599,0.9348910764201057,,0.8549276700385934,0.9230595175514307,0.9282758863036489,temp,All,Mon
18.75_103.75,0.9999999999999998,0.9831924716357492,0.911135682799479,0.8765202667575684,0.9465503060986111,,0.8416304004365495,0.9110312289199965,0.9370415144229396,temp,All,Mon
18.75_104.25,1.0,0.9894841364547526,0.9126667572831841,0.8806208552448436,0.9603916063263247,,0.8580839420003673,0.9088524161088077,0.9498524162134909,temp,All,Mon
18.75_104.75,1.0,0.9947039097868355,0.9109043856374818,0.8920345935799336,0.9682157956406934,,0.8649153653649144,0.9083530660265177,0.9535813378207125,temp,All,Mon
19.25_101.25,0.9999999999999998,0.9784444374838837,0.9065073846201033,0.8594359269662399,0.9226053815901789,,0.8131493800509457,0.9463117235061602,0.8820331721325934,temp,All,Mon
19.25_101.75,1.0,0.9686638902406021,0.9117958313000253,0.879406789736286,0.9252722995282523,,0.8505063799244806,0.9427685599390182,0.8971547867614783,temp,All,Mon
19.25_102.25,1.0,0.9702516373249406,0.9066816516888953,0.8738916504706159,0.9314035521830524,,0.8269212967677412,0.9341150514567366,0.9078205847843929,temp,All,Mon
19.25_102.75,1.0,0.9664937635418882,0.9138735711531197,0.8853239701495114,0.9376512805018437,,0.8362633314789636,0.9326721529176049,0.9180336299142706,temp,All,Mon
19.25_103.25,1.0,0.9688333738129385,0.9207857483902917,0.888749173508179,0.9469554761219944,,0.8564031941419281,0.9317050093951491,0.9294334289912867,temp,All,Mon
19.25_99.75,0.9999999999999999,0.994218429365009,0.9068531742174573,0.871829166441296,0.928400763875469,,0.8537382335682003,0.93392669579602,0.8517611246101905,temp,All,Mon
19.75_100.25,1.0,0.9919294061974729,0.8911911076013318,0.8424157110526247,0.9394787439955272,,0.8144554458324409,0.9401852831043102,0.8444660437495709,temp,All,Mon
19.75_100.75,0.9999999999999999,0.9888182336766832,0.879462837570957,0.8203595169667177,0.9380534560671526,,0.778416907550137,0.9309686476984843,0.8613952836873547,temp,All,Mon
19.75_101.25,1.0,0.9786672352111114,0.8868445405124564,0.8384220309981578,0.9396553932203182,,0.7906888218764453,0.9406046040875009,0.8771257231729038,temp,All,Mon
19.75_101.75,0.9999999999999999,0.9732300271056995,0.8943089470964051,0.8706460198479781,0.9455238841134649,,0.8219965759957759,0.944330374330691,0.888368917130575,temp,All,Mon
19.75_102.25,0.9999999999999999,0.9731806989351991,0.9010559437041475,0.8510035037277989,0.9522040279447992,,0.8081003125657665,0.9363944976481767,0.90218690618663,temp,All,Mon
19.75_102.75,0.9999999999999999,0.9718407464931061,0.9014775599289766,0.862080575814774,0.9564757208266949,,0.813618890063886,0.9258771957399577,0.9167076164187087,temp,All,Mon
19.75_103.25,1.0,0.9727725626748216,0.9080524406892453,0.8751002064846765,0.9602096407965118,,0.8413865589678954,0.9249390134652852,0.9291271015275863,temp,All,Mon
19.75_99.25,1.0,0.9918892615991263,0.8925260544944099,0.8554479857763262,0.9364841599112862,,0.822949298692118,0.9304682255715554,0.8518608856048371,temp,All,Mon
19.75_99.75,1.0,0.9937176330602834,0.8960530621693624,0.8671406024403111,0.9404019320300346,,0.8269848475171437,0.9376599184447595,0.8447283509415351,temp,All,Mon
20.25_100.25,1.0,0.9884557866714407,0.8883428023916193,0.848233270713914,0.9411871450525672,,0.8181622055842682,0.9455944144201964,0.8516955245905921,temp,All,Mon
20.25_100.75,1.0,0.9864883347445961,0.8667922495103775,0.8222543077783627,0.942638879633072,,0.7703103894288934,0.9349448008447707,0.8569863737125165,temp,All,Mon
20.25_101.25,1.0,0.9836885794687407,0.8611257720000316,0.8236902079837067,0.9479913512289851,,0.759834015973772,0.9344626953709472,0.8696157752545697,temp,All,Mon
20.25_101.75,1.0,0.978745455315643,0.8766892845218714,0.8426190045960138,0.9510060925711684,,0.7790400244241468,0.9395622241470495,0.8834714723589449,temp,All,Mon
20.25_102.25,1.0,0.9762270195899295,0.8934450461526905,0.8552197762496159,0.955234339168655,,0.7937147887857358,0.9449715450065267,0.9024670417321244,temp,All,Mon
20.25_102.75,1.0,0.9773940945726203,0.897521428879474,0.8608754794697134,0.959899542247723,,0.7896826371351433,0.9199715548705116,0.9162974191257798,temp,All,Mon
20.25_103.25,1.0,0.9820676747079187,0.8909866608907654,0.8650671664157364,0.9650375455751959,,0.8062293015263987,0.9159597438524903,0.9253270007419513,temp,All,Mon
20.25_99.25,1.0,0.992702669917976,0.890314668070016,0.8537825754780731,0.9407923792677273,,0.8085604343256616,0.9342771446294426,0.8582201147564753,temp,All,Mon
20.25_99.75,1.0,0.9922578161464147,0.8957112556314069,0.8645147052897352,0.9443428173089922,,0.8114508795755369,0.9392415183828551,0.8583628932015336,temp,All,Mon
20.75_100.25,0.9999999999999999,0.9924405801757014,0.8776004580424408,0.8550003782978968,0.9465186894145273,,0.8038211599855021,0.9342172801064271,0.8590651010142426,temp,All,Mon
20.75_100.75,1.0,0.9906976126574197,0.861154205409161,0.8277932275046478,0.9492474090130659,,0.782802886394895,0.9311888248388756,0.8601875820782392,temp,All,Mon
20.75_101.25,0.9999999999999999,0.9873451960559032,0.8550848299483202,0.8104602075406702,0.951745623618943,,0.767521266143656,0.9282643603377203,0.8691636413095843,temp,All,Mon
20.75_101.75,1.0,0.9816691046545025,0.8673694053007667,0.8414172779418856,0.9522085976118216,,0.7720328772892302,0.9313776473831047,0.885392093290325,temp,All,Mon
20.75_102.25,1.0,0.9793968842294863,0.8821354892053647,0.850783886762554,0.9570985975674539,,0.788508359591666,0.9353799871882958,0.9041518909009449,temp,All,Mon
20.75_102.75,1.0,0.9802946733277598,0.8915245076758197,0.8647349764027459,0.96120240574235,,0.8005769790225696,0.9224798134494652,0.9185704433637351,temp,All,Mon
20.75_103.25,1.0,0.98487768776769,0.8739962228501493,0.8633513589331933,0.9644681885628652,,0.8078476577823137,0.9150355383527694,0.9221905477827081,temp,All,Mon
20.75_99.75,1.0,0.9934384762440435,0.8921119298117414,0.8658337400386625,0.9474460159507195,,0.8270268378751099,0.9416932141994528,0.8630697580400285,temp,All,Mon
21.25_100.25,1.0,0.9945404215098278,0.8845444980285753,0.9000593636720343,0.9537685193029737,,0.8262699139585544,0.921636981812793,0.8764367826790218,temp,All,Mon
21.25_100.75,1.0,0.993531030073291,0.8689098703695853,0.8659831648369252,0.9561996815248365,,0.8105005432046416,0.9183822133550074,0.8765071551750289,temp,All,Mon
21.25_101.25,0.9999999999999999,0.9923696417072039,0.8581947167526085,0.8335685066652033,0.9598167280697204,,0.7805180518314419,0.9174797342476602,0.8789417453668388,temp,All,Mon
21.25_101.75,1.0,0.9873407761262897,0.8693927189301132,0.828652428457284,0.9578115858108558,,0.7697243096510885,0.9218304385320423,0.8890561532339293,temp,All,Mon
21.25_102.25,1.0,0.9751005596908022,0.8701929071396144,0.8535809102238631,0.950892920456233,,0.7883053888330467,0.9209009398211361,0.9004221471219738,temp,All,Mon
21.25_102.75,0.9999999999999999,0.9800759179056272,0.885089381643832,0.8770482635072937,0.9615609981950891,,0.816664498221714,0.9212452932609223,0.9176804044993615,temp,All,Mon
21.25_99.75,1.0,0.9934936790049826,0.9072689614387162,0.8887226126053546,0.9508677859617044,,0.8582829351366492,0.9438986298442876,0.8804590309563965,temp,All,Mon
21.75_100.25,0.9999999999999999,0.9963357403842461,0.9007140500065294,0.8800238585528627,0.9632349523532558,,0.8334852944325684,0.9212962062968266,0.8828694978144406,temp,All,Mon
21.75_100.75,0.9999999999999999,0.9965815299011461,0.8820812675964816,0.8706678217124268,0.9638190295309161,,0.814774150089172,0.9180188343616121,0.8864986088362137,temp,All,Mon
21.75_101.25,1.0,0.9963434562059253,0.875699990356374,0.8576988921698707,0.9655723837574005,,0.7951122969646174,0.9149830627232353,0.89096373084466,temp,All,Mon
21.75_101.75,1.0,0.9934005452260418,0.8774058351881755,0.8381695747908288,0.9643893160111892,,0.7757015076171611,0.9222827638405539,0.8965969153901799,temp,All,Mon
21.75_102.25,0.9999999999999999,0.9832813030365669,0.8811905035015226,0.8615933137110879,0.9588629158576979,,0.7961613237608308,0.9227485157600873,0.9074685795653283,temp,All,Mon
21.75_99.25,1.0,0.9931739017641269,0.9131538701275786,0.9271041664408259,0.9615045872317199,,0.891471948796259,0.9443527518040213,0.8771220885886454,temp,All,Mon
21.75_99.75,1.0,0.9942516097511114,0.8936580761881118,0.901424734571767,0.9613222318766929,,0.8428825077791517,0.9354194524336614,0.8845191510600533,temp,All,Mon
22.25_100.25,1.0,0.9952122802337963,0.9021484867411977,0.8840318397831585,0.9689173042114717,,0.833003342709744,0.9391807770895019,0.8937878273901487,temp,All,Mon
22.25_100.75,1.0,0.9966458966059174,0.8929208777067489,0.8769491340852404,0.9667194073898558,,0.8209665613473184,0.9303209944447761,0.8994210535740075,temp,All,Mon
22.25_101.25,0.9999999999999999,0.9975830669596615,0.8876231189492381,0.8772439156355722,0.9679522008415022,,0.8171842092991198,0.9204957775696407,0.9022991963522763,temp,All,Mon
22.25_101.75,1.0,0.9965645724520164,0.8810004980038212,0.8591509515148744,0.9690709308976582,,0.7987794849069231,0.9251785415265105,0.9064077991190734,temp,All,Mon
22.25_102.25,1.0,0.9928968976067926,0.8926435342933102,0.8731133298531871,0.9681413217918341,,0.8046693590589273,0.9237941651108057,0.9164431287219553,temp,All,Mon
22.25_99.75,1.0,0.9917984737050057,0.8920851910323022,0.9090534275989153,0.9673572329060607,,0.8640189788725607,0.931568869265582,0.8867971125791508,temp,All,Mon
22.75_100.25,1.0,0.9941112246107149,0.9214765120041174,0.9051934020828026,0.9695328851274903,,0.8782663778226553,0.9540795957350849,0.9098457803075448,temp,All,Mon
22.75_100.75,0.9999999999999999,0.9960253611410034,0.9124597191382932,0.9073237399877349,0.96935976450466,,0.8792355509389349,0.9430707360657562,0.9124098932482942,temp,All,Mon
22.75_101.25,1.0,0.9975732735734065,0.9127664224901986,0.8985081662859293,0.9709312292953146,,0.8625846369328669,0.9463347636618498,0.9115375864316378,temp,All,Mon
22.75_99.75,1.0,0.9911308906065925,0.922099585425389,0.9205636584498968,0.9692408552744298,,0.8764948615352763,0.9556948078132341,0.9019681875224852,temp,All,Mon
23.25_100.25,1.0,0.99655187411585,0.9325136026554329,0.9316460904229159,0.9694474913989767,,0.8981145138654508,0.9639695389852438,0.9243002486922774,temp,All,Mon
23.25_100.75,0.9999999999999999,0.997557090478533,0.935483537787771,0.9413732784181201,0.9701425676999407,,0.9055271093341278,0.9611739720681778,0.9258364608482738,temp,All,Mon
23.25_99.25,1.0,0.9962523033893014,0.9122776904844168,0.9181653498733072,0.9670494280243184,,0.8830662957025377,0.9535157482081658,0.9141630678567592,temp,All,Mon
23.25_99.75,0.9999999999999999,0.9958739913964586,0.9388125724577518,0.9324292410843679,0.9694335533151074,,0.8963220494490551,0.9640479068034135,0.9185582590866113,temp,All,Mon
23.75_100.25,1.0,0.9970402346994668,0.9518430689193572,0.9446812210851975,0.967196970519636,,0.9211642894302127,0.9766970134843841,0.9391403664766428,temp,All,Mon
23.75_100.75,0.9999999999999999,0.9978423863026769,0.9489586157279808,0.9459168237442876,0.9688282464061582,,0.9176689015359185,0.9721442150362442,0.9386020068012529,temp,All,Mon
24.25_100.25,1.0,0.9977137009509566,0.9628984802055102,0.9496685315810792,0.9674887805763469,,0.9338941725602485,0.9804918142289394,0.9500148669782331,temp,All,Mon
24.25_100.75,1.0,0.9976337585277009,0.960678728246557,0.9486659176763476,0.9689077029177888,,0.93703867653665,0.9752791645257067,0.9486292967126893,temp,All,Mon
24.25_99.75,1.0,0.9979834580562326,0.9533745216578251,0.9570133189017387,0.9696856448432051,,0.9445600369873652,0.9748023383764066,0.948252999342986,temp,All,Mon
24.75_100.25,1.0,0.998585841741985,0.9690846368710039,0.9589265460850728,0.9691938440160185,,0.9449655158600478,0.9812982534161457,0.9599318960958242,temp,All,Mon
24.75_99.75,0.9999999999999998,0.9987377934492081,0.9581595732055279,0.9570989642147332,0.9709615836396772,,0.9427407712415952,0.9779122612511396,0.9599908669317807,temp,All,Mon
25.25_99.75,0.9999999999999998,0.9969435987059356,0.9659510961366197,0.9586978656502468,0.9670841531594389,,0.9496118754506782,0.980460981843599,0.9677712768223617,temp,All,Mon
25.75_100.25,0.9999999999999998,0.996234765570955,0.9785814047149889,0.9712207805434618,0.965980462058124,,0.9684418161281723,0.9840550936756175,0.967515807228049,temp,All,Mon
25.75_99.25,1.0,0.9873483075675306,0.9637627530208644,0.9654522690594782,0.9630536212083268,,0.966366359041531,0.9738840992839598,0.9702789603177358,temp,All,Mon
25.75_99.75,1.0,0.9931412834140003,0.9734560144209559,0.9685595511703289,0.9673611587077233,,0.9695666577595063,0.9802043577155104,0.9708137922302332,temp,All,Mon
26.25_99.25,0.9999999999999998,0.989892721721367,0.9736591365964201,0.9813631314272308,0.9699199623136706,,0.9837008067119332,0.9820535143033339,0.9768054403838493,temp,All,Mon
26.25_99.75,1.0,0.9922650812928216,0.9791098458128467,0.9815823882952405,0.9714577728891999,,0.9842208189620516,0.9836657156626196,0.9744194901927838,temp,All,Mon
26.75_99.25,1.0,0.994518500017533,0.9794232367314603,0.9863856416597717,0.9769926201421388,,0.989523928581602,0.9880016038042065,0.9800149907008342,temp,All,Mon
27.25_99.25,1.0,0.9956827204866641,0.9811588745157916,0.9872921461531264,0.9788901433832006,,0.9908278989187687,0.9902042705745754,0.981782627537797,temp,All,Mon
27.75_98.75,0.9999999999999998,0.995623355090662,0.9806968237752298,0.9860247724097186,0.9773938489347461,,0.9770740544900913,0.9856075357581531,0.9798395032865768,temp,All,Mon
28.25_98.75,1.0,0.9964033852683071,0.9857090670475972,0.987133250540925,0.972045011746786,,0.9852624920654445,0.9756985694454854,0.9828037903288067,temp,All,Mon
28.75_98.75,1.0,0.9966830851199974,0.9848057669478442,0.9900695699833563,0.9735053630000546,,0.989853271970605,0.9807631139674888,0.9855570783404343,temp,All,Mon
29.25_98.25,1.0,0.9956076761501349,0.9792039704460141,0.9902965847971188,0.9729149629929955,,0.9891160671803508,0.9815195812615223,0.9884728870748579,temp,All,Mon
29.75_98.25,1.0,0.9947481459690378,0.9838168823418829,0.9918714483371861,0.9715941881738523,,0.9922200418791953,0.9784717195314983,0.9899751941210151,temp,All,Mon
30.25_97.75,1.0,0.9944662251510723,0.987429886381202,0.9908295911453845,0.9729639869229885,,0.9909729258181608,0.9770900292970951,0.9893534129569665,temp,All,Mon
30.25_98.25,1.0,0.994631804710923,0.9871277286656871,0.9912049944354001,0.9721137780057048,,0.9902073305435523,0.9811105281658941,0.9903809756743545,temp,All,Mon
30.75_97.25,1.0,0.9940478582421888,0.9896695148801536,0.9890460942054489,0.9759711394587196,,0.9908170761247427,0.9875877445135681,0.9889906689435896,temp,All,Mon
30.75_97.75,1.0,0.9937159318007357,0.9895207907107151,0.9903817812007913,0.9720921039448556,,0.9922084844135325,0.9862670394942998,0.9889708201665087,temp,All,Mon
31.25_96.25,0.9999999999999999,0.9925025218060813,0.9888055334950087,0.9893028230357789,0.9795529847170966,,0.99114063349096,0.9893047595512053,0.9862705757081286,temp,All,Mon
31.25_96.75,1.0,0.9918374579939607,0.9891308676914834,0.989963935078166,0.9803506070506905,,0.9913865580826873,0.9894998449965459,0.988504995167352,temp,All,Mon
31.25_97.25,1.0,0.9928819128858111,0.989185873325323,0.9890490291227138,0.9784639771736627,,0.9897730588867434,0.9889064481261729,0.9892704847201526,temp,All,Mon
31.75_95.75,0.9999999999999999,0.9919987798683082,0.9878411109194523,0.9881060960205849,0.9781830817418466,,0.9880952692344072,0.9808212404147707,0.9868547999047077,temp,All,Mon
31.75_96.25,0.9999999999999999,0.9912683463745219,0.9882546064384417,0.9893869730688861,0.9788394808083946,,0.9913492053431537,0.9884850335132348,0.9852754553055209,temp,All,Mon
31.75_96.75,1.0,0.9906522074067249,0.9881467540591655,0.9907794960796843,0.9781715049579169,,0.991288691697622,0.9896290246149577,0.9869018838718396,temp,All,Mon
31.75_97.25,1.0,0.991865684266305,0.9879317849676978,0.9906264135228275,0.9761443562318068,,0.9913202421036703,0.9881301444797651,0.9877083060579939,temp,All,Mon
31.75_97.75,1.0,0.9922674986904716,0.988615661105928,0.9897135632077093,0.9737785600754942,,0.9913773922134274,0.984072964029059,0.9860602744567247,temp,All,Mon
32.25_94.75,1.0,0.992164716246853,0.9877079112492476,0.9890556671430896,0.9800817961267189,,0.9896840925922471,0.9758873362219451,0.9837393661379432,temp,All,Mon
32.25_95.25,0.9999999999999999,0.9924906396061536,0.9878997805255877,0.9885869891855134,0.9803487728814586,,0.9899653003421692,0.9847342075297998,0.9847297782332398,temp,All,Mon
32.25_95.75,0.9999999999999999,0.9909436189059907,0.987370715583797,0.9884429425156404,0.9794775025592662,,0.9900709744815207,0.988907248512561,0.9825226969227108,temp,All,Mon
32.25_96.25,1.0,0.9872638687412375,0.9849358800760393,0.9862283041182386,0.9756605280822576,,0.9868558859727156,0.9880206338088778,0.9798055147082791,temp,All,Mon
32.25_96.75,1.0,0.9891064116006517,0.9881484044318292,0.9891658266323785,0.9781977613338297,,0.9903877795672863,0.9901057712340127,0.9827664684475146,temp,All,Mon
32.25_97.25,1.0,0.9905264375340863,0.9887064450518983,0.9898385229423251,0.9752296538787723,,0.9909279405441862,0.9876580452528778,0.9840694250532439,temp,All,Mon
32.25_97.75,0.9999999999999999,0.9912206242543087,0.9887420132517093,0.9899898661945664,0.974194956869912,,0.9914966482202819,0.9854562308556831,0.9839279099920887,temp,All,Mon
32.75_94.75,0.9999999999999999,0.9930249318004843,0.9874644823744083,0.9882201187300691,0.9784456029502694,,0.9902600449798248,0.983367235874116,0.9825954996238615,temp,All,Mon
32.75_95.25,0.9999999999999999,0.9924808422338373,0.9870186867522669,0.9884023773916959,0.9788826363378357,,0.9899155386889805,0.9872877497209774,0.9827421366856327,temp,All,Mon
32.75_95.75,0.9999999999999999,0.9917926389357713,0.9873344966167951,0.9884812694064745,0.9797255393230953,,0.9882916854171766,0.9890827204000291,0.9823399837310366,temp,All,Mon
32.75_96.25,1.0,0.990364448868793,0.9875478782575394,0.9875142321326738,0.9787814476901885,,0.9890869250252496,0.9896220300075994,0.9813076491521593,temp,All,Mon
32.75_96.75,1.0,0.9893877773701973,0.9879337149510169,0.9857307236551839,0.9791252166967962,,0.9883376225254014,0.988797898690405,0.9806631056728631,temp,All,Mon
33.25_94.25,1.0,0.9941050499619283,0.9883417881640395,0.987677548027132,0.9779582242959465,,0.990893088912028,0.9845228411769704,0.9837319777413569,temp,All,Mon
33.25_94.75,1.0,0.9939454569858527,0.9882171576668831,0.9883983369882327,0.9780184469262156,,0.9919240567558915,0.9852351176069225,0.9838877213546918,temp,All,Mon
33.25_95.25,1.0,0.9934311205021474,0.9875849333504026,0.9870798415587778,0.9792598290600776,,0.9889550786816441,0.9836481873356476,0.983611256562324,temp,All,Mon
33.25_95.75,1.0,0.9933338617593177,0.9879311927637616,0.9870699227813992,0.9800028739037288,,0.9785856769907727,0.981579878257123,0.9834661970635463,temp,All,Mon
9.25_105.25,0.9999999999999999,0.9149306136285158,0.7959001132766427,0.7371506604603443,0.7327846226555668,,0.8484775704292092,0.7178600068997367,0.6783126395693826,temp,All,Mon
9.25_105.75,0.9999999999999998,0.9255292261309439,0.8215977057756715,0.8700050783565182,0.7740395365605848,,0.6859464108748243,0.7618411693920141,0.7704436036685802,temp,All,Mon
9.75_105.25,1.0,0.9004867952255633,0.8061265273768505,0.7840123475265508,0.7605140950285756,,0.6488077819853654,0.7223454407398766,0.6855271940261457,temp,All,Mon
9.75_105.75,0.9999999999999999,0.8977561059210358,0.7561103366320177,0.7205517427963062,0.7301696309571457,,0.6664781383292092,0.7124076390723744,0.6727383925288026,temp,All,Mon
9.75_106.25,1.0,0.9363450165491081,0.7924410221931865,0.8106088064047328,0.7614961165611445,,0.776648312804384,0.7876615779741831,0.7547286678642563,temp,All,Mon
10.25_104.75,0.9999999999999998,0.7708529666889656,0.1464037604143836,0.6450217157891407,0.4403844972565084,,0.5917903422050811,0.562428997877812,0.32394863521316913,temp,All,Yr
10.25_105.25,1.0,0.8103635445180808,-0.012697585553895066,0.6679952360543158,0.33075834759061923,,0.5719055196355686,0.4966638599751829,0.30091420357214504,temp,All,Yr
10.25_105.75,0.9999999999999999,0.8320351562771019,-0.05355503249932958,0.6753752626323442,0.3160193968245631,,0.5599843824252498,0.42582910849429634,0.2673360028817499,temp,All,Yr
10.25_106.25,1.0,0.8612948796543881,0.011415744779754475,0.7964953326806298,0.43783434845060804,,0.6445762093502257,0.48535012366132996,0.3852828166844581,temp,All,Yr
10.25_106.75,0.9999999999999998,0.8793589355056597,0.3780232400307666,0.8402998127193729,0.518410199380643,,0.7471096369698237,0.5720444559243015,0.6107340716728006,temp,All,Yr
10.75_104.75,0.9999999999999998,0.7378451989615071,0.05362655120011429,0.5519310536740082,0.2476008309101977,,0.5016212008541098,0.5111434563267757,0.26901576702069896,temp,All,Yr
10.75_105.25,1.0,0.7853553882579106,-0.029895575358948916,0.5816208220030047,0.2820889443440977,,0.5274367198777423,0.45806618181179576,0.29880425521668846,temp,All,Yr
10.75_105.75,1.0,0.8119091678905078,-0.060892592341337225,0.6286353279228146,0.34521766559068867,,0.5809162260514443,0.4810325848952805,0.3483481498442724,temp,All,Yr
11.25_104.25,0.9999999999999998,0.7087193060703987,0.03314580809230009,0.4979122713309331,0.19878367606770853,,0.4669372252321695,0.5754756303868945,0.2911869221470329,temp,All,Yr
11.25_104.75,1.0,0.759055854757187,-0.04939379174956051,0.5188796482435544,0.198563806516782,,0.3815372186112601,0.4126669033902166,0.2066888848878319,temp,All,Yr
11.25_105.25,1.0,0.795151170285118,-0.050053116427433784,0.5639040002547238,0.2642640047332358,,0.45000586682871463,0.4386601412897681,0.27851152716306254,temp,All,Yr
11.75_104.25,0.9999999999999998,0.7858201553084304,-0.030610746281871694,0.5536244208815595,0.2942904377999027,,0.513822026327228,0.5794714627392912,0.2875116672705307,temp,All,Yr
11.75_104.75,1.0,0.7795578600825328,-0.16199594878116408,0.5362087075443563,0.25717523427244476,,0.3696257179235905,0.3878452617784425,0.17763911544342698,temp,All,Yr
11.75_105.25,0.9999999999999999,0.8070327528162939,-0.07049795042625763,0.5801635344953734,0.3077699457785499,,0.4384589724792272,0.4779821307787086,0.3073876444115115,temp,All,Yr
12.25_103.25,1.0,0.8258882209026192,0.14821975870586257,0.5949646467991773,0.46095051414618554,,0.7132286059638259,0.8350601480514297,0.3887916318657723,temp,All,Yr
12.25_103.75,1.0,0.8679463566161351,0.0663935620653526,0.5644234287918329,0.4049763006784944,,0.6581304395811234,0.75042184606984,0.34850061917795705,temp,All,Yr
12.25_104.25,0.9999999999999998,0.8655906165775171,-0.06943195420772158,0.5760489531679005,0.36970640540993216,,0.6060438005213707,0.6488737750428695,0.285104836137472,temp,All,Yr
12.25_104.75,1.0,0.8451363091731998,-0.14307924997507868,0.58663713605197,0.3570989846927232,,0.5356907193330666,0.5503195228658464,0.29702367435560467,temp,All,Yr
12.25_105.25,1.0,0.8020366905834138,-0.11083808402567738,0.5588331063407549,0.3321388677615493,,0.48386236395503796,0.5654277241053981,0.49994674522551963,temp,All,Yr
12.25_105.75,0.9999999999999998,0.7430723987759424,-0.08140347684336607,0.5659182793746196,0.3844785602656003,,0.5352950622599885,0.6004730117755778,0.5661929585927329,temp,All,Yr
12.25_106.25,0.9999999999999998,0.7306230173791227,-0.06463431349154834,0.5265616056192037,0.4371722696910166,,0.5729046708334559,0.5935856370223642,0.5414727216732408,temp,All,Yr
12.25_106.75,1.0,0.7563372684674442,-0.030197663877293942,0.546958643287705,0.5216758909028648,,0.6045178963270897,0.5849251233868974,0.5765989840523492,temp,All,Yr
12.25_107.25,1.0,0.7416796749977221,0.20072742845013072,0.5528869535296809,0.6135580959413353,,0.6443222407900124,0.6355675422230341,0.6551718800177769,temp,All,Yr
12.25_107.75,0.9999999999999998,0.6904205143265808,0.358885288623519,0.46680947022290314,0.6260560419151254,,0.6699197423070106,0.6716058946790142,0.6927289365417599,temp,All,Yr
12.25_108.25,0.9999999999999998,0.7161910965640613,0.45933738554986075,0.511676465839626,0.6273917671739299,,0.7239557315497666,0.7421324386494432,0.6835924661462628,temp,All,Yr
12.75_102.75,0.9999999999999998,0.8811241734392736,0.10966301003361513,0.7040331909672933,0.610452607850632,,0.8343482296621322,0.7873473247581002,0.5431955861168171,temp,All,Yr
12.75_103.25,1.0,0.9131746134331955,0.049512131810492105,0.6922029147009724,0.47901950072671884,,0.793716725230014,0.7786585755483963,0.4370189703526767,temp,All,Yr
12.75_103.75,1.0,0.9155108616998292,0.07257529179049563,0.6942502142291286,0.4396556497986343,,0.7942655101626434,0.7576296095898277,0.4471096309245454,temp,All,Yr
12.75_104.25,1.0,0.8978027768361071,-0.021796214664006157,0.6819500801819443,0.42858354748392685,,0.7455853807676072,0.6951257517991696,0.4434052344960756,temp,All,Yr
12.75_104.75,1.0,0.8607960648915122,-0.12913008009056473,0.6217491594927813,0.40770336376289873,,0.6431791258776688,0.6710198671114936,0.479752890305849,temp,All,Yr
12.75_105.25,0.9999999999999998,0.6994865844816798,-0.2981934893362948,0.4300777088669143,0.38214950380556356,,0.5277840177925849,0.5929643567630613,0.4566329755592142,temp,All,Yr
12.75_105.75,0.9999999999999998,0.5770099906485541,-0.28772501809624246,0.3831455198216584,0.4478904585534831,,0.5376071389294493,0.5466425484276214,0.46580779949084206,temp,All,Yr
12.75_106.25,0.9999999999999998,0.5725546719098078,-0.21689914796043402,0.37721094745811656,0.48040920361031847,,0.5501743292008097,0.531470509956206,0.4966901420260663,temp,All,Yr
12.75_106.75,0.9999999999999998,0.5700192878964504,-0.15864789654778458,0.3646983904409426,0.5161389814573661,,0.5657367798191267,0.5087445898096831,0.5745481541755741,temp,All,Yr
12.75_107.25,1.0,0.5850896435880466,0.021057012631221093,0.3750221768251385,0.5497546756138744,,0.5952351896160137,0.5301785961529321,0.6935718510854112,temp,All,Yr
12.75_107.75,1.0,0.5428369995287474,0.14021929905579125,0.30339671643213,0.4732126921756796,,0.596285318766527,0.5291790148897608,0.7185794945040935,temp,All,Yr
12.75_108.25,1.0,0.6152230255400022,0.2550389620917594,0.3867804363483346,0.4900388407643545,,0.6762070335490056,0.6367199334917464,0.6721702788692538,temp,All,Yr
13.25_102.75,1.0,0.8841515107808232,0.12271994849004646,0.7546993761201771,0.587065530217566,,0.8396708127928388,0.7432164651927378,0.5653825585164632,temp,All,Yr
13.25_103.25,1.0,0.8815529947521279,0.1122383978926784,0.7365063048183303,0.5285369926465991,,0.8579924025260656,0.7766698035676914,0.5537477893944157,temp,All,Yr
13.25_103.75,1.0,0.8844291708834492,0.09248337780373043,0.7271208567459838,0.4358875493801173,,0.7996930274201896,0.6933862777875397,0.5306151567131091,temp,All,Yr
13.25_104.25,0.9999999999999998,0.873124837305472,-0.007845631790015422,0.7200976630257196,0.45334463703605965,,0.7773467953701512,0.7333729433473307,0.5807793593914411,temp,All,Yr
13.25_104.75,0.9999999999999998,0.834037575704006,-0.11403236904160637,0.6524303996713967,0.46994162796260186,,0.7140160317621718,0.7326267656302996,0.5662750415085027,temp,All,Yr
13.25_105.25,1.0,0.6999365516744572,-0.25640249001203685,0.46491050113556637,0.433186933981423,,0.6110870732027551,0.6550846023702795,0.45707726617638983,temp,All,Yr
13.25_105.75,1.0,0.4894635744838601,-0.2779894188335625,0.3328296993005381,0.4401639694735767,,0.5409122248575746,0.5485078044905376,0.42373422787122283,temp,All,Yr
13.25_106.25,0.9999999999999999,0.45026304297061004,-0.23282582162840287,0.30170953618974705,0.4499911944238602,,0.5318565077018624,0.4876640757587881,0.4957329644282816,temp,All,Yr
13.25_106.75,1.0,0.4153221956220915,-0.16827337160301825,0.23609870538532102,0.4615307264720128,,0.5127981775464804,0.42427856038794665,0.5654328674042767,temp,All,Yr
13.25_107.25,1.0,0.4067352966414751,-0.08987741055352484,0.20102897544273496,0.4512251636887193,,0.5371877479475136,0.402968178198773,0.651418780382518,temp,All,Yr
13.25_107.75,0.9999999999999998,0.4914338558566221,-0.0011969163997951578,0.1855671898421152,0.4501482413618548,,0.5912954794904656,0.44322062801789974,0.694853537935511,temp,All,Yr
13.25_108.25,1.0,0.6055579173456613,0.07691034479452852,0.28943614556399433,0.5078354520377435,,0.6721785266034492,0.5593046551861898,0.6899427456953378,temp,All,Yr
13.75_102.75,1.0,0.8153335422943074,0.23341064245862456,0.7146157324640035,0.6269130652349477,,0.8757965997116386,0.784439980315026,0.6578701787776641,temp,All,Yr
13.75_103.25,1.0,0.8488317595818238,0.22210891149667258,0.7287691379705397,0.608479762290284,,0.9112481027577766,0.8019047577900936,0.6666500228658185,temp,All,Yr
13.75_103.75,1.0,0.8460445943186269,0.18743905789080859,0.7275515081482767,0.5638422136676304,,0.9072714166671876,0.7968519408895564,0.6825629889730858,temp,All,Yr
13.75_104.25,1.0,0.8537783781757329,0.03529620434634006,0.731365142105557,0.5452148962328928,,0.8508114069652011,0.8019495717260788,0.6604222189522955,temp,All,Yr
13.75_104.75,1.0,0.8075880499158622,0.0009201884560179432,0.6463486539944078,0.49555509606809384,,0.7768281929971007,0.7831339860277179,0.6364793010749551,temp,All,Yr
13.75_105.25,0.9999999999999999,0.6987130889155527,-0.14947663452493493,0.48232341014816493,0.4583837257929346,,0.6852456957487504,0.69478359137328,0.4933937855552929,temp,All,Yr
13.75_105.75,1.0,0.5027814104732211,-0.1707524156440504,0.3396402396791437,0.44403236733522183,,0.6062123064851249,0.6104093429607819,0.4240250242310556,temp,All,Yr
13.75_106.25,1.0,0.4006682542731619,-0.17291552893003048,0.2434283387823888,0.404838885547447,,0.5526895585016858,0.5054471295289771,0.472967337472245,temp,All,Yr
13.75_106.75,1.0,0.3096147726622237,-0.1390857891058096,0.17735865298709708,0.37349958231254066,,0.5143178751193801,0.4016575419841893,0.516939769673208,temp,All,Yr
13.75_107.25,0.9999999999999999,0.314726874861314,-0.13173213278696685,0.15866555797071608,0.38986593342976633,,0.5281992114652787,0.3975941483792483,0.5701808783460871,temp,All,Yr
13.75_107.75,1.0,0.3732598544181327,-0.009934625159862367,0.1562673445135493,0.34174978132969386,,0.5412381518982503,0.4057746849713023,0.6252410265589183,temp,All,Yr
14.25_102.25,1.0,0.7085294663738506,0.3381939590172678,0.5601716522040894,0.5582212892281752,,0.854098789446054,0.8203823433576427,0.6254504343348175,temp,All,Yr
14.25_102.75,1.0,0.7692553866502958,0.3214914949763114,0.6649862790779405,0.5975373875454619,,0.9023778210190708,0.8298349958326058,0.6677126034882978,temp,All,Yr
14.25_103.25,1.0,0.8543850199588903,0.2861292799333829,0.7170353977995335,0.6056589936529486,,0.9280300441955475,0.8195435181454043,0.7041526343025053,temp,All,Yr
14.25_103.75,1.0,0.8388093933282856,0.26887909156795536,0.7170964648094924,0.597522148482093,,0.9346242076330921,0.8539059932430073,0.7264265507340018,temp,All,Yr
14.25_104.25,1.0,0.8216912493577322,0.21812045163526092,0.7047447101324064,0.5745529413662107,,0.898353550625881,0.8480665139227803,0.6905459913845524,temp,All,Yr
14.25_104.75,1.0,0.7148393408200108,0.16244237209668624,0.554395445736631,0.47477266456459094,,0.8067919622364303,0.7767027274853148,0.6207178161790899,temp,All,Yr
14.25_105.25,1.0,0.6605158928673877,0.004995129834796463,0.4334918668458451,0.4302344393425151,,0.7147242722571365,0.7134505553930763,0.48626640157788614,temp,All,Yr
14.25_105.75,0.9999999999999999,0.5379859872112205,-0.05467477176188599,0.3318924914858113,0.4020843504804776,,0.6331509498134641,0.62696393745426,0.43505361671535875,temp,All,Yr
14.25_106.25,1.0,0.353934262530047,-0.11023935198939287,0.1614164287463987,0.3131740116117402,,0.4975143720546884,0.45749660646480894,0.40847667686620026,temp,All,Yr
14.25_106.75,1.0,0.3332025351811719,-0.11402622640067679,0.11398733085948894,0.2951099458335621,,0.4923303930957484,0.394680569575156,0.44202572968956616,temp,All,Yr
14.25_107.25,1.0,0.34722322845948933,-0.08131234914438475,0.13436415114628789,0.3126151847468585,,0.5266611166992816,0.40563076237738777,0.483044359923466,temp,All,Yr
14.25_107.75,1.0,0.39858597330539086,0.02024141337145738,0.1673353703731859,0.3570247732957995,,0.5613823605903978,0.4280231442938018,0.534594410848883,temp,All,Yr
14.25_108.25,0.9999999999999998,0.5945131129304368,0.24920108411096584,0.369862985700188,0.5500893544393736,,0.7166763761116354,0.6336783530693493,0.6045447874891627,temp,All,Yr
14.75_101.75,1.0,0.7474178505476066,0.34635511852496165,0.5236797174919623,0.4263197079598795,,0.8247995370630887,0.7824687777071895,0.5735806236281803,temp,All,Yr
14.75_102.25,1.0,0.7606864412658471,0.32315574234099814,0.611997805278106,0.47783789397929355,,0.8650367998510842,0.8234016775196787,0.5980801684207667,temp,All,Yr
14.75_102.75,0.9999999999999999,0.7475156923332763,0.30393531580947203,0.6516926930939626,0.529796484572399,,0.8974171630389065,0.825992131321138,0.6426355542823599,temp,All,Yr
14.75_103.25,1.0,0.837860184170272,0.3433438141553253,0.7041624068341971,0.5770492295369248,,0.933110607261286,0.8373016909301924,0.7146615556155406,temp,All,Yr
14.75_103.75,1.0,0.8556962618401147,0.35985448337199394,0.721971519546302,0.6028435631823424,,0.94018709657019,0.8567152483071759,0.743611732909453,temp,All,Yr
14.75_104.25,1.0,0.847069935312043,0.30595850461699975,0.6944640051106985,0.5842141098246652,,0.9044326079522257,0.8639120755292191,0.7052965081771211,temp,All,Yr
14.75_104.75,0.9999999999999999,0.7800417717442134,0.2800600356437453,0.612882829085937,0.5185665092587772,,0.8536500047405395,0.8229035852612899,0.6893396857709928,temp,All,Yr
14.75_105.25,1.0,0.6469131800603192,0.08492399512419584,0.4281368822411279,0.3395652016998043,,0.7055153339912448,0.6801084271302297,0.49049001940781295,temp,All,Yr
14.75_105.75,0.9999999999999999,0.5126977486393725,-0.010737536832365929,0.26788369004552703,0.26117445909070414,,0.5677478387405522,0.5473953110672048,0.4145031297144115,temp,All,Yr
14.75_106.25,1.0,0.39362623438763483,-0.08074960906062044,0.12710367154040464,0.21718694100080685,,0.46832609537134817,0.4342007874562814,0.3577349911704003,temp,All,Yr
14.75_106.75,1.0,0.27254886548050017,-0.17999691464653228,0.07207255558025154,0.12658133674993252,,0.4303190788924589,0.33142497982164154,0.2870374346381144,temp,All,Yr
14.75_107.25,1.0,0.3391643658728945,-0.11001885823203413,0.1325625033110002,0.18002617797649567,,0.5666111621636246,0.404027263389929,0.39238828611869114,temp,All,Yr
14.75_107.75,0.9999999999999999,0.43451257894516737,0.05162509385787414,0.20703123968130996,0.2748557633209679,,0.5794288989767846,0.47432088945288386,0.4597370253033924,temp,All,Yr
14.75_108.25,1.0,0.5987292225056966,0.2547133799727558,0.3860018697619156,0.42042649095719753,,0.7070804834824578,0.6888187789639961,0.5153320431265633,temp,All,Yr
15.25_101.75,0.9999999999999999,0.8316339501919737,0.3281742528286449,0.5788154895685025,0.4021362093743987,,0.8550949160787048,0.803049459497561,0.622111281317265,temp,All,Yr
15.25_102.25,1.0,0.8602731295036782,0.3488236447267314,0.6495153000028607,0.4630708070208783,,0.8834373803255262,0.8180032015708933,0.6498303944190146,temp,All,Yr
15.25_102.75,1.0,0.8489072996697931,0.38996996940905865,0.6878412603683063,0.5057949518882484,,0.9103771918712494,0.825023094965435,0.6735635766663525,temp,All,Yr
15.25_103.25,1.0,0.8681211323661358,0.413832831927682,0.7096369677723373,0.5459190980638293,,0.9265130229564646,0.8456950116267367,0.7097460998085294,temp,All,Yr
15.25_103.75,1.0,0.8763203365094014,0.38088904874250396,0.7147857907835373,0.5917069666512841,,0.9237213829147405,0.8681514043036754,0.7240264605566862,temp,All,Yr
15.25_104.25,1.0,0.8726460603569746,0.31071850436556175,0.6922089314028322,0.5793712304568266,,0.9030691785584163,0.8786094285999116,0.7145781993212257,temp,All,Yr
15.25_104.75,1.0,0.8203437644481656,0.2351898654888483,0.6377465845541898,0.5427434140298807,,0.8581497576218629,0.8138838621635341,0.7239407282304327,temp,All,Yr
15.25_105.25,0.9999999999999999,0.677087213619314,0.12787305531495083,0.4318990469360784,0.3890603828508807,,0.7282977005792851,0.6903117745674807,0.5780614714122737,temp,All,Yr
15.25_105.75,1.0,0.558975554464251,0.02291838758869584,0.21862802683703852,0.22312769704290542,,0.6027618551626024,0.5515664372839917,0.46023775325833377,temp,All,Yr
15.25_106.25,0.9999999999999999,0.47741678355971057,0.09686221588306478,0.21660370269866772,0.17450971136655297,,0.5272997282860843,0.4672039050042207,0.46857177474867406,temp,All,Yr
15.25_106.75,1.0,0.4079371771286352,-0.06849467356622536,0.10647997846889212,0.10384657431145565,,0.49334333572192285,0.3967011972873818,0.358321227617802,temp,All,Yr
15.25_107.25,1.0,0.5038339566811193,0.013086416610418672,0.13807062333731304,0.24986478196149992,,0.6034300671801628,0.4719879919859509,0.4520194532731527,temp,All,Yr
15.75_101.75,1.0,0.9067901531819332,0.32325327387026753,0.6046608284606131,0.39841536233753977,,0.8918674433926653,0.7932040971518574,0.6828821979230761,temp,All,Yr
15.75_102.25,0.9999999999999999,0.9329462578942048,0.3525797353359285,0.6789999585050404,0.4725317416594855,,0.8846827617985209,0.7893911990295688,0.6840990959739752,temp,All,Yr
15.75_102.75,1.0,0.9506933557191614,0.39572824274653673,0.7189278037072424,0.5046136561977621,,0.8717147340627974,0.7809858062578968,0.6826179782645909,temp,All,Yr
15.75_103.25,1.0,0.9612210957147337,0.40036388300740716,0.7257772146846585,0.5040519137462677,,0.8851136379163482,0.8119690655006747,0.7033598290381099,temp,All,Yr
15.75_103.75,1.0,0.954094800369986,0.3670169736982091,0.7205442675302955,0.5410728144235029,,0.8828402698599631,0.8494139206036296,0.7193951348375186,temp,All,Yr
15.75_104.25,1.0,0.9465612107243752,0.33695188333699366,0.7047976857805917,0.5371999429878279,,0.874187321231742,0.8766151390257194,0.714264382261548,temp,All,Yr
15.75_104.75,1.0,0.9078146637684932,0.2832468806235304,0.6374781040383997,0.5013968121216636,,0.8545651856780241,0.8638760082495852,0.7017052084319302,temp,All,Yr
15.75_105.25,1.0,0.8517426599760067,0.21149058726569767,0.534144839619483,0.4623669197190924,,0.831747205966392,0.8044161162756336,0.6700839069727439,temp,All,Yr
15.75_105.75,1.0,0.6755790483861195,0.09803800081083769,0.34798083797379475,0.3247547549216542,,0.7127180620115935,0.6637247059180856,0.5756419298775458,temp,All,Yr
15.75_106.25,1.0,0.5415532912443244,0.01067273778582997,0.1715678741095576,0.2547119945124609,,0.6479070721251299,0.5188528355691898,0.5109641487657948,temp,All,Yr
15.75_106.75,0.9999999999999999,0.5309779796995423,0.001336996442922783,0.1756661209554565,0.2670608935227329,,0.6274986176217898,0.4834503414614734,0.47524592270424904,temp,All,Yr
16.25_101.75,1.0,0.9179015201583163,0.3563494352079305,0.6465763558988074,0.44278023454999155,,0.8980013879200468,0.7904291380338004,0.7219144023084548,temp,All,Yr
16.25_102.25,0.9999999999999999,0.8823369854520207,0.410108499518035,0.6885541871235512,0.4446279878987693,,0.8221668871138111,0.6912152353321989,0.6540257032325348,temp,All,Yr
16.25_102.75,1.0,0.9382689621851974,0.43069287209010404,0.7066659062312104,0.4618443967936139,,0.8440661085081635,0.7492806924795882,0.670605367235488,temp,All,Yr
16.25_103.25,1.0,0.9656298515439636,0.41244394130212797,0.7117842297726235,0.46759517663866507,,0.841929277623677,0.7925552882172107,0.6917290221758108,temp,All,Yr
16.25_103.75,1.0,0.9672221748220134,0.434277768603973,0.718589657816214,0.48919141127833704,,0.8318011037892329,0.8325238550961228,0.7130773668213325,temp,All,Yr
16.25_104.25,1.0,0.9692622246231555,0.3764055639399719,0.6865671758868979,0.511161924403099,,0.8335265764562405,0.8532055524837714,0.7185290221155556,temp,All,Yr
16.25_104.75,0.9999999999999999,0.9809515275047024,0.3140420623359386,0.6450643895902558,0.5129264189863186,,0.7981282822148247,0.8179514609284627,0.6842392934878184,temp,All,Yr
16.25_105.25,1.0,0.9107113073529062,0.22472978155259243,0.5533587104837375,0.4884182175983537,,0.8232438731970981,0.8075276064631285,0.6963370436812468,temp,All,Yr
16.25_105.75,1.0,0.7950623758075318,0.1436866009789379,0.44960585840241807,0.4189698833257507,,0.7804688370320815,0.7193732947796327,0.6429648711748118,temp,All,Yr
16.25_106.25,1.0,0.790383210885384,0.14389230562945882,0.4401905883457781,0.4149276135470929,,0.7601294418465943,0.695329609782389,0.6279639673013689,temp,All,Yr
16.25_106.75,1.0,0.7644615702949421,0.14537574392484204,0.43049487573849554,0.4503786180220625,,0.7105340028278045,0.6783502038149521,0.5774601282393839,temp,All,Yr
16.25_107.25,1.0,0.8682370059346696,0.32657072304502527,0.5400884518425643,0.6169559188001806,,0.786479118967297,0.7423719509144631,0.6672063626561964,temp,All,Yr
16.75_101.75,1.0,0.8941008335484093,0.3556017890664027,0.6532764381534585,0.44336075832504285,,0.9100905857063252,0.7812305549700606,0.7293026786784548,temp,All,Yr
16.75_102.25,1.0,0.902456145165213,0.3911894484983155,0.6819987643087239,0.392109532542975,,0.8985637610906507,0.7469145151591312,0.6719872734209665,temp,All,Yr
16.75_102.75,1.0,0.9067922174910243,0.41752434602193056,0.6871678168428176,0.4018692910453186,,0.8527746089370917,0.7429448035695213,0.6630575391953675,temp,All,Yr
16.75_103.25,1.0,0.9581696707040913,0.4277799856000434,0.6822441998644296,0.40697390265583866,,0.8453183310787473,0.7864077615545525,0.6740855562728036,temp,All,Yr
16.75_103.75,1.0,0.9681672255988851,0.4546283163158141,0.6893021964771745,0.4545030793723938,,0.8381381352142859,0.8269173387535221,0.728384002652133,temp,All,Yr
16.75_104.25,1.0,0.9755092093227034,0.40019636115808727,0.6610402590905653,0.4929520791412393,,0.8095732508550346,0.8102746294032431,0.7478930489250033,temp,All,Yr
16.75_104.75,0.9999999999999999,0.9755943480197359,0.3484814636974492,0.5812438020560671,0.5408151738565937,,0.7555010060960682,0.7479385452982747,0.6999288734715851,temp,All,Yr
16.75_105.25,0.9999999999999999,0.9652265971220484,0.30546302894615196,0.6045562181817926,0.5539618571317758,,0.8199821403258363,0.7845207879249144,0.748622298037363,temp,All,Yr
16.75_105.75,0.9999999999999999,0.8982432284049879,0.23196129611462707,0.5372260954701654,0.536901636340993,,0.8120880652844511,0.7608891626980585,0.722368789118447,temp,All,Yr
16.75_106.25,1.0,0.9241623668221878,0.2660790089784617,0.5662740332459715,0.5867000464198302,,0.7896286598211355,0.7283438910502039,0.7136711454862462,temp,All,Yr
17.25_101.75,1.0,0.91346906343939,0.3156132971767502,0.647062144270707,0.43064649370872704,,0.9149114707707199,0.7787588655554528,0.6996706521012015,temp,All,Yr
17.25_102.25,1.0,0.9170255637704018,0.37533746114989286,0.645396307748686,0.3835555163631856,,0.9122431062937771,0.7602058925750464,0.6679727192343984,temp,All,Yr
17.25_102.75,0.9999999999999999,0.9198590151206861,0.4091509388903728,0.6750071966016619,0.40507878489946425,,0.8532737822591391,0.7289711808187324,0.6714053641962575,temp,All,Yr
17.25_103.25,1.0,0.9564845624952362,0.41860720739651175,0.7036476774894141,0.3821225362790794,,0.8647465076781067,0.7886401975875217,0.6863323666037461,temp,All,Yr
17.25_103.75,1.0,0.9725810572365269,0.40190903067513273,0.6856552445563787,0.42393153917124304,,0.8392456290121258,0.7974160168649274,0.7363273256344457,temp,All,Yr
17.25_104.25,1.0,0.9710295029342565,0.3888743821515107,0.6424914721682669,0.45765498067988303,,0.820944821430687,0.7843736527725406,0.776596745172532,temp,All,Yr
17.25_104.75,0.9999999999999999,0.9551371714680533,0.38796588338555493,0.5949445338017338,0.5642670344765445,,0.8044840753349379,0.7375763358831517,0.7738380033259211,temp,All,Yr
17.25_105.25,0.9999999999999999,0.9573283697886357,0.40154194094529255,0.601744486303722,0.5806122795678326,,0.8264585438364027,0.7686966495359939,0.7979119970149977,temp,All,Yr
17.25_105.75,0.9999999999999999,0.9557368522396232,0.37852668199394846,0.6005576464021309,0.6360997563893894,,0.8296913681894831,0.7726457592330694,0.7868381038569224,temp,All,Yr
17.25_106.25,1.0,0.9666522517915002,0.29019690913235735,0.5850397724246703,0.6373580933114279,,0.7711792996551496,0.688242854434445,0.7260620734702335,temp,All,Yr
17.75_101.25,1.0,0.8702021402712945,0.32150626589245734,0.5448662275011463,0.30186628533411225,,0.8654818558689038,0.8034069673788701,0.6040713872255623,temp,All,Yr
17.75_101.75,1.0,0.8831557790688075,0.3523378597496822,0.5567591206517327,0.34729597074432494,,0.8993286270686778,0.7751531707511924,0.6266626912656675,temp,All,Yr
17.75_102.25,0.9999999999999999,0.8877759384039288,0.37689001632265856,0.6091081210168444,0.34460335172725404,,0.8900037735924952,0.7642945240162601,0.6234759852154659,temp,All,Yr
17.75_102.75,1.0,0.9322088205921493,0.35966257074683466,0.6424017712733411,0.3830241741130376,,0.8748798654414471,0.7806295382589595,0.6556593527771393,temp,All,Yr
17.75_103.25,1.0,0.9191653071970534,0.3387364594851782,0.6532657569210719,0.3905838208133704,,0.8454963972414772,0.8041834076123484,0.6812700347506517,temp,All,Yr
17.75_103.75,1.0,0.9283988085795929,0.3163223185337903,0.6335651773965266,0.398325464559066,,0.8198403346499363,0.7697657323344874,0.7127983516959944,temp,All,Yr
17.75_104.25,1.0,0.9606933669556034,0.32295914834267836,0.5885937209665606,0.4817925367974814,,0.7924414941979575,0.7450647512823362,0.7173401389992661,temp,All,Yr
17.75_104.75,1.0,0.9390656217139692,0.299405709084086,0.5508560713197261,0.5013077553510455,,0.7902625063865152,0.7595311130168805,0.7409210154987986,temp,All,Yr
17.75_105.25,1.0,0.9596057431840251,0.3699571093960767,0.5638888446598594,0.5715107058202273,,0.7839017749768654,0.7626011938738059,0.7733712667479153,temp,All,Yr
18.25_101.25,1.0,0.7759916041754222,0.4651657320362874,0.5190174548433986,0.3187446281521878,,0.8077263970285243,0.7016944458719123,0.5536928812189174,temp,All,Yr
18.25_101.75,1.0,0.7250756516033858,0.4446563253184422,0.5019492821702015,0.2794426455558126,,0.8224353396833785,0.6841670024459967,0.5547412106000321,temp,All,Yr
18.25_102.25,0.9999999999999999,0.6500057154611528,0.39551170773483646,0.4759984784910796,0.2044323203470284,,0.7681319812977567,0.7412002244202469,0.5200768244163486,temp,All,Yr
18.25_102.75,0.9999999999999999,0.7577060994283753,0.38261761754112905,0.5982812872839902,0.34548333574827084,,0.8316055666800347,0.8126860241933415,0.6267641175436605,temp,All,Yr
18.25_103.25,1.0,0.8183418063629161,0.3297324578161933,0.6484008007825169,0.3931708728610913,,0.8296942306630111,0.8178838167670605,0.7088707843612728,temp,All,Yr
18.25_103.75,1.0,0.8084237512045023,0.22452321219440263,0.565670525784194,0.4059524241172651,,0.7720563595077944,0.7545031110275046,0.69594641374096,temp,All,Yr
18.25_104.25,1.0,0.9329921952205613,0.3438952923530544,0.6202521957623347,0.5519074730565492,,0.8259922007265077,0.7813064193522086,0.7679014811181745,temp,All,Yr
18.25_104.75,1.0,0.9376039916335185,0.2395342664357144,0.548187095746507,0.565965125817325,,0.7310264369849078,0.7311707290356533,0.73183976853178,temp,All,Yr
18.25_105.25,1.0,0.9553596447533198,0.26081687161465894,0.5056477788590341,0.5676914379794122,,0.679876311362686,0.5945128400290961,0.7352033592875834,temp,All,Yr
18.75_101.25,0.9999999999999998,0.6796046360988092,0.4622513772410725,0.5688343148271119,0.24115458872349388,,0.733656662681801,0.632394653423273,0.5215982542530522,temp,All,Yr
18.75_101.75,1.0,0.5290079164270393,0.5252294795490663,0.4909428152101721,0.17324367336169227,,0.7433941720503243,0.5626306793075211,0.5092253350873808,temp,All,Yr
18.75_102.25,1.0,0.4435353469405363,0.5531986962003319,0.47294558359098204,0.14405564713720923,,0.7290789040928771,0.6240604079951416,0.5421268386274305,temp,All,Yr
18.75_102.75,0.9999999999999998,0.5479815951065504,0.5638350999886149,0.609361300160301,0.3514704807785954,,0.8279994011643708,0.707938747828017,0.6887559418641843,temp,All,Yr
18.75_103.25,0.9999999999999999,0.7404329438392726,0.5663005473927886,0.7774360870576693,0.6489897291068423,,0.8987729715986714,0.7666025491928886,0.7806255936684448,temp,All,Yr
18.75_103.75,1.0,0.8415019407479772,0.40332501535140625,0.6728551287880445,0.6680231869591001,,0.8770661030131015,0.8475218377467716,0.7908128138738991,temp,All,Yr
18.75_104.25,0.9999999999999999,0.8953544994583006,0.5100551202818822,0.7341258108448183,0.7657388195898205,,0.8844240790197403,0.794331395827046,0.839283144568506,temp,All,Yr
18.75_104.75,1.0,0.9721205530147319,0.35157943813141174,0.6136772057149644,0.726646590807879,,0.7565108678829664,0.6673475534404404,0.7886695147575377,temp,All,Yr
19.25_101.25,1.0,0.5347916627201055,0.5123125176791691,0.48854470383577825,0.18288305217256376,,0.5822175730251944,0.4796479899159417,0.44709935425433023,temp,All,Yr
19.25_101.75,1.0,0.2477458331833865,0.70666845142745,0.37593017933508993,0.1230282109906693,,0.48728543771504307,0.20119415130083848,0.463479361400124,temp,All,Yr
19.25_102.25,0.9999999999999998,0.30952841475486303,0.709969744928981,0.5671784890803326,0.2326966601067781,,0.6617944929687841,0.3858130453063118,0.5972180149485598,temp,All,Yr
19.25_102.75,1.0,0.27517376980248875,0.7268191866466894,0.5839602132644611,0.3720153538845817,,0.6489997424339344,0.3690298962114244,0.6053117631100176,temp,All,Yr
19.25_103.25,1.0,0.3875737317120191,0.6821863694338418,0.637048788204051,0.5733667999273744,,0.6870882295672336,0.42883850794449363,0.6578165393955919,temp,All,Yr
19.25_99.75,1.0,0.8423350228399586,0.18490364871140588,0.48624738739001766,0.41493977262710613,,0.6970118985191583,0.6621709293558736,0.4817638442438308,temp,All,Yr
19.75_100.25,1.0,0.8722117919346289,0.18738295153765777,0.5365168503881459,0.4847907566325025,,0.6543883469536984,0.6114248768984397,0.44145988651701495,temp,All,Yr
19.75_100.75,0.9999999999999998,0.8315706674274131,0.2781400044623786,0.5425957303168831,0.45499137665174244,,0.636978318747661,0.6343942813403335,0.4806729174875137,temp,All,Yr
19.75_101.25,1.0,0.5836381937667482,0.3569878779890203,0.5092891959605109,0.2704949931388861,,0.5022848908871224,0.48415201562214066,0.37430931016077257,temp,All,Yr
19.75_101.75,1.0,0.5376187201840813,0.45043103971411924,0.5619159060556354,0.27500444768333665,,0.43939130887237887,0.3858368159785379,0.31500320884247146,temp,All,Yr
19.75_102.25,0.9999999999999998,0.5853407936823205,0.5177416253110996,0.6651735861829285,0.3817697607733906,,0.546396204320907,0.426615414505858,0.41447782727058397,temp,All,Yr
19.75_102.75,1.0,0.4674296051689235,0.5927678236117684,0.6753245493811534,0.4301176075608066,,0.5756182339656077,0.44949389101173004,0.47438832309842466,temp,All,Yr
19.75_103.25,0.9999999999999999,0.42466473255732645,0.6082399627834821,0.6944550989223106,0.5339027282743484,,0.5763343980205236,0.5125047250565276,0.5293943718103881,temp,All,Yr
19.75_99.25,0.9999999999999998,0.8459808485333907,0.17228247213450862,0.5247531082506675,0.5607440182080382,,0.7030996630862938,0.5736757617047535,0.494789526355333,temp,All,Yr
19.75_99.75,1.0,0.8570934462621629,0.18089165944951943,0.5356704907568045,0.5245533276124313,,0.676372888711128,0.5518689995580257,0.4795973899008046,temp,All,Yr
20.25_100.25,1.0,0.8218419946823446,0.12207347879366813,0.5075499549940332,0.4363654339568333,,0.6036004544867828,0.5425564911944074,0.3379324364414018,temp,All,Yr
20.25_100.75,1.0,0.7640479344230903,0.09155467689870941,0.48698090630409385,0.3782258294021084,,0.4983008335173648,0.5366245383905132,0.2702207700528273,temp,All,Yr
20.25_101.25,1.0,0.775442256841993,0.09384100256424881,0.5593062684548602,0.366241398749464,,0.4056075670635709,0.44594141418868183,0.20531388332486739,temp,All,Yr
20.25_101.75,1.0,0.6454855021226296,0.22761804048838005,0.6064433738083632,0.3874838987323325,,0.36198509533947537,0.3562529010596977,0.19617515482731593,temp,All,Yr
20.25_102.25,1.0,0.5979721656388279,0.4010150423384846,0.6602289495406729,0.4142026224547968,,0.4204920310927296,0.3473136293484899,0.29654615144959007,temp,All,Yr
20.25_102.75,0.9999999999999999,0.5961379071322888,0.535159233662446,0.666264271036472,0.4542846013959408,,0.49973235717204717,0.338030915176856,0.39057931378534627,temp,All,Yr
20.25_103.25,1.0,0.6345531501986604,0.418794565464795,0.6889780327649114,0.5297612409260255,,0.5174348128549972,0.5006390078110338,0.4005291227464051,temp,All,Yr
20.25_99.25,1.0,0.877522002216911,0.24481626537015258,0.5924466927043966,0.5202621120520399,,0.6291341696679884,0.4561934202864187,0.44589322140645127,temp,All,Yr
20.25_99.75,1.0,0.8764953296175864,0.2311665882656427,0.5718459135828662,0.5447370898481905,,0.6424022437860027,0.45222501956256317,0.43645832809027924,temp,All,Yr
20.75_100.25,1.0,0.9090981789143443,0.2103845915600541,0.6275701338555122,0.42009813822902675,,0.5939587471297513,0.4121363074315024,0.36204728323355506,temp,All,Yr
20.75_100.75,1.0,0.850911095489906,0.09475687930220443,0.6004668419877619,0.35191017334900115,,0.48670598424665934,0.4157418187828662,0.253271628254798,temp,All,Yr
20.75_101.25,1.0,0.817537082108604,0.1123347486064454,0.6180492352854596,0.40657084971804297,,0.3754361358486756,0.29188367874576565,0.16533103376858474,temp,All,Yr
20.75_101.75,1.0,0.6054925420864447,0.20483792898726533,0.6232356778351674,0.31957137214400433,,0.3068173661490619,0.26089939208571067,0.13688091947799133,temp,All,Yr
20.75_102.25,1.0,0.6022792932877548,0.3512094362178751,0.6666160955352584,0.4084981994843878,,0.36357550652079573,0.24366295090764714,0.21909910434264074,temp,All,Yr
20.75_102.75,1.0,0.6575587912900237,0.4217296107438306,0.6325598488697531,0.5104975649815489,,0.4221790085282771,0.23952115729227944,0.29741191727404354,temp,All,Yr
20.75_103.25,1.0,0.7318464780230886,0.23821390440137344,0.5807942816725935,0.5719020294117385,,0.3862487485687123,0.35755382293956345,0.2498319372529662,temp,All,Yr
20.75_99.75,0.9999999999999998,0.8969584602109572,0.2560157420512431,0.6116635065939232,0.4378348168283193,,0.5646113826854434,0.3856430200275821,0.367041626056811,temp,All,Yr
21.25_100.25,1.0,0.9326359176416282,0.30383925377154647,0.6899874725705694,0.48869881591610803,,0.5544741865832364,0.2577592204819675,0.32004290212821457,temp,All,Yr
21.25_100.75,0.9999999999999999,0.918566988825645,0.21755000807586777,0.6922569133568003,0.4138107290183388,,0.506806636605683,0.2061694850550966,0.23345556194766115,temp,All,Yr
21.25_101.25,1.0,0.8696863176277403,0.19562087997764474,0.6710786289440991,0.43674711354477136,,0.42561480880845803,0.19109912507586244,0.19225293749883887,temp,All,Yr
21.25_101.75,0.9999999999999999,0.7988055749528948,0.2258326422331629,0.601712871986129,0.4609972007679546,,0.3622878806446834,0.10871838872067563,0.1586921167276567,temp,All,Yr
21.25_102.25,1.0,0.7106619229779303,0.25512031424328147,0.518460518840011,0.4494363736020935,,0.29592227601160087,0.054020005405896215,0.12274984489465894,temp,All,Yr
21.25_102.75,1.0,0.7040707349974928,0.31558927705885736,0.543260631498288,0.5303913493124317,,0.3334743052633857,0.16427707421176352,0.17318217559631222,temp,All,Yr
21.25_99.75,1.0,0.8983418972174738,0.41421817417085377,0.68120329156139,0.4394395551829145,,0.5517187994827791,0.1904930889325553,0.3266776206508689,temp,All,Yr
21.75_100.25,0.9999999999999998,0.9253525756401698,0.3730572125007222,0.7128934843395108,0.45269701201544144,,0.5428910013551823,0.2565057027631978,0.22696696647170803,temp,All,Yr
21.75_100.75,1.0,0.9273189449219902,0.22099280658815298,0.6940828545076393,0.38776956496327414,,0.5184131203568376,0.25259468837245386,0.1616893260126805,temp,All,Yr
21.75_101.25,0.9999999999999999,0.9303824983975171,0.17746643293696165,0.6638746169987304,0.4386808748548248,,0.45279418568023566,0.21871315010109812,0.15510619067781867,temp,All,Yr
21.75_101.75,0.9999999999999999,0.8702625125053587,0.19113777295926435,0.5883751873723222,0.4509497064996031,,0.3951688012992743,0.15585238067262505,0.14448653418125681,temp,All,Yr
21.75_102.25,1.0,0.7508429406480694,0.26511363637826924,0.5168507514334022,0.45261968888728144,,0.3306949332018483,0.08552683163443096,0.11658130670112059,temp,All,Yr
21.75_99.25,1.0,0.9011237849298687,0.5400883947841643,0.714133138307514,0.3641384394936321,,0.5481987482760006,0.395935130949583,0.2374397385912907,temp,All,Yr
21.75_99.75,1.0,0.9201203577990383,0.43875841701343954,0.7236788990208975,0.4419169081874731,,0.5903555207729925,0.3032085147589907,0.2501642387905612,temp,All,Yr
22.25_100.25,1.0,0.9613502073680026,0.3439791530639934,0.7132134116757043,0.46513484845749553,,0.603675899211522,0.4271948537263384,0.1872832307091949,temp,All,Yr
22.25_100.75,1.0,0.92786691749846,0.18954927258251486,0.6873079953608621,0.4117298256883488,,0.5375347839169274,0.4094945657650331,0.16597408720979853,temp,All,Yr
22.25_101.25,1.0,0.9562707361605638,0.12172639417626238,0.6714813699518352,0.45612640297393947,,0.48160861222924195,0.3445628985147326,0.16210020477452203,temp,All,Yr
22.25_101.75,1.0,0.920871944771453,0.11257699198564732,0.6126118892976915,0.4503705616408369,,0.42109185933803417,0.25951338209475117,0.16717127814215305,temp,All,Yr
22.25_102.25,0.9999999999999999,0.8722002899459308,0.15966429599650073,0.5394218681691868,0.49148482054741255,,0.3959137946360735,0.18201484028703135,0.19716460989089896,temp,All,Yr
22.25_99.75,1.0,0.9391432413056974,0.5173951871930621,0.7074800999638617,0.3905532859979553,,0.5933866186942525,0.3959403290910173,0.1978590604508943,temp,All,Yr
22.75_100.25,0.9999999999999998,0.9739799825016535,0.38293444301961793,0.6845393473289935,0.49484307898651053,,0.6438062931237339,0.4915148887401957,0.1974540319027139,temp,All,Yr
22.75_100.75,1.0,0.9716841915253029,0.2242334775176955,0.6579988815503229,0.5055927541394669,,0.5758321230277159,0.5106106823822804,0.190275799275604,temp,All,Yr
22.75_101.25,1.0,0.9813995787587838,0.1372306219493671,0.6669435788313937,0.4858538782836249,,0.5582533982619551,0.49579167021327647,0.21250091129683077,temp,All,Yr
22.75_99.75,1.0,0.9606747774177562,0.5439837080899169,0.7150106858501243,0.4133144354533567,,0.6498406231331352,0.5036668461302514,0.22896896150716775,temp,All,Yr
23.25_100.25,1.0,0.9879054326737552,0.44843640884103536,0.704291443599038,0.5068821651837621,,0.6871914196624015,0.5745838394270492,0.2743590085390172,temp,All,Yr
23.25_100.75,1.0,0.9919035409289025,0.35605137259887504,0.6929332536896042,0.5043970001096059,,0.6563160228456573,0.5893411257458213,0.2639153059732171,temp,All,Yr
23.25_99.25,1.0,0.9523495893509506,0.655450415457265,0.7881743870646787,0.3582569753608289,,0.6967364346412628,0.6173939961614732,0.3325844656802278,temp,All,Yr
23.25_99.75,1.0,0.9778229234834172,0.5782763608347232,0.7459839851018684,0.4440604623118988,,0.7139627794038184,0.6244403885013161,0.3028293239218211,temp,All,Yr
23.75_100.25,1.0,0.9886666840152931,0.48204053990697626,0.7116295851326254,0.5041624190270874,,0.7390145436296596,0.6434713931700803,0.3675044907992763,temp,All,Yr
23.75_100.75,1.0,0.9907770996417012,0.3849655148882997,0.6690845479660759,0.5096890296998057,,0.6880552956620454,0.6394745774647013,0.35904552270270257,temp,All,Yr
24.25_100.25,1.0,0.9705339853311676,0.4925390749173644,0.6676571809371118,0.4025711817712226,,0.7265059097400757,0.698551297933315,0.40753491839636086,temp,All,Yr
24.25_100.75,0.9999999999999999,0.9609409063004963,0.41345800050929493,0.6128971785437081,0.42234263186445326,,0.6851895898323676,0.668398770184579,0.4169129916101618,temp,All,Yr
24.25_99.75,1.0,0.9814384269641576,0.5561903183951548,0.7698365205371257,0.3969647923527265,,0.8484729227715023,0.743075548362474,0.46398738540431317,temp,All,Yr
24.75_100.25,1.0,0.9681525490186453,0.5217964115326426,0.6234243148012002,0.36070118530535183,,0.7222308460064314,0.6847357010332464,0.4511674679318122,temp,All,Yr
24.75_99.75,1.0,0.980738363467844,0.5200596997213423,0.7260051394817024,0.40970672380051654,,0.8694350387981884,0.6978801298777759,0.576507775695695,temp,All,Yr
25.25_99.75,1.0,0.8927869953026989,0.4704305337673217,0.6964941472502265,0.501483871375587,,0.8909267058549216,0.6164394531072439,0.6875806429396812,temp,All,Yr
25.75_100.25,1.0,0.950543213946188,0.6321785419618313,0.7522582444954804,0.5068879088639999,,0.9204275752856498,0.6473184552480674,0.6368149188606081,temp,All,Yr
25.75_99.25,1.0,0.7033274784461413,0.5603983209782473,0.7722210678363177,0.5971161266528486,,0.8528345219057926,0.6137316486742211,0.733213914201693,temp,All,Yr
25.75_99.75,1.0,0.8165176244037935,0.5865356393969681,0.7835488204886083,0.5685329122416299,,0.9175813464201451,0.6142939561665953,0.720795936352463,temp,All,Yr
26.25_99.25,1.0,0.7255052987249955,0.6284853663344443,0.7907275120431995,0.6354121760154904,,0.8538026390478333,0.7455753392811715,0.7771566446663598,temp,All,Yr
26.25_99.75,1.0,0.8073326638404957,0.6647861659426053,0.8379622828599285,0.6059790173189886,,0.9152864120741616,0.7247996921742478,0.7651630898233844,temp,All,Yr
26.75_99.25,1.0,0.8279799162275466,0.6966378201058554,0.8002262660323257,0.6481303275944065,,0.8875130471487269,0.8449101060581837,0.7978821216275724,temp,All,Yr
27.25_99.25,0.9999999999999998,0.8891808661097318,0.6604408513698113,0.7769208241953794,0.5744210818751844,,0.9143716331855113,0.9210733751015373,0.7529146542270763,temp,All,Yr
27.75_98.75,0.9999999999999998,0.8788011349451573,0.5754809997737109,0.7733865624052578,0.6476273511124034,,0.7987501452072825,0.9742290822910351,0.7871243992959353,temp,All,Yr
28.25_98.75,1.0,0.8370358519672336,0.5320901638143586,0.725797943963171,0.6440051168696668,,0.9080576949083974,0.8439001994557827,0.8177049750335313,temp,All,Yr
28.75_98.75,1.0,0.7753110895472516,0.5573399930514669,0.7478459882776032,0.685061181236327,,0.9118898801872064,0.8145750012253452,0.8028129839033528,temp,All,Yr
29.25_98.25,1.0,0.7679000534264873,0.6791602959973826,0.7342533432409728,0.542254419216074,,0.892563742224541,0.7769119208183883,0.8503848001453999,temp,All,Yr
29.75_98.25,1.0,0.7834409423242138,0.6736790480797841,0.7671009205757418,0.5831949032660598,,0.8841228730032106,0.7115646913882745,0.8550494337751169,temp,All,Yr
30.25_97.75,1.0,0.7579565188283554,0.6926519737093343,0.7714751215775832,0.6560094476699758,,0.8863427410366786,0.6760194294769667,0.8410420167302898,temp,All,Yr
30.25_98.25,0.9999999999999998,0.8119737835841517,0.7012149167216764,0.8135655705478739,0.6633653294696631,,0.8603040129504007,0.7162954159459695,0.8449179970295309,temp,All,Yr
30.75_97.25,0.9999999999999998,0.79046479829533,0.7515201915754987,0.7642850474312763,0.6686327556922462,,0.8768566016706272,0.6961860778599055,0.8030273428763837,temp,All,Yr
30.75_97.75,1.0,0.7878398471780703,0.7369527718868546,0.7725912702924369,0.6568177640896463,,0.8514061516812924,0.7063307161553092,0.8115578452142239,temp,All,Yr
31.25_96.25,0.9999999999999998,0.7226862402741431,0.7527309979301602,0.7867666887887877,0.6850408330681033,,0.8690121701844404,0.7280604491640903,0.741606732781631,temp,All,Yr
31.25_96.75,1.0,0.7067017306537559,0.7687779128621431,0.8014717831144993,0.7300903413430017,,0.8617238393714168,0.7164096963189441,0.8162607511264773,temp,All,Yr
31.25_97.25,1.0,0.787775995922121,0.7492880602356093,0.7566879902296875,0.6511168250744401,,0.8266576804537803,0.7513404709967865,0.8254382721755085,temp,All,Yr
31.75_95.75,0.9999999999999998,0.7076182235688376,0.7122428641334604,0.7736544760882141,0.6397061533720166,,0.8068775126286726,0.7639670726136968,0.7892251342321559,temp,All,Yr
31.75_96.25,1.0,0.7045616427061283,0.7141312662594249,0.7194879228436191,0.6499454155461802,,0.8142027270535652,0.7855804635951105,0.749697482953202,temp,All,Yr
31.75_96.75,0.9999999999999998,0.7075587594527281,0.7224338944735956,0.7388746613884387,0.6701639705276677,,0.7902853839527219,0.7749929646937316,0.7747841908098329,temp,All,Yr
31.75_97.25,1.0,0.726117809236865,0.704378603928603,0.7681744462007907,0.6507016410992693,,0.8152303876481705,0.7247412201138663,0.8142715475643183,temp,All,Yr
31.75_97.75,1.0,0.7610062743312453,0.6545046790676735,0.7772501726020555,0.6495022621417301,,0.8414352363651242,0.7006743194735356,0.833227361622754,temp,All,Yr
32.25_94.75,0.9999999999999998,0.7545393489691432,0.7026458633038729,0.7388197997450971,0.7667467234257638,,0.7902349628299363,0.6555711790168597,0.7400654973222635,temp,All,Yr
32.25_95.25,1.0,0.7413043461201758,0.7010021061468736,0.6592445753614185,0.7379295352646255,,0.7328536397336683,0.7204775244475384,0.7761194066496537,temp,All,Yr
32.25_95.75,1.0,0.6544632201651275,0.6654727571750872,0.5931852859423516,0.6286088688999227,,0.6965064396493358,0.78097003964699,0.6911873409118732,temp,All,Yr
32.25_96.25,1.0,0.49432258971933885,0.5315059601501749,0.47569636355493145,0.408266973008966,,0.5598590014013246,0.6885959251239868,0.5669340772413873,temp,All,Yr
32.25_96.75,0.9999999999999998,0.6631623341693326,0.6812193909757954,0.7324071359100296,0.6667810972714187,,0.7841096728084178,0.8044760387641587,0.7514165983253428,temp,All,Yr
32.25_97.25,1.0,0.6847551119787245,0.6807699924646419,0.7271402121430488,0.6645995037876226,,0.7711461326660929,0.7467875445729074,0.7511158782918531,temp,All,Yr
32.25_97.75,1.0,0.7106967009262062,0.6608257266436505,0.7304763987171354,0.6491554326214685,,0.8175970119903299,0.721241374833211,0.7915623087910362,temp,All,Yr
32.75_94.75,1.0,0.7851304977537348,0.7074932898241482,0.6391794692642511,0.7193724890930335,,0.8321917310880508,0.627602695224421,0.7910680072333675,temp,All,Yr
32.75_95.25,1.0,0.7689092040139779,0.6941595409594834,0.7037657852991613,0.7240230673752991,,0.8786030187113244,0.7196641084532968,0.8214829618195527,temp,All,Yr
32.75_95.75,1.0,0.7010963458093924,0.6551252722954833,0.6708861423609074,0.642341684781532,,0.7429048127637065,0.7734561167009826,0.8170962844302696,temp,All,Yr
32.75_96.25,1.0,0.6416141203560456,0.6294310835211295,0.6639264650704256,0.6154200877079845,,0.7601817361606767,0.7816069131565868,0.8000196526171215,temp,All,Yr
32.75_96.75,1.0,0.6593824796814478,0.6792009853887998,0.7568327131289471,0.7161608827955805,,0.7584631198309015,0.7843624944972319,0.7876813233976101,temp,All,Yr
33.25_94.25,1.0,0.8293950866879939,0.6682342135157444,0.6441771794935763,0.6366808698497416,,0.8387870557316447,0.6984143266558592,0.8303391004098666,temp,All,Yr
33.25_94.75,1.0,0.8150423097959676,0.6644236659209614,0.6981811907066369,0.6397799380718093,,0.8224981409779666,0.7700537070729396,0.8552157984055251,temp,All,Yr
33.25_95.25,0.9999999999999998,0.7789714623482114,0.6546584970445726,0.7398471837298991,0.6747059959142112,,0.8085564642875763,0.6964822511606598,0.8594379247877313,temp,All,Yr
33.25_95.75,0.9999999999999998,0.7425800898752953,0.6302454317557147,0.7235412066938286,0.6270294901379997,,0.11173160033108383,0.6743607378976253,0.8575763165987152,temp,All,Yr
9.25_105.25,1.0,0.7394066337969207,-0.007193910166912215,0.791234312682359,0.522223446409602,,0.7055977462533068,0.5175714933479887,0.2733653055057837,temp,All,Yr
9.25_105.75,1.0,0.8291511166552912,0.12706778704910945,0.852523570143087,0.6374354877120609,,0.6300877524201203,0.5250372223211563,0.3735508554968868,temp,All,Yr
9.75_105.25,1.0,0.8243699567915138,-0.008639776215892963,0.7780104423501325,0.4113975848523047,,0.641525386572867,0.5230320243063695,0.31162143576440055,temp,All,Yr
9.75_105.75,1.0,0.8310119411811598,-0.07721140888988377,0.7358599964726313,0.3876165724476666,,0.5769848910103205,0.42486988647172574,0.26659351928249964,temp,All,Yr
9.75_106.25,0.9999999999999998,0.8579857894805513,0.06686241357935874,0.8617752681846517,0.5117735886579343,,0.6508945120994677,0.4899982187236246,0.3529984345012662,temp,All,Yr
10.25_104.75,1.0,0.3183447511013906,0.08342386964809592,0.14294007574129522,0.09852230788820535,,0.15122206562334795,0.18925157005068138,0.10160028424242194,temp,JJASO,Day
10.25_105.25,1.0,0.31857384175307973,0.06927690178840297,0.13840135166252784,0.085590139052377,,0.15595103942666874,0.18506249945574982,0.08655919847697914,temp,JJASO,Day
10.25_105.75,0.9999999999999998,0.31072038654702205,0.05670123814033126,0.1141568547589053,0.08126672211196573,,0.14605957393029698,0.17170219101527204,0.0585717543578891,temp,JJASO,Day
10.25_106.25,1.0,0.32064502552097046,0.07159800032336203,0.1083619182304056,0.08689122423765339,,0.1623563844106709,0.1769214406170139,0.05689864163294593,temp,JJASO,Day
10.25_106.75,1.0,0.3266517851066936,0.10957859802646575,0.1419873945967195,0.09323143357934878,,0.18800343990518564,0.19813251190601328,0.08234277513375267,temp,JJASO,Day
10.75_104.75,1.0,0.3035443826392681,0.07753963995126942,0.12347954877340936,0.09403954438797922,,0.14980484806628894,0.18344345653569125,0.09913787676796548,temp,JJASO,Day
10.75_105.25,1.0,0.31194371395904125,0.06857722718748249,0.12607611881787573,0.08700723517837369,,0.16641529851722398,0.18964699828439946,0.09971777182852144,temp,JJASO,Day
10.75_105.75,1.0,0.31357436241709874,0.05993924063067301,0.11643283335644662,0.08738580030690372,,0.14739311889547715,0.18123551706783186,0.0854317200200885,temp,JJASO,Day
11.25_104.25,0.9999999999999998,0.29669637119189884,0.07972155763182712,0.12106210452519564,0.10232412723161444,,0.16997823747742813,0.16878747150903597,0.10083094506007852,temp,JJASO,Day
11.25_104.75,0.9999999999999998,0.3169381947976509,0.09133780165320858,0.1387192845027458,0.1041500241694812,,0.1884531550944791,0.20469397832058064,0.11574851305532519,temp,JJASO,Day
11.25_105.25,0.9999999999999998,0.31717577667340363,0.08241642801560266,0.13436314098656474,0.09431608769580437,,0.18395250456009718,0.2068207286714194,0.11374423632093358,temp,JJASO,Day
11.75_104.25,0.9999999999999998,0.31444052253735316,0.09585184877000734,0.15717551304547445,0.11935095612355023,,0.20797399237322667,0.19948335761075334,0.11665895637072429,temp,JJASO,Day
11.75_104.75,1.0,0.32891661030953123,0.1000823401834495,0.1722619756989011,0.11089433029654228,,0.22136186811033634,0.2244895637948058,0.12585863474982048,temp,JJASO,Day
11.75_105.25,1.0,0.3090344344306856,0.08232889682718282,0.13619774967591344,0.09847766936033417,,0.19570261433957858,0.20946053608139986,0.11662223293238042,temp,JJASO,Day
12.25_103.25,1.0,0.3102558491824226,0.0834032546786829,0.1298133068768459,0.11834731656058672,,0.18148597460793278,0.18052088002086986,0.0965139553682608,temp,JJASO,Day
12.25_103.75,0.9999999999999998,0.3239078409177982,0.10764730402412258,0.17467134916235333,0.14287928391166882,,0.23490170032172125,0.21486164950409004,0.12665303221004665,temp,JJASO,Day
12.25_104.25,1.0,0.33469366231503844,0.1115904229596477,0.18911140354859754,0.13803337213536793,,0.2522719937351721,0.24346737634340537,0.1368652610089378,temp,JJASO,Day
12.25_104.75,1.0,0.32697852236105124,0.10117495013707252,0.17553785912955372,0.11215740495344478,,0.22941850452412352,0.2325438354077942,0.12669190685532944,temp,JJASO,Day
12.25_105.25,1.0,0.2948194457456198,0.07116436026090998,0.13392695208199487,0.10823293083325788,,0.19188842782195772,0.21034685571377326,0.12282091493025128,temp,JJASO,Day
12.25_105.75,0.9999999999999998,0.27092550654622716,0.059342840382353934,0.12280512870212743,0.1014709023085278,,0.16714153315760624,0.20588113196159635,0.11748554699082588,temp,JJASO,Day
12.25_106.25,1.0,0.2649885025504799,0.05454522661682351,0.11184287759905079,0.11007756987755467,,0.15708092394102993,0.2118353065241189,0.1107019544602317,temp,JJASO,Day
12.25_106.75,1.0,0.25859880618491116,0.05640409017111055,0.09729056010903057,0.11073316290938541,,0.14757263481049757,0.20762284843453108,0.09160903354160069,temp,JJASO,Day
12.25_107.25,1.0,0.25163841448907215,0.06006274849906779,0.07582550641550542,0.11657593446060112,,0.14565503262643048,0.20658620893851856,0.08569718636867195,temp,JJASO,Day
12.25_107.75,1.0,0.28504771635707915,0.07689730234865949,0.09190035945643796,0.12769301304825328,,0.1725427487936778,0.2050037692458744,0.0952705813908469,temp,JJASO,Day
12.25_108.25,1.0,0.30446063438077475,0.09154832848578119,0.11496050426287606,0.14107060306115318,,0.19665967472145257,0.21423121199854056,0.11437223324452969,temp,JJASO,Day
12.75_102.75,1.0,0.3468735948931546,0.07863797610109503,0.11683107562618089,0.11782699657617254,,0.16243131106005632,0.17909621367676454,0.10561112598541617,temp,JJASO,Day
12.75_103.25,1.0,0.3534327136909761,0.10232880025400899,0.17037521681974255,0.14581731518325758,,0.23271053511047501,0.21585542227945348,0.1310235073268907,temp,JJASO,Day
12.75_103.75,1.0,0.3593472801238283,0.1340333202710854,0.20627014439359745,0.1517079149190929,,0.2669939104983122,0.25666344404716773,0.1567962088149294,temp,JJASO,Day
12.75_104.25,1.0,0.3534073009991768,0.13412567116665508,0.20958279645622838,0.1439720481439899,,0.2656826204715955,0.2622040966719416,0.15683156819230207,temp,JJASO,Day
12.75_104.75,1.0,0.32461844771204357,0.1040558866070388,0.16695624058925274,0.12725591503671208,,0.22875771239123438,0.23618407537710354,0.13894677988486093,temp,JJASO,Day
12.75_105.25,1.0,0.29487530687496116,0.07727697192998628,0.12505412055578097,0.12629684897434817,,0.19039662688280057,0.2235062056472127,0.130738939822164,temp,JJASO,Day
12.75_105.75,1.0,0.2715967575505983,0.06731240231098094,0.1233890765625708,0.12006152629145671,,0.16996024000725746,0.22119067789935204,0.13091605239255721,temp,JJASO,Day
12.75_106.25,1.0,0.2666844457863306,0.06372141508060171,0.11927695839729541,0.1252014234720105,,0.16889898501759654,0.2223420000457742,0.13171056766302652,temp,JJASO,Day
12.75_106.75,0.9999999999999998,0.2587978460272549,0.06316596960093715,0.10271306437199747,0.1290521252776062,,0.1559217559552076,0.21379765481531662,0.11928917101703657,temp,JJASO,Day
12.75_107.25,1.0,0.2568219244353226,0.07217077527243533,0.09564843180538048,0.1309588324241487,,0.16820267489024382,0.21236994970413434,0.11065488255118262,temp,JJASO,Day
12.75_107.75,1.0,0.29101453323518756,0.09016452660793384,0.10415384739036494,0.1450501480817025,,0.1837917345190187,0.21929906402330318,0.11495545067511483,temp,JJASO,Day
12.75_108.25,1.0,0.3224608395346982,0.11170738636714646,0.13419975309825638,0.17558325451702567,,0.2244911366633263,0.23253785427444262,0.12922793013808226,temp,JJASO,Day
13.25_102.75,1.0,0.37348748249698177,0.10237972395904292,0.14722102095947767,0.13580682599068888,,0.2108752235512512,0.21192431637925108,0.13678459159275672,temp,JJASO,Day
13.25_103.25,1.0,0.3809367184083564,0.1202251069712966,0.1751763819447241,0.15195301792464933,,0.24803383167453555,0.24493189750722402,0.1556047194516342,temp,JJASO,Day
13.25_103.75,1.0,0.3756450725587271,0.14240232474667272,0.1849943574724045,0.1576378244494573,,0.25244481031438226,0.25703296434213185,0.17527304273333247,temp,JJASO,Day
13.25_104.25,1.0,0.35294958865487697,0.1269421136714185,0.17146025207077717,0.15546634750599003,,0.2260609382308405,0.24943344836243084,0.1656725721158021,temp,JJASO,Day
13.25_104.75,0.9999999999999998,0.3226090072427747,0.09717112368502569,0.14285884310479724,0.14291179904642778,,0.20729153063535344,0.23855024118758225,0.14593450533655394,temp,JJASO,Day
13.25_105.25,1.0,0.29504804262746376,0.08026716125444486,0.12241614998058996,0.1274666187073131,,0.17982907337916107,0.22878822088381168,0.13312233661818026,temp,JJASO,Day
13.25_105.75,1.0,0.27269767016796276,0.07137503003398381,0.11947869413291701,0.11525577719062625,,0.17112109266532774,0.22199269803966776,0.12922594088001582,temp,JJASO,Day
13.25_106.25,1.0,0.2722977029525655,0.070423494342843,0.11434448523377225,0.1257692353743385,,0.17284057619189494,0.22174662518210037,0.13071714608380025,temp,JJASO,Day
13.25_106.75,0.9999999999999998,0.2690426072115958,0.06966945360502966,0.10014680278431101,0.13080847827943834,,0.16049627269319197,0.2180549057553409,0.1305946212828793,temp,JJASO,Day
13.25_107.25,0.9999999999999998,0.26462764105419906,0.0747190676606196,0.09130769903571487,0.1306235139028937,,0.1644629956795585,0.2183748087053016,0.12496279784376177,temp,JJASO,Day
13.25_107.75,1.0,0.29796242518882243,0.08477622193437191,0.0936783250049777,0.14166660132133901,,0.17716824342464813,0.2238177393136325,0.12287213413786707,temp,JJASO,Day
13.25_108.25,1.0,0.31575664708106904,0.09888048921049654,0.10738487677485468,0.16107317516169747,,0.22208488643614527,0.22306768456262993,0.1254204592387518,temp,JJASO,Day
13.75_102.75,1.0,0.39266974406974625,0.12329563205061661,0.1559258097631481,0.15567193150419492,,0.22308640460447351,0.2354734525445606,0.15480069009668315,temp,JJASO,Day
13.75_103.25,0.9999999999999999,0.39248446802408665,0.13575658132688362,0.16775001812909499,0.16275017061569988,,0.24308645185963962,0.247128931729871,0.16727549414420376,temp,JJASO,Day
13.75_103.75,1.0,0.3831938187683907,0.1334895148933641,0.1578359506117859,0.16294884189527073,,0.2350740350010664,0.24551160713983025,0.16712575743613464,temp,JJASO,Day
13.75_104.25,0.9999999999999999,0.35086117780251863,0.12097036941052204,0.1455295841746415,0.15434390660706385,,0.20599495522724867,0.25000846864562765,0.16527874158184994,temp,JJASO,Day
13.75_104.75,1.0,0.3222295944682984,0.10061845248605779,0.12913076431987783,0.14375370543611887,,0.19302675497796468,0.24044184937658064,0.1495289607250242,temp,JJASO,Day
13.75_105.25,0.9999999999999998,0.3007878612421247,0.08462215017338505,0.1181010233600484,0.1261234010084736,,0.1761134658643371,0.2288136042265761,0.1301923931136155,temp,JJASO,Day
13.75_105.75,1.0,0.2851870222549493,0.07782254727162548,0.11754741707186535,0.11174649560071073,,0.18137884523086584,0.22626857606858888,0.1201679766486387,temp,JJASO,Day
13.75_106.25,1.0,0.2880309787836334,0.07828610948148311,0.1009166997340735,0.11247485936250429,,0.17665146133518844,0.22817725069396566,0.1220244046513744,temp,JJASO,Day
13.75_106.75,1.0,0.28523894914464704,0.08120560618417634,0.08844710341366861,0.11041663935909515,,0.1597633521436531,0.22507387545384577,0.1219688953838556,temp,JJASO,Day
13.75_107.25,1.0,0.28059676495738933,0.08472897735734396,0.07632813177215587,0.10611250063268164,,0.1520066005656185,0.22435058581588316,0.11742650881455048,temp,JJASO,Day
13.75_107.75,0.9999999999999998,0.3104782969593605,0.09630522025779033,0.08337443931816611,0.11792490731522907,,0.15978920742691402,0.2202237118968112,0.11708988613038888,temp,JJASO,Day
14.25_102.25,0.9999999999999999,0.42442717308160127,0.1572082277732417,0.14068600213482874,0.17087325719688035,,0.2359774523523905,0.2715869508025396,0.15484047323051717,temp,JJASO,Day
14.25_102.75,1.0,0.4200446400710285,0.1588871045602885,0.16896085664453034,0.17953894906571347,,0.24777554446779732,0.2653361415951352,0.1698621581124882,temp,JJASO,Day
14.25_103.25,1.0,0.41509813167815146,0.1583993850749806,0.16851024330681935,0.17498716045489174,,0.25448525397110355,0.26035897109902983,0.1745666544013643,temp,JJASO,Day
14.25_103.75,1.0,0.40569468381459295,0.14832186633059974,0.15485550531980435,0.17316882979774922,,0.2485759967609882,0.2600660274369399,0.17295328497533727,temp,JJASO,Day
14.25_104.25,1.0,0.3785669246949885,0.13222948285933223,0.1446298629221364,0.15816413563276802,,0.2364231071352535,0.2584018830918859,0.16454636680312923,temp,JJASO,Day
14.25_104.75,0.9999999999999999,0.3529004304340986,0.11130676143132903,0.1267004023154968,0.13813419737680507,,0.20749134469351985,0.239203230200275,0.14269332220304298,temp,JJASO,Day
14.25_105.25,1.0,0.3388999292042714,0.09169144792539742,0.11428969251101403,0.1255714795404883,,0.20242877042960206,0.23003513720550717,0.12040490657299126,temp,JJASO,Day
14.25_105.75,1.0,0.3261946094548143,0.09054392869732564,0.104956179872707,0.11342289100464757,,0.19000726165059145,0.23287276011230243,0.11268754551169556,temp,JJASO,Day
14.25_106.25,1.0,0.321394823095013,0.09162561854243786,0.09086309545320405,0.11003188361077129,,0.1725570581870199,0.23628022765072895,0.11422781076564605,temp,JJASO,Day
14.25_106.75,1.0,0.7430024769258137,0.2538897706332775,0.18770422892919136,0.24474718488750413,,0.4245391159145576,0.5500885116980603,0.24536325918439075,temp,JJASO,Day
14.25_107.25,1.0,0.7567922813577856,0.282062664144872,0.17578472566169404,0.25062152594600184,,0.40545978501019436,0.5629559362080334,0.25210227343259295,temp,JJASO,Day
14.25_107.75,1.0,0.8031976651259244,0.3139166129357654,0.22828996933236514,0.335019997267006,,0.4635950166582337,0.5727906907485278,0.2839312305233511,temp,JJASO,Day
14.25_108.25,0.9999999999999998,0.8424838939367321,0.4007558558582277,0.35092150118684745,0.4288671403925244,,0.5939141111557998,0.6251279443372024,0.3499150952307033,temp,JJASO,Day
14.75_101.75,1.0,0.445877157898714,0.20615290363468192,0.16308055799396284,0.1686915571118679,,0.2531351146393338,0.3000706771626642,0.16428060452866802,temp,JJASO,Day
14.75_102.25,1.0,0.45141392677760295,0.2071178318590284,0.19717253383525174,0.19179588440555193,,0.2790423504474311,0.30129431045152855,0.17933809533923956,temp,JJASO,Day
14.75_102.75,1.0,0.44202594966103786,0.20038520542771138,0.19088958992025917,0.20101321028677357,,0.27632869281490074,0.28627315003034964,0.18406058175710263,temp,JJASO,Day
14.75_103.25,1.0,0.43345711470909365,0.19232844204694494,0.17762766574695718,0.1936914638748381,,0.2696654120764408,0.27779121500114895,0.18575158289942562,temp,JJASO,Day
14.75_103.75,0.9999999999999999,0.42426194212560187,0.18299135532533853,0.16750145142920003,0.18560683075096474,,0.2646036976057723,0.2767646296122993,0.18478636303971416,temp,JJASO,Day
14.75_104.25,1.0,0.40374764978239536,0.16365221436919838,0.1528873631000232,0.1690135633589339,,0.2519972227069682,0.27032398295627785,0.17415696486215282,temp,JJASO,Day
14.75_104.75,1.0,0.3864435548008889,0.13998650576945348,0.13177186409249506,0.14168177446048696,,0.23100910471744052,0.2521715401780207,0.15138186773811652,temp,JJASO,Day
14.75_105.25,1.0,0.36225518115094485,0.10482019903668002,0.11294184383402235,0.11914086021925739,,0.21972911833408118,0.23523498056145636,0.11780748850071242,temp,JJASO,Day
14.75_105.75,0.9999999999999999,0.3553725051090677,0.09818326908074594,0.104526291469287,0.1123032757642235,,0.2030369096497981,0.2365180393703326,0.10998069006653795,temp,JJASO,Day
14.75_106.25,1.0,0.7703055345586899,0.24773718564557987,0.20273122652871745,0.24940956983689516,,0.44514506615178806,0.5333891387155745,0.23784849566648664,temp,JJASO,Day
14.75_106.75,1.0,0.7341447794714199,0.25773036881488004,0.20592618154183728,0.24321747206663524,,0.48336783678992207,0.5384334539604376,0.2331911676877175,temp,JJASO,Day
14.75_107.25,1.0,0.7765657595226736,0.3071116812394769,0.21014263305890835,0.2991135525120067,,0.4974133626242998,0.5643310520340229,0.271139562682658,temp,JJASO,Day
14.75_107.75,0.9999999999999998,0.8284934141569114,0.3901686978938347,0.3196470891799042,0.4259758050885146,,0.5920429424868393,0.6007794667075455,0.3325756327074272,temp,JJASO,Day
14.75_108.25,1.0,0.8731045415036043,0.5040377184210719,0.4720378885666131,0.5273062172264403,,0.7270558913958381,0.6782173482601239,0.4151178092241106,temp,JJASO,Day
15.25_101.75,1.0,0.454757528900458,0.21039774015635593,0.17911697907350715,0.17163809069019337,,0.25957122583699654,0.29004124312072277,0.16071860405863914,temp,JJASO,Day
15.25_102.25,1.0,0.46208770615738115,0.2233442793895884,0.2024208221321372,0.1983165234338613,,0.2867924502764342,0.2992201217556698,0.17513321928649453,temp,JJASO,Day
15.25_102.75,0.9999999999999999,0.45208670202672485,0.2272306832416914,0.19897835998179667,0.2067438685108886,,0.28368605259169716,0.2937293954583654,0.17584394766108902,temp,JJASO,Day
15.25_103.25,0.9999999999999999,0.4480802047980072,0.22901066095576542,0.19038654113663683,0.2041813913595077,,0.2736654523406452,0.29192144874318005,0.17865501925416927,temp,JJASO,Day
15.25_103.75,1.0,0.4457899445329006,0.2260512417431202,0.18113501437561133,0.1950845623598472,,0.2687510989318985,0.29360202083846304,0.1887441829395053,temp,JJASO,Day
15.25_104.25,1.0,0.4357836421285415,0.20583570698149986,0.15631387930496696,0.17319520277049225,,0.2682469798680209,0.28981787246684615,0.18071608390572963,temp,JJASO,Day
15.25_104.75,0.9999999999999999,0.42467436277659915,0.17772488033476477,0.14715810759444226,0.14600623908051896,,0.2568518077277462,0.2806021866685405,0.16751312367603882,temp,JJASO,Day
15.25_105.25,0.9999999999999999,0.3942992660901908,0.12918881208606273,0.11654023110576395,0.1134900043832134,,0.23425125752961565,0.24813793709034268,0.12829096220655453,temp,JJASO,Day
15.25_105.75,1.0,0.827030700061505,0.24807996092857298,0.21811227151777204,0.26960569750657093,,0.5054612137580176,0.5224175624840268,0.24149521377278932,temp,JJASO,Day
15.25_106.25,1.0,0.7970457470821675,0.2917900115644762,0.22991433116847224,0.2871476977581078,,0.4947174220734926,0.5243525567977507,0.2513299231407288,temp,JJASO,Day
15.25_106.75,0.9999999999999998,0.7879900613145433,0.31548243313724766,0.24328530997861075,0.32195294933164104,,0.5256420124850283,0.5632064039155569,0.2718942234642315,temp,JJASO,Day
15.25_107.25,1.0,0.8239409740922888,0.37787464397741916,0.3081702365198674,0.42121524279133005,,0.5700237447958938,0.5901773226575149,0.32497333017143815,temp,JJASO,Day
15.75_101.75,1.0,0.4440095234969695,0.1916877258575852,0.1583018011009158,0.14991021811092936,,0.2560080249363023,0.26040520565088865,0.13166598662922882,temp,JJASO,Day
15.75_102.25,0.9999999999999999,0.4558181568116833,0.21224648340403776,0.18150699072651216,0.1780010736769004,,0.2772781524121859,0.273211110028736,0.1474905827255319,temp,JJASO,Day
15.75_102.75,1.0,0.4609002350307976,0.23633328293992417,0.1917382307980034,0.20226588181380226,,0.2835148085379252,0.2935062794531057,0.16449593502978263,temp,JJASO,Day
15.75_103.25,1.0,0.46161991388739676,0.2419372388132285,0.18277348672889884,0.20487845324301543,,0.2804445698556839,0.2994885362379004,0.17408515944184216,temp,JJASO,Day
15.75_103.75,1.0,0.4624736463168185,0.23885291355682703,0.17405676266833783,0.19551766599222276,,0.2702788943431779,0.30334695680757817,0.18297189944273834,temp,JJASO,Day
15.75_104.25,1.0,0.458397067333238,0.22577660950810924,0.16105116361875468,0.17926432691932778,,0.27070133897616483,0.3047186957947724,0.18255850185245232,temp,JJASO,Day
15.75_104.75,0.9999999999999999,0.4453087558092253,0.19743844749088407,0.14861598004536916,0.15846128827964956,,0.27005147581522293,0.29627803022644683,0.1734892969415107,temp,JJASO,Day
15.75_105.25,1.0,0.9213773804467845,0.32859292752371505,0.2768218154662446,0.31937635254186514,,0.5551467798638033,0.5819349996661979,0.3026008980097825,temp,JJASO,Day
15.75_105.75,1.0,0.8882792303295713,0.303756066784532,0.25245188898307563,0.3290492481813492,,0.5265914905609529,0.5661199998850994,0.2824031819256025,temp,JJASO,Day
15.75_106.25,1.0,0.8520600902489981,0.3344642213658188,0.2615134543201013,0.3669710777176835,,0.5448612207008652,0.5654774257866223,0.29132996357079355,temp,JJASO,Day
15.75_106.75,1.0,0.8632687827218518,0.4012601563103604,0.308767388905576,0.447394008178478,,0.5223871784676637,0.6116937833503782,0.3413964355723234,temp,JJASO,Day
16.25_101.75,1.0,0.44451442423707566,0.20244847320182296,0.15287887170618572,0.15913013937933881,,0.2660749760786382,0.26153875715334246,0.1217531135278662,temp,JJASO,Day
16.25_102.25,1.0,0.4491673994134598,0.21439460956806292,0.17002997819564855,0.1806868001798466,,0.2781609649880666,0.2683779902963099,0.1342145846904866,temp,JJASO,Day
16.25_102.75,0.9999999999999999,0.46679690066501073,0.2356994576873395,0.19050264818661997,0.20382143640316291,,0.29237681706238017,0.29729724388764706,0.15155364855961365,temp,JJASO,Day
16.25_103.25,1.0,0.47146611657176224,0.2388317561808589,0.1817041508146517,0.2020838577646405,,0.2829655875154334,0.3039797433662203,0.15866076582987565,temp,JJASO,Day
16.25_103.75,1.0,0.47419517761441465,0.23693880776501686,0.17256738242629918,0.19447132317631136,,0.27932657391093507,0.309261597315625,0.17229989277061786,temp,JJASO,Day
16.25_104.25,1.0,0.4726104794898733,0.22396871911486066,0.16358193171820343,0.18609285013596738,,0.2793522599532258,0.31010673420714135,0.18010772335043396,temp,JJASO,Day
16.25_104.75,1.0,0.9439094145857565,0.38077076621304673,0.2999903304844657,0.3745133180095224,,0.5701160711940901,0.6123127375265911,0.34251165223360835,temp,JJASO,Day
16.25_105.25,1.0,0.934392154406116,0.34095742030822584,0.2763998470762854,0.34874673886004876,,0.5638234153923957,0.5958617364729616,0.3137860643602513,temp,JJASO,Day
16.25_105.75,1.0,0.9189436807634187,0.3564527360482313,0.26439158301096327,0.40152974061668806,,0.5379977428455528,0.6205288960848623,0.33342156014478613,temp,JJASO,Day
16.25_106.25,1.0,0.9243146905307634,0.42896731310904174,0.3022973371973245,0.5010555796219042,,0.5241985689120227,0.6593122169074181,0.3602854864364024,temp,JJASO,Day
16.25_106.75,1.0,0.9313314046170101,0.5265905697145334,0.46227736795469065,0.5701979263518909,,0.7197837138605551,0.7175754919653622,0.4293030662563713,temp,JJASO,Day
16.25_107.25,0.9999999999999999,0.9464588174601521,0.6303851525712093,0.6302662506551204,0.6402543942156446,,0.8319023672882704,0.7821642578823411,0.531907878465917,temp,JJASO,Day
16.75_101.75,1.0,0.4442344753433853,0.21434401320140833,0.1539235121252899,0.18159734178384182,,0.2758932357102132,0.2683574614583693,0.12591912701088018,temp,JJASO,Day
16.75_102.25,1.0,0.45185526002318255,0.21781568800409837,0.17266339265780578,0.1874719437601324,,0.29303820184122276,0.27226618510166556,0.13592631814925477,temp,JJASO,Day
16.75_102.75,0.9999999999999999,0.46286242384404186,0.22540754948663105,0.1811221846991579,0.19202933395413213,,0.3028220086934854,0.2879486206827938,0.14436924867633066,temp,JJASO,Day
16.75_103.25,1.0,0.47335073278505263,0.23071805211259586,0.17622999313362603,0.1927682902805881,,0.29551267983995183,0.2993341830038257,0.14171191312028483,temp,JJASO,Day
16.75_103.75,1.0,0.47565278667203353,0.22390724168900436,0.16304238405738408,0.187043024641118,,0.2905567800114139,0.30114670426211687,0.16002088609166049,temp,JJASO,Day
16.75_104.25,1.0,0.47858729307036657,0.21150843142309214,0.1541501231051456,0.18386977719220116,,0.28810217134960514,0.29590261801758533,0.17130630426695737,temp,JJASO,Day
16.75_104.75,1.0,0.933107705972195,0.35899433546099163,0.2766658959687508,0.36262505815301516,,0.5673071927586175,0.5768081180547737,0.3118652759051673,temp,JJASO,Day
16.75_105.25,1.0,0.9418891558885445,0.35796383715927643,0.28044402488791864,0.3793853803981353,,0.5561605983325372,0.6024842142061796,0.31556716587313877,temp,JJASO,Day
16.75_105.75,0.9999999999999999,0.9360980365554666,0.42345958675990725,0.30448766391416004,0.4769713658733361,,0.5326352256652029,0.6613588772578534,0.3599001697529582,temp,JJASO,Day
16.75_106.25,0.9999999999999999,0.9615868205051223,0.530323083171885,0.4342509590130537,0.584794534335033,,0.6681397163857734,0.7340487736918204,0.41961892352164615,temp,JJASO,Day
17.25_101.75,1.0,0.4612368896884677,0.22521420717530988,0.18230433901224863,0.2014208036163824,,0.2973919470587189,0.28591210032258035,0.13972866586631097,temp,JJASO,Day
17.25_102.25,0.9999999999999999,0.4620112432323342,0.217722462407324,0.17631387710258026,0.18574206471110963,,0.3018113124559395,0.27181426039769585,0.14094304239233643,temp,JJASO,Day
17.25_102.75,1.0,0.46837133118804164,0.21867040959873857,0.16969446466656185,0.17735895982641295,,0.3040693343294244,0.27150662749748466,0.14175646468115746,temp,JJASO,Day
17.25_103.25,1.0,0.469740774354629,0.21643305175399008,0.16220309559377627,0.17234887479834635,,0.2928968863329593,0.2758571103368687,0.13019175340806838,temp,JJASO,Day
17.25_103.75,1.0,0.47062862921123766,0.20981414592289616,0.1535018033087283,0.1719444203448632,,0.28388944140984446,0.27812417977518494,0.14653840662317472,temp,JJASO,Day
17.25_104.25,0.9999999999999999,0.470623889164628,0.20063041013378793,0.1426421678170978,0.17029445688734618,,0.275108068459626,0.27399586127847675,0.15793626775116285,temp,JJASO,Day
17.25_104.75,1.0,0.9144938334977032,0.33959177028734905,0.2437255475336141,0.3407259375073621,,0.5633062749186848,0.53484101666431,0.2844702835996421,temp,JJASO,Day
17.25_105.25,1.0,0.9432039097292811,0.41611776352711405,0.28918223758992745,0.45332400920209137,,0.5527479199158306,0.6390899290820796,0.33390770215668186,temp,JJASO,Day
17.25_105.75,1.0,0.9610635168588476,0.5182857630436536,0.39021135515730093,0.5571883076178915,,0.6264069548638408,0.7211124178553446,0.4035266853049026,temp,JJASO,Day
17.25_106.25,0.9999999999999999,0.9731718814406799,0.5828156315917077,0.4965570018008019,0.6230719635056723,,0.7402585374210972,0.7861802307821791,0.4666198518461048,temp,JJASO,Day
17.75_101.25,1.0,0.4478347521978094,0.2086119159589924,0.16598558660186333,0.17933473512043685,,0.27194608906142,0.28148116251243416,0.1254634055111407,temp,JJASO,Day
17.75_101.75,1.0,0.4639823899067039,0.2184665839979372,0.18019813287341305,0.192484648595516,,0.29567905141964573,0.28474940895126954,0.13306888451034354,temp,JJASO,Day
17.75_102.25,1.0,0.4574383703188322,0.20067520925325996,0.15845310514866803,0.16454637426576482,,0.2881979387510116,0.2535782595359437,0.1299363401930606,temp,JJASO,Day
17.75_102.75,0.9999999999999999,0.456899737313831,0.18999043957425962,0.14317083003257997,0.1478369091782017,,0.28559817072662325,0.23843045935394064,0.1227307303623748,temp,JJASO,Day
17.75_103.25,0.9999999999999999,0.4565285362141101,0.19189415845372346,0.14051700884826682,0.14664700711383233,,0.2777447073252097,0.2446822252364562,0.11883134422527865,temp,JJASO,Day
17.75_103.75,1.0,0.46066729465135675,0.19739941162307692,0.1390734276846223,0.15821610639627176,,0.27294220534583113,0.2576892241681135,0.13635150594572132,temp,JJASO,Day
17.75_104.25,1.0,0.9314006526600911,0.38583611210679586,0.2577951992291577,0.36741969082842274,,0.5532528516558636,0.5657437407885441,0.28845075619422117,temp,JJASO,Day
17.75_104.75,1.0,0.9186866177973935,0.4039636897664588,0.2652420334208466,0.40757838562975435,,0.5139553268599716,0.6024428827616019,0.30431090182176634,temp,JJASO,Day
17.75_105.25,1.0,0.9448646197738277,0.5082087733851746,0.3905780385539045,0.533970668453405,,0.5994264278336427,0.6922553005989637,0.3746651370851712,temp,JJASO,Day
18.25_101.25,1.0,0.9176815981161927,0.3974113090048383,0.2980985566907042,0.3744690136887382,,0.5532674082834904,0.5965641003528545,0.21335943236450153,temp,JJASO,Day
18.25_101.75,1.0,0.9208189985670396,0.3790644080243422,0.29556969772228975,0.36375973599275074,,0.5723429937203814,0.5596099935805358,0.19586426089385717,temp,JJASO,Day
18.25_102.25,1.0,0.9033644582538506,0.33747947465859796,0.25706977466433695,0.30716049609479756,,0.5588838192249246,0.4952591216625065,0.19384539780011148,temp,JJASO,Day
18.25_102.75,1.0,0.9030591355188822,0.3303620388101386,0.2417763977668181,0.29727042919728347,,0.555351565261503,0.48949849111328536,0.20211740872792755,temp,JJASO,Day
18.25_103.25,1.0,0.43868466684109886,0.18580416387417292,0.12670423407229986,0.1531461782327961,,0.25176097827511257,0.2434753024570217,0.12773170894562955,temp,JJASO,Day
18.25_103.75,1.0,0.44107249092497797,0.19760458911029802,0.12669163129567124,0.16715322999225543,,0.2500562778659429,0.2545722224844359,0.1431725170056907,temp,JJASO,Day
18.25_104.25,1.0,0.9052523625405868,0.4416705186149573,0.27072317733875784,0.4236008993320434,,0.5014407366664547,0.6186969665432897,0.3064912853784535,temp,JJASO,Day
18.25_104.75,0.9999999999999999,0.9161987484158617,0.5086624275440744,0.39575383429190625,0.5223742578526123,,0.6341225138111354,0.6725053215389107,0.35611121399193585,temp,JJASO,Day
18.25_105.25,0.9999999999999999,0.9421194771873869,0.6009184147073894,0.5226601355606382,0.6301034169637233,,0.769432080517141,0.7408180607904373,0.43883693062313284,temp,JJASO,Day
18.75_101.25,1.0,0.9070160819128693,0.4207599861692556,0.281257346367224,0.37103480591641746,,0.49817573776885526,0.6089072100747263,0.1864144527901,temp,JJASO,Day
18.75_101.75,1.0,0.893333430809533,0.4012624027490491,0.27905057490003543,0.3451221063756485,,0.5326301187519253,0.5810169927024414,0.17469839804038173,temp,JJASO,Day
18.75_102.25,0.9999999999999999,0.880602001042376,0.3826714081662461,0.2618297909808349,0.3243391336364403,,0.5350745230210668,0.5643545325201118,0.19439110859951256,temp,JJASO,Day
18.75_102.75,0.9999999999999999,0.8782509243930218,0.4082980806760282,0.22456071213919826,0.3527083490526631,,0.532632787286752,0.5833345037823761,0.2147468859404299,temp,JJASO,Day
18.75_103.25,1.0,0.886366080368317,0.47355643933376196,0.2794639515083603,0.4074792165155191,,0.5500034758457247,0.6088750456926636,0.2560958269728706,temp,JJASO,Day
18.75_103.75,1.0,0.8828204045523246,0.4571939426135624,0.2805610187740409,0.43570341310038174,,0.5618854410015417,0.6153082288879337,0.2930570729321589,temp,JJASO,Day
18.75_104.25,1.0,0.9069800842234326,0.5337506652125299,0.3908118025267877,0.5297776859602801,,0.6482906352841822,0.6752233102004702,0.35127842458262426,temp,JJASO,Day
18.75_104.75,0.9999999999999999,0.9379792463169937,0.6099155698364198,0.5418756332360279,0.6250775925468491,,0.7649878080807155,0.7319380035947991,0.4297581769521512,temp,JJASO,Day
19.25_101.25,1.0,0.8887882625743825,0.4774655712717838,0.29818078666200903,0.41318254004564536,,0.48923407936217234,0.6395880908178734,0.19053863681182723,temp,JJASO,Day
19.25_101.75,1.0,0.8584714490175793,0.4541687670821314,0.2915062062564609,0.4065577941316869,,0.49758090600266003,0.6017076395403532,0.18113091385177488,temp,JJASO,Day
19.25_102.25,0.9999999999999999,0.8734450319693664,0.4638155772992655,0.3076407182152479,0.4351376909966586,,0.51067203774952,0.6270404453403531,0.21690517692381905,temp,JJASO,Day
19.25_102.75,0.9999999999999999,0.8639150199938095,0.5209696370482272,0.3733334396517791,0.4837294964720333,,0.5619162823234995,0.6449498104668011,0.2731599582251197,temp,JJASO,Day
19.25_103.25,1.0,0.8651228176292554,0.5598807413726898,0.43876216647324046,0.5466609785493757,,0.6426205472374694,0.6681313392219271,0.3387124434335263,temp,JJASO,Day
19.25_99.75,0.9999999999999999,0.925101290859182,0.4770457987649798,0.33272575488526857,0.4236523531439011,,0.5280563339822496,0.6459766964730763,0.2727350393589527,temp,JJASO,Day
19.75_100.25,1.0,0.9106726126466541,0.47884858429773364,0.33496786376379045,0.4518208742140784,,0.5426160810525824,0.6461617214680699,0.2599819404924344,temp,JJASO,Day
19.75_100.75,1.0,0.9024681180368817,0.4870220090546751,0.31344026748008436,0.4639214333873734,,0.5127079671092588,0.6543519459071854,0.24083314239839887,temp,JJASO,Day
19.75_101.25,1.0,0.878305789707098,0.5046219093807714,0.332436981172355,0.48816014408539066,,0.5206851148881135,0.6635135665724116,0.22886212210138393,temp,JJASO,Day
19.75_101.75,0.9999999999999999,0.8683061820671975,0.4864397819512974,0.3568269164415141,0.5140497298596127,,0.5284823316731055,0.6541546604086175,0.22563159653423992,temp,JJASO,Day
19.75_102.25,1.0,0.8606311321456754,0.4931969852659563,0.3797538539770376,0.5336449730834433,,0.557157893763608,0.6531767510604664,0.2560796569027847,temp,JJASO,Day
19.75_102.75,1.0,0.8679125036453876,0.5436287747580386,0.4443547203511823,0.5779906507926064,,0.6198341518495308,0.6843536808258265,0.3255251217380656,temp,JJASO,Day
19.75_103.25,1.0,0.8766682387469003,0.5945409483335811,0.5036014108903009,0.6259451003426032,,0.686629577969277,0.7048298920890743,0.3928823340173121,temp,JJASO,Day
19.75_99.25,0.9999999999999998,0.9024540526040171,0.500420908384905,0.35768399415011637,0.47576953459479754,,0.5456946552020195,0.6544315601379332,0.29205072434488255,temp,JJASO,Day
19.75_99.75,1.0,0.9026558942328385,0.48028238779363414,0.357834418860866,0.46190952008371,,0.545595968021376,0.6396786535262572,0.2855877788020863,temp,JJASO,Day
20.25_100.25,1.0,0.8988244399469282,0.49017007147914005,0.35743907458778196,0.49269998354559047,,0.5511072866846055,0.6461908369286566,0.24528323263203705,temp,JJASO,Day
20.25_100.75,1.0,0.8965377177571215,0.5027826921002485,0.3500306559956733,0.5111619466669045,,0.5376015290555365,0.6637281215040486,0.22985927849187907,temp,JJASO,Day
20.25_101.25,1.0,0.8902337487924423,0.5144720698002542,0.3739983428212249,0.5384919938512376,,0.5448046503433486,0.6788084866853872,0.24718051505125077,temp,JJASO,Day
20.25_101.75,1.0,0.8820920085427818,0.5127800523745923,0.3992083803968002,0.5592764037529439,,0.5597910321373157,0.6752496841547593,0.25918137634483096,temp,JJASO,Day
20.25_102.25,0.9999999999999999,0.8791736130903999,0.5093719530630585,0.421664333783547,0.5749042460203646,,0.5858968116473663,0.6706752888616987,0.2921768809547426,temp,JJASO,Day
20.25_102.75,0.9999999999999999,0.8856331476236189,0.5539263001727702,0.46767514958168865,0.6124671903017264,,0.6292865953309531,0.6850924920458037,0.3510097295244495,temp,JJASO,Day
20.25_103.25,1.0,0.8972051305789928,0.5930266981698378,0.5193624237133146,0.6573282935187591,,0.7001487635364614,0.724402357032147,0.40703305504847487,temp,JJASO,Day
20.25_99.25,1.0,0.8919458142402075,0.5212055304791725,0.381817206463399,0.5005866908789531,,0.5599083060399438,0.6654882767805883,0.27451122638842357,temp,JJASO,Day
20.25_99.75,1.0,0.8987624651654532,0.5041458816805311,0.3794913672126888,0.5073618334299989,,0.5581709692099563,0.655499215354404,0.27227963457260185,temp,JJASO,Day
20.75_100.25,0.9999999999999999,0.9114743655558448,0.5335828434004405,0.4114448509274895,0.551357155243272,,0.5856541372038937,0.6760872475075561,0.24730852092876432,temp,JJASO,Day
20.75_100.75,1.0,0.9073363841064697,0.5321577152386036,0.4077486404538758,0.561754114617571,,0.585942983590217,0.6786794338993551,0.23733466378135626,temp,JJASO,Day
20.75_101.25,1.0,0.889512953646783,0.53862576082464,0.4099615852955855,0.5662615418385889,,0.5886943231502575,0.671808276953631,0.2541931056954117,temp,JJASO,Day
20.75_101.75,1.0,0.8753063704426369,0.5330661484796043,0.4317243011442802,0.57350660314539,,0.5915789965966662,0.6638728573478184,0.27446296047708446,temp,JJASO,Day
20.75_102.25,0.9999999999999999,0.8814039349215169,0.534005011932917,0.45957964232765725,0.594512806062179,,0.6163705479932565,0.6638704949424874,0.3118831302932565,temp,JJASO,Day
20.75_102.75,1.0,0.8897702857338151,0.5703735581659986,0.48952118201433553,0.6283396108195509,,0.6539221874773149,0.6817426200530659,0.3601284030328338,temp,JJASO,Day
20.75_103.25,1.0,0.9035621435820791,0.6067787819668763,0.5404707369329579,0.6736192418417352,,0.7152993503119832,0.7289450673477106,0.3970086477512935,temp,JJASO,Day
20.75_99.75,1.0,0.904634373735292,0.5474088251776162,0.4223413906483199,0.556884317880313,,0.597358708512028,0.6826016424548211,0.26170746922095806,temp,JJASO,Day
21.25_100.25,0.9999999999999999,0.9154426342266024,0.5715362373717852,0.5047330229637245,0.5888243720698413,,0.6347579101819326,0.6876678984797465,0.28458498872557586,temp,JJASO,Day
21.25_100.75,1.0,0.9145447084163436,0.5588134634110772,0.48095701497097815,0.6019451073136951,,0.6378508997730562,0.6772729107485044,0.27454076185864107,temp,JJASO,Day
21.25_101.25,1.0,0.9052937981673099,0.5675863162209708,0.47552745370861327,0.6079949041290471,,0.6390608837648873,0.6818841581507944,0.2854015428443098,temp,JJASO,Day
21.25_101.75,0.9999999999999999,0.8914142036828956,0.5620276373774479,0.47021145497589373,0.6004715154495324,,0.6336293323250878,0.6658097766149809,0.30726414506599475,temp,JJASO,Day
21.25_102.25,1.0,0.8561759810899914,0.5363919208820901,0.47461159238611156,0.5838045841022433,,0.6295036085301988,0.6222474262057874,0.31996278884717005,temp,JJASO,Day
21.25_102.75,0.9999999999999999,0.88826376789855,0.5816952908554747,0.5236511821708448,0.6372057516535603,,0.6848712509148587,0.6708559148951775,0.3596051584228766,temp,JJASO,Day
21.25_99.75,0.9999999999999999,0.8807178081961939,0.5690090393584538,0.47635757128832085,0.5732811108812478,,0.6336383117288663,0.6681355968212881,0.2827803448715767,temp,JJASO,Day
21.75_100.25,1.0,0.9301975888137516,0.5962004456145836,0.5333878410654477,0.6313604390538722,,0.6675218782638292,0.7075784163869586,0.3064476110270544,temp,JJASO,Day
21.75_100.75,1.0,0.9297806126870963,0.5805340900860638,0.5298978937596932,0.6445480312149371,,0.6705365693407414,0.688706669814614,0.30046433815821316,temp,JJASO,Day
21.75_101.25,0.9999999999999999,0.9346104601293458,0.5811845102266121,0.518266498102148,0.6569402819736023,,0.6698894852559611,0.6959882134446452,0.32295884750106474,temp,JJASO,Day
21.75_101.75,1.0,0.9276979569047183,0.5922935015759809,0.5161297677099845,0.6472456898332897,,0.6753451442424112,0.6998914147129703,0.33964287227119233,temp,JJASO,Day
21.75_102.25,1.0,0.8924014689685607,0.5722181486146595,0.5136783125317426,0.6221658412295049,,0.6672431942569823,0.6585651938111264,0.34529538034157703,temp,JJASO,Day
21.75_99.25,1.0,0.9094637851805514,0.5600103426281835,0.5036491778558886,0.5881364590072721,,0.6414250510077636,0.6668257514688253,0.2754721785700952,temp,JJASO,Day
21.75_99.75,0.9999999999999999,0.9127121779864995,0.5811629735723645,0.5242429670820885,0.6048179153067551,,0.658504973073417,0.6842263612351159,0.30176498243236866,temp,JJASO,Day
22.25_100.25,1.0,0.9436998059582118,0.6042621951971712,0.5696103067313382,0.667513092855274,,0.6904143397030476,0.7307889966012602,0.3353846370260898,temp,JJASO,Day
22.25_100.75,1.0,0.9403722174400294,0.589588811353646,0.5522869312326998,0.6776804575044398,,0.6850826227398906,0.7102666502094852,0.34109141693662565,temp,JJASO,Day
22.25_101.25,0.9999999999999999,0.9491079000216952,0.599077685336045,0.557658401778971,0.689758498497199,,0.6912562325318257,0.7272916293307737,0.3563728832878826,temp,JJASO,Day
22.25_101.75,1.0,0.9486052768855224,0.6050165704561538,0.5465867591045225,0.6862377949308829,,0.7033827753143027,0.7290962118685859,0.37737092891578505,temp,JJASO,Day
22.25_102.25,0.9999999999999999,0.9355452412882712,0.6055663584632848,0.5466920503522602,0.6752351904107761,,0.7021253763421481,0.7090836153646076,0.3870280680093857,temp,JJASO,Day
22.25_99.75,1.0,0.9327291687188157,0.5779185188526637,0.5519720156692666,0.6356552717649994,,0.6643887991917825,0.7027279903323982,0.30110114053425896,temp,JJASO,Day
22.75_100.25,0.9999999999999999,0.9518066495835942,0.6080818609598506,0.5862724359406676,0.689007539034345,,0.6955372323419999,0.7352048549855443,0.3473217622068299,temp,JJASO,Day
22.75_100.75,0.9999999999999999,0.9550415356002385,0.6160577254060786,0.5903830550878502,0.705842620746949,,0.7130653513129878,0.7430557538865834,0.3658969527392682,temp,JJASO,Day
22.75_101.25,1.0,0.9549713787390456,0.6286573017787195,0.6077749414315426,0.7175567463173957,,0.7365754827191489,0.7590898847831027,0.3851158294415976,temp,JJASO,Day
22.75_99.75,1.0,0.9441632731490557,0.5823918837844151,0.5747041665146961,0.6668200340424159,,0.6845084139473361,0.7402156954631546,0.321461181327047,temp,JJASO,Day
23.25_100.25,1.0,0.956633783672271,0.6191930885946563,0.6131755763482786,0.7068496623259154,,0.7143106399656274,0.754503526103911,0.3702052156117331,temp,JJASO,Day
23.25_100.75,0.9999999999999999,0.9612664551422703,0.639119674425104,0.6270525632595936,0.7252201008344368,,0.7360810960240617,0.7665173091963149,0.38807165750373135,temp,JJASO,Day
23.25_99.25,1.0,0.9471956047535145,0.5327831610615169,0.5343141178431295,0.6642714613784845,,0.6747016647838605,0.7218646331839708,0.32582303150694386,temp,JJASO,Day
23.25_99.75,1.0,0.9510382629576676,0.5906233939204755,0.5963298233827954,0.692031119576242,,0.7041009001517037,0.7631873545836062,0.3449814365037939,temp,JJASO,Day
23.75_100.25,1.0,0.9476610111567729,0.6315819976797313,0.6155701223257221,0.7113180418399458,,0.7146636419539205,0.7695388480666171,0.4136233174645262,temp,JJASO,Day
23.75_100.75,1.0,0.958499865701854,0.6523850335308413,0.6320692500546136,0.7304046569268604,,0.7329184674242564,0.779036126327562,0.43041850026238015,temp,JJASO,Day
24.25_100.25,1.0,0.9563657754829279,0.6520979437701647,0.6307358699701284,0.7269725296129682,,0.7291083755119362,0.7899110976413264,0.46251993286242243,temp,JJASO,Day
24.25_100.75,1.0,0.9514577996114431,0.665833150819469,0.6303083361209038,0.7305863431115142,,0.733982342624308,0.7857116908458309,0.4677735131700681,temp,JJASO,Day
24.25_99.75,0.9999999999999999,0.956690520813921,0.6169865024813016,0.6308391753182192,0.7240331801844085,,0.7317021877414756,0.7872554178532337,0.44831076611915116,temp,JJASO,Day
24.75_100.25,1.0,0.9717576673948466,0.6647211210878673,0.6444164311909074,0.7491736818776121,,0.7413700741714653,0.8008561264822004,0.5115145752087874,temp,JJASO,Day
24.75_99.75,1.0,0.969491273110486,0.6381935687793896,0.6453315258699461,0.7407207745572162,,0.7361131923374788,0.8002682502818685,0.507904863213273,temp,JJASO,Day
25.25_99.75,0.9999999999999998,0.9647298649486168,0.6553080216123359,0.6490870726362421,0.7413700920025307,,0.7384455705656988,0.7966438911590622,0.5615103348474069,temp,JJASO,Day
25.75_100.25,0.9999999999999998,0.971718924621545,0.6840447270158826,0.672795881911939,0.734655635597258,,0.7595482374039044,0.7794385628223053,0.5853070370517451,temp,JJASO,Day
25.75_99.25,1.0,0.9391616102287672,0.6570004481418759,0.6711118682346652,0.7193708903748425,,0.7560885960320604,0.7688038209469151,0.6134502967754595,temp,JJASO,Day
25.75_99.75,1.0,0.9623010725971748,0.6863314603839078,0.6818147129255694,0.7459445528507875,,0.7639236032220362,0.7916482645435385,0.6102603838917114,temp,JJASO,Day
26.25_99.25,1.0,0.9508541503464797,0.7108284065935534,0.715329205116202,0.7604098173209779,,0.8006083693711323,0.800798774912212,0.663565796479341,temp,JJASO,Day
26.25_99.75,1.0,0.9648007380012221,0.7242609041960034,0.7263213972585043,0.7674560861632846,,0.7910372222320233,0.8062021333242442,0.6511988897990557,temp,JJASO,Day
26.75_99.25,1.0,0.953935705243831,0.7445420236596075,0.7612798826039122,0.7961424501038578,,0.8318675818061662,0.8316040251987729,0.6947375172438359,temp,JJASO,Day
27.25_99.25,1.0,0.9408361713257887,0.7565887546155927,0.7753032715177214,0.8067193446252332,,0.8396698938931634,0.8457269327667806,0.7216465726587894,temp,JJASO,Day
27.75_98.75,1.0,0.9612095018212083,0.7780737240067754,0.8042367685435123,0.8219438431474265,,0.7995254801409699,0.8722263896128121,0.7582054384797081,temp,JJASO,Day
28.25_98.75,1.0,0.9670691566644228,0.7892579775600321,0.8060595240763481,0.8278342550647937,,0.8393220181872626,0.872855559042613,0.7806921673612915,temp,JJASO,Day
28.75_98.75,0.9999999999999999,0.9649073969367773,0.7827067338291546,0.8110224428854405,0.8256785408446903,,0.8476133497794336,0.8665949276110715,0.7962965045935553,temp,JJASO,Day
29.25_98.25,1.0,0.9570511921066733,0.7724164549845273,0.8058200965089759,0.7987007019225815,,0.8366433006623943,0.8595543007783073,0.8153747799423999,temp,JJASO,Day
29.75_98.25,0.9999999999999999,0.9544956268540571,0.7771217310077669,0.8152017828520561,0.7898049368652552,,0.8506211863437132,0.856068725195486,0.8144658234692298,temp,JJASO,Day
30.25_97.75,0.9999999999999999,0.9552505548829658,0.8120317164932492,0.8019541678245686,0.796712871771033,,0.8381008004409979,0.8499438305777045,0.8310249010197146,temp,JJASO,Day
30.25_98.25,1.0,0.9561993238545778,0.8016802044851559,0.8201902739630124,0.8046377153469483,,0.8427683092048188,0.86146739152819,0.8241013490363049,temp,JJASO,Day
30.75_97.25,1.0,0.9585922392914182,0.8425253219945447,0.7922741768529924,0.8235363371308022,,0.824202434562741,0.8632792896275981,0.8462670006212727,temp,JJASO,Day
30.75_97.75,1.0,0.9582537636443929,0.831894812260248,0.8092774159092027,0.8139796692997147,,0.8494150426114707,0.8636231667936944,0.8427240873274312,temp,JJASO,Day
31.25_96.25,1.0,0.956448297826055,0.8427567378872542,0.8292542827409815,0.8399898720624229,,0.8460283866304213,0.8798218615080576,0.8527900900345807,temp,JJASO,Day
31.25_96.75,1.0,0.9533845613158572,0.8426760171191936,0.8268650642295802,0.8344073033651648,,0.8446862101228932,0.8736217834119069,0.8435523008789957,temp,JJASO,Day
31.25_97.25,1.0,0.9538552341793166,0.8450623336659127,0.808983334633668,0.8316040733214672,,0.8261378634871899,0.8690994117692019,0.8422659458401316,temp,JJASO,Day
31.75_95.75,1.0,0.9551991067264334,0.8437318431969639,0.8435624157115169,0.8376854083562104,,0.8492671089312234,0.8613007488217651,0.8625481970789093,temp,JJASO,Day
31.75_96.25,0.9999999999999999,0.9558016011044325,0.8416572815407124,0.8353039131590861,0.8417960988255363,,0.8592187268281728,0.8784891593650067,0.8547965904868284,temp,JJASO,Day
31.75_96.75,1.0,0.9563672262139763,0.844619898829816,0.8423115230153934,0.8379369462116426,,0.8552866263364717,0.8810314439090735,0.847173766052503,temp,JJASO,Day
31.75_97.25,1.0,0.9580255443904746,0.8501526767042052,0.8383093458511615,0.8350732959029844,,0.8552643061014091,0.8796609231142625,0.8519728316258602,temp,JJASO,Day
31.75_97.75,1.0,0.9572235204592754,0.8491247996665202,0.8233466704728819,0.8337293794452187,,0.8527476497334903,0.871560394983167,0.8565728969727645,temp,JJASO,Day
32.25_94.75,0.9999999999999999,0.9551978922258889,0.8559574891184548,0.8548771521680483,0.8395180687301467,,0.8415811734360229,0.8782496913737642,0.8762970230621104,temp,JJASO,Day
32.25_95.25,1.0,0.9579497597834385,0.8519007379032058,0.8491718136813392,0.8386725861371224,,0.8619361434637008,0.8805996488977437,0.8704014060221152,temp,JJASO,Day
32.25_95.75,1.0,0.9556169506499645,0.8445479325034734,0.8455605901768034,0.8394298359100417,,0.8631018610253881,0.8839762335350518,0.8616425833589599,temp,JJASO,Day
32.25_96.25,0.9999999999999999,0.9447361627090135,0.834478204525697,0.8286102337042781,0.830636480019615,,0.8430019058080752,0.8775932328169448,0.8480355060433269,temp,JJASO,Day
32.25_96.75,1.0,0.9538262340737248,0.8478288286742426,0.8432092163163633,0.8391998637132854,,0.8586677530618506,0.8915424008634866,0.8541673217709144,temp,JJASO,Day
32.25_97.25,1.0,0.9583655518891923,0.8545227981180236,0.8498117832319904,0.8355440435380358,,0.8629675220090632,0.8877325645758987,0.8581858730719142,temp,JJASO,Day
32.25_97.75,1.0,0.9601463382705336,0.8542722930155615,0.8370398587526992,0.837111167164735,,0.8643462951710215,0.8820842693544281,0.8601653476861137,temp,JJASO,Day
32.75_94.75,0.9999999999999998,0.9579287288782987,0.8554884788337891,0.86339563045191,0.8511016328887477,,0.8590693306128816,0.8822153167226304,0.8747702184966192,temp,JJASO,Day
32.75_95.25,1.0,0.9566640203945991,0.8511739997769799,0.8622471356959936,0.8458328052039361,,0.8607385350698689,0.8822401833899622,0.8706252945740094,temp,JJASO,Day
32.75_95.75,0.9999999999999998,0.9576413939128465,0.8525279806936843,0.8518726240840496,0.8454137422604828,,0.8674092807733187,0.8961253305212216,0.8679845809382568,temp,JJASO,Day
32.75_96.25,1.0,0.9555512500559027,0.8520822724899477,0.8346010316056154,0.847851451687006,,0.8587824417534279,0.9003912627688868,0.8649592316526618,temp,JJASO,Day
32.75_96.75,1.0,0.9545868519396796,0.8534915124517838,0.8197748849367311,0.8449838571205363,,0.8505382645585368,0.8987282230462981,0.8632349930783102,temp,JJASO,Day
33.25_94.25,1.0,0.9611032535045112,0.864496289719325,0.8617900947818481,0.8705896614707384,,0.8667196864186915,0.8898605497230258,0.8768766487316558,temp,JJASO,Day
33.25_94.75,0.9999999999999998,0.9585501483428998,0.8607608495600332,0.8687094687420045,0.862222588695949,,0.8790135518597452,0.8902826727785927,0.8708947895568142,temp,JJASO,Day
33.25_95.25,1.0,0.9557755090812944,0.8579147120701907,0.8500853394879387,0.8527595941769825,,0.8705445296851975,0.884134919584252,0.8700856818403176,temp,JJASO,Day
33.25_95.75,1.0,0.9564378586350795,0.8565017967355907,0.842795209444647,0.849801167767217,,0.8026340186548165,0.8874624761240648,0.8705333045943839,temp,JJASO,Day
9.25_105.25,1.0,0.3256250603259426,0.08333231191188371,0.13303715033486554,0.09411831507164803,,0.16172626326238718,0.18056629941632035,0.059276621644142866,temp,JJASO,Day
9.25_105.75,1.0,0.32131067023098275,0.0920043944760226,0.12880657496971246,0.0921575319330236,,0.1377792117994194,0.1672618275864334,0.05493266688287255,temp,JJASO,Day
9.75_105.25,0.9999999999999998,0.32947855649524505,0.08034247074885138,0.14759900934885997,0.0904030587658663,,0.1597769371428572,0.18430653529110794,0.06946228646677315,temp,JJASO,Day
9.75_105.75,1.0,0.3145322972459976,0.06752692549945076,0.11334434180005126,0.0789162097713255,,0.13772027548107504,0.1606645973481896,0.04216616027240455,temp,JJASO,Day
9.75_106.25,1.0,0.320458602488132,0.08045426227081343,0.10519396701971202,0.08461524523890439,,0.1546501884603013,0.17047830752564835,0.04868049707779817,temp,JJASO,Day
10.25_104.75,0.9999999999999998,0.6268493385226555,0.30533317208202354,0.5555028735430272,0.37958301227499774,,0.5503765420364004,0.5326773048743184,0.49518271698062316,temp,JJASO,Mon
10.25_105.25,1.0,0.6262163630777251,0.21873177636647775,0.5292401865016284,0.31511491325389496,,0.5274961073426514,0.5307782630398197,0.4600959315787914,temp,JJASO,Mon
10.25_105.75,1.0,0.5977620868582826,0.14531093143805582,0.45931225815392207,0.2785461132883647,,0.44298371865437375,0.46062210119160524,0.3782074755375404,temp,JJASO,Mon
10.25_106.25,1.0,0.6392237796859508,0.21250066128732514,0.4899311726122268,0.30246267162003465,,0.495604726431029,0.4848799973619197,0.42961770549127776,temp,JJASO,Mon
10.25_106.75,1.0,0.6790085750205405,0.3765521781954046,0.5740050325758741,0.3410423117464772,,0.5781759129759413,0.5356718920241824,0.5071160475691163,temp,JJASO,Mon
10.75_104.75,1.0,0.6083442883284143,0.27542992722147736,0.5048865335663697,0.3790406089924082,,0.5400033926567531,0.551291661775016,0.5051702771766526,temp,JJASO,Mon
10.75_105.25,0.9999999999999999,0.6465824482886086,0.22062230724706886,0.514796115132972,0.35190703273618223,,0.5630388050878344,0.5685751005417286,0.5153278151660301,temp,JJASO,Mon
10.75_105.75,1.0,0.6519636583009178,0.16691856985606832,0.49793548222754186,0.33569832212561485,,0.538631685668342,0.5455550760359507,0.4895058374786041,temp,JJASO,Mon
11.25_104.25,1.0,0.5790767592391403,0.3072226462949405,0.4858064111745523,0.45546580109254614,,0.5644283071938883,0.5443229238470293,0.5069225531083914,temp,JJASO,Mon
11.25_104.75,1.0,0.6720072682121898,0.3151382633744529,0.5428009729829038,0.4462827773920492,,0.589422175639065,0.6042444478771559,0.5280013451431327,temp,JJASO,Mon
11.25_105.25,0.9999999999999999,0.6862418922030042,0.27173891013976426,0.5565056947161502,0.41893600743586457,,0.6191189291820495,0.6080890068192711,0.5337548030764233,temp,JJASO,Mon
11.75_104.25,0.9999999999999999,0.6622608619561462,0.3816875291621031,0.6067720839827805,0.5626022700381204,,0.6661951213775724,0.6233163408290616,0.49939069641606254,temp,JJASO,Mon
11.75_104.75,1.0,0.7173201904130356,0.34684428604117945,0.6300896919377784,0.500386295196289,,0.6610651991801171,0.6504851470569879,0.47782272650143415,temp,JJASO,Mon
11.75_105.25,1.0,0.6827922895148053,0.27677742239930114,0.5603623489438152,0.4714094828357492,,0.6345035319116551,0.6187944495670354,0.4947127348989693,temp,JJASO,Mon
12.25_103.25,1.0,0.644778427309471,0.38174850998918064,0.5254911596068023,0.5433158169580716,,0.6313612804949463,0.6547524575113594,0.47555505606944504,temp,JJASO,Mon
12.25_103.75,1.0,0.7077854188646354,0.4497615127675537,0.6558705658080661,0.6375830873414855,,0.739641715341645,0.6847750345152849,0.532304986525562,temp,JJASO,Mon
12.25_104.25,1.0,0.7364386358357085,0.4297471721111681,0.689345641568312,0.630016019768568,,0.7601049468499191,0.7338868825237929,0.49392844199109337,temp,JJASO,Mon
12.25_104.75,0.9999999999999999,0.7382994058751885,0.38569786708802084,0.6620320027991775,0.5382106527103452,,0.7254125379142486,0.7031719197881726,0.45055008200239804,temp,JJASO,Mon
12.25_105.25,1.0,0.6690092378989363,0.26879110391933314,0.550331369802796,0.515802969723787,,0.627738327927071,0.6409808336659314,0.4938755859240414,temp,JJASO,Mon
12.25_105.75,1.0,0.6087580229268293,0.20453417505443316,0.4439000005054012,0.5043896520769389,,0.5655744768457013,0.6183639901868084,0.5178663178211593,temp,JJASO,Mon
12.25_106.25,1.0,0.599259816736041,0.18606688042033803,0.3917884780602167,0.5204711087709863,,0.4778750364202975,0.6294446304978497,0.5189979097879865,temp,JJASO,Mon
12.25_106.75,1.0,0.5867744904946082,0.17300387820094063,0.3442498216935474,0.5159763628892405,,0.4147518580657309,0.6085328238577571,0.45924245544238357,temp,JJASO,Mon
12.25_107.25,0.9999999999999999,0.6049352663696761,0.2376410619937421,0.2995304906559438,0.518897585873674,,0.3661160924672247,0.6106889492222521,0.40731875861333267,temp,JJASO,Mon
12.25_107.75,1.0,0.6738233984045714,0.33543173078502453,0.4136180110149231,0.5165420172917073,,0.44700766908359924,0.602056757004563,0.452474329378045,temp,JJASO,Mon
12.25_108.25,1.0,0.6846120368399529,0.40738285081247544,0.5126975575344315,0.5409715709726934,,0.5439661343349445,0.6217429538386876,0.49288981086056444,temp,JJASO,Mon
12.75_102.75,1.0,0.6947269330639144,0.3747390866586233,0.4651035040648606,0.5433942802142525,,0.5955324613409968,0.6273905131323255,0.49321468751430925,temp,JJASO,Mon
12.75_103.25,1.0,0.7546127108094879,0.4294117199099822,0.6393195366946526,0.633093987951252,,0.7427529893008159,0.6828785332325142,0.5614197940489651,temp,JJASO,Mon
12.75_103.75,0.9999999999999999,0.7807328054921776,0.5012623159575237,0.7154933442639514,0.649498949834409,,0.7910320075724669,0.7580383668906865,0.595622417628338,temp,JJASO,Mon
12.75_104.25,1.0,0.7741912028470387,0.4903788158340451,0.7094433707795769,0.6263566686151708,,0.7856887713706627,0.759784835716243,0.546776156647335,temp,JJASO,Mon
12.75_104.75,1.0,0.7184295478017322,0.3939752960657143,0.6092889196189682,0.5669018379390814,,0.7085291847967236,0.7178183977099988,0.5054253128491251,temp,JJASO,Mon
12.75_105.25,0.9999999999999999,0.6329774840671641,0.27722900698267733,0.4607044614807242,0.5540094176909676,,0.6041310128741079,0.6811916473075854,0.5110178576530032,temp,JJASO,Mon
12.75_105.75,0.9999999999999999,0.5697781038753331,0.21337640705085703,0.4251595707582997,0.5527381695675468,,0.5465268617560616,0.660313574745018,0.533237403487707,temp,JJASO,Mon
12.75_106.25,1.0,0.5693401866355848,0.20278560771913423,0.40878289609306373,0.5775355685931532,,0.52066935472268,0.659577287764758,0.5434654951709966,temp,JJASO,Mon
12.75_106.75,0.9999999999999999,0.5605448539427129,0.19753158575413227,0.36573034059526566,0.5660468933226639,,0.4480779977692365,0.6395987665672285,0.5061352756212757,temp,JJASO,Mon
12.75_107.25,0.9999999999999999,0.584979006063352,0.24413842113073728,0.3945450192348034,0.5454892297514742,,0.43135800426414767,0.6117974409293366,0.4694058680859929,temp,JJASO,Mon
12.75_107.75,1.0,0.6746404201881907,0.2987322097324287,0.4550595149163722,0.5628494543876033,,0.48507129025176676,0.6292525416594552,0.49295964557502625,temp,JJASO,Mon
12.75_108.25,0.9999999999999999,0.7373587943821531,0.4016363923850899,0.5748362334402298,0.6307287629921481,,0.6123572088783839,0.6883331022226383,0.5335057473963153,temp,JJASO,Mon
13.25_102.75,0.9999999999999999,0.7372779454075041,0.43435310761648815,0.5523197095651399,0.6040266141142103,,0.6855066626981555,0.6775131152290587,0.5778111119088926,temp,JJASO,Mon
13.25_103.25,1.0,0.7897895432933417,0.4700948944726042,0.6225764377048825,0.6401674840771162,,0.7477222751175353,0.7512006970394685,0.6201208008246785,temp,JJASO,Mon
13.25_103.75,1.0,0.8099028933838396,0.5303493249730974,0.6407487691367998,0.6363204918429619,,0.7542351257846738,0.7593938762343075,0.6666745221893425,temp,JJASO,Mon
13.25_104.25,1.0,0.7721999956028035,0.4761309782551327,0.5886141042987504,0.6199869901052798,,0.7064131462033653,0.7447804089545205,0.6249171221138731,temp,JJASO,Mon
13.25_104.75,1.0,0.697230560748436,0.36389767608026324,0.5073661835627035,0.5805687628528423,,0.6308779410679196,0.7208132201712187,0.5652086100445107,temp,JJASO,Mon
13.25_105.25,0.9999999999999999,0.6174989118023735,0.27733200937264185,0.431353889965996,0.5376922194788571,,0.5688652982491786,0.6907116992428884,0.5155195002652818,temp,JJASO,Mon
13.25_105.75,1.0,0.541133480483694,0.2101825848895236,0.4044816482634961,0.5060829549766485,,0.5331815833838609,0.6575790046830171,0.4969606357888893,temp,JJASO,Mon
13.25_106.25,1.0,0.5447747717480892,0.2070975988682627,0.3964566486521567,0.5389328508376879,,0.5054834888992022,0.6520298721938378,0.4875892488277188,temp,JJASO,Mon
13.25_106.75,1.0,0.542804514819398,0.22037044871990452,0.35547585298951956,0.5394398661414885,,0.43247805075502566,0.6352283897618453,0.4749668461266955,temp,JJASO,Mon
13.25_107.25,1.0,0.5647786579369405,0.24985796094166157,0.35322056758260856,0.5441213344379164,,0.4117842227200679,0.6234047137494918,0.4811220200614091,temp,JJASO,Mon
13.25_107.75,0.9999999999999999,0.6765547563210663,0.3044362003541615,0.38139537662987383,0.5757855700761343,,0.4764505481600569,0.644929465739425,0.5004326975011342,temp,JJASO,Mon
13.25_108.25,1.0,0.7256305801188782,0.375452592142913,0.4355017231399632,0.6267764562401071,,0.5875263924189593,0.6763609927487528,0.512421799766475,temp,JJASO,Mon
13.75_102.75,1.0,0.7529688233627043,0.4817229113057533,0.5402541978185786,0.6196241259242541,,0.6946667696177656,0.7202828831961928,0.6046813652237835,temp,JJASO,Mon
13.75_103.25,1.0,0.791732565207462,0.5173215984957534,0.5725120555147536,0.6434391359130576,,0.7176014721649187,0.7560734275151368,0.6443736260940166,temp,JJASO,Mon
13.75_103.75,1.0,0.7944697653584029,0.5164701830357458,0.5448163619576274,0.6318260753709777,,0.7015771628532735,0.7558270607445752,0.6513112488332082,temp,JJASO,Mon
13.75_104.25,1.0,0.7517661241285774,0.4524551343370167,0.5036994044395485,0.6064518148936912,,0.63933817465564,0.752692617115449,0.6402984757233955,temp,JJASO,Mon
13.75_104.75,0.9999999999999999,0.6787900497083156,0.36441024835842906,0.4581646141286344,0.5705541491551316,,0.606572633420846,0.723803009756058,0.5736159365272805,temp,JJASO,Mon
13.75_105.25,0.9999999999999999,0.6047653243686769,0.27155039580162676,0.4196269822927687,0.5015526966967386,,0.5657823861289484,0.676090091671117,0.4890075944831915,temp,JJASO,Mon
13.75_105.75,1.0,0.5397569480553164,0.22412906454755246,0.3954721513923757,0.46111422314838696,,0.5478256148991939,0.6465503153103853,0.4368834540909425,temp,JJASO,Mon
13.75_106.25,1.0,0.5392964090949808,0.23184931883100413,0.35146953833523714,0.49190248143312615,,0.5000364176450836,0.648820937698994,0.4359737245537215,temp,JJASO,Mon
13.75_106.75,1.0,0.5248547454812373,0.2570677174544993,0.3112250165714431,0.510462930583962,,0.39066315006482066,0.6319994463898824,0.4326786023083887,temp,JJASO,Mon
13.75_107.25,1.0,0.5394832284087526,0.2769672827066563,0.26686374273166513,0.5282854133526967,,0.3339857554000974,0.6326665468596459,0.4198523418274294,temp,JJASO,Mon
13.75_107.75,0.9999999999999999,0.6484143861978764,0.32744215040366287,0.31460061309075443,0.5413600229925282,,0.39180016519886424,0.6258738770381206,0.4373873535715081,temp,JJASO,Mon
14.25_102.25,0.9999999999999999,0.7931748177952319,0.6108638943060604,0.4800402211122665,0.6243096040472595,,0.6631015524682429,0.7938401252776317,0.5809457427744303,temp,JJASO,Mon
14.25_102.75,1.0,0.7996525171313276,0.6061514417589428,0.5717391104726415,0.6548214565634171,,0.7192775468556025,0.7728779821605529,0.6226625642784308,temp,JJASO,Mon
14.25_103.25,1.0,0.8130462887409682,0.5887359001762809,0.5781164235499068,0.6506177072673709,,0.7314044589863273,0.7687347730926944,0.6432163856595131,temp,JJASO,Mon
14.25_103.75,0.9999999999999999,0.804183958665412,0.5641317686491772,0.5346572002000867,0.6373599936458882,,0.710387140178175,0.7740739134582998,0.6458031919810412,temp,JJASO,Mon
14.25_104.25,1.0,0.7551497702251807,0.5136298600607027,0.4943080085475532,0.6037280928018469,,0.6711878955587335,0.7566699252123259,0.6193654252302382,temp,JJASO,Mon
14.25_104.75,1.0,0.6611179542617973,0.404076628271344,0.4365064720671096,0.5428399610218839,,0.6277921527343995,0.6833501552498322,0.5200103669455246,temp,JJASO,Mon
14.25_105.25,0.9999999999999999,0.5798575915408658,0.28714759421687647,0.38185563003185813,0.47633319063483537,,0.5972297654459567,0.6214632125799824,0.4088634247547044,temp,JJASO,Mon
14.25_105.75,1.0,0.5566527664061705,0.24967354836606503,0.3621478806386273,0.4614851897099284,,0.5508934041343371,0.6216993318003017,0.37608742459210087,temp,JJASO,Mon
14.25_106.25,0.9999999999999999,0.5536765910959773,0.26227487778856245,0.31704776210246904,0.4709069027977906,,0.4382752551810554,0.6332071793738241,0.39405323990276225,temp,JJASO,Mon
14.25_106.75,1.0,0.7522088786503407,0.3610183839065049,0.29306095099387375,0.5748611144110687,,0.4077958068103151,0.7656554025466847,0.49602779435541505,temp,JJASO,Mon
14.25_107.25,1.0,0.8047353165926937,0.4064110672141416,0.2334773234259132,0.5852790949859513,,0.30045841329698947,0.7717044869933477,0.48369987401687,temp,JJASO,Mon
14.25_107.75,1.0,0.8371429977399047,0.47234245443329026,0.3350364558786262,0.7064066464309935,,0.43147035730106376,0.7798388535042927,0.5516356686650422,temp,JJASO,Mon
14.25_108.25,0.9999999999999998,0.9051109280908024,0.6349714422464215,0.58965989711855,0.809545100134658,,0.7827833342110629,0.8478343693431285,0.6442770495637425,temp,JJASO,Mon
14.75_101.75,0.9999999999999999,0.8222098450713564,0.6742940096193879,0.5211656062996805,0.6033006293737417,,0.6763867425102329,0.8223650530579367,0.5766202177883305,temp,JJASO,Mon
14.75_102.25,1.0,0.8364011101354157,0.6641775171425577,0.6390434341929649,0.6610859395382002,,0.7583616113664143,0.8155287979354086,0.6155937205280664,temp,JJASO,Mon
14.75_102.75,1.0,0.827370692364687,0.6517562921204976,0.6435050191632311,0.6865296555427585,,0.7654015169128832,0.7973717849776659,0.6314238705311083,temp,JJASO,Mon
14.75_103.25,1.0,0.8290126537972462,0.6450599866206346,0.6170305793539254,0.6793111199735,,0.7558086518811501,0.7845231598664655,0.6438910099555916,temp,JJASO,Mon
14.75_103.75,1.0,0.8177312026595941,0.63217491198655,0.5673186623952806,0.6651221238000968,,0.730748008248394,0.7780041857879099,0.6514534758275253,temp,JJASO,Mon
14.75_104.25,1.0,0.7794384848588717,0.5689458682070653,0.5112165501910446,0.6245099061976098,,0.6959129084409327,0.7558985290831999,0.6226367539983167,temp,JJASO,Mon
14.75_104.75,1.0,0.7048834622820311,0.4766732503599092,0.4528014482855159,0.5453281405013916,,0.6709209819181677,0.6880543556192465,0.5360991999554021,temp,JJASO,Mon
14.75_105.25,0.9999999999999999,0.5793100624663944,0.31227350046559155,0.3663294042092057,0.44467152936973886,,0.6231127409947111,0.5879974240888113,0.38634770198748886,temp,JJASO,Mon
14.75_105.75,0.9999999999999999,0.5534778160347007,0.2570798843688257,0.34476813043338794,0.43304944222367486,,0.5579363328063581,0.5800219040551318,0.3475768656952129,temp,JJASO,Mon
14.75_106.25,1.0,0.7517121729610415,0.35643078079102525,0.3365343491301725,0.580142082218719,,0.4827301084850086,0.7507776081095807,0.5036835241066339,temp,JJASO,Mon
14.75_106.75,0.9999999999999998,0.7486509335444694,0.3640788125854568,0.34325786021464344,0.5765388411110657,,0.4851703865831715,0.7545811469689345,0.4882282517377893,temp,JJASO,Mon
14.75_107.25,0.9999999999999998,0.8433723378191702,0.4620623279118361,0.3158277989621231,0.684537357646588,,0.4662082266910948,0.7926392178643172,0.5441929320300607,temp,JJASO,Mon
14.75_107.75,1.0,0.8784647513868807,0.6117245155004408,0.529855702501759,0.7984080261437793,,0.7064393829513799,0.8212475964454194,0.6216203363472523,temp,JJASO,Mon
14.75_108.25,0.9999999999999999,0.9378875756249346,0.7573785358289109,0.7625342557864978,0.8710874538099561,,0.917992455547929,0.8924391468818571,0.7120461216386255,temp,JJASO,Mon
15.25_101.75,1.0,0.8593937817925569,0.6443720816230876,0.575206877189071,0.6027888919170217,,0.7232723657100932,0.7971185249009348,0.5520225793862347,temp,JJASO,Mon
15.25_102.25,1.0,0.8616899593139704,0.6609080582998303,0.6444633632708119,0.6596038466814359,,0.7832632563957445,0.7970582297090053,0.5773231634804195,temp,JJASO,Mon
15.25_102.75,1.0,0.8424071983142518,0.6812129808520029,0.6448108976484579,0.682666885199199,,0.7792331419782885,0.7917518839093253,0.5795107968401539,temp,JJASO,Mon
15.25_103.25,1.0,0.843734406483676,0.6880864817403799,0.6238812079374664,0.6842165416671067,,0.7644806696788522,0.788791067305375,0.6031558067420049,temp,JJASO,Mon
15.25_103.75,1.0,0.840556363656597,0.6761446013501778,0.5902974348873371,0.6774277301535621,,0.7434350541027275,0.7838394026596515,0.6419069562702756,temp,JJASO,Mon
15.25_104.25,0.9999999999999999,0.8198517158755751,0.6190805251872847,0.5259574764723518,0.6373095776088422,,0.7136975135499536,0.7703815918464281,0.6312143801127149,temp,JJASO,Mon
15.25_104.75,1.0,0.7726212150089395,0.5466964146610974,0.4805969727477486,0.5811135438870286,,0.6744989993981179,0.7402912817954953,0.5926708957106541,temp,JJASO,Mon
15.25_105.25,1.0,0.6545599694324803,0.3844267858220891,0.36458728179156735,0.4538696810954142,,0.6238338682604523,0.6260399719862236,0.44200329974930025,temp,JJASO,Mon
15.25_105.75,1.0,0.7843142000508238,0.36022135488618495,0.3462957524098384,0.579743645949776,,0.6520457889004575,0.7272100759984068,0.5064588207797426,temp,JJASO,Mon
15.25_106.25,1.0,0.793968205798943,0.4639533789994676,0.36164130468735534,0.627627001188153,,0.5253338103196237,0.7368247709539281,0.5230875482627149,temp,JJASO,Mon
15.25_106.75,1.0,0.8419359728590228,0.5120222460771521,0.39479026343560847,0.7219541424664884,,0.5444884106966152,0.8124032036046791,0.5574746876469933,temp,JJASO,Mon
15.25_107.25,1.0,0.8918906350254128,0.6059896684495244,0.5307669005814061,0.8114044458802271,,0.6576903941042114,0.8398117292628133,0.6175291366844645,temp,JJASO,Mon
15.75_101.75,1.0,0.8493470051580596,0.5875701426520588,0.5252040556041185,0.5286749380503897,,0.7169725954805466,0.7313119346130752,0.4532399384349211,temp,JJASO,Mon
15.75_102.25,1.0,0.8578918095006621,0.6157749476158605,0.5908163572019001,0.5920128551350955,,0.7700086577788656,0.7304191090882359,0.4813134970925226,temp,JJASO,Mon
15.75_102.75,1.0,0.8606780208635652,0.6649971643489218,0.6190147964545292,0.6485219076222614,,0.7778478030873,0.7658203535345696,0.5277768081502043,temp,JJASO,Mon
15.75_103.25,1.0,0.8633129035404481,0.6786809896148638,0.6024504846438411,0.6635413597647314,,0.7692381187086187,0.7794511878929794,0.5735489120872488,temp,JJASO,Mon
15.75_103.75,1.0,0.8607681970610522,0.6718868307387335,0.5708924567106398,0.6593276156515686,,0.7391581169050537,0.7826358634684085,0.6180061300478554,temp,JJASO,Mon
15.75_104.25,1.0,0.8529852284542275,0.6401578890898892,0.5249829183182635,0.6356207030161405,,0.7043120551697694,0.7803980829288796,0.6244503391100835,temp,JJASO,Mon
15.75_104.75,1.0,0.8179840567028768,0.5854596501073209,0.4609065570403953,0.5954854443002764,,0.6701931939130163,0.7603207839349845,0.5991459836446922,temp,JJASO,Mon
15.75_105.25,0.9999999999999998,0.9286715693443893,0.5698061302687191,0.47828530034820077,0.6689366297256637,,0.7285017982829437,0.8339737498394254,0.6382790731186196,temp,JJASO,Mon
15.75_105.75,0.9999999999999998,0.8975293684036225,0.5058181151434492,0.4055903921665176,0.6793950986630011,,0.6021405850402458,0.814230159071937,0.601011648204776,temp,JJASO,Mon
15.75_106.25,1.0,0.8954556869481559,0.5419110200611218,0.42236357667207586,0.7433277714614488,,0.5948417997196174,0.8242023358691918,0.60552477287804,temp,JJASO,Mon
15.75_106.75,1.0,0.9249981275654441,0.6439375799292096,0.501927348456844,0.8389017623938656,,0.5045831366376898,0.8736049815924675,0.6597573474004953,temp,JJASO,Mon
16.25_101.75,0.9999999999999999,0.8446355399596054,0.6031340149532745,0.514862738646769,0.5244301036293056,,0.7241776657669995,0.7205927861474648,0.4015820615408258,temp,JJASO,Mon
16.25_102.25,0.9999999999999999,0.8496393888581566,0.6165289840178415,0.5612007832592413,0.5686743065491676,,0.7518116551716131,0.7108088737440147,0.42636374835652296,temp,JJASO,Mon
16.25_102.75,1.0,0.8623050817990587,0.6577396184076826,0.5880761813132452,0.617557570160407,,0.7780350102719756,0.75511777492776,0.4672439481037884,temp,JJASO,Mon
16.25_103.25,1.0,0.8682438334545488,0.6647410954206415,0.5783995092156631,0.6277600730664884,,0.757819008268151,0.7670304075264904,0.5101686786425164,temp,JJASO,Mon
16.25_103.75,1.0,0.8672584795145838,0.6603627363722389,0.5429260364128572,0.6230279764482375,,0.7316443656548557,0.7738325823716742,0.5722629537955138,temp,JJASO,Mon
16.25_104.25,1.0,0.8587546233508453,0.6216817304319624,0.5039008248097575,0.6180257256150752,,0.6964339175458096,0.7668919430826671,0.5946878841457894,temp,JJASO,Mon
16.25_104.75,0.9999999999999999,0.9611783691359389,0.6569520400015297,0.5346559815173113,0.7109450581673524,,0.7469190235950451,0.8564922365652731,0.678199495286639,temp,JJASO,Mon
16.25_105.25,1.0,0.9501511528510727,0.5956953522365473,0.46653231174510906,0.6887305321151392,,0.7185211942397781,0.844877501831097,0.6532533222655841,temp,JJASO,Mon
16.25_105.75,1.0,0.9423671703087599,0.5905199813697225,0.4131344007255819,0.7765176009712947,,0.5797487590787839,0.8742997820835064,0.6655105023732957,temp,JJASO,Mon
16.25_106.25,1.0,0.9680225411169032,0.6635596134183999,0.4582310074010382,0.8707510528912025,,0.5028309921229014,0.9042234679373796,0.6622241874136732,temp,JJASO,Mon
16.25_106.75,1.0,0.9767769952948359,0.7775161245642398,0.7116057929225534,0.9127974658308862,,0.8767429314058547,0.934955937102248,0.7361768513253033,temp,JJASO,Mon
16.25_107.25,1.0,0.9844191061026659,0.857699462263006,0.8700223741798025,0.9386827958181614,,0.9622333583115925,0.9572569878592284,0.8119194792422139,temp,JJASO,Mon
16.75_101.75,0.9999999999999999,0.8271454971079473,0.6204296955399864,0.5310032124972097,0.5573728863147993,,0.7302609585263786,0.7252751004392523,0.3796327607845178,temp,JJASO,Mon
16.75_102.25,1.0,0.8361214587670295,0.620362661710478,0.5574420330445198,0.5646110428603722,,0.7600822065894052,0.7186823357969131,0.39356608897274836,temp,JJASO,Mon
16.75_102.75,1.0,0.8511411658890524,0.6446095902003337,0.5674390821980548,0.5721896964150518,,0.7721740795498694,0.7362796482466013,0.4238724577041655,temp,JJASO,Mon
16.75_103.25,1.0,0.8654213065676566,0.6541286670040745,0.5523556934537889,0.5858799494381335,,0.7590607573042474,0.757627300028612,0.43215156994231707,temp,JJASO,Mon
16.75_103.75,1.0,0.8609204013997752,0.6343017271195561,0.5099517223898244,0.5870234540404992,,0.7234617680428346,0.7518803528354541,0.5189922300087745,temp,JJASO,Mon
16.75_104.25,1.0,0.8542839113821922,0.5949736032820953,0.4775464182354727,0.5833621084073035,,0.6967746999445533,0.7274513330426436,0.5570289130282898,temp,JJASO,Mon
16.75_104.75,0.9999999999999999,0.9403478114120608,0.6103829438107066,0.473786564024707,0.662809988067234,,0.7421070682230176,0.8055477473079617,0.6259244575334534,temp,JJASO,Mon
16.75_105.25,1.0,0.9609342884606744,0.6104518477178525,0.48568322518874113,0.7095086188836897,,0.6705613102237934,0.8509733730517106,0.6419899931829459,temp,JJASO,Mon
16.75_105.75,1.0,0.9649071293956221,0.6569182512794828,0.49396199681631986,0.8408132688335039,,0.5471143919150745,0.8966553160155031,0.6684249496867884,temp,JJASO,Mon
16.75_106.25,1.0,0.9877561586870203,0.7603042862717126,0.6624052307873036,0.9129893346838622,,0.7845533267759749,0.9359660438471075,0.7068627424480529,temp,JJASO,Mon
17.25_101.75,1.0,0.847152248288708,0.6463776210422677,0.5843539704881534,0.601243966807998,,0.7672058519141952,0.7524628656564318,0.3873923330660478,temp,JJASO,Mon
17.25_102.25,0.9999999999999999,0.8372953510754632,0.6240254600632901,0.5521027090316897,0.5537610561999348,,0.7663389083026241,0.7215920921067985,0.39168146019642625,temp,JJASO,Mon
17.25_102.75,0.9999999999999999,0.835524526733913,0.6300875102873796,0.5398428126977395,0.524384101394166,,0.7521692267977456,0.7064103564730085,0.4083474513590253,temp,JJASO,Mon
17.25_103.25,1.0,0.8429549059378347,0.6319445239282229,0.5162275076679201,0.5220827977645122,,0.73244924331379,0.7139033767360639,0.3781654782327288,temp,JJASO,Mon
17.25_103.75,1.0,0.8450064254915677,0.6068189960695243,0.4731093801980446,0.5393062502327545,,0.6941595697620465,0.7117695251289713,0.46087371557423124,temp,JJASO,Mon
17.25_104.25,1.0,0.8339858639304969,0.5656140148319969,0.42625836100433523,0.5393976186464581,,0.6699457544300343,0.6950233386733073,0.5191071091945924,temp,JJASO,Mon
17.25_104.75,1.0,0.923186234372702,0.5830129066809147,0.41321128600891294,0.6064386633534731,,0.7390044734894784,0.7693668196482736,0.5947458683616315,temp,JJASO,Mon
17.25_105.25,0.9999999999999999,0.9677381798353613,0.6655556029479087,0.48288605223510295,0.7727965592070523,,0.6261346493003078,0.8850020822262864,0.6469708016982891,temp,JJASO,Mon
17.25_105.75,1.0,0.987005385843648,0.7534775510227243,0.6225950093598115,0.8849105664732182,,0.7432839907393805,0.9312898848650543,0.7043147336421739,temp,JJASO,Mon
17.25_106.25,1.0,0.9938853385719307,0.8015133171595938,0.7298173543934487,0.9286358160989054,,0.8936728706491551,0.9572992389834661,0.7445687526587141,temp,JJASO,Mon
17.75_101.25,1.0,0.8335017064706512,0.6343299439889405,0.5246864273975553,0.54055066815892,,0.7269684190384134,0.7539013212158606,0.3268359861510139,temp,JJASO,Mon
17.75_101.75,1.0,0.8435450173570862,0.6406058468575874,0.5608452896533113,0.5739001724577348,,0.7666444548158285,0.7493599826015551,0.33571189037242827,temp,JJASO,Mon
17.75_102.25,0.9999999999999999,0.8098076362335571,0.5911580029240359,0.5031446175219213,0.49271606846148097,,0.7255695910590768,0.6796838270542123,0.34819731991859254,temp,JJASO,Mon
17.75_102.75,1.0,0.7850524895675887,0.5554766080329708,0.4441902335786641,0.4307439965436981,,0.6910481884030076,0.6332918420903394,0.34240784107641387,temp,JJASO,Mon
17.75_103.25,1.0,0.8011624435483096,0.5634576258663607,0.43444471372313653,0.4416705011338942,,0.681479378289318,0.6488071504476054,0.3399011460405111,temp,JJASO,Mon
17.75_103.75,1.0,0.815691466727781,0.5685499436038624,0.42300567198793315,0.48382605630987724,,0.6591043074295903,0.6739529455981712,0.4279645343765556,temp,JJASO,Mon
17.75_104.25,1.0,0.954584433679327,0.6523032566575133,0.448372493116256,0.6409901051924448,,0.677242052531516,0.8045903966259543,0.5879375603685906,temp,JJASO,Mon
17.75_104.75,1.0,0.9440045084920123,0.6653257081088849,0.42517469255583995,0.688575881491928,,0.5595671614806308,0.8405861834937512,0.6069198457828875,temp,JJASO,Mon
17.75_105.25,1.0,0.9755033081042553,0.7713537073559694,0.6271253062874316,0.8317104515315912,,0.7374433919809256,0.9150981310709171,0.679051881505234,temp,JJASO,Mon
18.25_101.25,1.0,0.9632197437126045,0.6937179141533839,0.5552241162558896,0.6378141196726568,,0.7978149248413073,0.8404313994855801,0.329707542333696,temp,JJASO,Mon
18.25_101.75,1.0,0.9603862246341941,0.6731602755298427,0.5700978696629606,0.6410442959545437,,0.8252540985575263,0.8175095353105818,0.3171487381137251,temp,JJASO,Mon
18.25_102.25,1.0,0.9314638134196811,0.6212248508238298,0.506619270218914,0.563939015756364,,0.7892266156898837,0.7575482671480636,0.3680652600568729,temp,JJASO,Mon
18.25_102.75,0.9999999999999998,0.9316390137380418,0.616229742123857,0.4751011004513303,0.5438189940263732,,0.7646289334605921,0.7449248677097743,0.4197474612202912,temp,JJASO,Mon
18.25_103.25,1.0,0.7762002838319384,0.5555343768633192,0.38555878130637256,0.4458032078883893,,0.5877082898496239,0.6407173880644692,0.40040245999764285,temp,JJASO,Mon
18.25_103.75,1.0,0.7837697189172814,0.5692401324851777,0.36469960413959124,0.4802810086943782,,0.5313944296769575,0.6625019096137693,0.4618822581081852,temp,JJASO,Mon
18.25_104.25,1.0,0.9506951627188239,0.7227430573752319,0.43173105725996946,0.711927513623904,,0.4863579502383144,0.8565564030145776,0.5922579677906269,temp,JJASO,Mon
18.25_104.75,1.0,0.9538943885553114,0.778310502735818,0.625529642824791,0.797850494668656,,0.8034096052752487,0.8929112666015853,0.6466565348357797,temp,JJASO,Mon
18.25_105.25,1.0,0.9798922309322878,0.8492840918942949,0.7710576821752961,0.8876420864917385,,0.9406087271181565,0.933229021598798,0.723645476762672,temp,JJASO,Mon
18.75_101.25,0.9999999999999999,0.9507882297596799,0.7105500996854701,0.4984072096375235,0.6307507727572905,,0.683683741960091,0.8555752736056951,0.25363180352374654,temp,JJASO,Mon
18.75_101.75,1.0,0.9333706523899401,0.6796387251719546,0.5182773430472075,0.6064672471617543,,0.7471259931153432,0.8278428276591416,0.24634344555375084,temp,JJASO,Mon
18.75_102.25,0.9999999999999999,0.9171330512940806,0.6591823096872698,0.5020958215238402,0.590752693349489,,0.7247337437829572,0.8158584860163488,0.3234040487558154,temp,JJASO,Mon
18.75_102.75,1.0,0.9200451360999867,0.7017217897896525,0.41875778939828356,0.641484941193434,,0.6668521981778094,0.834914068146165,0.38231250185664,temp,JJASO,Mon
18.75_103.25,0.9999999999999999,0.9306311742421587,0.7747321578636994,0.5371270650054443,0.6995754806460404,,0.6774280566566998,0.8462082278185521,0.4772234318117791,temp,JJASO,Mon
18.75_103.75,1.0,0.9333213722770303,0.7486898825331796,0.5018500763309097,0.7273268698336015,,0.6970775143087037,0.8492440806955311,0.5593916566121294,temp,JJASO,Mon
18.75_104.25,0.9999999999999999,0.9547820912012351,0.8224800514946405,0.6295353504289891,0.811182347161174,,0.8351253836999154,0.8920499219295877,0.6244399433159801,temp,JJASO,Mon
18.75_104.75,0.9999999999999998,0.9773673232448707,0.8637960115426356,0.7913628933720687,0.8794478238872296,,0.937602535234995,0.924160644220015,0.6987136767727067,temp,JJASO,Mon
19.25_101.25,0.9999999999999999,0.9404218121705468,0.7770633180399528,0.5153908351722625,0.6976075582611309,,0.6717792131068584,0.8705210526955566,0.24306041391279057,temp,JJASO,Mon
19.25_101.75,0.9999999999999999,0.9038717048546167,0.7310646309947192,0.5237569591693181,0.6829613360391759,,0.6718326663824536,0.8167839254606415,0.23409721398220398,temp,JJASO,Mon
19.25_102.25,1.0,0.91808977250711,0.7400365593772972,0.5547239083314295,0.7281816436885128,,0.6293982240537056,0.8545714071134951,0.3164107981100354,temp,JJASO,Mon
19.25_102.75,1.0,0.899282731030412,0.7999218623140627,0.6495452552910933,0.770400738010992,,0.6908667506832591,0.8493043169590735,0.441531818119885,temp,JJASO,Mon
19.25_103.25,1.0,0.8915785928832854,0.8128384895711045,0.716194075390231,0.8004271309593523,,0.805922731264115,0.8485425535301033,0.5616413423099443,temp,JJASO,Mon
19.25_99.75,1.0,0.9621509787226566,0.7795517802002306,0.598884758657018,0.6744936923044696,,0.7699884622006206,0.8713115432455368,0.400770172707984,temp,JJASO,Mon
19.75_100.25,1.0,0.9576970093191258,0.7701536937921346,0.5876178177147806,0.7276603011101009,,0.791600904234129,0.8767406967765328,0.3704939171864183,temp,JJASO,Mon
19.75_100.75,1.0,0.9569986679687578,0.7743402035253053,0.5307311439571545,0.7456929374050814,,0.7293227012643823,0.8803497720760786,0.32950306430578025,temp,JJASO,Mon
19.75_101.25,1.0,0.9407245059444451,0.7839304306708154,0.5620263427449794,0.7735623822029573,,0.7190347116880302,0.8807439081440599,0.3034348101891613,temp,JJASO,Mon
19.75_101.75,1.0,0.9350688649369423,0.7375529948644618,0.6164217997912924,0.8034006056471589,,0.72900903691723,0.8689186350059955,0.3027747398952725,temp,JJASO,Mon
19.75_102.25,1.0,0.9315434652473127,0.742660934251768,0.6483381571584544,0.8317074139819483,,0.7518719738849039,0.8696693420788163,0.377258758337099,temp,JJASO,Mon
19.75_102.75,1.0,0.9171110217796584,0.7819437148322449,0.7186295417536048,0.8405712764840825,,0.7977979692974447,0.8676118641601843,0.492462656560473,temp,JJASO,Mon
19.75_103.25,1.0,0.9133946180152857,0.8202902993258672,0.7708989290095792,0.8615516915799817,,0.850965573350098,0.8735864713996726,0.5992533413447925,temp,JJASO,Mon
19.75_99.25,1.0,0.954355095065639,0.8078924944053631,0.6405291893634165,0.7515566272154569,,0.8025457208271074,0.8742742364895107,0.42323976666387486,temp,JJASO,Mon
19.75_99.75,1.0,0.952823895253469,0.7774709162535153,0.638110609184917,0.7361620152814928,,0.8040658337967542,0.8685316536265199,0.42351422308766595,temp,JJASO,Mon
20.25_100.25,1.0,0.9584945279665611,0.7653905288098097,0.6270804860609985,0.7661713939980511,,0.8056625917550835,0.8754255527626271,0.31443856222722605,temp,JJASO,Mon
20.25_100.75,1.0,0.95800419360548,0.7685621052024768,0.5944687180234453,0.7867928433738238,,0.7733369938741704,0.8868889918144423,0.2722735780111682,temp,JJASO,Mon
20.25_101.25,1.0,0.9560656586582608,0.7643850338114334,0.624221971763002,0.8164985775656372,,0.7699169570900083,0.8907515977587577,0.31001294820639214,temp,JJASO,Mon
20.25_101.75,1.0,0.9392568663747612,0.7553184741625638,0.6609510534152133,0.8429321136713481,,0.7698402470767958,0.875411853463428,0.33570466104586066,temp,JJASO,Mon
20.25_102.25,0.9999999999999998,0.93288869448964,0.7340681300344766,0.689019128286186,0.8582720490937287,,0.7865967190209254,0.8615045601637419,0.4042309498949702,temp,JJASO,Mon
20.25_102.75,1.0,0.9287195495079628,0.7683586962222527,0.7262526641677302,0.8594728004979586,,0.8071621591773281,0.847318198667162,0.49199350375511436,temp,JJASO,Mon
20.25_103.25,0.9999999999999998,0.935193443941186,0.7979201150498348,0.776336051873207,0.8847510462359163,,0.8690222450203191,0.879875384641195,0.5850304910428498,temp,JJASO,Mon
20.25_99.25,0.9999999999999999,0.9568288513271592,0.8247753564676482,0.6604190912602704,0.7827334823281559,,0.817348958000871,0.8802986167438478,0.3697278145069006,temp,JJASO,Mon
20.25_99.75,0.9999999999999999,0.9608253846712569,0.7919660061698612,0.6661503846615455,0.7827978227342683,,0.8222162837674714,0.8788785291701894,0.3786319110396486,temp,JJASO,Mon
20.75_100.25,1.0,0.9716156678399112,0.7944270894184059,0.6986078699349728,0.8145155579363402,,0.8507187220893868,0.888177280520593,0.2721039044556461,temp,JJASO,Mon
20.75_100.75,1.0,0.9702774893202138,0.7843852020993856,0.682642374971239,0.8250535601539319,,0.8365856282786621,0.8956726839990158,0.2523263797097606,temp,JJASO,Mon
20.75_101.25,0.9999999999999998,0.9548195121496313,0.7825836229346219,0.6684735755010759,0.823974190447745,,0.8241903422678374,0.8726078335504679,0.3062026488360092,temp,JJASO,Mon
20.75_101.75,0.9999999999999998,0.9312277389772949,0.7747932416412735,0.6982714286520083,0.8353302563574471,,0.8067678585068813,0.8574847455018296,0.34944401764344235,temp,JJASO,Mon
20.75_102.25,1.0,0.9273745583737395,0.7638230897591075,0.7130113785368969,0.8446481565545281,,0.8164278887429125,0.8396362530020728,0.4126450758879283,temp,JJASO,Mon
20.75_102.75,0.9999999999999998,0.9275155719825882,0.7815875232374534,0.7346276145484216,0.8490580112454207,,0.8298466597482623,0.8291249343847499,0.4839892295342404,temp,JJASO,Mon
20.75_103.25,0.9999999999999998,0.9413927758495789,0.8114874168274835,0.7837946228834762,0.88374371938101,,0.8743121518785136,0.8676985916484683,0.5400127242531956,temp,JJASO,Mon
20.75_99.75,1.0,0.9696379333977011,0.8209523807776135,0.718532916402856,0.8172326142043097,,0.8552930263928332,0.8922206953794318,0.3145844419562472,temp,JJASO,Mon
21.25_100.25,1.0,0.9791752485230393,0.8267720524677011,0.8033924801679593,0.8471081312670344,,0.8898042054715545,0.8835919462469932,0.3404686733536685,temp,JJASO,Mon
21.25_100.75,0.9999999999999998,0.9767557796788037,0.8021165969949566,0.7754172093041864,0.8522302148216404,,0.8861175380937182,0.8721447458176451,0.31736459882549595,temp,JJASO,Mon
21.25_101.25,0.9999999999999998,0.9686628439129106,0.808984644303918,0.7606821281909006,0.8561545416957568,,0.8787315885568708,0.8804055111302044,0.35588814343718556,temp,JJASO,Mon
21.25_101.75,0.9999999999999998,0.9287795923548697,0.7819715806169167,0.718720091174266,0.821313330570524,,0.8360874454430992,0.834471506339744,0.39170733677695985,temp,JJASO,Mon
21.25_102.25,0.9999999999999998,0.8627707454337666,0.7225381333212744,0.6787653614635449,0.7567925172368973,,0.7754898374164614,0.7426113250033327,0.4006698309314392,temp,JJASO,Mon
21.25_102.75,0.9999999999999998,0.9144208736013236,0.7902342530791183,0.7513097441898753,0.8254977546260611,,0.8371878990690055,0.8035051749067932,0.46681422266445066,temp,JJASO,Mon
21.25_99.75,1.0,0.9670315743607858,0.8464040029189149,0.7935071969085359,0.834916351337888,,0.8871143183328776,0.8761770508029221,0.3638996383862891,temp,JJASO,Mon
21.75_100.25,1.0,0.9856505779826092,0.8532213307403104,0.8374536902301782,0.8843432537602615,,0.9138366923383067,0.9010786338682483,0.3760662848718418,temp,JJASO,Mon
21.75_100.75,0.9999999999999998,0.986377533963343,0.826587072475177,0.8302999307514749,0.8959924699500184,,0.918577915124591,0.8826401144855616,0.3606702029095878,temp,JJASO,Mon
21.75_101.25,1.0,0.9843022630891489,0.8098949977153774,0.8078213104737605,0.8974232296007512,,0.9086683977792573,0.8927136874393166,0.4042666539617352,temp,JJASO,Mon
21.75_101.75,1.0,0.9621539223722417,0.8192813190412936,0.7829936563571306,0.8659897097658444,,0.881088961538529,0.8790377671802049,0.4279035994971981,temp,JJASO,Mon
21.75_102.25,0.9999999999999998,0.9063607696551319,0.7771461086937361,0.7414949797696033,0.8013386918035194,,0.8266445601675626,0.794069551246993,0.43603569892030847,temp,JJASO,Mon
21.75_99.25,1.0,0.970865887683767,0.8318382325543384,0.826338316765436,0.853257574642284,,0.8899739010034579,0.8781690079418721,0.33522586296071766,temp,JJASO,Mon
21.75_99.75,1.0,0.9775468784733937,0.8313710934492325,0.8395482152934108,0.8638933190519841,,0.9109178771524346,0.8772603638711414,0.3791342674543436,temp,JJASO,Mon
22.25_100.25,1.0,0.9899513170858248,0.8513761658429049,0.8689674530622198,0.917799910937495,,0.933808134749589,0.9180535059676406,0.4254542046421299,temp,JJASO,Mon
22.25_100.75,0.9999999999999998,0.9890006425972462,0.8257352389234024,0.8555942226800852,0.9255837313596375,,0.933028330617755,0.9020906039492171,0.4290552206758398,temp,JJASO,Mon
22.25_101.25,1.0,0.9906590160774843,0.8289541914613674,0.84705356635833,0.9209993572785314,,0.9258641354419543,0.9178300897488553,0.4537835619606498,temp,JJASO,Mon
22.25_101.75,0.9999999999999998,0.9827896476370277,0.8298224830347358,0.8270997787369311,0.9019240055224124,,0.9133689564867427,0.9027225915359088,0.48888389341442295,temp,JJASO,Mon
22.25_102.25,0.9999999999999998,0.9633739693920178,0.8177196027201821,0.8037141448015062,0.8676197980608616,,0.8920635667892473,0.8587713101486408,0.5060637441087977,temp,JJASO,Mon
22.25_99.75,1.0,0.9849394453113048,0.8243600972459665,0.8582575386613499,0.8902669390249005,,0.9093959835465073,0.8937426816490934,0.3713484324171025,temp,JJASO,Mon
22.75_100.25,1.0,0.9915879458138666,0.8478680130789736,0.8860202795667601,0.9252722052229903,,0.9325325758824057,0.9112899558408932,0.4491987351031474,temp,JJASO,Mon
22.75_100.75,0.9999999999999998,0.9930722805078742,0.8411201116293259,0.8852535867591155,0.9357168831105435,,0.9387725294995491,0.9264842655254785,0.46386169306259717,temp,JJASO,Mon
22.75_101.25,1.0,0.993619722799491,0.8583278539865645,0.8837798079892454,0.9382758337862611,,0.945667824480391,0.9407789828466789,0.49435297447841686,temp,JJASO,Mon
22.75_99.75,1.0,0.9892802986540776,0.8276798516071738,0.8846043339064573,0.9100360306192632,,0.9260291037368203,0.9258357740122004,0.42726485360928274,temp,JJASO,Mon
23.25_100.25,0.9999999999999998,0.9934105939702794,0.8476301640868545,0.9048989632258047,0.9272411530861664,,0.9408576461223618,0.9230182414299288,0.48742270976339086,temp,JJASO,Mon
23.25_100.75,1.0,0.9954500578620658,0.8569514256962586,0.9049871506763206,0.9355837043440969,,0.9474501998662815,0.9340162670715179,0.49747128464302043,temp,JJASO,Mon
23.25_99.25,1.0,0.9886870822458648,0.758283158442017,0.8635230041195103,0.9005409113827014,,0.9172679666534322,0.9287703244967214,0.46140193175641164,temp,JJASO,Mon
23.25_99.75,0.9999999999999998,0.991846517270678,0.8274844080392494,0.900166798905807,0.9192592679524159,,0.9350600526128809,0.942747896668698,0.4742934392411237,temp,JJASO,Mon
23.75_100.25,1.0,0.992207969579872,0.8575704758189383,0.9099184006933949,0.9211853534052631,,0.9407207283077339,0.9371925533753144,0.5680838244541333,temp,JJASO,Mon
23.75_100.75,1.0,0.9946041243089121,0.8699992139943427,0.9085630871089798,0.9301010967675402,,0.9441839167342511,0.9402453229426644,0.5700379520356239,temp,JJASO,Mon
24.25_100.25,1.0,0.9938254735602278,0.8790030433766943,0.9144730859017413,0.9228701723075438,,0.9441095958526521,0.9520762222762035,0.6341373023513533,temp,JJASO,Mon
24.25_100.75,1.0,0.9917741838179881,0.888451325324808,0.9060799415647844,0.924276554126707,,0.9446729935103263,0.9470340403076769,0.6336585806804146,temp,JJASO,Mon
24.25_99.75,1.0,0.9942177195357654,0.8404081921367873,0.9183125243773754,0.9179192352284594,,0.9419183758356725,0.9519103697974479,0.6225345355463076,temp,JJASO,Mon
24.75_100.25,1.0,0.9955664383506714,0.8869774816690449,0.9106065813237462,0.9302767656950209,,0.9426027614019243,0.9557394043760156,0.6873870888185953,temp,JJASO,Mon
24.75_99.75,0.9999999999999999,0.995320969921405,0.8504889860827076,0.9135652638040359,0.919232087416297,,0.9366579090129754,0.9486159477531195,0.6922933445271463,temp,JJASO,Mon
25.25_99.75,1.0,0.9844620929331638,0.8547826073108872,0.8989425013209521,0.9078416341274477,,0.9226419148150483,0.9324895918183764,0.7509442327715788,temp,JJASO,Mon
25.75_100.25,1.0,0.9930678078178552,0.8944678459473587,0.9147729378093369,0.9209778905668643,,0.939075669804638,0.9393646837714802,0.7655710044974171,temp,JJASO,Mon
25.75_99.25,1.0,0.9455959142175197,0.8278754236944775,0.8655600947425054,0.8658568012588369,,0.8932244331388116,0.890386835019012,0.8083245409949293,temp,JJASO,Mon
25.75_99.75,0.9999999999999999,0.9781472392555566,0.8749929666729843,0.9047288199580839,0.9096099050192615,,0.9241074379463523,0.9268824736947631,0.7979483580692314,temp,JJASO,Mon
26.25_99.25,1.0,0.9655813414574684,0.8710251418324201,0.8903881680734993,0.9048245370363577,,0.9244862426067422,0.9242303251136148,0.8578211999308835,temp,JJASO,Mon
26.25_99.75,1.0,0.9819063284953137,0.9002061117234469,0.9207481627764907,0.925815550240732,,0.9379957012284856,0.9400070611315915,0.8383645782352375,temp,JJASO,Mon
26.75_99.25,0.9999999999999999,0.9853793043818074,0.9076491406645134,0.9198239080295283,0.9403063462654714,,0.9491023782719852,0.9545968921755051,0.8866226792800764,temp,JJASO,Mon
27.25_99.25,0.9999999999999998,0.9847109165375975,0.9181888464753957,0.9279170847290839,0.9479354451366988,,0.9562413364982696,0.9662641229322556,0.9038195097756119,temp,JJASO,Mon
27.75_98.75,0.9999999999999998,0.9911264122361513,0.9240408791553865,0.9462910199337577,0.9510845441310471,,0.873722415925689,0.9732639487925969,0.932767478384196,temp,JJASO,Mon
28.25_98.75,1.0,0.9890541105745986,0.9236884978522959,0.9305834920534776,0.9527820019854052,,0.9377706117229377,0.9670921415536327,0.9396881022963929,temp,JJASO,Mon
28.75_98.75,1.0,0.9860227112867413,0.9161637516901647,0.9371675345009333,0.951324270800826,,0.9482067328703725,0.959442103436677,0.9440607886455805,temp,JJASO,Mon
29.25_98.25,0.9999999999999998,0.9854501289969616,0.9075850361209503,0.9357582545565853,0.9323554398200072,,0.9370076553873294,0.9559012698391566,0.9507702113267322,temp,JJASO,Mon
29.75_98.25,0.9999999999999999,0.9841437780088814,0.9171467741217721,0.9406181937198034,0.9262128714361059,,0.9578798874811116,0.9524445849569908,0.9490082193886993,temp,JJASO,Mon
30.25_97.75,0.9999999999999999,0.9837587798170836,0.9382058991773808,0.9368864028858794,0.9281527853800734,,0.9516788866583489,0.9489160016697161,0.9508585217094493,temp,JJASO,Mon
30.25_98.25,0.9999999999999999,0.984970215710349,0.9372607380397336,0.9371914534595334,0.9339472457137462,,0.9545635236166612,0.9557774771107327,0.9500026067410723,temp,JJASO,Mon
30.75_97.25,1.0,0.985421635213579,0.9544558375121495,0.9415191452489553,0.9433310779773688,,0.9594297799303704,0.9596610027211044,0.95287771695621,temp,JJASO,Mon
30.75_97.75,1.0,0.9833915801857247,0.9513252588767632,0.9383932235561852,0.9381924133312806,,0.9638398757612923,0.9582884187892614,0.9533848907516443,temp,JJASO,Mon
31.25_96.25,1.0,0.988406090330095,0.9565455923263825,0.9535885939794391,0.959181371094905,,0.9671315602223272,0.9759789437776214,0.9575601988477216,temp,JJASO,Mon
31.25_96.75,1.0,0.9870678273039846,0.9583474360955183,0.955299068789286,0.959216690345181,,0.9683842509810645,0.9723313946788763,0.9583210700535374,temp,JJASO,Mon
31.25_97.25,1.0,0.9848733126932739,0.9559997130302286,0.9473995524036483,0.956036772576599,,0.9594787069725292,0.9683835369881892,0.9537686120487865,temp,JJASO,Mon
31.75_95.75,1.0,0.9873435787184228,0.9468295353532394,0.9525685460504265,0.9547524323529469,,0.9712926054531553,0.9517257723417553,0.9535993946641353,temp,JJASO,Mon
31.75_96.25,0.9999999999999999,0.9868586428993877,0.9504750532738608,0.9519048331949499,0.9546761764303652,,0.9736912486434806,0.9694599831235443,0.9548239217862025,temp,JJASO,Mon
31.75_96.75,1.0,0.9867987332526976,0.9524820727156235,0.9567489822312957,0.9558708157230997,,0.9723648306546425,0.9738285031724006,0.9541806648730211,temp,JJASO,Mon
31.75_97.25,0.9999999999999999,0.9866910095633863,0.9538822063669622,0.9550317548045361,0.9546064012720327,,0.970334749403025,0.9689071800134905,0.9555946869375911,temp,JJASO,Mon
31.75_97.75,1.0,0.9865972968685617,0.9541157181152989,0.9467409537935955,0.9538484128604785,,0.9683430792753258,0.962499021597834,0.9566570960735891,temp,JJASO,Mon
32.25_94.75,0.9999999999999999,0.986768436709274,0.9461976346149569,0.9531609730087285,0.9545356634600067,,0.9565348258003864,0.9531885560648001,0.9576513362578777,temp,JJASO,Mon
32.25_95.25,1.0,0.9872187064732757,0.9458962742656772,0.953042383854117,0.953553425155761,,0.9759104146416935,0.958839778180968,0.9553021854776582,temp,JJASO,Mon
32.25_95.75,1.0,0.983822867018144,0.9449116648274741,0.952402115101433,0.9521137645107092,,0.9739447992247564,0.9661209383965896,0.9537432452444423,temp,JJASO,Mon
32.25_96.25,1.0,0.974821110701969,0.9396025698405887,0.9424029682382746,0.9420288502614138,,0.9610413011432092,0.9630006758483578,0.9490090407469929,temp,JJASO,Mon
32.25_96.75,1.0,0.9844575076594714,0.9491536917616288,0.9541482567037378,0.9546962433370375,,0.9710352927786317,0.973771636321365,0.9564225591210033,temp,JJASO,Mon
32.25_97.25,1.0,0.9860839551771301,0.9519471773221589,0.9517834734583153,0.9563513293049363,,0.9711291063446423,0.9696285424691546,0.9568127164885153,temp,JJASO,Mon
32.25_97.75,1.0,0.9872209835614114,0.9547860672610937,0.9513279018014291,0.9563833534056275,,0.9724796985573805,0.9683581864729501,0.9568322710999203,temp,JJASO,Mon
32.75_94.75,1.0,0.9882093544989046,0.9462907311666262,0.9557709829517582,0.9571029626007151,,0.9741939018730849,0.9552153476996332,0.9555161347458792,temp,JJASO,Mon
32.75_95.25,1.0,0.9881938593215077,0.947680087033607,0.9563624211003159,0.9560659802030824,,0.9744810188387434,0.9588648078527422,0.9567723731347549,temp,JJASO,Mon
32.75_95.75,1.0,0.9866586598517215,0.9478849382347141,0.9511913461250225,0.9546897734089645,,0.9699192291163954,0.9671085946304332,0.9578248491414652,temp,JJASO,Mon
32.75_96.25,0.9999999999999999,0.9842414624458584,0.9483293267410314,0.9476545585700695,0.9540094158203197,,0.9669899774801675,0.9701508851569682,0.9576662457078894,temp,JJASO,Mon
32.75_96.75,1.0,0.9848723376591542,0.9487851484922887,0.9389520405775903,0.9543065298591344,,0.9657451803920675,0.9713075501975448,0.9584440248203562,temp,JJASO,Mon
33.25_94.25,1.0,0.9892128377169941,0.948030625554218,0.9513796729525179,0.9616514487641853,,0.9695761589423696,0.9526884907878092,0.953639636187819,temp,JJASO,Mon
33.25_94.75,1.0,0.9887274420990844,0.9496497943237565,0.9540373075103186,0.9594499136218834,,0.9758266731180909,0.9543167407109627,0.9510141273493837,temp,JJASO,Mon
33.25_95.25,0.9999999999999999,0.989001346852908,0.9493908724792367,0.9460428795569166,0.9560172880181257,,0.9681626867899512,0.9498511096785176,0.9510503894321158,temp,JJASO,Mon
33.25_95.75,1.0,0.9883980212883119,0.9492714289460388,0.9443418014210899,0.9554440697951105,,0.9373208815730335,0.9551578909731401,0.9525335810729239,temp,JJASO,Mon
9.25_105.25,1.0,0.5917638432450469,0.23584257916612117,0.5118758923606685,0.35149725956866645,,0.5509949904464003,0.494490967967785,0.40261817933928107,temp,JJASO,Mon
9.25_105.75,1.0,0.6018020060979928,0.2725243852183529,0.4957216120768703,0.3446079102954483,,0.46974232779036057,0.4578369876455216,0.38855658580125907,temp,JJASO,Mon
9.75_105.25,0.9999999999999998,0.6209321428415826,0.25267758882794406,0.5316625394192773,0.3224027472278917,,0.5343578026196951,0.5242489416800428,0.4366754884179067,temp,JJASO,Mon
9.75_105.75,0.9999999999999998,0.5775781382039947,0.17670079968784835,0.4444206294658055,0.2618393521407731,,0.43512143473304077,0.4285886155104442,0.3390907799839392,temp,JJASO,Mon
9.75_106.25,0.9999999999999998,0.6326965674611534,0.2238221519884474,0.4723687884480706,0.29833852745628897,,0.485475101936397,0.45278322399923815,0.3947756604629043,temp,JJASO,Mon
10.25_104.75,1.0,0.49091094287223724,-0.1872892140322512,0.4242692721798603,0.22486661755184764,,0.37233371417736355,0.4393117439973232,0.4268030827751915,temp,JJASO,Yr
10.25_105.25,0.9999999999999999,0.5926828603155463,-0.21899274843416164,0.4444871633934064,0.1982543914721882,,0.35352682621706033,0.38953492879307877,0.42853244751800573,temp,JJASO,Yr
10.25_105.75,0.9999999999999999,0.7008231713924767,-0.172939123761964,0.43523932226309947,0.23061379466783138,,0.3514931033193121,0.3668585721285402,0.41366566840362134,temp,JJASO,Yr
10.25_106.25,1.0,0.6659845875475532,-0.16022678307876312,0.483442392812739,0.24021802661251268,,0.4212875588521967,0.4097200498854957,0.43112603245552206,temp,JJASO,Yr
10.25_106.75,1.0,0.6355710878740817,-0.0784852422028307,0.5191459505057918,0.22469272767284215,,0.49727208189547195,0.4402919348475636,0.4856343117050002,temp,JJASO,Yr
10.75_104.75,1.0,0.44168109860533766,-0.2442606051590824,0.41275859327841846,0.1433638138179198,,0.29825525009331816,0.4759458256950317,0.43231662716715974,temp,JJASO,Yr
10.75_105.25,1.0,0.5414601573095024,-0.2677953058096133,0.4276458282308015,0.13123103602569156,,0.3498962973525807,0.3618061651416043,0.4660487983611866,temp,JJASO,Yr
10.75_105.75,1.0,0.5813831787577457,-0.3043158788187812,0.4204795363425486,0.17804134364263763,,0.3673820904032084,0.3580809060511601,0.4765701225516472,temp,JJASO,Yr
11.25_104.25,1.0,0.3199305618166431,-0.27853074463082383,0.4164941870519088,0.18006417779199269,,0.2256974952801341,0.55843386454261,0.43115895800590376,temp,JJASO,Yr
11.25_104.75,0.9999999999999999,0.5495697334760004,-0.28298585830608636,0.4621465271777314,0.11242069392862734,,0.24115381114681989,0.35653575555155687,0.4174467061114138,temp,JJASO,Yr
11.25_105.25,1.0,0.5804057603584959,-0.3250251709465695,0.45582908711211945,0.10543062754222168,,0.2925888843305229,0.3018038317250117,0.4935479737859619,temp,JJASO,Yr
11.75_104.25,1.0,0.4400763878714041,-0.301513654381147,0.5338063057891854,0.2237017584791864,,0.30425535606774057,0.5151042414604331,0.45459904321275457,temp,JJASO,Yr
11.75_104.75,1.0,0.5939016336116977,-0.35855900120663337,0.4924048048665755,0.13735998551193776,,0.23273660003730196,0.30237855323826135,0.38915686950275735,temp,JJASO,Yr
11.75_105.25,1.0,0.5190877403120522,-0.42879326109867366,0.4108586650770288,0.08945614591541323,,0.23774788688984383,0.24590445426578816,0.5163212052753269,temp,JJASO,Yr
12.25_103.25,1.0,0.4419945288199654,-0.26301625074766694,0.5067150792591377,0.35327050187018616,,0.3380869489238634,0.7188645558623469,0.4882083907321735,temp,JJASO,Yr
12.25_103.75,1.0,0.5180302720082092,-0.2769616238487109,0.6224989591042678,0.3682054350273087,,0.4102451596365667,0.6380577831740526,0.49583367836643977,temp,JJASO,Yr
12.25_104.25,1.0,0.5416939394713761,-0.33418459290832214,0.6341306425467007,0.29899240642110436,,0.4060211330106254,0.5150682531915398,0.40178913386815496,temp,JJASO,Yr
12.25_104.75,1.0,0.5761617102502251,-0.40080214417630067,0.5697493818067033,0.1877465915402038,,0.327702150077369,0.3796094656953498,0.42913561048694326,temp,JJASO,Yr
12.25_105.25,0.9999999999999998,0.441925950569599,-0.45252553794199607,0.37698923677595136,0.1088360673058241,,0.22544953343362992,0.3011857965308392,0.5708220426400209,temp,JJASO,Yr
12.25_105.75,1.0,0.3786748698323608,-0.383157494137806,0.32707308991403167,0.22003259882508322,,0.2926612212305775,0.3456143611120514,0.5944821750734268,temp,JJASO,Yr
12.25_106.25,1.0,0.4386712114830716,-0.3013842594867071,0.33993448723010994,0.3516904692907065,,0.38335890225777874,0.4189504387907992,0.5616863273391897,temp,JJASO,Yr
12.25_106.75,1.0,0.42611186283302627,-0.2639262638479419,0.3127249919733483,0.3642731436713021,,0.3853642068979932,0.3953620112191503,0.5151666466914938,temp,JJASO,Yr
12.25_107.25,1.0,0.3932536789366413,-0.18222695975044081,0.29215436274855616,0.4277498473710711,,0.3677401113701025,0.42129735809165153,0.5232557979912639,temp,JJASO,Yr
12.25_107.75,0.9999999999999998,0.4152609120397912,-0.11189370505045561,0.1993567811896463,0.3953270441397166,,0.34700674788534663,0.4402417700791917,0.4761066824563769,temp,JJASO,Yr
12.25_108.25,1.0,0.4608659511088783,-0.030804111453772702,0.22895269572413837,0.32524941986510214,,0.3735295910003364,0.46489352808452367,0.4729644130119108,temp,JJASO,Yr
12.75_102.75,1.0,0.6277894726034562,-0.19164857608488897,0.5417439386224726,0.3555816537851662,,0.4125194460865894,0.6446602742318258,0.4880876110677244,temp,JJASO,Yr
12.75_103.25,1.0,0.62563883777299,-0.29569102974396255,0.6098389441207489,0.39483017715290764,,0.46322108611641066,0.6505737898529388,0.5019829200803344,temp,JJASO,Yr
12.75_103.75,0.9999999999999998,0.6118088094683448,-0.31993544424851617,0.6359811542876482,0.38388705543092494,,0.5175645387177695,0.5965824296705068,0.4652389379634737,temp,JJASO,Yr
12.75_104.25,1.0,0.6110474789283777,-0.36856386987469986,0.61040592404949,0.3736567257627833,,0.4517940039145374,0.5006417424736319,0.3977352738406999,temp,JJASO,Yr
12.75_104.75,1.0,0.5143917210874367,-0.4585889981004977,0.49904931159935245,0.2731971338455054,,0.3537197676538502,0.463684620563274,0.4496618688225204,temp,JJASO,Yr
12.75_105.25,1.0,0.3671086664273584,-0.4898445311621458,0.30172891282073033,0.2995396754299435,,0.34573620442498404,0.4555021427746966,0.5132055204168009,temp,JJASO,Yr
12.75_105.75,1.0,0.30088076298970023,-0.44170654259805037,0.25062746790008245,0.4179420037777512,,0.40020148814876044,0.4589778501954226,0.581748903345376,temp,JJASO,Yr
12.75_106.25,1.0,0.3576144919935022,-0.3799027544095509,0.28253486782552745,0.4594578871722642,,0.4635391898614295,0.4791772695981685,0.6022575993852272,temp,JJASO,Yr
12.75_106.75,1.0,0.3236904895315181,-0.2979140709307758,0.21991326188977478,0.4154536011612122,,0.4523336769796789,0.4143166587391741,0.49535023328563144,temp,JJASO,Yr
12.75_107.25,1.0,0.3087256343690761,-0.22927579662899694,0.14894011920651684,0.42117458560281146,,0.3273380859647176,0.37822897099462227,0.43595675332941847,temp,JJASO,Yr
12.75_107.75,1.0,0.3238488553695417,-0.21503515523683756,0.09093995355632867,0.38385197615764205,,0.2839205156602724,0.414094028204324,0.37721554655258693,temp,JJASO,Yr
12.75_108.25,1.0,0.3772574309511047,-0.17116713918746307,0.15639944421321844,0.32786069389601447,,0.34573564717741256,0.4298003854292258,0.33779532426583325,temp,JJASO,Yr
13.25_102.75,1.0,0.6215580794582423,-0.22088490007668482,0.6139976000570044,0.41831082992996604,,0.45438133939684616,0.6044745150535561,0.5448064694319641,temp,JJASO,Yr
13.25_103.25,1.0,0.6582122581651704,-0.2711822063632515,0.6331623688705043,0.45909767218437314,,0.5449187079387945,0.6468077323327761,0.5304873726590816,temp,JJASO,Yr
13.25_103.75,0.9999999999999998,0.750387924199477,-0.2471975985730433,0.632484003361243,0.4974457666825433,,0.5731757912147353,0.5808734947894847,0.6183834415164212,temp,JJASO,Yr
13.25_104.25,0.9999999999999998,0.6498557698489642,-0.35893873591494974,0.5745474233252654,0.4621852790086838,,0.49527718141915,0.559892220505587,0.5543280658777847,temp,JJASO,Yr
13.25_104.75,0.9999999999999998,0.510930773655487,-0.43656251175206695,0.47828401804940124,0.405088813017202,,0.43934594222638435,0.5387484993203537,0.5260269606679213,temp,JJASO,Yr
13.25_105.25,0.9999999999999998,0.43562727296922293,-0.4204318029305268,0.35905499601682583,0.41683978145810247,,0.46116968218259224,0.5654077498769453,0.5657595746178654,temp,JJASO,Yr
13.25_105.75,0.9999999999999998,0.2812155983089805,-0.417879500656665,0.24185519637646755,0.45358185585508676,,0.44577631333519835,0.5314588333615743,0.5934768369688166,temp,JJASO,Yr
13.25_106.25,1.0,0.2832243142322969,-0.352489841284492,0.22675429732938823,0.4622339154094982,,0.4743329179063117,0.5137418589344854,0.5712710825670789,temp,JJASO,Yr
13.25_106.75,1.0,0.252262363749449,-0.24737206117354624,0.15247344872033602,0.4152734774348448,,0.42434683734531314,0.43142760807251485,0.49168662597668666,temp,JJASO,Yr
13.25_107.25,1.0,0.2545771662383751,-0.21475968181574107,0.0980737873811953,0.4074372128685861,,0.33120173063110264,0.40802678249771757,0.4529305076704018,temp,JJASO,Yr
13.25_107.75,0.9999999999999998,0.3383924693390535,-0.2044191704028136,0.0704582508076333,0.3838853322082514,,0.32859852248051946,0.41078339693402766,0.4091547520783702,temp,JJASO,Yr
13.25_108.25,1.0,0.3993968156919181,-0.18297430920501703,0.11119619634799766,0.3497228835322836,,0.39035577029876906,0.3996164463297547,0.38899344964682353,temp,JJASO,Yr
13.75_102.75,1.0,0.51235222936545,-0.22261501426708846,0.5278816422646853,0.45743633376930026,,0.5288450128807235,0.6315122928416601,0.5476429037597649,temp,JJASO,Yr
13.75_103.25,1.0,0.6087719345807626,-0.16923266351146216,0.5745174194826757,0.5356213875651358,,0.5973171774183179,0.6557348625389795,0.6138467204257361,temp,JJASO,Yr
13.75_103.75,0.9999999999999999,0.664784166996946,-0.15355139759877232,0.5791822642419875,0.6198245129924875,,0.6472714513487726,0.6871114145380339,0.6791262006780642,temp,JJASO,Yr
13.75_104.25,0.9999999999999998,0.5789980226786559,-0.30101215871119535,0.5449509579774298,0.5595241046813768,,0.5877301889525915,0.669006274681587,0.6838303053909006,temp,JJASO,Yr
13.75_104.75,1.0,0.49332767307832864,-0.2967315611907467,0.46592768414795416,0.5240478399386778,,0.5522705258798386,0.668025946828608,0.6269597511968622,temp,JJASO,Yr
13.75_105.25,1.0,0.4417836670766612,-0.3042602337116321,0.3853528940414938,0.4909585347205127,,0.5427539353935981,0.6584787396757182,0.6479650413758791,temp,JJASO,Yr
13.75_105.75,0.9999999999999998,0.31296252143234865,-0.28256865318251195,0.2847956256130528,0.47999710149230623,,0.5386207499438036,0.6460983973804543,0.6507249167012523,temp,JJASO,Yr
13.75_106.25,1.0,0.24414198193121947,-0.24345420687511313,0.1748119630157381,0.4461084078887855,,0.4949698613769696,0.5577083686964334,0.576947789139144,temp,JJASO,Yr
13.75_106.75,1.0,0.17553914873977908,-0.17040306397408314,0.10953386092698408,0.42800720507782963,,0.4297341969260643,0.44626244155380795,0.5125837439225644,temp,JJASO,Yr
13.75_107.25,0.9999999999999999,0.20987469478965734,-0.1904013660035473,0.07377820011726531,0.41364780054614275,,0.38687383025984107,0.4138768389197416,0.4620014970444876,temp,JJASO,Yr
13.75_107.75,1.0,0.2867407332275734,-0.1642275817999251,0.06791103835134343,0.36410290667165957,,0.3655691187059393,0.3793595588022607,0.3824332167254421,temp,JJASO,Yr
14.25_102.25,0.9999999999999998,0.42332195816787266,-0.13817711558297932,0.29615849305025804,0.3846609035135611,,0.47634154406139473,0.6942938721994854,0.3973525826756007,temp,JJASO,Yr
14.25_102.75,1.0,0.502573946416762,-0.09862208452129674,0.4559301264498035,0.48906847241177004,,0.5887154187811968,0.6857375021374373,0.4831364528347033,temp,JJASO,Yr
14.25_103.25,1.0,0.6001945001513791,-0.07383560532986727,0.5206309970300311,0.5709534818637094,,0.6525106947825482,0.6669232151170458,0.5924676438694165,temp,JJASO,Yr
14.25_103.75,0.9999999999999998,0.598876113451944,-0.0511633150095286,0.5017750707823313,0.6481417569793231,,0.6845907584617451,0.7250083970888835,0.6376141531479643,temp,JJASO,Yr
14.25_104.25,0.9999999999999998,0.558060470802866,-0.06449902681248304,0.48177454339829173,0.6452516497052135,,0.682916976882282,0.7677053919197943,0.6538972687525146,temp,JJASO,Yr
14.25_104.75,1.0,0.48120275305036664,-0.09349463796020857,0.39105117752038,0.6224757195268839,,0.662855168678822,0.7533407024963394,0.6391093428363718,temp,JJASO,Yr
14.25_105.25,1.0,0.47477485024263294,-0.1013011325910526,0.36614967918167257,0.6061895528049953,,0.6712314299753271,0.751102884092008,0.6893238348180701,temp,JJASO,Yr
14.25_105.75,1.0,0.37819790244824375,-0.15915073020537573,0.2762824708704841,0.5208256866956418,,0.615089341155253,0.6871106243129498,0.6767857943851423,temp,JJASO,Yr
14.25_106.25,1.0,0.2563348095089003,-0.15231789677056093,0.14353659347314002,0.4419972883199757,,0.4968595420117379,0.5322879115571895,0.6038660403560444,temp,JJASO,Yr
14.25_106.75,1.0,0.5110844626416567,-0.10665208230084458,0.17993592185394616,0.6395268245659024,,0.6491943169077163,0.6317933964204357,0.555349727302746,temp,JJASO,Yr
14.25_107.25,1.0,0.5567874878885757,-0.07865110015937418,0.20190078204928638,0.6153622019278336,,0.6487213322695371,0.6066142064593557,0.48337863500157646,temp,JJASO,Yr
14.25_107.75,1.0,0.5762830030357031,-0.007477995021369731,0.2160642481005817,0.6112036581533419,,0.6360097399044244,0.5745770200780579,0.415382891543909,temp,JJASO,Yr
14.25_108.25,1.0,0.6568266502952991,0.0888797760081889,0.2933178332804217,0.6192479915030795,,0.6994066455863525,0.6637075714743358,0.4146729556441805,temp,JJASO,Yr
14.75_101.75,1.0,0.5035149117200041,-0.12848319294324545,0.2630108013300914,0.29652545690792587,,0.45745750176546757,0.6640989616328367,0.3657540064050692,temp,JJASO,Yr
14.75_102.25,0.9999999999999998,0.5095553885383185,-0.1376279933831526,0.39581974506661355,0.346594462530427,,0.5199126865695975,0.6986666639334025,0.3888715164202461,temp,JJASO,Yr
14.75_102.75,0.9999999999999998,0.501980391260398,-0.09134244555657134,0.44938189917621385,0.4342686936565127,,0.6005245704047075,0.6703080394511074,0.4247498350180603,temp,JJASO,Yr
14.75_103.25,1.0,0.5958052047197081,0.03090074503309367,0.48221920679393526,0.5418013356687189,,0.6833051687287366,0.6739631930510462,0.5026824498085318,temp,JJASO,Yr
14.75_103.75,0.9999999999999998,0.6170164498728937,0.07579113321642636,0.4772444205705673,0.6032909648473813,,0.7257915214002119,0.7028597709848863,0.5643120910061316,temp,JJASO,Yr
14.75_104.25,1.0,0.5884327436393876,0.03270599450624207,0.4197440284520877,0.5923968680190224,,0.7115898696839076,0.7460097870754593,0.5793315907774914,temp,JJASO,Yr
14.75_104.75,1.0,0.519318917987642,0.0019049380182281927,0.36938478391580915,0.5566273519977104,,0.6896407735701029,0.7130195653201163,0.5954998819003804,temp,JJASO,Yr
14.75_105.25,1.0,0.436945993184261,-0.06172921108509939,0.2978342233824671,0.5006489152712892,,0.6517198299714365,0.6727216692669329,0.6303304929698277,temp,JJASO,Yr
14.75_105.75,1.0,0.35822192369617667,-0.12793953790489188,0.20893786077003967,0.4603110945134234,,0.5840626592799616,0.5703155238072908,0.6134061890542518,temp,JJASO,Yr
14.75_106.25,1.0,0.5536937456643127,-0.0761305821337543,0.21755821544749954,0.6396310934787698,,0.6796230217109319,0.6506697808695268,0.613289867175923,temp,JJASO,Yr
14.75_106.75,1.0,0.529634479512133,-0.15189513637254132,0.2535301969688472,0.5836155686230733,,0.6829046926389306,0.6165677641949816,0.5392464491464798,temp,JJASO,Yr
14.75_107.25,1.0,0.5896948418677587,-0.09757704861277093,0.2528506103579616,0.5934529676349103,,0.7084105454978081,0.6078480627080781,0.4962040698294366,temp,JJASO,Yr
14.75_107.75,1.0,0.6115166390658198,0.03885921868778985,0.23764905167071979,0.5967490846093354,,0.6676252468641451,0.5360761823742926,0.436156994643885,temp,JJASO,Yr
14.75_108.25,1.0,0.662215152197072,0.12918877632733755,0.29506687575415513,0.5554917489777629,,0.6993591729033868,0.6665950343945258,0.42014187808530473,temp,JJASO,Yr
15.25_101.75,1.0,0.665413549815621,-0.06049903972307986,0.29604564108754916,0.36092719096346887,,0.5373125205464357,0.7048466293924774,0.4118413220568411,temp,JJASO,Yr
15.25_102.25,0.9999999999999998,0.6538382744083662,-0.04248269737105826,0.3924232503653789,0.40900021404963466,,0.579545668147718,0.6940093178195984,0.43790548860025996,temp,JJASO,Yr
15.25_102.75,1.0,0.5950828831969373,0.037769399249222485,0.43636742871616246,0.46187451046102207,,0.6570113073252675,0.6731151297185473,0.41608702736574066,temp,JJASO,Yr
15.25_103.25,1.0,0.6472854733810921,0.11700480951701499,0.4899519146393641,0.5328332891367186,,0.7067250772234174,0.6835711149089082,0.4475785177067064,temp,JJASO,Yr
15.25_103.75,1.0,0.6754957505328011,0.11072025704792765,0.49050334232776593,0.5905876729542711,,0.7418924985792819,0.6844331996893752,0.4922014828881204,temp,JJASO,Yr
15.25_104.25,1.0,0.631521054078909,0.038263681291328865,0.38170508485557564,0.5480374227263594,,0.7110762974574163,0.7028188566417373,0.494288675023438,temp,JJASO,Yr
15.25_104.75,1.0,0.4972683874982719,-0.07937100444072345,0.2828903544434917,0.43881422848523843,,0.6377441128953147,0.595134076374041,0.5002468428034389,temp,JJASO,Yr
15.25_105.25,0.9999999999999999,0.4262973714238656,-0.05968786654898257,0.20343980497656977,0.436884396437532,,0.5999298334630802,0.5948828768534445,0.5531727375472004,temp,JJASO,Yr
15.25_105.75,0.9999999999999999,0.5653738939162736,-0.07724471559373557,0.18566356242141335,0.6657377998667,,0.7339313979432476,0.6876243277910071,0.6062924721741302,temp,JJASO,Yr
15.25_106.25,1.0,0.658499220095402,0.085288364143878,0.2846201946415305,0.7250463295999559,,0.7387534876628431,0.6914424850562997,0.6189087915325039,temp,JJASO,Yr
15.25_106.75,1.0,0.6734938212870092,0.024046143002809096,0.277170953120613,0.6795253477927198,,0.7362639505689995,0.6946296480849682,0.5879871518776704,temp,JJASO,Yr
15.25_107.25,0.9999999999999998,0.6897659785784355,0.009827464837825463,0.20087433876597788,0.6424461911800503,,0.712209504478753,0.5714102713351848,0.5497990740492495,temp,JJASO,Yr
15.75_101.75,0.9999999999999998,0.7407868573876368,-0.0240133178605081,0.24364218795355494,0.39724004912307664,,0.6102069453182833,0.7014567481050591,0.4461824689089956,temp,JJASO,Yr
15.75_102.25,1.0,0.771094346520415,0.011166981408093725,0.3574063980168979,0.4738838785746446,,0.6636590385701616,0.7023604593544708,0.47299728278712067,temp,JJASO,Yr
15.75_102.75,1.0,0.7450743154377509,0.09961108456393075,0.4400563303816519,0.5079532056480047,,0.7007560400164271,0.6729772727865526,0.48789416177256695,temp,JJASO,Yr
15.75_103.25,1.0,0.7498794263026747,0.12870099095256582,0.455517519275179,0.5484427049624437,,0.7233719085764807,0.6811593550837854,0.4992276963051896,temp,JJASO,Yr
15.75_103.75,0.9999999999999998,0.7482957681250381,0.11893969249984405,0.43731609666074933,0.5711347403528152,,0.7364413923182146,0.6880605385236922,0.5274066425303743,temp,JJASO,Yr
15.75_104.25,1.0,0.7483423542887032,0.10552078544871633,0.38380773480799446,0.5475403103886635,,0.7141775182684968,0.6945791104842245,0.5141898952714247,temp,JJASO,Yr
15.75_104.75,0.9999999999999998,0.6697342328344468,0.030303242967344983,0.27389127835324645,0.4959012472513625,,0.6850026475490503,0.6693696806737287,0.512211654203997,temp,JJASO,Yr
15.75_105.25,1.0,0.839396044232856,0.11709464821603813,0.34515099288337636,0.7814939438258928,,0.8364367959375328,0.8217155893647065,0.6113854417635362,temp,JJASO,Yr
15.75_105.75,1.0,0.7561338481500419,0.11043974219305086,0.2990115827193599,0.7896625811407131,,0.8162215374342717,0.799630538173538,0.6404128011308833,temp,JJASO,Yr
15.75_106.25,1.0,0.747462816369623,0.13702663833929885,0.26950058753787703,0.802872827809579,,0.8097239223015215,0.7784474462031602,0.6996391847484211,temp,JJASO,Yr
15.75_106.75,0.9999999999999998,0.743683824696895,0.11234331250994663,0.2500500094485369,0.7375151399343745,,0.7690342038872405,0.7021410864430543,0.6587251454665478,temp,JJASO,Yr
16.25_101.75,1.0,0.773430502894224,0.06601792319133501,0.23713540173179562,0.44860538777065107,,0.6197065025214287,0.7108046757307673,0.4739584432972542,temp,JJASO,Yr
16.25_102.25,1.0,0.833234121832976,0.16521971210929343,0.36400688249154656,0.5502430568690798,,0.6853757591067824,0.7373666737353759,0.5098604784654004,temp,JJASO,Yr
16.25_102.75,1.0,0.7832105509771751,0.17773467117124434,0.35988745925290755,0.5095669569527814,,0.7077803885577572,0.673264173491932,0.47724081053781825,temp,JJASO,Yr
16.25_103.25,1.0,0.7895361699110902,0.17534589965207142,0.3894023277065295,0.5430377820609561,,0.7168887337255762,0.667944168303009,0.4812075659139657,temp,JJASO,Yr
16.25_103.75,1.0,0.8047525227558728,0.20997755964141018,0.3889154112857954,0.5573721644039212,,0.7230196151367664,0.7047639674222266,0.5391328266118205,temp,JJASO,Yr
16.25_104.25,0.9999999999999998,0.8011748573557059,0.1753936994143768,0.340189592249169,0.5464248016470331,,0.7205776018723004,0.713667047154969,0.5053497161010599,temp,JJASO,Yr
16.25_104.75,1.0,0.9170237618919718,0.1934696755105407,0.3784594302307369,0.7478790185643007,,0.7836832049446114,0.8090131263579662,0.515070886109214,temp,JJASO,Yr
16.25_105.25,1.0,0.8804478315211505,0.1766908478768377,0.30673126428666886,0.7655511217490428,,0.8384159069063476,0.8276178780667888,0.5868493673452257,temp,JJASO,Yr
16.25_105.75,0.9999999999999998,0.8296688451042803,0.16938237113976404,0.2904020171572153,0.8038879318529236,,0.8378151667924935,0.818361778413209,0.6401476120751164,temp,JJASO,Yr
16.25_106.25,1.0,0.8769066413048539,0.2502742134233553,0.34711370406060804,0.8181094656744128,,0.809976306410623,0.818045117967819,0.6464368768467812,temp,JJASO,Yr
16.25_106.75,0.9999999999999998,0.8712422021560363,0.2788575144446057,0.3492755720759522,0.7429255325765803,,0.7959753700352853,0.8132379042070285,0.6078850714027362,temp,JJASO,Yr
16.25_107.25,0.9999999999999999,0.8299782185153742,0.36789368109531534,0.322786735464387,0.6058469836021713,,0.7671195602741456,0.782887475728073,0.5619320602042709,temp,JJASO,Yr
16.75_101.75,1.0,0.7256805744245112,0.13336885651717173,0.1793396354980332,0.4327100890831049,,0.6038360055808445,0.6881412943427908,0.40123944944970774,temp,JJASO,Yr
16.75_102.25,1.0,0.7742546050207172,0.17501411472833253,0.23711895957036636,0.43688878551902127,,0.7150911099712265,0.7032599375681159,0.3839102286004305,temp,JJASO,Yr
16.75_102.75,1.0,0.8071757533483969,0.2693411719677582,0.3188687730460798,0.4805498809384811,,0.7349329273393207,0.6703789882501792,0.43420411428788047,temp,JJASO,Yr
16.75_103.25,1.0,0.8141390972983538,0.2555392716239722,0.3159248146902433,0.4987150189289122,,0.7689672737122096,0.7029297828036847,0.3988548681054668,temp,JJASO,Yr
16.75_103.75,0.9999999999999998,0.8254433407398448,0.2616296047474296,0.3097174985313285,0.5480285335963685,,0.7608853569914578,0.7312188141918976,0.4603220575626527,temp,JJASO,Yr
16.75_104.25,1.0,0.8423381073284947,0.24636670854979814,0.30922535421371844,0.5686972697661692,,0.7470318068397526,0.7342466232087068,0.49544464750636014,temp,JJASO,Yr
16.75_104.75,1.0,0.8939331173224213,0.25381033943701714,0.3015458421325303,0.7299673816507816,,0.7440250569118229,0.7763570558057895,0.48524853676304,temp,JJASO,Yr
16.75_105.25,1.0,0.9193796094550984,0.25969219721471853,0.3301878290692977,0.7743012968354398,,0.8166136820724383,0.8015933298441834,0.5618196897737806,temp,JJASO,Yr
16.75_105.75,0.9999999999999998,0.8926828828334009,0.23645611674627948,0.3085099203655483,0.8025979826161636,,0.8340348992154123,0.8201115625699126,0.6115679639839765,temp,JJASO,Yr
16.75_106.25,0.9999999999999998,0.9199205790784786,0.33810283239003297,0.3608446748705844,0.7372398848901807,,0.7868987162597161,0.8259721890458738,0.5980665778251405,temp,JJASO,Yr
17.25_101.75,1.0,0.6994533524833569,0.20103140218874338,0.134260467164437,0.364139683745253,,0.6613241849874387,0.6257381777120605,0.337173281483908,temp,JJASO,Yr
17.25_102.25,1.0,0.749445797036437,0.24765180283073782,0.17037904577776763,0.36060946692774465,,0.7617929104785811,0.6579322254530277,0.33373728405784225,temp,JJASO,Yr
17.25_102.75,1.0,0.8120406669647471,0.3718289980768905,0.33539586823463235,0.42882119255497386,,0.7838827225674737,0.6782321776708722,0.446746952902555,temp,JJASO,Yr
17.25_103.25,0.9999999999999998,0.8119907154909685,0.35132110911661163,0.3222718610345992,0.36700698720893565,,0.8044574016316284,0.6822363400087449,0.3890645115147176,temp,JJASO,Yr
17.25_103.75,1.0,0.8421554890498487,0.3144444570590879,0.3166539023121431,0.46455848936838756,,0.799441744681444,0.7220925010939854,0.44251538110584077,temp,JJASO,Yr
17.25_104.25,1.0,0.8504785118626959,0.27419231219616647,0.2587246071304835,0.5275352704233558,,0.78845280690518,0.7139544923975029,0.5114569356993928,temp,JJASO,Yr
17.25_104.75,0.9999999999999999,0.9068236576867575,0.31573634867323047,0.2898516879267749,0.7518613255583372,,0.7964695243126341,0.7697451513965007,0.546745023413049,temp,JJASO,Yr
17.25_105.25,0.9999999999999999,0.9104271780234262,0.29834660418778935,0.29192860018614064,0.7783726126355889,,0.8277515754073118,0.8089812553333908,0.5339007881940717,temp,JJASO,Yr
17.25_105.75,0.9999999999999999,0.9268882792123886,0.31637112545651447,0.3274810814863945,0.791740536137477,,0.8354238086520627,0.8288812365024965,0.5296463568316931,temp,JJASO,Yr
17.25_106.25,1.0,0.9509188374262287,0.32204557203815515,0.3671921145636686,0.7140767548113719,,0.8503658588830686,0.8169722022477921,0.5439359246834474,temp,JJASO,Yr
17.75_101.25,1.0,0.6547661471002774,0.28899145055878767,0.06165543541079356,0.2313185575206269,,0.6111253114423866,0.5981178352421205,0.28477703874282795,temp,JJASO,Yr
17.75_101.75,0.9999999999999998,0.6753446083449981,0.3014390040737821,0.05647058877615722,0.3081130202936329,,0.6863697435332865,0.5660273365589006,0.2680241112957494,temp,JJASO,Yr
17.75_102.25,0.9999999999999998,0.6905020932003066,0.30998014116953165,0.13079785086523715,0.24283955594879553,,0.721777613487944,0.5901454993903599,0.26034350547300483,temp,JJASO,Yr
17.75_102.75,1.0,0.7555853375835214,0.34199519465709904,0.2392354787073803,0.21084422847164042,,0.7847697672314424,0.6351723611318025,0.3358735337914518,temp,JJASO,Yr
17.75_103.25,1.0,0.7870736027247418,0.33240880179048143,0.2504435085120295,0.22934042553949976,,0.8016207372817603,0.688443416114418,0.3738575402459501,temp,JJASO,Yr
17.75_103.75,1.0,0.8099322668973495,0.3156381237320457,0.26031806004026514,0.33644193238403286,,0.798526725389902,0.7213756270027644,0.4507116297707038,temp,JJASO,Yr
17.75_104.25,1.0,0.9256534876986235,0.36576825447252714,0.2854238856551871,0.6829505139429005,,0.8088427496507299,0.7777703885949672,0.4859983900626849,temp,JJASO,Yr
17.75_104.75,1.0,0.9068449463412355,0.3106687447240534,0.28023303236434316,0.7472112918531735,,0.8300690637491908,0.804267562517304,0.5277351384958183,temp,JJASO,Yr
17.75_105.25,1.0,0.9169730184971746,0.36404873196094695,0.3395752549036066,0.7956244609905226,,0.8502617038928318,0.8363377138745809,0.4880017808363631,temp,JJASO,Yr
18.25_101.25,0.9999999999999998,0.8629576206268561,0.5762948404000593,0.12844924832181337,0.47049357069546155,,0.6742096733646019,0.6795517133552129,0.29264672500065236,temp,JJASO,Yr
18.25_101.75,1.0,0.8365849701254078,0.5265417601197607,0.06665362057368447,0.49165324311803554,,0.7158216965409742,0.6496498976857755,0.24975369944814757,temp,JJASO,Yr
18.25_102.25,1.0,0.777575638307497,0.41325917218323105,0.011418644455606352,0.36200529196152753,,0.7155115600198044,0.7254859491794237,0.18210568800466304,temp,JJASO,Yr
18.25_102.75,1.0,0.837021617134086,0.3866948225359521,0.09853233240644245,0.27957029002437245,,0.7756694884787781,0.7926076071973057,0.25854699890349747,temp,JJASO,Yr
18.25_103.25,1.0,0.7031373719748184,0.38612820282167754,0.17076846464468198,0.11647226005154777,,0.7496301268456625,0.6745995191079397,0.4324582368029106,temp,JJASO,Yr
18.25_103.75,1.0,0.7284064671171252,0.35972455647071633,0.18493202323944535,0.24847831726323205,,0.731980413585979,0.6912456357983048,0.5350079914943248,temp,JJASO,Yr
18.25_104.25,1.0,0.890518316329021,0.46187354304292316,0.3048380753169541,0.6714311664762131,,0.8004036043007173,0.8126023786870322,0.4848927291600297,temp,JJASO,Yr
18.25_104.75,1.0,0.8903361447469376,0.3717001552325219,0.3981646672866721,0.7914883419942046,,0.8384261771381718,0.8331445707470215,0.46667191492903465,temp,JJASO,Yr
18.25_105.25,1.0,0.9239952482306955,0.43828454792492455,0.4413336568860286,0.8098310513012925,,0.8742406011477636,0.8213318450214079,0.4425001471066288,temp,JJASO,Yr
18.75_101.25,1.0,0.7631587778901383,0.6215646642493956,0.16386110877510912,0.321018175082155,,0.5814130860678676,0.6152675970302904,0.24788500915050773,temp,JJASO,Yr
18.75_101.75,1.0,0.6690883591607165,0.5949277059416112,-0.00011976769281149686,0.24243202855044477,,0.5257285598048094,0.5301537555471761,0.1519550361095238,temp,JJASO,Yr
18.75_102.25,1.0,0.6229194604797174,0.5535868331904669,-0.040953095705933466,0.14175137674554317,,0.5335171121333816,0.607759963464435,0.13045719434795708,temp,JJASO,Yr
18.75_102.75,1.0,0.6491431280851333,0.5286165530102913,0.04068049989218296,0.1731804881798748,,0.5882311740535624,0.6596731903016056,0.173270499948077,temp,JJASO,Yr
18.75_103.25,1.0,0.6986865387151626,0.623803687104022,0.27971700242503833,0.34304819351172877,,0.6350957212908732,0.6756948152863121,0.23082102255775955,temp,JJASO,Yr
18.75_103.75,1.0,0.7854388749083342,0.5880263382581574,0.215998290210139,0.5299005925704284,,0.7355254454073707,0.7828107137256587,0.3556603919410364,temp,JJASO,Yr
18.75_104.25,0.9999999999999998,0.8346735658471411,0.6589937158117188,0.37131160894074,0.6873403657835466,,0.7698992782538159,0.7436720700642155,0.3215211039000949,temp,JJASO,Yr
18.75_104.75,1.0,0.9270079329211836,0.5785160114113611,0.5218101360990359,0.7754251620454446,,0.8547457112945368,0.7728079822512793,0.3282773348443003,temp,JJASO,Yr
19.25_101.25,1.0,0.6196528726549071,0.6536072362887161,0.13890614988054303,0.04826135914637656,,0.3913715145165196,0.4021590359160907,0.11699972050819211,temp,JJASO,Yr
19.25_101.75,0.9999999999999998,0.3723716064037066,0.6229627243935515,-0.03443331429499507,-0.07413194576781958,,0.09597784229222238,0.06101137744314874,-0.04138793812351113,temp,JJASO,Yr
19.25_102.25,0.9999999999999998,0.4514997202429653,0.6260969758930864,0.11044135252259085,-0.0723541061697455,,0.23378971337029827,0.21585144710588297,0.019272581375941754,temp,JJASO,Yr
19.25_102.75,1.0,0.3858157979802793,0.5864437979904927,0.19467545190196195,0.041428645979471206,,0.23523086063156112,0.22082778740407902,0.009488114505919944,temp,JJASO,Yr
19.25_103.25,1.0,0.36822427849933304,0.544448483634268,0.2942698490055822,0.24437083063372167,,0.26795694440654727,0.2776300176162031,0.05470923322189113,temp,JJASO,Yr
19.25_99.75,0.9999999999999998,0.8133519943633196,0.4522902418900276,0.33626465991908333,0.3379788517534617,,0.6826952259873711,0.7342575518448805,0.41907388288097225,temp,JJASO,Yr
19.75_100.25,1.0,0.8174573799982813,0.5135994236402162,0.3884704785829929,0.3585398704545878,,0.6597567468632847,0.6904804361814023,0.4383810674417119,temp,JJASO,Yr
19.75_100.75,1.0,0.7921029098634863,0.599578901378302,0.35915806145754686,0.23515761728033152,,0.5640497129345102,0.5840869993527724,0.35028769740992843,temp,JJASO,Yr
19.75_101.25,1.0,0.6440465395653671,0.6216001531374219,0.30326129607283714,0.035186723143658505,,0.3676783574765621,0.35264663893675396,0.12073861684310504,temp,JJASO,Yr
19.75_101.75,1.0,0.6096868100595021,0.5421243712548783,0.3761076327863398,0.06944938747884939,,0.2751110732334964,0.27145863129431697,0.0361977340951561,temp,JJASO,Yr
19.75_102.25,1.0,0.5883071665480715,0.5042500908213841,0.42791687098886527,0.12390209969821936,,0.30985949724686773,0.24304978087121543,0.03134664234792829,temp,JJASO,Yr
19.75_102.75,1.0,0.5156356177840563,0.5119389880786447,0.4863722818066808,0.16855415168879043,,0.33377106093406517,0.30759706436462053,0.04886513892857319,temp,JJASO,Yr
19.75_103.25,1.0,0.4538070880031653,0.5506740223386796,0.5366944752226889,0.32581720316412516,,0.346335696740741,0.416974546408247,0.053947827885222704,temp,JJASO,Yr
19.75_99.25,1.0,0.7919875706026274,0.474971230720059,0.3502958618271892,0.4831459786269887,,0.6754741055750055,0.6867235058878856,0.44647380196383,temp,JJASO,Yr
19.75_99.75,1.0,0.7826413312177258,0.4532408497573044,0.35254098602984174,0.4466737196987659,,0.6520551744573554,0.6581304516080335,0.4600385118733665,temp,JJASO,Yr
20.25_100.25,1.0,0.8544971778416555,0.529796664897677,0.4647505036546054,0.31726452073510786,,0.5793882593488601,0.5721390428200177,0.41110879381256266,temp,JJASO,Yr
20.25_100.75,1.0,0.803329600796163,0.5154330159770423,0.4795689794993244,0.2049831257329835,,0.5506178686606206,0.5245414071652169,0.2851649690712394,temp,JJASO,Yr
20.25_101.25,1.0,0.7930933886851866,0.4388189420713791,0.5461522638605739,0.20795683391645645,,0.4763076312715532,0.4020847518066881,0.1895447371407292,temp,JJASO,Yr
20.25_101.75,1.0,0.6651913307053815,0.43384728951299745,0.5264877863276871,0.25805810931587225,,0.34776986222839895,0.26358252096108414,0.062245296452739456,temp,JJASO,Yr
20.25_102.25,1.0,0.616715046871869,0.4616073387128006,0.5393972859881823,0.2459738918003436,,0.3161408194609036,0.23673314520194708,0.018176520348469585,temp,JJASO,Yr
20.25_102.75,1.0,0.6267949857767188,0.5632474415629539,0.545863479712564,0.19183933509166645,,0.35143423228240994,0.21102843440993185,0.03588211771753525,temp,JJASO,Yr
20.25_103.25,0.9999999999999999,0.6189870611171437,0.48903810892678523,0.6093171458876367,0.35804274265555414,,0.4180028787671263,0.3610951711955168,0.046121570043290934,temp,JJASO,Yr
20.25_99.25,1.0,0.7968461617967275,0.545298976251479,0.38094403497744495,0.46413736794580646,,0.6316096561994112,0.5547095606819284,0.4028914639409255,temp,JJASO,Yr
20.25_99.75,1.0,0.8552065760661537,0.5138913959366759,0.4216412489455886,0.46501657001741525,,0.6259231630029253,0.5561503833970532,0.46537850637669964,temp,JJASO,Yr
20.75_100.25,0.9999999999999999,0.9149253122606353,0.541482680713258,0.5677472276847936,0.31287344957835883,,0.5720225175929615,0.451962785550184,0.37043721148640424,temp,JJASO,Yr
20.75_100.75,1.0,0.8858170184313897,0.45482665711403636,0.6281795491283165,0.228249442628435,,0.5539576964283639,0.45789696811458036,0.24877316536814328,temp,JJASO,Yr
20.75_101.25,1.0,0.8176691033336196,0.3818236352499651,0.6084370811877199,0.23095391499745524,,0.4697912396778067,0.3186475336723153,0.15579000057424638,temp,JJASO,Yr
20.75_101.75,1.0,0.6561994697503607,0.437784099579446,0.5693859667759307,0.18380334594238829,,0.33407741181356904,0.23123042832175827,0.008461919283157808,temp,JJASO,Yr
20.75_102.25,1.0,0.6671056245826004,0.5301898445947304,0.566584883026462,0.1703776882568219,,0.33751391554740356,0.1687941335318063,-0.01165321843750458,temp,JJASO,Yr
20.75_102.75,1.0,0.6881438331460141,0.596932034641559,0.5404474078706746,0.19133274126635874,,0.35646642237311715,0.13580369738519496,0.014528204188244895,temp,JJASO,Yr
20.75_103.25,1.0,0.7100001735009851,0.49274413854658344,0.6014437131853664,0.3655768859411413,,0.4133418491632996,0.2894309519685747,0.006521900463894384,temp,JJASO,Yr
20.75_99.75,1.0,0.8916171386488355,0.5476969588161605,0.5070048362040231,0.418390729949688,,0.5841822845871187,0.4192764602494763,0.3896807412752134,temp,JJASO,Yr
21.25_100.25,0.9999999999999998,0.9397923631199486,0.501401914340697,0.5694915725707717,0.39242924071364593,,0.48682091088865626,0.3029464392458415,0.3261500110000814,temp,JJASO,Yr
21.25_100.75,1.0,0.9356363349084308,0.4029568228666535,0.6573022694139351,0.3051371227319385,,0.5111257636022254,0.29110632791647195,0.22298354721022084,temp,JJASO,Yr
21.25_101.25,1.0,0.8759266152069127,0.41076340150002455,0.6503821465521138,0.26050623057221167,,0.4813973740007622,0.2801500840991147,0.1619162745676809,temp,JJASO,Yr
21.25_101.75,0.9999999999999998,0.8007191116220178,0.4577681451587008,0.5656059436123041,0.2413818572838528,,0.4134257146943569,0.18189267004755394,0.10677525853815188,temp,JJASO,Yr
21.25_102.25,1.0,0.7239230197131151,0.49256853075845985,0.49639238756337817,0.21256953669235537,,0.34494375472087746,0.08360833749731836,0.0402450121018092,temp,JJASO,Yr
21.25_102.75,0.9999999999999998,0.708251915544289,0.6015482282410272,0.5340724731777151,0.21439909821117747,,0.33595417705461206,0.11929846178258406,-0.019325925868205154,temp,JJASO,Yr
21.25_99.75,0.9999999999999998,0.8233148293010816,0.5235318263463491,0.5375724824844885,0.40427406953337514,,0.4384718259560231,0.1966931371791504,0.30101791993111526,temp,JJASO,Yr
21.75_100.25,1.0,0.9321593932282601,0.5372276035687057,0.676545187107065,0.3831396421249309,,0.4820201027434857,0.31530355103199725,0.25974172026608167,temp,JJASO,Yr
21.75_100.75,1.0,0.9565567221374164,0.4377847984428657,0.7157014666642446,0.341834760360487,,0.5437679402184374,0.34823334517341964,0.1956876669234876,temp,JJASO,Yr
21.75_101.25,1.0,0.9404612384994008,0.430873351305834,0.6816202962104462,0.319762932142299,,0.5243604901659724,0.3194946803389373,0.18220643210038118,temp,JJASO,Yr
21.75_101.75,1.0,0.8684040764180273,0.49012139562515367,0.6069140836873942,0.20092090214104988,,0.44251631351485377,0.23467075509152957,0.11046058431724842,temp,JJASO,Yr
21.75_102.25,1.0,0.7443849661067977,0.5423568192890843,0.5394581116395755,0.12795874836212717,,0.3354373042162974,0.1019905247721772,0.038979246625502624,temp,JJASO,Yr
21.75_99.25,1.0,0.8329094418110138,0.5626538673139427,0.5925647845007498,0.37025895368828016,,0.4638264113799741,0.3302303036531909,0.26293096479512734,temp,JJASO,Yr
21.75_99.75,1.0,0.8742081751453803,0.5075439321969228,0.5972327452920402,0.38819643266753606,,0.4882958482399809,0.27344518608312257,0.28398330769914065,temp,JJASO,Yr
22.25_100.25,0.9999999999999999,0.9490486546599941,0.5384110725521883,0.6884074227232121,0.35891644469982176,,0.6042061696411617,0.45467182200961,0.2957838354616024,temp,JJASO,Yr
22.25_100.75,1.0,0.937937038839357,0.47132145573041545,0.737551682560089,0.37239268454043817,,0.6364082979905873,0.47672985135350365,0.27672254575706856,temp,JJASO,Yr
22.25_101.25,0.9999999999999998,0.9633515544025949,0.4368937244503266,0.7135014160686657,0.37471885873836946,,0.5850786509529733,0.4322776777906597,0.25063387516499996,temp,JJASO,Yr
22.25_101.75,0.9999999999999999,0.9243989410507819,0.4426216660180662,0.686556931229672,0.24557002941482864,,0.5402934642636394,0.33055471697220984,0.21037071309768043,temp,JJASO,Yr
22.25_102.25,1.0,0.8547248667901799,0.47801686410312116,0.5993417553122757,0.11750612778827316,,0.449616416981977,0.201804835982205,0.18376427150486735,temp,JJASO,Yr
22.25_99.75,1.0,0.9166329697712643,0.552824021507831,0.554449245469385,0.28049281057754627,,0.43312307013187556,0.3381569787676902,0.23310536105146928,temp,JJASO,Yr
22.75_100.25,1.0,0.9623743977716878,0.45120076084898175,0.6678518032087637,0.3740851414118854,,0.5941995991569993,0.46266134528362357,0.31615049985726273,temp,JJASO,Yr
22.75_100.75,1.0,0.9664992721309407,0.39061544640551166,0.6821967765558297,0.44005149925326764,,0.6614784886858414,0.5574133678572735,0.3459613786378461,temp,JJASO,Yr
22.75_101.25,1.0,0.971732770697207,0.40056448968824476,0.7504629127201278,0.4361483392620704,,0.7186374647827494,0.6006118397888467,0.3686407577047428,temp,JJASO,Yr
22.75_99.75,0.9999999999999998,0.9427295217577599,0.5004024377889685,0.6009982766585307,0.26917784733934674,,0.512186003235009,0.4675773809205589,0.28032078045926007,temp,JJASO,Yr
23.25_100.25,1.0,0.9599796092020968,0.34223532369205384,0.6784220074094991,0.2735701099993268,,0.6272204788668404,0.5087918245720591,0.34902944258063356,temp,JJASO,Yr
23.25_100.75,1.0,0.9743271519304805,0.34378630964550183,0.6831310695265514,0.3011906609833993,,0.6767027659539743,0.5698829041107685,0.37900194862719355,temp,JJASO,Yr
23.25_99.25,1.0,0.9415793231601746,0.3718970107017669,0.6496127855175577,0.19219623556671792,,0.5221350756679167,0.6283174196601271,0.32507790302563505,temp,JJASO,Yr
23.25_99.75,0.9999999999999998,0.9514314190189245,0.3733206949800191,0.656065782985868,0.2644075965834265,,0.5941753201571707,0.6044459631625508,0.32672883342813275,temp,JJASO,Yr
23.75_100.25,1.0,0.9557798264176793,0.31079319524199817,0.6868267000809726,0.20854900419215117,,0.6560660077261475,0.540610693460763,0.3930962495966355,temp,JJASO,Yr
23.75_100.75,1.0,0.9730526471538441,0.2958467053807153,0.6599236204663619,0.19661633452070035,,0.6548675465705549,0.58548290535861,0.41231363195725806,temp,JJASO,Yr
24.25_100.25,1.0,0.9637482001775419,0.36270166009197063,0.6388113503531558,0.16078581421913285,,0.6545853472466134,0.6018525881206143,0.3756391556303241,temp,JJASO,Yr
24.25_100.75,1.0,0.9551469008898447,0.3325032242404033,0.5843312050958938,0.07283702191604682,,0.6339249324477592,0.5784957564748104,0.4110310521673662,temp,JJASO,Yr
24.25_99.75,1.0,0.9748783018941044,0.2934735549189215,0.662862101468305,0.16731929483518435,,0.72211557743163,0.6335416651859066,0.4050202691047312,temp,JJASO,Yr
24.75_100.25,0.9999999999999998,0.9639258921482958,0.39794846745110246,0.5973135115305925,0.24667424042536212,,0.6817313898388836,0.5669009975958438,0.3596517589299752,temp,JJASO,Yr
24.75_99.75,1.0,0.9683476333794261,0.2461738090397709,0.6579025765697616,0.18502672984526,,0.7878852491104644,0.5313217301350965,0.474752011238618,temp,JJASO,Yr
25.25_99.75,1.0,0.8755753270504266,0.16553886501738693,0.620694946044433,0.2759071715985265,,0.7266170636062206,0.4418853523650832,0.5427706495524671,temp,JJASO,Yr
25.75_100.25,1.0,0.9533609900837495,0.35648002105702653,0.6939857598414795,0.41619960855445554,,0.7639593055284366,0.5611464721309836,0.49042324522678843,temp,JJASO,Yr
25.75_99.25,1.0,0.7264908052434912,0.1743353754503873,0.5391814483794216,0.3611172012910212,,0.6148191229108244,0.48758794157545304,0.5845772650796646,temp,JJASO,Yr
25.75_99.75,1.0,0.8230556870027783,0.24075993090149725,0.636667891537161,0.4116499186956632,,0.6751664942325141,0.48815243764257893,0.5572606869166518,temp,JJASO,Yr
26.25_99.25,0.9999999999999998,0.750846688436068,0.21839571027183102,0.5436747898857295,0.4148088888480799,,0.6717953873525467,0.6646911668813719,0.6311603412291084,temp,JJASO,Yr
26.25_99.75,1.0,0.8277687249757146,0.31008614349442226,0.6998535167931138,0.4802329035499981,,0.6743089678629623,0.6429061389496316,0.5975766855769282,temp,JJASO,Yr
26.75_99.25,1.0,0.8401836760710485,0.31449253065075755,0.5817253747969197,0.42289192202969567,,0.7895956976476581,0.7997912683469014,0.6169012131305645,temp,JJASO,Yr
27.25_99.25,0.9999999999999999,0.8345799995193474,0.40547093733589296,0.5494000548130858,0.3405469530170842,,0.835052202403388,0.8562550965661123,0.5309533962340903,temp,JJASO,Yr
27.75_98.75,1.0,0.8763009324976806,0.41356757930922716,0.530678558069926,0.441081092933478,,0.54494495728638,0.9021520619234323,0.6049969194907316,temp,JJASO,Yr
28.25_98.75,1.0,0.8371695530265363,0.4145517410255227,0.4790715849047974,0.6382866221911602,,0.8168578642012826,0.887425650008457,0.6592883701894627,temp,JJASO,Yr
28.75_98.75,1.0,0.7902792997665677,0.37409987042046683,0.5301030571977128,0.6870208434955328,,0.779685900447727,0.8894435241374662,0.7740042673933305,temp,JJASO,Yr
29.25_98.25,0.9999999999999998,0.8504097059107144,0.4936863701768499,0.5800502221357241,0.5775977732020924,,0.8237134299768151,0.8965369667224983,0.739322516373871,temp,JJASO,Yr
29.75_98.25,1.0,0.862335871192515,0.5180168599359417,0.6092417385423824,0.5556415832702059,,0.8435601375508226,0.8102842757889035,0.7102508624958364,temp,JJASO,Yr
30.25_97.75,1.0,0.8514535962894895,0.5745811542433299,0.5654233974454895,0.5272223876176653,,0.7740999272465994,0.7113257365396207,0.6857476317691225,temp,JJASO,Yr
30.25_98.25,1.0,0.8574258364701147,0.5679479187113132,0.5652072345875047,0.5653132486468361,,0.7526067804027109,0.7556368198127901,0.6744667709906031,temp,JJASO,Yr
30.75_97.25,1.0,0.8657231497926079,0.6653590000936188,0.6148249944100328,0.5872971610010704,,0.7184369146605141,0.6575054144899295,0.6763010190265962,temp,JJASO,Yr
30.75_97.75,1.0,0.8453211682086342,0.6430919682563755,0.5557244071568593,0.5450461436293336,,0.7793756376210084,0.6554131563132863,0.7168094844986084,temp,JJASO,Yr
31.25_96.25,1.0,0.8682748464296773,0.6969692224541714,0.6490136299641387,0.6642212417255682,,0.6764308194309449,0.799757781180356,0.7686488099941639,temp,JJASO,Yr
31.25_96.75,0.9999999999999998,0.8427953657370346,0.703515624153576,0.6558346936048324,0.692837333550484,,0.6797562552022067,0.7667743145334665,0.78866824042395,temp,JJASO,Yr
31.25_97.25,0.9999999999999998,0.8253600134935817,0.695466960868222,0.5998270072528438,0.6490618854301562,,0.6209810338844228,0.6932408660207418,0.7174494094581512,temp,JJASO,Yr
31.75_95.75,1.0,0.8164274306995023,0.6699429861747127,0.6395620244317971,0.6391424631777564,,0.6462879574545101,0.7157249408507427,0.7583322851962635,temp,JJASO,Yr
31.75_96.25,1.0,0.8326835834461138,0.6786612246896948,0.6241219385333189,0.6089180741952689,,0.6654750979778071,0.7472707238501022,0.7439659692959469,temp,JJASO,Yr
31.75_96.75,1.0,0.82643946682726,0.6701191822666842,0.6337741500648543,0.6134828997908283,,0.6508176428239154,0.7502357094171034,0.7563479046281039,temp,JJASO,Yr
31.75_97.25,1.0,0.8020763943697623,0.6542212617353542,0.6428894022459007,0.590518106577993,,0.6363161722381829,0.7140070216213257,0.7690274634888499,temp,JJASO,Yr
31.75_97.75,1.0,0.8156616056175655,0.6429841546263884,0.6581979449988754,0.5727396687714424,,0.6903806914356472,0.7169027450647913,0.7653053049008971,temp,JJASO,Yr
32.25_94.75,1.0,0.8205545919926336,0.6311876033445937,0.6288152048120915,0.6280063080905057,,0.6302864368356003,0.6666470134282982,0.8055209847564596,temp,JJASO,Yr
32.25_95.25,1.0,0.8168050768155966,0.6452881274455374,0.6084761033861208,0.6030587266113177,,0.7070476209039097,0.6747776444002234,0.7692006580963839,temp,JJASO,Yr
32.25_95.75,1.0,0.7397638189337887,0.6348032451584723,0.5572296023179807,0.5581113303218751,,0.6320982190509921,0.699032627697492,0.7537209742036339,temp,JJASO,Yr
32.25_96.25,0.9999999999999999,0.6225121711472467,0.5782395925773233,0.4679024993477049,0.45149749795371635,,0.4728186549470142,0.5879549806764058,0.6855216878297952,temp,JJASO,Yr
32.25_96.75,1.0,0.769088336311783,0.6325833319023503,0.6243848978702501,0.59885824670552,,0.6158335242416905,0.7713782888186035,0.7881987725715749,temp,JJASO,Yr
32.25_97.25,1.0,0.7682054564671374,0.6350662806685712,0.6037044486658107,0.6089062867891473,,0.6120293193874169,0.7465919790603187,0.7705642338582441,temp,JJASO,Yr
32.25_97.75,1.0,0.7885962420446425,0.6454315650541922,0.6517530249853783,0.5984047873511034,,0.6807403027732915,0.7518923000837003,0.7694481292706351,temp,JJASO,Yr
32.75_94.75,0.9999999999999998,0.8306695737985632,0.6228003408814667,0.6246954130218453,0.6173316674249882,,0.7658787112107752,0.6629484740191721,0.8046174916486711,temp,JJASO,Yr
32.75_95.25,1.0,0.8256557545019815,0.6400158536479141,0.6206342617793127,0.6188520090270099,,0.7492692552394792,0.7025832665394112,0.8145136345321697,temp,JJASO,Yr
32.75_95.75,1.0,0.7701054225833326,0.6336343094353947,0.555057573104589,0.5903313092752395,,0.6117209746471918,0.7207580623404345,0.8210929877396922,temp,JJASO,Yr
32.75_96.25,0.9999999999999998,0.7361935623500366,0.6140299579979878,0.5710350118889242,0.566004164681987,,0.6398755934815562,0.7096629488246361,0.8105177694737369,temp,JJASO,Yr
32.75_96.75,1.0,0.7523459177690401,0.6209171621435068,0.6258347867287055,0.5762126161044214,,0.6648967331131914,0.7422901196509607,0.8092499003515568,temp,JJASO,Yr
33.25_94.25,1.0,0.8182508328933836,0.62948386926314,0.5518319942351004,0.6259959539927119,,0.7064181547478617,0.6766852479120823,0.8404572698965675,temp,JJASO,Yr
33.25_94.75,1.0,0.8195700870085734,0.6401500300621155,0.5859536721407349,0.6197995309399474,,0.7460928456321135,0.7608297885152424,0.8419582363279834,temp,JJASO,Yr
33.25_95.25,0.9999999999999998,0.8337102576574322,0.656636293098759,0.5592934283963034,0.6074350188666614,,0.7335555633143356,0.7056550788609112,0.8400351349676949,temp,JJASO,Yr
33.25_95.75,0.9999999999999998,0.8043430891745456,0.6483796599704726,0.5354529797809497,0.6023680297019526,,0.09368083264245197,0.7038963357368573,0.8354613766873672,temp,JJASO,Yr
9.25_105.25,1.0,0.5752767010540585,-0.18857534747358787,0.5705594236671628,0.46180811810431266,,0.5853810006748511,0.4712854927223031,0.4566209462223639,temp,JJASO,Yr
9.25_105.75,0.9999999999999998,0.6968008339803448,-0.11306604041294771,0.5449436498436434,0.4535085520263908,,0.4590491297279475,0.4662168869510061,0.46690099854657074,temp,JJASO,Yr
9.75_105.25,1.0,0.634936546105476,-0.19241665785880172,0.4863232361056263,0.30255655459251946,,0.4587644872270275,0.42569871276580534,0.4406102499903392,temp,JJASO,Yr
9.75_105.75,1.0,0.7145967931460703,-0.16649745260658025,0.4592420716175351,0.30888893408719087,,0.4148709438811454,0.4037451130357955,0.4089723313771044,temp,JJASO,Yr
9.75_106.25,1.0,0.7024256206484776,-0.13243472839221238,0.5241137332604707,0.31219495129271657,,0.4701310195457109,0.43308546064596715,0.42434300332843244,temp,JJASO,Yr
