Coord,APHRO,ERA-I,HIRHAM (EAS),HadRM3P (EAS),RegCM4-1 (WAS),RegCM4-4 (WAS),HadRM3P (WAS),RCA4 (WAS),CCLM (EAS),Var,Season,TScale
10.25_104.75,0.0,5.565406531287909,8.117648247552893,7.498721069119083,29.58230423381978,15.149658592312578,6.795673423044709,7.410643849271588,272.03890559169105,preci,All,Day
10.25_105.25,0.0,5.80993838517232,8.11559054659846,6.982613629168102,29.992818578646887,11.12933585919494,6.453173496163677,8.29513799973977,253.82814933982883,preci,All,Day
10.25_105.75,0.0,6.037243540712466,7.934690844982706,6.8094525798648515,23.85658271645889,10.419944629958078,6.251663265785017,8.16070719758362,235.04910672442645,preci,All,Day
10.25_106.25,0.0,5.649740813169446,7.715792851217838,6.550345960400224,20.1935569016327,9.968209153074554,5.928828165348565,7.18609133763414,251.29276090840654,preci,All,Day
10.25_106.75,0.0,5.6871772496604995,8.584828730287748,6.987201157076731,22.522503581174917,10.00126702221309,5.858119688364163,6.569930217949947,301.0624263782981,preci,All,Day
10.75_104.75,8.429369702178807e-08,5.382520603816168,6.343692076616247,6.328702395154378,30.547429752370018,13.041900161530911,5.9363550334104085,7.257434830877314,229.83133395841946,preci,All,Day
10.75_105.25,0.0,5.663487565626031,7.25142386826255,6.72939382656039,23.78453309552064,11.255590448342993,6.248714862331095,8.082001712215177,223.94354660630174,preci,All,Day
10.75_105.75,0.0,5.849910610954957,7.898218038353088,6.827848358769659,20.90072369213562,11.333134049106798,6.501604533029266,8.607787887437437,221.42098088510215,preci,All,Day
11.25_104.25,0.0,5.594896774865478,6.493773815746212,6.777463453475935,25.977687587368482,11.779901253208592,5.789725140989177,7.6092232367594,242.27148666539765,preci,All,Day
11.25_104.75,8.429369702178807e-08,5.322057833840249,6.050192310924422,6.475508502350501,20.572186733381365,11.333594878926496,5.5037206664478475,7.1400821473915235,202.008675429004,preci,All,Day
11.25_105.25,0.0,5.024323486803513,6.812228411514392,7.096818917159723,17.141452421722168,11.301408458569252,5.2790633893128796,7.8137088953357505,206.28193236623653,preci,All,Day
11.75_104.25,8.429369702178807e-08,5.246057490237627,6.177463270825588,5.741125315946458,19.66921283695259,12.647253732464467,4.72432794855886,8.086841945658197,197.36848921320055,preci,All,Day
11.75_104.75,8.429369702178807e-08,5.208257234780475,6.182466800923139,6.407902914951655,15.090664178551283,12.669366988955598,5.115577067888189,6.995539047545174,167.83588231281544,preci,All,Day
11.75_105.25,0.0,5.123318727400596,7.203588445191442,7.635128360478262,15.130765398144813,12.334682854177965,5.266097298992817,8.11041284268845,170.69743040529164,preci,All,Day
12.25_103.25,0.0,6.546862726646121,10.710993391871245,8.81997012191002,37.964627925583805,13.014951860119039,8.067550381322222,12.495039672370371,306.5054166811233,preci,All,Day
12.25_103.75,0.0,5.90071022297144,7.675600024366802,6.6881263480166355,25.52948961452592,12.189296780128494,5.899691538327761,9.106838499571722,253.43798576794478,preci,All,Day
12.25_104.25,0.0,5.49271015679697,6.773032744870488,6.487498486734926,15.749926592904465,11.649854926119927,5.487824303236135,9.124008247000896,215.5214247447419,preci,All,Day
12.25_104.75,0.0,5.686848707912056,6.986841188988,6.956808082270348,13.430053745751065,12.046586916280349,5.534937043121381,7.71645927014644,203.21672082907412,preci,All,Day
12.25_105.25,0.0,5.759919923350189,8.176823480223508,7.793255931134328,14.465838680947124,12.587225189698971,5.758865931945886,8.322828401864324,215.21700180621568,preci,All,Day
12.25_105.75,0.0,6.054225405267457,8.04962771596678,7.8301914009522156,16.11223479013191,13.616914222512275,6.060448306755197,8.587783026330795,261.82939170493756,preci,All,Day
12.25_106.25,0.0,6.136413155553807,7.998392487352364,7.281080919723718,15.579880045143346,13.806311379861532,6.440728336104112,8.285136174714314,308.35648548656377,preci,All,Day
12.25_106.75,0.0,6.163623093189984,8.571215080531715,6.990253801694603,15.479838856003537,13.681454845823152,5.870782394664343,7.486790688749572,387.98678794374365,preci,All,Day
12.25_107.25,0.0,6.944693622510349,14.136130160892046,11.03798024419873,16.060624189156684,15.600104742979292,7.765209091231704,12.093525858492473,474.48055774288594,preci,All,Day
12.25_107.75,0.0,7.469630928989189,14.33053449884016,8.19069643325696,14.895310924364301,15.027387487578233,6.735411183627572,9.094381411113082,370.2386460762948,preci,All,Day
12.25_108.25,0.0,7.104529429428324,17.73917552743851,7.857089613968097,15.918690377417507,14.114525665111799,6.492596792306178,10.428102746613138,324.98533119170344,preci,All,Day
12.75_102.75,0.0,5.864885586499781,7.2066435745786945,7.522549999370552,36.440823109880334,11.114714791268073,6.6256731323264075,8.387862054420614,265.8219152177927,preci,All,Day
12.75_103.25,0.0,5.690332128961342,6.207856064595449,6.566646781931929,24.358970784648427,10.68587387445367,5.198893808911065,6.390555019429896,233.1154485567304,preci,All,Day
12.75_103.75,8.429369702178807e-08,5.788125969972496,5.912899672280782,6.337248837071104,15.826175529820295,10.472022467236116,5.4350970204944415,5.923003580747157,212.67876724093412,preci,All,Day
12.75_104.25,8.429369702178807e-08,5.637841839503293,6.201381287042607,6.302748685069185,12.753742668373254,11.474206969942115,5.112872698455558,6.105203731973047,202.76561234794642,preci,All,Day
12.75_104.75,1.1920928955078125e-07,6.390447757473994,7.405934034497342,7.477649365643333,13.207940857371106,11.247235280659305,6.044281756173498,7.401109002243348,225.91044606696585,preci,All,Day
12.75_105.25,0.0,6.3209335396430975,8.184294994116728,7.347928553877815,15.56181173483001,12.407802154944136,6.248078429572996,8.51485635147489,247.83512387047432,preci,All,Day
12.75_105.75,0.0,6.025900229131383,8.133498780480869,7.305272940582179,15.832677249740508,12.733681355666343,5.97711724261972,8.059699585824486,270.50651442933804,preci,All,Day
12.75_106.25,0.0,5.84439182296356,7.499135603443108,6.943436595480114,13.250504354918528,13.231432573147089,5.931805244966774,7.502518685751553,290.2642024241168,preci,All,Day
12.75_106.75,0.0,5.654702859240279,8.087689445068207,7.155125248465664,13.412996427138781,13.380298077673165,6.216863005119007,7.452249346601727,315.11303555960484,preci,All,Day
12.75_107.25,0.0,6.227616769705991,9.162437281665511,7.675199852192539,14.060564354334165,13.39240843179864,6.869664832861822,9.496467379561647,331.49663074646895,preci,All,Day
12.75_107.75,0.0,6.860234821716516,9.848474395497178,7.686117553354745,13.199722612630001,12.964785402635288,6.479480217496401,8.241601206711657,280.55896532440244,preci,All,Day
12.75_108.25,0.0,7.014951646406241,10.929132518216614,7.573654955434097,13.01927971893543,13.495222704199378,6.70029410857123,9.29965093534089,255.1120884442585,preci,All,Day
13.25_102.75,0.0,5.56963695518953,6.166066629876842,6.477411294270669,21.621374938992208,10.380930298299933,4.685273031998611,6.083288815297057,219.3956244563176,preci,All,Day
13.25_103.25,0.0,5.562903337717334,6.17811031267742,6.733720768849398,13.91237405201463,9.682303641167517,5.109604476970692,6.5874181018915685,203.4201313034837,preci,All,Day
13.25_103.75,0.0,5.828258368543245,7.147131412519352,7.447962733770723,12.187336774184464,10.437427742624955,5.4602850923493085,7.181807938278527,197.1551782614593,preci,All,Day
13.25_104.25,1.1920928955078125e-07,6.0038231579353045,7.665410626099047,7.523778063409967,12.216312212084386,10.201723683064335,5.782137048445546,7.863920910691008,216.80672744035195,preci,All,Day
13.25_104.75,0.0,6.319184705308206,8.016535848067123,7.498625853941389,13.507578020841912,10.379697574002368,6.149269485178767,7.6796076056211495,252.97756412867687,preci,All,Day
13.25_105.25,0.0,6.369354542643737,8.206375305816406,7.07316947809235,14.666912558949743,11.086382945888317,6.111160251600959,8.396730762435869,268.2621270845225,preci,All,Day
13.25_105.75,0.0,6.2577678486306265,8.627438995040848,7.24628194387242,14.769837659399808,11.784182305664016,5.948531002544736,8.355583585761266,240.88009360538146,preci,All,Day
13.25_106.25,0.0,5.83874096900071,7.680444559662277,7.238351166590965,12.86262613238474,12.45990223107193,6.151317484583991,7.974910729511106,244.7583694567063,preci,All,Day
13.25_106.75,1.1920928955078125e-07,5.799446717349078,7.964023070450304,7.045160978348891,11.937357500324811,12.508641175448773,6.181862548704285,7.4286453273805515,278.49893055508915,preci,All,Day
13.25_107.25,1.1920928955078125e-07,6.385813054959627,7.830148911728323,7.230081276244473,12.043415799755719,11.84868292919522,6.301928536994868,7.140258101441364,285.29236958803693,preci,All,Day
13.25_107.75,0.0,6.872970409075904,9.061186085959191,7.716567600699603,12.642350062525574,11.04258850904348,6.570837263381951,7.5462151664395725,238.98612622820144,preci,All,Day
13.25_108.25,0.0,6.7531772750712795,10.13601280684786,7.940762753785273,13.514648545819986,10.749930246634621,6.99267092095359,9.213931008115921,203.33870128206965,preci,All,Day
13.75_102.75,0.0,5.5813765733402905,5.758437920794933,6.88467586657193,13.009238410497007,9.925764078034067,4.925146823344327,6.094515956865263,234.57256015836518,preci,All,Day
13.75_103.25,0.0,5.248738284597561,5.798645991679519,6.526359897275947,10.876037687573909,9.492034074380317,4.6184096557346725,6.243934163701427,219.6115287429903,preci,All,Day
13.75_103.75,8.429369702178807e-08,5.723757522248871,7.123865702377665,7.207405471854702,11.883409062713854,10.023898330194857,5.236145934697959,6.9952447544942045,223.7686645166003,preci,All,Day
13.75_104.25,1.1920928955078125e-07,6.160817836668413,7.861258628512437,7.351108650147081,12.343386813162754,10.133102257483564,5.740865669377634,7.636772740365174,244.60301484635397,preci,All,Day
13.75_104.75,0.0,6.220545576287346,7.821581085917047,7.135810781511263,11.422124199975508,9.887655497817528,5.726625392819823,6.785431938297308,251.08138334540445,preci,All,Day
13.75_105.25,0.0,6.279007402653694,7.714377265226241,6.686562857957886,11.602637974346584,10.23315789535691,5.6854475819547385,7.452949283745176,262.556072762816,preci,All,Day
13.75_105.75,0.0,6.503627515973078,8.583616658962034,7.222335610641589,12.16488139581494,10.99438056498669,6.185327102340369,7.473452961449204,241.79999056867572,preci,All,Day
13.75_106.25,0.0,6.276506451241148,8.914303935456006,7.584968435920174,11.924905959544988,12.185582492544853,6.042127562052326,7.297750540027534,255.03173940884088,preci,All,Day
13.75_106.75,1.1920928955078125e-07,6.463858238302189,9.128131342875475,7.498808047385811,12.15503740872899,12.29811318473822,6.155144168020273,7.900444569029351,317.26952192151583,preci,All,Day
13.75_107.25,1.6858739404357614e-07,7.089820240414321,9.062128386232311,8.527882943522735,12.546167909163444,12.399148435530764,6.718237054048311,7.594566236751181,371.54921292560505,preci,All,Day
13.75_107.75,1.6858739404357614e-07,7.703142296345586,10.013114576607487,9.098130534001736,13.262543646801905,11.799855298013668,7.688655888090259,9.181385477401065,314.46648356131016,preci,All,Day
14.25_102.25,1.1920928955078125e-07,5.650835271783371,10.860799812040842,8.280801639233632,14.58115274859747,9.854951280257517,5.471693773974084,9.374470480185039,276.83463246885,preci,All,Day
14.25_102.75,0.0,5.771313795116481,8.47895142427565,6.951230869876759,13.224267498196259,9.538910475583776,5.261892764001968,8.411840067557092,236.01186932575197,preci,All,Day
14.25_103.25,1.1920928955078125e-07,5.764744962223251,7.107891690622594,6.649207181960802,11.423798178654284,9.586669337393262,5.096328466491892,7.004729196196166,213.24613087512708,preci,All,Day
14.25_103.75,0.0,6.017361414092868,7.758969471004099,7.151172199105393,11.775115132249924,10.10049675680047,5.489476713630831,7.944320229803142,220.62783586812327,preci,All,Day
14.25_104.25,0.0,6.488564153853305,9.174696869183832,7.972406057611921,12.30443443691349,10.587033097052194,6.251387762151683,10.444594626464152,236.00254746160286,preci,All,Day
14.25_104.75,0.0,6.735885574823023,8.551689134940524,7.507687487378775,11.07377917851614,10.45139744685256,6.205132341531725,8.128016113531705,242.76621302201528,preci,All,Day
14.25_105.25,0.0,6.9364843683861075,10.36265572823444,8.305403268482728,11.458891490711906,10.799265775851879,6.755430075741956,10.668273150637074,244.95238623523474,preci,All,Day
14.25_105.75,0.0,7.254842214071867,10.224161212206159,8.170840675554441,10.98279962207685,11.352857949410684,6.965049475516647,7.6099457109875965,283.23779744342505,preci,All,Day
14.25_106.25,0.0,6.825379973938922,12.177207804991061,8.090362193112961,11.347249177144699,12.054116722972289,6.672422838820106,7.575041002595916,331.14858198298026,preci,All,Day
14.25_106.75,0.0,7.648891082327032,12.326991548652375,9.616385175856504,12.346898937151844,13.007704124703666,7.519317253290751,9.424896017107717,411.71061964815965,preci,All,Day
14.25_107.25,0.0,8.077615992157838,11.389781649207345,10.298747992554082,12.643070868452437,12.882861697386822,7.940622167910172,9.537556107617275,432.49299408398775,preci,All,Day
14.25_107.75,0.0,8.319305624345466,12.16654814751472,9.784615008886751,13.295210195867242,13.280677761527487,7.872052832513231,9.440787736828508,325.34387593641003,preci,All,Day
14.25_108.25,0.0,7.465898751226619,14.50545833303797,9.54276967866442,14.646936309346057,13.297942215372938,7.518041535788211,11.06569180835292,294.5581585044447,preci,All,Day
14.75_101.75,1.1920928955078125e-07,5.434540920682042,8.011587664546386,6.79007937987054,11.565328593116906,10.226163220077067,5.4075695132397845,7.409704633658477,253.38861652549014,preci,All,Day
14.75_102.25,0.0,5.885365531481306,6.402503876019623,6.516354631707669,10.478614481352729,9.969906134027699,5.295692686505355,6.017969772568037,208.72154709253033,preci,All,Day
14.75_102.75,0.0,6.404950523959376,7.184067281178597,7.109349246438645,9.845789961663495,9.957603067280173,5.852565171778486,7.0420862683873215,190.19245457921795,preci,All,Day
14.75_103.25,0.0,6.341247666791822,7.583585946355402,7.339513857409724,9.370943607581477,10.116802034768162,5.881399174466809,7.707529394118078,183.7740920957814,preci,All,Day
14.75_103.75,1.1920928955078125e-07,6.840271452306798,8.06926211540515,7.760077940140432,9.629625333477545,10.305881176642536,6.276016118610807,8.142368519682607,191.0519040276897,preci,All,Day
14.75_104.25,0.0,7.484854505380535,8.784681579965817,8.348774405842093,9.787478208589217,10.801596422507448,7.008610223425579,8.803299551501226,218.5137175577139,preci,All,Day
14.75_104.75,1.1920928955078125e-07,7.513206106275488,8.909137422279565,8.445443902031904,9.740610768642782,10.986336806086873,7.250132216334963,8.612250184501015,223.82181475307019,preci,All,Day
14.75_105.25,0.0,7.971078912107142,10.028663545877533,9.145000925631653,10.589768039229282,11.27996750074308,7.828051633568599,9.114771119782686,247.2525265339644,preci,All,Day
14.75_105.75,0.0,8.840875382009813,12.854392951176104,10.193330454856067,12.265105667906692,11.990342015735482,8.485107163355323,9.585385460357516,325.6609499091782,preci,All,Day
14.75_106.25,0.0,8.14280536694666,13.27323458338664,9.8528088971819,12.54623493567352,11.92739276066685,7.664720836328425,12.558660137877801,387.4613076235225,preci,All,Day
14.75_106.75,1.6858739404357614e-07,8.725556829962544,12.83271745595206,11.013858750119722,12.417071984471198,13.282195879516882,8.654243278198862,9.869013832598622,396.3546401970737,preci,All,Day
14.75_107.25,0.0,8.267907638914416,12.076119568994397,9.749417647710217,12.00578289089166,12.863043569905175,7.673150028037959,8.853808137971908,333.40800005001216,preci,All,Day
14.75_107.75,1.6858739404357614e-07,8.101867701833623,15.848508663278105,10.76330415085324,13.401052816102977,13.775602426644179,7.731069883924133,10.475862944911466,292.0639550494749,preci,All,Day
14.75_108.25,1.1920928955078125e-07,7.609384288819767,17.81288508147143,11.220306159253242,17.393734694956258,13.451788217871227,7.964678529709042,12.873376162629347,324.4141026011074,preci,All,Day
15.25_101.75,0.0,5.650407396241642,6.546190968308103,6.234542956919372,9.354400460522914,10.15947826187796,5.231464428107385,5.805000403396776,206.4628339818644,preci,All,Day
15.25_102.25,8.429369702178807e-08,5.876902845275133,5.989639968294286,6.480574612249769,8.31465941447213,9.877649692864614,5.3059326016638755,5.938239391424328,177.422200752212,preci,All,Day
15.25_102.75,0.0,5.886856944859966,6.412622345822989,7.062029364258132,7.786735433824147,9.377368792656073,5.511970382947798,6.492055469452617,158.59758822617283,preci,All,Day
15.25_103.25,0.0,6.025585048914925,7.1445560502905145,7.642851483208855,8.3252276443325,9.509509842696195,5.748834156181572,7.303467908395897,160.1316911002387,preci,All,Day
15.25_103.75,0.0,6.903606338048213,7.953697955678376,8.638589698468568,8.950305329213547,9.930955839451038,6.601644048028399,8.054340622176746,178.6195163571236,preci,All,Day
15.25_104.25,0.0,6.924355560671852,8.008970635309657,8.634164610880623,8.992106451386658,9.86972155212808,6.755333701792837,8.23911693581745,197.29021870400265,preci,All,Day
15.25_104.75,0.0,7.268074566336472,8.656170093358192,8.762841047603386,9.4685024844315,10.583890029811997,7.247077999830196,8.886698693896726,214.561647732591,preci,All,Day
15.25_105.25,1.6858739404357614e-07,8.11831688112719,9.236899243427562,9.082176691596038,10.258786301097258,11.121384194201546,7.816042953990538,9.238172030356555,257.2616807366501,preci,All,Day
15.25_105.75,0.0,8.30796434205907,11.055906953851634,9.820987122126414,11.469869239720282,11.783452988467515,7.788020254327327,9.336341669920268,331.66233371667715,preci,All,Day
15.25_106.25,0.0,9.429840132458994,16.028549169180536,13.478152714697964,12.742634870167215,12.901007498964308,9.504503370170681,16.460944992293232,371.6949883918611,preci,All,Day
15.25_106.75,0.0,8.342031356191177,10.99176824987929,10.485675573222071,11.343895099461568,11.810761643104719,7.531875896905537,8.64598797306433,316.9944231243752,preci,All,Day
15.25_107.25,1.6858739404357614e-07,8.807904405049864,11.749280513591607,10.395155556710447,12.215843274265513,12.919712123685297,8.46532280100862,9.899549860111488,279.54830927495635,preci,All,Day
15.75_101.75,8.429369702178807e-08,6.421071862726603,8.214093694078475,7.067094142298761,9.130249967912832,10.00770842086289,5.916556829033439,6.405083796265089,206.5608449637235,preci,All,Day
15.75_102.25,0.0,6.341203780039432,6.5731084189489,6.959002919435161,8.252690997533719,9.608303525812225,5.7105110526352645,6.412358194480369,166.43636082211853,preci,All,Day
15.75_102.75,0.0,6.270495799181881,6.536013267251234,7.163195957485919,7.63136785845517,9.28080804672791,5.602307071557459,6.898557206578885,147.31894335619938,preci,All,Day
15.75_103.25,0.0,6.26923616120794,7.335423739094318,7.760964941638059,8.175337430046893,9.763098781228104,6.07697057592368,8.334484065819083,165.8746831254624,preci,All,Day
15.75_103.75,0.0,6.488596125655535,7.658377557042711,8.039764864714016,8.421089720937097,9.739327686470526,6.336254014495494,8.562341000759465,181.11628966621618,preci,All,Day
15.75_104.25,0.0,6.671676765303537,8.030858366824846,8.144044110485982,8.576985521371554,9.505806282759718,6.650219002368038,8.641699440712845,188.47767808801487,preci,All,Day
15.75_104.75,0.0,6.932018026670918,8.719314668372192,8.468875283851823,8.987937733486167,9.688607402946353,6.949899764109953,9.415410917831876,198.55354148826848,preci,All,Day
15.75_105.25,0.0,7.172375563296957,9.098110686440434,9.039633967074186,9.287421688802054,10.21552147741705,7.104927545414207,9.245583938323211,243.39093753616942,preci,All,Day
15.75_105.75,0.0,7.368980284733727,9.190118181668963,9.217286546553275,10.808264358712693,10.461211531435275,7.1555286157006694,8.915305717068046,310.76180459734377,preci,All,Day
15.75_106.25,0.0,7.988848003515181,9.548787160700263,9.255285571070948,11.062783640199836,11.042472413968515,7.244880483154788,9.179862653163994,321.1038721279079,preci,All,Day
15.75_106.75,1.6858739404357614e-07,9.653715484908124,11.633769644072641,11.768485462428949,13.032827856264372,12.742217058300708,9.085611537580185,10.450778763211199,273.6780097681018,preci,All,Day
16.25_101.75,8.429369702178807e-08,6.346750697236069,9.914550723159362,7.118534508325142,8.579373851268855,9.882975626588626,5.806095255465466,7.943680770799626,220.73112030406085,preci,All,Day
16.25_102.25,0.0,6.2287745701624235,6.515057723673367,7.06920080055493,7.739348879070277,9.504291805280383,5.8302347390098905,6.144537625678298,167.0474939693282,preci,All,Day
16.25_102.75,1.1920928955078125e-07,7.212446822423843,7.516651219531725,7.788462797870699,8.344061536758087,10.023586312280367,6.453749772190815,7.520999024919825,148.3365100006513,preci,All,Day
16.25_103.25,0.0,6.845342336337894,7.745878553975162,8.05967056135338,8.598442569903328,9.985707333204115,6.581642239153303,8.442371031331566,170.58898097407618,preci,All,Day
16.25_103.75,0.0,6.575268629469632,7.577320564546682,7.86087704010755,8.485631251836308,9.321237870104168,6.441920544207432,8.679685477678596,192.30081762266173,preci,All,Day
16.25_104.25,0.0,6.374633456904091,8.294629832667914,8.277239027170765,8.395490580571224,8.97123418858719,6.513306692105577,9.295488235933998,188.18807305921956,preci,All,Day
16.25_104.75,0.0,6.954831009810811,9.073078289698692,9.125733138326733,8.937239438158013,9.238645445034695,6.885000198026392,9.858769065419278,183.7848892976881,preci,All,Day
16.25_105.25,0.0,7.05120675819401,9.154719098702541,8.98211305628931,9.19769122575968,9.647174630573515,6.900590127798355,9.553103484640584,220.3791247486025,preci,All,Day
16.25_105.75,0.0,6.999838511568064,8.991308360511832,9.123478467090374,10.146525196403442,9.771020656014365,6.8073676243033665,8.670238246064189,266.25398946737556,preci,All,Day
16.25_106.25,1.6858739404357614e-07,7.954642438417629,9.682743423302721,10.17533916486165,11.228191545324533,10.88403043768453,7.6167369867569095,9.46029100177298,245.51998450013926,preci,All,Day
16.25_106.75,1.6858739404357614e-07,9.498714503540956,13.049623193771879,13.423662611899113,14.468969174696177,13.343301392523875,10.25778233012116,12.582313566233939,271.49326117029125,preci,All,Day
16.25_107.25,0.0,10.006691363935548,15.530423312719634,15.296734208864956,18.001179936447677,14.991578069509533,10.89317217260459,13.70358987324262,369.95947141342407,preci,All,Day
16.75_101.75,8.429369702178807e-08,6.990340387783421,8.165604617904869,8.069933855632717,8.065822541179315,9.631868780392749,6.976956197883362,7.222229966932481,218.3208661307867,preci,All,Day
16.75_102.25,0.0,6.861409297450226,6.683372730693044,7.239528123557114,7.793973542023227,9.753703787865456,6.044690588289954,5.9182501645144825,168.297153168594,preci,All,Day
16.75_102.75,0.0,6.938239449358465,7.473691602452571,7.265474676898457,7.996711258102179,9.677911606961917,6.297617350196171,7.352405497990236,158.82533952347066,preci,All,Day
16.75_103.25,0.0,6.444363622285792,7.507968804763905,7.460034933768445,8.42564442592686,9.400560118545194,6.5357592259951085,8.916588353440504,181.500507826109,preci,All,Day
16.75_103.75,0.0,6.808082272818378,8.468026199460327,8.51718743244311,9.162176998269235,9.388899213062688,7.189847124419705,9.765964869425575,188.7451558482461,preci,All,Day
16.75_104.25,1.1920928955078125e-07,6.939340540544169,9.318960498085312,9.052199294868583,9.01449599549989,9.269173626691732,7.2832865253990295,10.739030235531658,181.94980241877406,preci,All,Day
16.75_104.75,0.0,7.307115518870855,8.915679903588774,8.82530027885166,8.794849694964446,9.089774195618402,7.026117021643389,9.54830175319789,193.92436337778065,preci,All,Day
16.75_105.25,0.0,7.146875831244266,9.489303852584168,9.3187927096392,8.975268382780756,9.146849678747657,7.119529556130726,9.680837455589844,234.3278770069653,preci,All,Day
16.75_105.75,0.0,7.670853412356266,9.508150370540546,9.95235988303662,10.097076628155655,9.80168632611839,7.673327134451474,9.619183434321702,246.97263218716336,preci,All,Day
16.75_106.25,1.6858739404357614e-07,8.215571386999661,10.14034096113209,11.084055089659813,12.249544839591444,11.292485609273678,8.399736188217721,10.700426303865884,244.2997441059281,preci,All,Day
17.25_101.75,0.0,7.440476210526979,7.3192995810502275,8.259585908682347,8.036495879569605,9.573651463162566,7.182286622031778,6.472717742760592,199.98833081931807,preci,All,Day
17.25_102.25,0.0,6.648400254493397,6.836569260925845,6.658358825508462,7.440357304093152,9.22075585534775,5.741197191729318,5.917117878078444,163.90043529619865,preci,All,Day
17.25_102.75,1.1920928955078125e-07,6.607180736170335,8.18118253543561,7.562949224185093,7.863506150629787,9.169054702650303,7.056079405570914,8.586677726151857,162.8675777060794,preci,All,Day
17.25_103.25,0.0,6.085835271155011,8.330789875955071,7.819255074838067,8.180461350608406,9.017856718567447,7.605467436132664,8.955173570380053,175.3868729017224,preci,All,Day
17.25_103.75,0.0,6.404919216084506,8.866036892621818,8.641629977705865,8.726473850869844,9.347945139653788,8.545506136576163,10.10571044773048,170.53042564749137,preci,All,Day
17.25_104.25,1.6858739404357614e-07,7.42587400590726,9.164440067827062,9.262492598759264,9.359117378592158,10.069957782440996,8.24225463962513,9.435103887203812,176.22437595254308,preci,All,Day
17.25_104.75,0.0,7.80222230729928,9.521377415670568,9.649924622784475,9.576765301953474,9.96774600366317,8.047119802435867,8.97123785715407,210.32550020729624,preci,All,Day
17.25_105.25,1.6858739404357614e-07,8.209421169540812,10.359505601564964,10.398427325253287,10.433355634917165,10.227684929505987,8.498434753373095,9.67168667517598,238.27532853914516,preci,All,Day
17.25_105.75,0.0,7.570472507271257,9.964606259985368,10.99676968464606,11.407023703277721,9.747597993957134,7.966116293287044,9.78821619525613,240.39225281523545,preci,All,Day
17.25_106.25,0.0,7.58571431630039,11.688795891103936,12.63160229085367,14.773437227008111,11.137687913533158,9.882452364178429,12.694236284800626,254.37840851692923,preci,All,Day
17.75_101.25,0.0,8.179226292437928,7.987461828007491,7.6728760631349315,7.531593791667484,9.181046409433783,6.482769164068011,6.9208802566324445,211.6368189942852,preci,All,Day
17.75_101.75,8.429369702178807e-08,7.413744020545802,6.994071473836119,7.44280654712386,7.724132156707895,9.539461485859526,6.283569534977765,5.84266530790528,185.2911602168813,preci,All,Day
17.75_102.25,0.0,7.1958862037406,7.561796511056861,8.291520811079225,7.841400117227895,9.663084521750116,7.157344866141423,7.166493838512664,165.98013928600523,preci,All,Day
17.75_102.75,0.0,7.013748332904306,8.328821058421656,8.11475621436937,8.230721704445092,9.830053161265841,7.51396584925957,7.805641247282197,174.5535714189791,preci,All,Day
17.75_103.25,0.0,6.309070054913863,8.579481247902136,8.047742964111531,8.223130933370802,9.268920287857009,7.7638527802817165,7.988402089839753,187.07412480498374,preci,All,Day
17.75_103.75,1.1920928955078125e-07,6.691126437897712,8.693082431830836,8.744535488081592,8.742602761971797,9.626280527686657,8.692730672470894,8.129662531987773,192.6028571185133,preci,All,Day
17.75_104.25,0.0,8.293648755676024,10.368697955420407,10.16409355569585,10.340237326831662,11.118291439107168,9.077438633021918,9.411519781924921,214.91468169345248,preci,All,Day
17.75_104.75,0.0,9.684852239583824,12.323350506814089,11.96776505849533,11.537982789384289,11.861733763184514,10.69591534561732,11.479830810166307,235.906065013755,preci,All,Day
17.75_105.25,0.0,8.834167100509607,12.739220196244002,12.363944283189873,11.457665977924181,11.110128239586837,10.819944801062423,13.104916746176483,247.75246624048935,preci,All,Day
18.25_101.25,8.429369702178807e-08,8.375331422354028,7.637033300876666,8.190953883229827,6.985447250974357,9.606887928325058,6.186892432202062,6.76166535290884,176.70973234897966,preci,All,Day
18.25_101.75,0.0,7.65772745503209,6.776591276370685,7.808817151394015,6.81894907546317,9.616336834238503,5.920270467920614,5.577914579777484,168.1919463929209,preci,All,Day
18.25_102.25,1.1920928955078125e-07,7.940736320765712,7.858300934578334,8.558498481046822,8.005268586869843,10.609211052353968,6.97642214203538,7.288659462015232,182.17286630473677,preci,All,Day
18.25_102.75,0.0,8.005198724732502,9.951194748427246,9.549936271409965,8.974179555943914,10.894990528513796,7.975874047866793,8.486753109296716,201.43231137867073,preci,All,Day
18.25_103.25,1.6858739404357614e-07,8.079395209627574,10.188265554337256,10.199585814704758,9.645128314630597,10.839050292405254,8.828468617718386,9.533123728161833,235.3460059475087,preci,All,Day
18.25_103.75,0.0,9.328102044847276,11.35199652591291,10.936239633387578,10.95217513085349,12.1725503283048,9.659423868847473,10.630065038278056,236.93555610958742,preci,All,Day
18.25_104.25,0.0,8.47551966804383,10.78622735015743,11.496570216906765,10.463852228266495,11.284353239088215,9.407136949026642,10.19253839432946,234.11777964486788,preci,All,Day
18.25_104.75,0.0,8.824835807356557,12.549792676085644,13.365295217616422,10.565673401630773,10.868617259298645,11.352246469578871,13.213532172925621,239.39893166624194,preci,All,Day
18.25_105.25,1.6858739404357614e-07,8.1999126200877,14.413392356579836,14.559380799316102,10.808916879515568,11.029182853737405,16.013442726382312,15.311825067176729,266.96976610386855,preci,All,Day
18.75_101.25,0.0,8.683472828239214,12.730426464643413,11.718740925366571,7.645053335015133,10.197488729657064,9.514118825875368,11.101467893442296,186.90608793948226,preci,All,Day
18.75_101.75,0.0,7.838244959177221,7.787380383876502,8.363429473821027,7.016407817163337,10.171004888122784,6.642614102920935,5.697033865317894,182.69395601950302,preci,All,Day
18.75_102.25,0.0,8.314783031079266,9.078220267663006,9.194248142223818,8.474663048593513,11.249198662938312,7.706325655679276,7.8158566201678825,212.3697677782238,preci,All,Day
18.75_102.75,0.0,8.573308512051169,12.172955687637685,11.440950950498006,9.227546892557285,11.71828071539658,9.928037239815511,9.626489801743087,269.05651225991085,preci,All,Day
18.75_103.25,0.0,7.570564037189235,15.669082642414013,13.19321259212303,8.29834062205324,10.46274760538605,10.127676729234707,10.276217345251608,268.7330410734591,preci,All,Day
18.75_103.75,1.6858739404357614e-07,9.134775615751122,11.318355024738395,11.138649139993706,9.924924054044762,12.098307769173287,9.640633498991823,9.742374601158442,279.1716637414016,preci,All,Day
18.75_104.25,0.0,7.74403328294917,10.031837900721365,12.308564305474016,8.530314828175799,10.146602435730351,9.119236352202284,9.45816375908293,274.00563162925584,preci,All,Day
18.75_104.75,0.0,7.261117632317435,12.761532184322116,15.042965487412337,9.92636325929341,9.747935233766192,13.687646697145295,11.4989848960321,264.6105248638288,preci,All,Day
19.25_101.25,1.1920928955078125e-07,9.013441352454803,14.357363742515313,9.85889023154984,7.915306198108164,10.564842920807719,8.087202658923646,12.959207152989409,191.989258036297,preci,All,Day
19.25_101.75,0.0,8.325406184900473,9.257025138128387,8.129002308138425,7.2827457263796695,10.055255613158742,6.343960058735402,6.07498255706829,202.50900793584836,preci,All,Day
19.25_102.25,0.0,7.8240339282887845,11.482159310867686,10.399098175188094,7.346168426891242,10.019386866904629,8.716430691860733,8.386007202443677,220.3566445936292,preci,All,Day
19.25_102.75,0.0,7.9876657048615725,14.94445909824267,10.60059296228328,7.663583716199532,10.33403940019496,9.506339481700214,9.216035145531276,246.3670583791157,preci,All,Day
19.25_103.25,0.0,7.873446962460648,13.664455023060027,11.211220216472524,7.5320693750117504,10.229085387267922,10.3239866547439,9.752913009837572,274.7834468237922,preci,All,Day
19.25_99.75,0.0,9.86934163274659,8.326926324938102,7.681852989195517,7.34866533279572,10.15249571700101,7.14208697862124,6.533743984034956,191.85901104998104,preci,All,Day
19.75_100.25,0.0,9.756530099380015,9.081713360807484,8.503070500046665,7.301765156613272,10.857105123929129,7.137272924059989,7.150056749775599,178.26313593654257,preci,All,Day
19.75_100.75,0.0,9.635617471294108,10.208980302728362,8.956582534926797,7.405461292595025,10.303634995040694,7.458679207740325,7.5772728994872525,190.31119544179052,preci,All,Day
19.75_101.25,0.0,9.109667986851305,11.783539360374059,8.642715608087693,7.091997166663633,9.621561158541963,7.197606824215637,8.10708886446631,199.1098125679408,preci,All,Day
19.75_101.75,0.0,8.516807037561373,9.652093802599849,7.716482879087215,6.769560763642429,9.303454637316623,6.057391655907056,6.249545804871074,202.97971790230665,preci,All,Day
19.75_102.25,1.1920928955078125e-07,8.426692492787778,11.265873330643915,9.85294819662814,6.755915247864012,8.987381178444075,7.917983974040153,6.897755655412903,189.92971791554334,preci,All,Day
19.75_102.75,0.0,8.190111458264667,11.517789737077731,8.309281123151573,7.021817575624129,8.989906743997997,7.002073047889761,6.904033881724431,194.83069370940942,preci,All,Day
19.75_103.25,0.0,7.994775384439475,10.884395441143367,8.386635842256759,7.44667673985995,9.368260601998621,7.463222606121037,6.970222990055984,216.4596540224104,preci,All,Day
19.75_99.25,0.0,10.533134053042334,8.826937079981459,7.943063035830437,7.543896403450104,10.426272590217563,6.96424836872831,6.620658209229182,247.07763259693075,preci,All,Day
19.75_99.75,0.0,10.527035921460689,8.838827767213854,8.260850331539382,7.746482332266501,11.168739775143804,7.157197494141302,6.951641034017523,208.50202846390468,preci,All,Day
20.25_100.25,0.0,9.591330404374165,9.276310417823604,8.500137136945296,8.176429218595691,11.470661593084744,7.439445969400763,7.423893737715709,196.37063058735478,preci,All,Day
20.25_100.75,0.0,9.247641498663752,9.606732841626359,8.161517882296241,7.473680469254122,10.24634362287452,7.416572949152629,7.38974463123722,190.19435615567906,preci,All,Day
20.25_101.25,0.0,9.071922125002349,9.574793506541255,8.245212782722868,6.7408213307520075,8.986102608002458,6.568480877090737,6.696161050331603,204.06460239320504,preci,All,Day
20.25_101.75,0.0,8.470202708445585,9.875503033497578,8.27305604804257,6.422912686297305,8.50332383613981,6.5010494138423836,6.672131450985353,186.8151533345631,preci,All,Day
20.25_102.25,1.1920928955078125e-07,8.232028125032478,8.06955898225048,7.671230244996791,6.0353452028181485,8.035707682086356,6.038841883477491,5.84349739972088,157.43053199503981,preci,All,Day
20.25_102.75,8.429369702178807e-08,7.937733489959615,8.40964677272512,7.663625300585942,6.158388311158926,7.59828274925964,6.133429153019253,5.793485199557094,147.76259565852644,preci,All,Day
20.25_103.25,1.1920928955078125e-07,7.256150616133908,9.162196817087912,7.347972714579791,6.501701574807176,7.928216240637914,7.168509618693648,6.620183300364281,176.8380933605653,preci,All,Day
20.25_99.25,0.0,9.703551662023942,10.490934111791503,9.153466271268982,7.576647743939384,10.493471632161778,7.616916466366114,7.404619771494777,268.83210881671914,preci,All,Day
20.25_99.75,0.0,9.920876770858927,9.222131342450838,8.39870384788416,7.946026417773484,11.156907855283395,7.4991585290504075,7.324666521869401,240.44836662074076,preci,All,Day
20.75_100.25,0.0,9.033010015648882,8.707630801476114,8.10915809509187,7.613887117604577,10.366756930007243,7.013564425060923,6.576910962013705,213.45611062783635,preci,All,Day
20.75_100.75,0.0,9.066181139809332,9.294228289456225,8.471242311516182,7.534015689289493,10.197225669920938,8.202376959728069,7.758869447695334,188.95785290012637,preci,All,Day
20.75_101.25,0.0,9.34220563553695,10.247455114980154,8.896355357618903,7.392177523378565,9.43591195289315,8.006407641027314,7.843470205406935,189.14668019645032,preci,All,Day
20.75_101.75,1.1920928955078125e-07,8.604012705368785,9.475285203880112,7.733393624385819,6.956773784284189,8.527345400097168,6.961311363305107,6.828785075865178,191.75702809499796,preci,All,Day
20.75_102.25,0.0,8.060439316763379,8.091444343132602,8.4720359160395,6.501356660006473,7.907831399899763,6.296237804003338,6.112667762074394,176.91774513520082,preci,All,Day
20.75_102.75,0.0,7.646962345571915,7.754967238227397,7.493329178200327,6.33896835330236,7.40841204506143,5.901133358399133,5.750927303554521,157.0388241742138,preci,All,Day
20.75_103.25,0.0,7.407889529176826,9.756895423878625,9.175528298658723,6.675381706190011,7.850665650426857,7.137482801229559,7.477205178056714,158.7702974292556,preci,All,Day
20.75_99.75,0.0,9.39243024911436,9.632584644200543,8.237379145967708,7.33151255316031,10.230049961767088,8.874425718788208,7.81748047367414,248.07182659973367,preci,All,Day
21.25_100.25,0.0,8.564887479425641,8.663655106093398,6.321971858259455,6.740827973592613,9.455564573402444,5.925012848975949,5.863862252198208,221.81515181326773,preci,All,Day
21.25_100.75,0.0,8.736993709046493,8.723478012450641,8.247538105329388,6.958268256481028,9.500277582403733,7.491294414084374,6.371310677753771,184.72091915084607,preci,All,Day
21.25_101.25,1.1920928955078125e-07,9.15233206711388,9.888493683411806,8.362304242351765,7.421758291364426,9.374306191169833,7.758135372364894,7.610505204025315,184.2826538532653,preci,All,Day
21.25_101.75,0.0,8.696422403017747,11.320599705493116,8.330910826568825,7.407822716554519,9.087304208537041,7.502506571516487,7.715188163591564,196.0576653364737,preci,All,Day
21.25_102.25,1.1920928955078125e-07,8.314875952382325,9.04183823311103,8.835592388062517,7.283959007750468,8.596415474384578,7.754041081495464,7.1863966382842195,180.04547145482644,preci,All,Day
21.25_102.75,0.0,7.805035961528203,8.812298195517341,8.58086382745126,7.457832705978789,8.662197544739756,7.81019259949303,7.017878054120648,158.04129191370296,preci,All,Day
21.25_99.75,0.0,9.281772138999111,10.434593134329607,10.505238638879156,7.064434843229706,9.683439527906941,10.332080628411108,7.639778862811081,247.81034678341794,preci,All,Day
21.75_100.25,0.0,7.3330804882355025,10.652547832450674,7.683021032599153,7.025830644571725,9.165576197355161,6.5745317635429155,6.666779164977538,197.80955775371032,preci,All,Day
21.75_100.75,0.0,7.538671764619426,8.45288341474958,7.919072588878735,6.94096931815599,8.965765184667427,7.001706545611461,6.0293408110636255,176.61430060635684,preci,All,Day
21.75_101.25,0.0,7.761845839179633,8.520302433998557,6.864925612442086,6.960971690767607,8.907966425770873,6.270788563327307,6.196078494873019,161.84380225117482,preci,All,Day
21.75_101.75,0.0,7.772729872729901,10.905977590388662,8.512275709542408,7.526734145870409,9.12987325405953,7.950973934669851,8.24984480610195,168.83448332450885,preci,All,Day
21.75_102.25,0.0,8.091802033909728,9.319174450404903,8.586039117097497,7.935804895274278,9.438957288578308,7.9281590727738545,7.566409332123278,169.79427150336713,preci,All,Day
21.75_99.25,0.0,8.25075381686761,11.769832526240924,11.180904815425261,6.903885278678661,9.308410231319993,8.275269101047215,7.602219655684046,183.98933155319497,preci,All,Day
21.75_99.75,0.0,8.113199750563167,9.861163306331346,6.952682110441907,6.9419224601926395,9.294584722973042,6.170748487742345,5.639568106379003,207.32519977096547,preci,All,Day
22.25_100.25,0.0,6.944547523986537,9.737192383879712,9.443844762310192,7.3380390239269655,9.091980583903682,8.832532161962622,6.92987181420513,181.69971492571426,preci,All,Day
22.25_100.75,0.0,6.98503146668953,8.384538766570865,6.944043524152994,7.345198462532735,8.787210661468071,6.387197754555433,6.037604452876005,174.32487068352032,preci,All,Day
22.25_101.25,0.0,7.124885224360747,8.449484584620249,7.192105356506118,7.346236863436142,8.722325448370793,6.4628936941278505,6.313279301141182,166.71207850162094,preci,All,Day
22.25_101.75,0.0,7.49629048444163,9.154804057930372,8.444682786645721,8.071410109557013,9.308767003085999,8.132421553138387,7.529188344578211,170.42616843947343,preci,All,Day
22.25_102.25,1.1920928955078125e-07,8.097675562531679,8.91460954283642,8.364417867112651,8.383203084243902,9.689473202486692,7.925564615685207,7.689003079993283,182.1382671705818,preci,All,Day
22.25_99.75,0.0,7.675623103573915,9.790403253711458,7.902564144787757,7.276332411502796,9.29803994287526,5.754521537156186,5.990631987779213,198.22327307257828,preci,All,Day
22.75_100.25,0.0,6.395290391865246,9.709954244839109,7.5870555637624735,7.164412422050281,9.112738585355757,6.402858345794828,6.529927071555847,160.56281635119362,preci,All,Day
22.75_100.75,0.0,6.269680209064689,8.499942014193342,6.844295462127101,7.121278767046562,8.806888279580063,6.025630602861435,6.283631002812577,163.6836699248127,preci,All,Day
22.75_101.25,0.0,6.505928659881004,10.080094692421431,10.03912420913191,7.493892531503376,8.883774373295159,10.791586617208585,7.725923802134948,168.95513415355646,preci,All,Day
22.75_99.75,1.1920928955078125e-07,7.3859740732525605,11.44689521126162,7.933385026644838,7.296055813731771,9.46030990878981,7.447863903589315,7.32013594961664,175.25318957707086,preci,All,Day
23.25_100.25,0.0,5.734600303340467,9.079958536188798,6.672435587946388,6.96532705874032,9.246578141005479,6.222413300486496,6.0052498420307785,167.25088625327345,preci,All,Day
23.25_100.75,0.0,5.455350503601519,8.400692780327935,6.872549306815782,6.757729999721796,8.805413590037748,6.960218682696505,5.9462430919034635,167.38787966948692,preci,All,Day
23.25_99.25,0.0,7.34016354116165,9.787606482467591,7.134983563276142,7.021262655621503,9.562188765808664,6.272974647470226,6.149205185445624,202.63139198231565,preci,All,Day
23.25_99.75,0.0,6.595945325172021,11.203705822432479,7.509227080059329,7.133239689990342,9.553471799915418,6.559782288207368,6.5261278667028115,193.66637700756434,preci,All,Day
23.75_100.25,0.0,5.983069581898812,11.390488133717467,7.153725297914822,7.110087685903848,9.14485969281057,6.709126699084541,6.518742966571549,188.02971798257923,preci,All,Day
23.75_100.75,0.0,5.471213186318098,8.813541672587299,6.571858602482015,6.605120419499792,9.105851134515305,6.244565804084022,5.914489898006138,180.5690858177761,preci,All,Day
24.25_100.25,0.0,6.100502228240135,10.316861248274396,6.1628707245772825,6.6572071952077305,8.67207142933461,5.746372570316306,6.348276649698897,190.35191907296414,preci,All,Day
24.25_100.75,0.0,6.086099392002658,9.654140964186947,6.039442860021163,6.731992486735524,8.841599051014345,6.0103653570059565,5.991183826529549,196.31206636744005,preci,All,Day
24.25_99.75,0.0,6.560889460711523,9.782075807480076,7.489736566293631,6.567611938901407,8.760072217442826,7.671963510389752,5.974123618277535,178.48026197645405,preci,All,Day
24.75_100.25,0.0,4.996758333877459,9.321509849251687,6.4179844086796605,6.411019560175033,8.384153700943669,5.655693408385113,5.595110845052413,176.56287399857743,preci,All,Day
24.75_99.75,0.0,5.280656896208137,8.992086166859632,7.369255100381866,6.387819612816756,8.507236115866215,6.590717208141156,5.527637425374702,165.51943301887087,preci,All,Day
25.25_99.75,8.429369702178807e-08,5.038715772671634,9.25573845002634,6.435265994436094,6.627765549487902,8.476647616275251,6.679080469707377,5.4844586707176255,169.7860366232106,preci,All,Day
25.75_100.25,0.0,5.0620335200276365,9.559565327521222,7.330421999060577,6.821207770474395,8.618025146819287,6.749721081440894,5.939676584373722,160.04421475949553,preci,All,Day
25.75_99.25,1.1920928955078125e-07,6.853075987410992,11.32047758254111,8.338706156602086,6.463371496256239,9.150692505313483,8.004408295804605,6.274824878240969,218.11594136805698,preci,All,Day
25.75_99.75,0.0,5.247044026347846,10.109097907508106,8.805950003079282,6.337430116815415,8.579958518977742,7.793443504157195,5.905846181029523,181.12218059392507,preci,All,Day
26.25_99.25,8.429369702178807e-08,7.487672305261808,13.903699137110598,8.513605461072304,6.147454880288339,9.495985817292054,8.511465280541032,7.259688972280914,233.37911311909514,preci,All,Day
26.25_99.75,0.0,5.311824160299068,11.299852644329933,8.676954440972324,6.0623683186454285,8.461308010027327,7.844044374490343,6.756767810570545,191.27296073027816,preci,All,Day
26.75_99.25,8.429369702178807e-08,7.7162436835144,14.940733163323003,10.516738970093241,6.821569627378324,9.34546839191159,10.632824020668387,7.067538603051887,229.99344041485188,preci,All,Day
27.25_99.25,8.429369702178807e-08,8.359676169630665,15.626108649617086,8.25603700727167,7.228800875927989,9.28292720982851,9.509561033082946,6.298597066773849,231.43061555354592,preci,All,Day
27.75_98.75,0.0,6.554557415384812,21.717318577610957,13.143561313571155,7.502948279091376,9.560033241757647,15.524239369050095,6.690930323893759,262.59606346011975,preci,All,Day
28.25_98.75,0.0,5.670044807534865,23.204105415771988,8.735162525410233,6.785476117977666,8.380127788249073,10.106051167472959,7.227538939694426,216.47273890796927,preci,All,Day
28.75_98.75,5.960464477539063e-08,4.395965506180304,15.780617461645813,4.9275820366185705,4.623861487054846,6.9671303908953695,4.790854910293741,4.792289622599694,175.67166693419117,preci,All,Day
29.25_98.25,5.960464477539063e-08,3.5174340116489775,13.964420354306611,4.223410360554582,3.691446369137683,5.733192498108472,5.884711956805079,4.1994008931535,125.0441230041512,preci,All,Day
29.75_98.25,0.0,3.3336827918968877,10.95479801679811,3.9743039620767266,3.388307235288676,4.968213496679992,3.41921496155641,4.14721747518086,102.41317782744618,preci,All,Day
30.25_97.75,0.0,2.9615196848537786,10.434805801690283,4.290865961357319,3.2206189644069854,4.007542421261317,6.061166250758153,4.237198426417961,115.74090449519366,preci,All,Day
30.25_98.25,0.0,2.966135716405361,8.38253192794428,5.0451018062682875,3.5427575029137754,3.9955186955513944,5.2708608916752535,3.437305463742008,103.02195056715559,preci,All,Day
30.75_97.25,4.2146848510894035e-08,2.730441586476972,5.920509116872586,4.541834972970178,3.092579443292922,3.2920806246767342,4.349259217595187,3.028934859289719,116.2625075601768,preci,All,Day
30.75_97.75,0.0,2.704820180700502,6.971832815533653,4.0971268838391435,3.2323007246968563,3.3541771101457,3.192493888199542,3.1219867626851503,129.23625738672092,preci,All,Day
31.25_96.25,0.0,2.845273522076547,5.968667477740314,4.061390555176502,2.982033147565534,3.202134649279615,3.799915284156857,3.0620538087355658,109.2118201979924,preci,All,Day
31.25_96.75,0.0,2.7572144503125005,5.07386858034409,3.6988432980603725,3.0231029053621827,3.269657218833358,3.560246532182941,2.8981046878859265,96.26934828675229,preci,All,Day
31.25_97.25,0.0,2.682280788536376,4.814607379725155,4.200792709166091,2.8206442169648747,2.984997025730848,4.1925886026449195,2.5642279915150574,99.20262543538982,preci,All,Day
31.75_95.75,0.0,3.4905012075268544,5.9572838931809775,5.411154151006034,3.325558508305491,2.8152819534562736,6.551782546832395,3.9849174595519976,117.4890084541919,preci,All,Day
31.75_96.25,0.0,3.2726846364888935,5.543544929800451,4.278836841709428,3.0793201291659145,2.861802360201824,4.445161983514551,3.292488428415103,108.16548643920198,preci,All,Day
31.75_96.75,0.0,2.999685111146998,4.618102791448816,3.1555748950723954,3.0697471004113908,2.8439117620222696,3.1490616391234427,2.590033890218571,92.8799979997092,preci,All,Day
31.75_97.25,4.2146848510894035e-08,3.0486786738673026,5.1221817965043295,3.3199444648772007,3.0870192555171405,2.802942865215409,3.4328272521903203,2.574170100771337,88.90579169670634,preci,All,Day
31.75_97.75,0.0,3.1400999413392774,6.3677916118526445,4.678219648534713,3.0914460354136297,2.855140406737165,4.302382208669744,2.825316613799475,104.22148567077815,preci,All,Day
32.25_94.75,4.2146848510894035e-08,3.484250861094041,4.407861936982324,3.9530277802501774,3.5749532053754396,2.650163755843197,4.625721638464604,3.0981351774669244,124.49322272686405,preci,All,Day
32.25_95.25,4.2146848510894035e-08,3.4860505691883614,4.975096061001799,3.85332489621665,3.594694825084254,2.6873964107497783,2.7584229427455926,3.021472773925304,122.06632745674607,preci,All,Day
32.25_95.75,0.0,3.2591473832233997,4.717833982195206,3.390531105044281,3.5087358996932863,2.753064241380866,2.694353215218126,2.840950868441213,115.34654835173656,preci,All,Day
32.25_96.25,4.2146848510894035e-08,3.163783917872929,4.344128544333254,3.9279789173131774,3.3801136372180154,2.884945571601344,3.2968971970780934,2.773790536074242,103.56835281227903,preci,All,Day
32.25_96.75,4.2146848510894035e-08,3.0238379485718387,4.617892537244181,3.92884079731919,3.322394693209578,2.744233402919548,3.8629711119026195,2.6332127940807903,94.60304025029231,preci,All,Day
32.25_97.25,4.2146848510894035e-08,3.0366082067440874,5.681199873040908,4.513614436987807,3.4242763814201083,2.6225053640645144,4.384587071392231,2.707178101826805,95.70800650280536,preci,All,Day
32.25_97.75,0.0,3.0076311156368436,5.02104525607362,3.7459541405314187,3.4046133061496335,2.819358321997581,3.7799344736168856,2.654736895638015,109.38193205176677,preci,All,Day
32.75_94.75,0.0,3.293867464682637,4.209014734383375,2.5800992178124695,2.9399914366585227,2.548811786052803,2.824274269720977,2.632457957718449,124.1896701757843,preci,All,Day
32.75_95.25,0.0,3.4693035377529546,3.6128084164474124,3.5541822697353296,3.0656527359882895,2.6784874251485338,4.188290105995656,2.536093813750453,124.44578711134767,preci,All,Day
32.75_95.75,0.0,3.3081815647054267,3.8612140716578485,5.173759405865675,3.0479165749111963,2.5573312632235004,6.372274566751939,2.5999132826275453,117.21788376230857,preci,All,Day
32.75_96.25,0.0,3.2167533911266575,3.9373520279370604,4.6775800840693496,2.9717821909423106,2.6027174340454717,4.34515022438927,2.5230566213521475,111.31278629371953,preci,All,Day
32.75_96.75,0.0,3.2370570864153443,4.641881971263139,6.51483556473945,2.9985328001572964,2.6300230040429984,5.865457117365345,2.6212954091408895,107.90103944824054,preci,All,Day
33.25_94.25,0.0,3.4259143299083137,3.551819516270846,3.0868980073776364,2.553595821238727,2.27871457470628,2.975945001327486,2.3900085352673948,122.56852993646172,preci,All,Day
33.25_94.75,2.9802322387695312e-08,3.514413041765473,3.266213674142704,3.0006007302941162,2.6702311787025934,2.4218115570862375,3.3679207805368447,2.4879214034941617,125.00137505200277,preci,All,Day
33.25_95.25,0.0,3.6673942935649104,4.07167547157257,4.89817606103673,3.0526485768689744,2.5350930777816765,4.552957567216881,2.6399286502502024,123.80759541560315,preci,All,Day
33.25_95.75,0.0,3.6102562317042155,4.8948070502519245,6.159319776906232,3.0901807906761554,2.5588446172042802,9.132001258220061,3.084396808556626,119.4711044144388,preci,All,Day
9.25_105.25,0.0,7.138878057928288,9.169042000402177,8.413472537475203,22.132780811334204,11.159632867081417,7.800781756775634,9.145222049313636,279.18132052103624,preci,All,Day
9.25_105.75,0.0,6.546739692643587,8.415860518243223,7.264774413268637,16.415589863650457,9.968389108230898,6.8929037023649125,8.170331784352493,269.48908741214683,preci,All,Day
9.75_105.25,1.1920928955078125e-07,6.336982852559172,8.687562448969176,7.760447490781449,29.919728256089485,10.211529429502251,7.055158932153402,8.661857759958181,286.8205920683397,preci,All,Day
9.75_105.75,0.0,6.292197276274429,7.884599399770893,7.074431730154281,24.49349652201443,9.618444202726586,6.402799444708524,8.177526680373035,263.02897784505905,preci,All,Day
9.75_106.25,0.0,5.621809190113099,7.680699174590344,6.544139193243874,20.230141298749263,9.063186081598731,5.885535067607861,6.974068755876431,276.054378724419,preci,All,Day
10.25_104.75,0.0,1.8632805955967433,2.859272830915532,3.257304174319679,15.962043538364071,5.749528981170366,2.9479822805893274,2.986937482241606,118.77710115094979,preci,All,Mon
10.25_105.25,5.960464477539063e-08,1.8378174987811886,2.6804124333666555,2.8475568506298923,15.747785762125925,3.7139174304603126,2.4938459062804106,3.108111152957995,108.49812282473756,preci,All,Mon
10.25_105.75,0.0,1.753390796160093,2.467625104321736,2.4953079879680407,11.639393332669307,3.2448985848452567,2.114408633432388,2.7393392711299236,97.68900106079111,preci,All,Mon
10.25_106.25,0.0,1.762277175245558,2.359565188563343,2.363503405771094,8.22902091865474,3.062583090518153,2.153407819958065,2.169419334915597,96.51703236601342,preci,All,Mon
10.25_106.75,0.0,1.6865807313618897,2.4494311256714454,2.06638187099499,7.844981369160681,2.8289053364692345,1.9758084162966758,1.8021097702054545,113.00409716184734,preci,All,Mon
10.75_104.75,0.0,1.9694745684002821,2.1570421574739886,2.646653077605986,16.51355095605738,4.69413883935838,2.5102746524550983,3.0358497379839897,92.1164776481386,preci,All,Mon
10.75_105.25,4.2146848510894035e-08,1.8944152800193266,2.2965067177782217,2.7345246938926593,13.282551336199836,3.630207010471802,2.525676918532315,3.049541956871397,89.45741639694107,preci,All,Mon
10.75_105.75,5.960464477539063e-08,1.7862604840396918,2.4830769943095947,2.6084001725327624,10.050848706126231,3.5430549823915736,2.3471002372784797,2.8824739779628272,93.84509092726452,preci,All,Mon
11.25_104.25,0.0,2.0291395484604164,2.069580721379307,2.3100195612708396,14.867585364413504,3.747250420002516,2.224141436602023,4.047798112997281,84.2253685291357,preci,All,Mon
11.25_104.75,0.0,1.8660705398114663,2.00569433912479,2.115012522735118,11.18651568365872,3.685081938135514,1.972023993149776,2.8789638675758273,72.20612653813838,preci,All,Mon
11.25_105.25,0.0,1.7486360147187678,2.109690439351132,2.4331373683563475,9.197292446130916,3.6706063135385034,2.1264799376673427,3.2747432457800736,77.1858285394042,preci,All,Mon
11.75_104.25,0.0,1.9614568750572714,2.0341940223391255,1.9543984083562511,11.273653562146523,4.197156688630495,1.6153974965502529,4.564692275515129,69.65758410358518,preci,All,Mon
11.75_104.75,0.0,1.8044383412884526,2.01031929444892,1.9786068261130887,7.4956542296697055,4.223880124692527,1.696138302976376,2.864699382674085,61.26287060888401,preci,All,Mon
11.75_105.25,0.0,1.7731008950462217,2.349790354480582,2.470017232408494,7.9549891832404915,4.138844825160232,2.137041867531433,3.6673787725605873,68.6419340908539,preci,All,Mon
12.25_103.25,0.0,2.1741133461491273,4.437026823920222,3.0377433781723266,25.48533880870782,4.498003622197715,3.3904674819974883,7.027522293556639,125.03693863411088,preci,All,Mon
12.25_103.75,0.0,1.972612662423598,2.6634096168077694,2.2968164233636603,16.694967189205183,4.172921971465861,1.8129882775652457,5.016466106553645,88.95268253640106,preci,All,Mon
12.25_104.25,0.0,1.9266391122108821,2.338789148344891,2.269264945960999,8.741711045245074,3.7994650557850718,1.9109110032506,4.647395664918246,72.33086124729407,preci,All,Mon
12.25_104.75,0.0,1.8921741011837274,2.4191932404794523,2.255192607068405,6.377646448032608,3.908305321988157,1.9842301272451301,3.2046942068516375,71.24040895817616,preci,All,Mon
12.25_105.25,0.0,1.8999443261405145,2.9197571648728715,2.690065466439855,7.740768006960353,4.0040004899248895,2.2783073039767143,3.8019700769152127,86.92494659693953,preci,All,Mon
12.25_105.75,0.0,2.09501031958711,2.9457363585612883,2.6033577855326233,9.047346963929323,4.145081805385899,2.3957924141581266,4.0837614544904675,115.54275584820029,preci,All,Mon
12.25_106.25,0.0,2.169342625654262,2.846538028639836,2.7268748682572883,8.561262813444968,4.1329003046784205,2.6569195127498495,3.904212478568688,155.74438522406552,preci,All,Mon
12.25_106.75,0.0,1.988549201958905,2.97684452344381,2.905575143490765,7.8888229368554885,3.806564016800745,2.3520342402751933,3.2284054095798975,225.7478225206744,preci,All,Mon
12.25_107.25,0.0,1.5814730527495695,5.52116845610157,5.331027149415929,6.9929746120924525,3.506204233791299,3.1810536549633386,5.912078215490317,285.67016261046,preci,All,Mon
12.25_107.75,0.0,1.8091236020864536,4.076377642266608,2.3263991107615296,5.491615714847725,3.4337067147408193,1.8507158554473266,3.108716189996987,169.42961280631295,preci,All,Mon
12.25_108.25,0.0,1.7137444992786042,6.214714922340859,2.218914686723822,6.011000059107495,3.49480365896846,1.909168885288425,3.9990249368292514,103.7114065919037,preci,All,Mon
12.75_102.75,0.0,1.979637992953602,2.3460661630458137,2.844513146866135,25.061328552315818,4.215078065173449,2.9787601825475307,4.3833237288204145,114.23855053436489,preci,All,Mon
12.75_103.25,4.2146848510894035e-08,1.8368293315447057,2.0238230112467774,2.0598477965064768,16.087225030782,4.016821085086883,1.6702087991584087,2.82885081899099,83.41845521486249,preci,All,Mon
12.75_103.75,4.2146848510894035e-08,1.8460088251904712,2.1809495815412596,2.105109983311909,9.41300955020743,3.561633066928197,1.6878713007853998,2.0303243166771696,72.07339483255393,preci,All,Mon
12.75_104.25,0.0,1.916983284227824,2.2167666597793816,2.080755347016226,6.8363752604073955,3.8742571458234254,1.725385348020034,2.1364239617678695,73.40742585866259,preci,All,Mon
12.75_104.75,0.0,2.0620904108948945,2.455520528940492,2.4646709346679225,6.424321840178841,3.364676717214819,2.083496961613986,2.715884695066576,88.18051799289601,preci,All,Mon
12.75_105.25,0.0,2.0738977127949965,2.794896926368968,2.484827866613566,8.136905029994239,3.515902790170313,2.2683885425967265,3.896401136403622,103.87199077371766,preci,All,Mon
12.75_105.75,0.0,2.1252052919267173,2.886892843193278,2.567850871952591,8.683144456012824,3.6297753125152656,2.224836120010825,3.733533982240724,121.60944133500448,preci,All,Mon
12.75_106.25,0.0,2.098415202821475,2.6867206580211547,2.587428649858361,6.2755001217820015,3.6676670499475565,2.252890524382843,3.2566758780584597,142.96757131258093,preci,All,Mon
12.75_106.75,5.960464477539063e-08,1.8849687706882,2.7764812628976463,3.012055174642743,6.1030557474603055,3.3727872403410046,2.6422048537713025,3.1294819133180094,171.15076456785144,preci,All,Mon
12.75_107.25,0.0,1.5626717975554958,2.66175048450504,2.532892339393169,5.854906728862957,2.8620980881603826,2.5900354678102917,3.603178856559751,184.45905333387088,preci,All,Mon
12.75_107.75,0.0,1.727392770792513,3.0905082689479015,2.2236640617777748,4.797457220061332,2.9538099895611865,1.8646484465921518,3.1163352624982847,131.51192445265607,preci,All,Mon
12.75_108.25,5.960464477539063e-08,1.6009976320743824,3.3662478596056093,2.2150031739372658,4.284852895992634,3.4592589922042296,2.0276683384739727,2.9049493977322065,85.10961277097114,preci,All,Mon
13.25_102.75,5.960464477539063e-08,1.8399800335306529,1.8857167802203998,2.0210225057825046,14.09063666688813,3.6469142584998817,1.5183833708976795,2.779906244775942,87.81024202515812,preci,All,Mon
13.25_103.25,4.2146848510894035e-08,1.7995699489299286,1.967503994786413,2.160616383632602,8.104334964976319,3.320938182354233,1.6426216165938932,2.4867119521308645,76.31404577885037,preci,All,Mon
13.25_103.75,4.2146848510894035e-08,1.9080054435019143,2.3545979987921903,2.584401526911917,6.452032606591542,3.558697442044025,1.9183035092009944,2.7279083356498885,78.65173239741718,preci,All,Mon
13.25_104.25,0.0,2.049371776452873,2.5956583699548035,2.8173377457013555,6.458556555124171,3.2491880867311527,2.360159960939696,3.3620002078487623,95.3276289967316,preci,All,Mon
13.25_104.75,0.0,2.2057551207948745,2.698246892228507,2.842732038145045,7.130090619634565,3.142696194129492,2.458355298281189,3.2058681189116984,113.02003405660447,preci,All,Mon
13.25_105.25,0.0,2.1715770401955106,2.799967308675368,2.483238349120474,7.590496414781588,3.208583200935453,2.2060828691488417,3.8503096757096236,119.40429751520999,preci,All,Mon
13.25_105.75,0.0,2.103499541520187,3.0662979296905912,2.544989127091064,7.590787176748985,3.2689683917718857,1.9661235962256356,3.719926553039556,116.86121261119422,preci,All,Mon
13.25_106.25,0.0,2.0437238048483484,2.7731249520909427,2.8010250445534997,5.971225483169314,3.2733857607936443,2.5108961420560134,3.5174429504000724,127.64922113600097,preci,All,Mon
13.25_106.75,0.0,1.9582794837698017,2.9199920212941937,2.59974775401424,4.823548260265568,2.903692217505079,2.566024640272732,2.903032282371692,151.79824069263807,preci,All,Mon
13.25_107.25,0.0,1.783396788648565,2.947184792407102,2.1923704214589175,4.420667100042481,2.5538664304327785,1.9633578640101663,2.5674101514202707,164.9247322612439,preci,All,Mon
13.25_107.75,5.960464477539063e-08,1.785518327859651,3.05644975329136,2.2480969156273227,4.415150332780435,2.521904303920632,1.9979158275383446,2.4527432160691496,123.50708095903111,preci,All,Mon
13.25_108.25,5.960464477539063e-08,1.461473504715334,3.1583055515638447,2.4544319117785656,4.887436340698224,2.669377280087225,2.5110882664317367,2.915755131673934,80.89379740592157,preci,All,Mon
13.75_102.75,5.960464477539063e-08,1.731421834447156,1.6793995472357122,2.2450020706661746,7.3266257772130885,3.3135143595062244,1.5992784888751244,2.360668900080494,101.06411684506823,preci,All,Mon
13.75_103.25,0.0,1.8693867973714842,1.7829560463208103,2.3906958483718768,5.827170112438584,3.1237553586532525,1.6695590316334092,2.394226600066794,98.74674065448212,preci,All,Mon
13.75_103.75,0.0,1.9841012763852939,2.254651182507694,2.7175065574969746,6.5941309054053585,3.1347231542781744,1.9996053032604197,2.954544202267669,109.33499282205737,preci,All,Mon
13.75_104.25,0.0,2.1209823408938417,2.4353584963839743,2.761849759375353,6.588331388650609,3.0196909202954623,2.2442130222811354,3.3863055642191084,122.28617905083937,preci,All,Mon
13.75_104.75,0.0,2.2146769426698456,2.553639768539898,2.6558575571745893,5.461802241360247,2.8535872789278742,2.0548175304774237,2.6161410671092233,125.04205515441056,preci,All,Mon
13.75_105.25,0.0,2.121236760759581,2.5835375629173845,2.274865126562592,5.138144547942243,2.7374150741714716,1.7332556679429219,2.9780377669013496,124.37746725113809,preci,All,Mon
13.75_105.75,0.0,2.097418226565008,2.9871131598381204,2.4974356628901395,5.243622772141001,2.8058115977164704,1.9602487119500978,2.693485889848131,125.73729408841146,preci,All,Mon
13.75_106.25,0.0,2.14193958837214,3.097395003040756,2.8722086797127515,4.928270161674908,3.00095810403574,2.0279759870554246,2.722978367650008,151.27065245961333,preci,All,Mon
13.75_106.75,0.0,2.3826379648845495,3.363350726291474,2.6646362092532994,4.769103666860153,3.0329586967993736,2.1327462384698013,3.206908221518151,204.25138522792128,preci,All,Mon
13.75_107.25,8.429369702178807e-08,2.2500105696381043,3.3928652109704784,2.96346956108526,4.643917134808115,3.060376670661209,2.220608919977191,2.6045518493205697,244.7137195326983,preci,All,Mon
13.75_107.75,0.0,2.245265205502657,3.360365230464245,2.781236295468948,4.587554088957096,3.087003467287181,2.3784012210184686,2.90305122960907,173.45959076042928,preci,All,Mon
14.25_102.25,0.0,1.56635967357184,4.580861393697005,2.9810981900030584,9.11837625376974,3.396581049420474,1.9863497676593151,4.709355199433244,117.87612037274052,preci,All,Mon
14.25_102.75,0.0,1.6725044891066707,2.907656815535273,2.254080985454618,8.002611622079801,3.070792889622403,1.7924354566440939,3.969306756372718,101.7045208554489,preci,All,Mon
14.25_103.25,5.960464477539063e-08,1.8051549605771924,1.9928775586460183,2.1614114209967696,6.215979177600183,2.8139794840728554,1.5573234165804806,2.812965092246699,101.8940766283556,preci,All,Mon
14.25_103.75,0.0,1.9365619036631845,2.281556459833883,2.452436433663044,6.08801446464266,2.854561700012474,1.8128046334984649,3.670440022955094,111.24515149734918,preci,All,Mon
14.25_104.25,0.0,2.0648837872481183,2.809098109145626,2.916360166330825,6.353116423932867,2.896368771723342,2.2161294602227692,5.277495994403559,116.87556645988002,preci,All,Mon
14.25_104.75,0.0,2.0240609696557694,2.419527985757245,2.3174146325005136,4.735539986840037,2.6588451099799424,1.5416943226769415,3.076569897633412,118.39956386624007,preci,All,Mon
14.25_105.25,0.0,2.117848271915467,3.4927189277922452,2.7428282291159363,4.546235131631537,2.668115373168011,1.7459686524888278,4.990994920059975,126.89362792193648,preci,All,Mon
14.25_105.75,0.0,2.2190484941882462,3.5598569975602024,2.4584358580478467,3.817162879152522,2.8802065343858216,1.7313179136413643,2.1856003231987997,161.89786760856052,preci,All,Mon
14.25_106.25,0.0,2.206242543207249,4.26148793118751,2.6505439655876333,4.071421732576626,2.953150653565602,2.0272468432293302,2.379872557185051,222.6619040837801,preci,All,Mon
14.25_106.75,0.0,2.745813926290812,4.385804804743196,3.343786511900647,4.467877654037558,3.4267129668096326,2.4064634330964507,3.5444802406572746,289.92485131037654,preci,All,Mon
14.25_107.25,0.0,2.7913726638736325,4.06131916670111,3.379645481910263,4.654379404163392,3.5586286273485017,2.4990938394684594,3.2243538676490453,280.79700740727935,preci,All,Mon
14.25_107.75,0.0,2.7342688866982985,3.983490355522627,2.8744676326826246,4.759591595357197,3.5431018064545077,2.177817575955717,3.0937965018567635,152.12591194714852,preci,All,Mon
14.25_108.25,0.0,1.9390763522680605,5.366073117959489,2.5778839035088894,5.05014760345123,3.298106537242279,2.0041292334816188,4.329667158509488,94.7745430546899,preci,All,Mon
14.75_101.75,0.0,1.7258372385298715,2.9855584619326625,2.1592715666610847,6.517791186370765,3.823204080280214,2.009164456592422,3.4983239375464934,123.58316221402787,preci,All,Mon
14.75_102.25,0.0,1.63410113427484,1.8168356548326337,1.69164580911969,5.4677548138495276,3.368718700070104,1.3697969554062106,2.2601012327919907,94.33170997148133,preci,All,Mon
14.75_102.75,0.0,1.6838790864188575,1.8665455786274432,1.913403830629556,4.749880564187467,2.9491256623465376,1.5142129803435855,2.5529665600270346,81.95664359020067,preci,All,Mon
14.75_103.25,0.0,1.779859632972986,1.970361097838388,2.0883743469541636,4.0581539874167545,2.793453600473925,1.5595540234105347,3.0615229800941965,82.81825996960625,preci,All,Mon
14.75_103.75,0.0,1.9012370764790343,2.051844958585557,2.283459826891865,3.6795252686853304,2.7745290963107028,1.5653327170707338,3.204716983163416,91.32109886191279,preci,All,Mon
14.75_104.25,0.0,2.129936787735685,2.3300540973145516,2.568970356609147,3.696268028557345,2.876988845388116,1.874651152253414,3.36185104398228,101.48329726763795,preci,All,Mon
14.75_104.75,0.0,2.08834576189019,2.473585196592356,2.4076964976606994,3.1903922424985116,2.7170267763053992,1.726197020901871,2.7462409748404375,112.55128668949793,preci,All,Mon
14.75_105.25,0.0,2.2868829977896836,3.057242620410792,2.503582919284158,3.343507236175837,2.7662582510369558,1.8737545620182685,2.6901180231145734,141.98585121608852,preci,All,Mon
14.75_105.75,0.0,3.0117272284217353,4.457439014096916,3.0171230395701927,4.2756937569168345,3.6026544798545914,2.0727852650774965,2.775933459750167,207.06572712307582,preci,All,Mon
14.75_106.25,0.0,2.6043645830843247,4.8059509622353485,3.003698597723401,4.4284660807922105,3.3176014223467454,1.9752161551298448,6.4767771064757085,268.5787633757539,preci,All,Mon
14.75_106.75,1.1920928955078125e-07,2.839436732688387,4.523182927578146,3.3795466763498307,4.528724428003162,3.738590548767775,2.3507480781324226,2.9950632688409122,261.60553787846385,preci,All,Mon
14.75_107.25,0.0,2.8853585615567017,4.381411103795784,3.273784161091563,4.607500265473339,3.911240065566024,2.5760024460773474,3.251888794410237,175.2266448367622,preci,All,Mon
14.75_107.75,0.0,2.704421496520226,5.2848929375102704,3.149206130186057,4.61163082949677,3.7735323181646088,2.1156138184006665,3.6948692738544895,100.37971053739929,preci,All,Mon
14.75_108.25,5.960464477539063e-08,1.9701289391435326,6.502907148531463,3.0961340285134877,5.864652501688769,3.4503816011273307,2.245804471698483,5.252322935278448,100.35041273444793,preci,All,Mon
15.25_101.75,0.0,1.5881474309860304,1.864103338393866,1.8231704977047767,4.768447397963325,3.6694205851887967,1.59064647222022,1.90417032473791,106.14777347607755,preci,All,Mon
15.25_102.25,0.0,1.5403279499773883,1.628249286166357,1.6890968240062612,3.7499607417726453,3.260693230683328,1.2837118090691755,1.930590476216109,79.43560614627175,preci,All,Mon
15.25_102.75,0.0,1.6096652250902082,1.6324044849185884,2.046990998004505,3.3585904228804617,2.882589633047781,1.4608519097278383,2.214769023673586,68.89239497035207,preci,All,Mon
15.25_103.25,0.0,1.7008125639362999,1.8729759650056357,2.323046058839786,3.3793947008467637,2.6796781900412587,1.5425008775394857,2.655387556253942,72.59859537367446,preci,All,Mon
15.25_103.75,0.0,1.7858418619483007,1.9195071204686815,2.4909125076685092,3.1818756248689466,2.532995410974981,1.6186070044753387,2.785718669526394,85.14120841232047,preci,All,Mon
15.25_104.25,0.0,1.8195656494611419,1.982545162585367,2.4929355475010113,3.2343191675659164,2.4919311218135047,1.7650777647028408,2.805067213457821,98.70954058663227,preci,All,Mon
15.25_104.75,0.0,1.9190042796870226,2.3535519891024266,2.3896412439190566,2.9726724421545447,2.4798873411135425,1.750533248210727,2.9175160467866377,116.1915192440602,preci,All,Mon
15.25_105.25,8.429369702178807e-08,2.09904383968136,2.9037669217139626,2.2372899894722433,3.010383132840693,2.5445078666838112,1.6800912061401387,2.7353440605223933,151.17288107842154,preci,All,Mon
15.25_105.75,8.429369702178807e-08,2.4353518336648983,3.736450812978362,2.7729517706269635,3.81050791931195,3.147916959526443,1.8300625959073393,2.7929392674869566,216.73385599314204,preci,All,Mon
15.25_106.25,0.0,3.126984941639404,6.857011746710009,4.7598792783111845,4.4388731883200805,3.935243039882719,2.9881619115275138,8.84978380078198,240.32765209146137,preci,All,Mon
15.25_106.75,1.1920928955078125e-07,2.6185757987125635,3.86682931280198,3.1112056384257434,3.9954167261967637,3.523272236765605,2.017208385728134,3.1200002753788416,166.99360912027524,preci,All,Mon
15.25_107.25,0.0,3.4296787400316773,4.178697041863735,4.545818739980592,4.445366721097199,4.363352173514263,3.911967925311776,3.546513880536502,98.1666469253285,preci,All,Mon
15.75_101.75,0.0,1.7617716505102294,2.317378015083946,2.286196326004047,4.074550542158925,3.213419392938665,1.809181739768372,2.2351136935758706,109.50213847822478,preci,All,Mon
15.75_102.25,0.0,1.6148005426944423,1.776117875416019,2.063017680632531,3.3290788923958727,3.0449912282663636,1.5408689077149136,2.1146689884387686,75.4149687375368,preci,All,Mon
15.75_102.75,0.0,1.5803716612652847,1.782950135168091,2.1422608022364185,2.9976008512056525,2.7709339725391033,1.55433603225442,2.293623564968495,64.17908411024766,preci,All,Mon
15.75_103.25,0.0,1.66106925969327,1.947730460424452,2.4551484389317184,3.040897989408154,2.516695216888724,1.6941199603662924,3.1491475818652517,74.06699490423098,preci,All,Mon
15.75_103.75,0.0,1.696765333085795,1.9813003474626036,2.475888911139311,2.9400307599728683,2.3049173139453383,1.7222402145333136,3.2084529434448297,89.0256986359072,preci,All,Mon
15.75_104.25,5.960464477539063e-08,1.6260498898853581,2.1267033118705636,2.343666949194662,2.8250115824533015,2.171976687361355,1.7624965938577704,3.134562653123406,97.54065697706231,preci,All,Mon
15.75_104.75,0.0,1.7085949155508153,2.496334165073835,2.3198564023413795,2.7269651733069935,2.3175933023217974,1.7668118181788348,3.684856584732548,106.37339592828637,preci,All,Mon
15.75_105.25,0.0,1.900705328998513,2.825320337421543,2.6376513661459318,2.852643572948459,2.5490829503014276,1.9195703621620746,3.473203622339431,137.87808853600123,preci,All,Mon
15.75_105.75,8.429369702178807e-08,2.1948875275691835,3.2728846088078147,2.7333391695392475,3.5698358266796704,3.0025895453502183,2.211288589692848,2.9934966331339963,190.92262073590697,preci,All,Mon
15.75_106.25,1.1920928955078125e-07,2.440593062763711,3.668283662128868,3.1444999193862793,3.6167653817583463,3.320028383683503,2.0249284760143467,3.103393906756131,183.05837564585207,preci,All,Mon
15.75_106.75,0.0,3.6279512151467523,4.061201168049491,4.359515074524992,4.685858396437658,4.612543509572322,3.600842459478383,4.2092750993693056,99.62112705816355,preci,All,Mon
16.25_101.75,4.2146848510894035e-08,1.991157067119644,3.51257819039527,2.6055210120051444,3.8552770632748987,3.1249429481918667,2.1393860931059505,3.75063126617785,103.46132207000166,preci,All,Mon
16.25_102.25,0.0,1.7485769448904729,1.8764210840452182,2.443213626499433,3.2718661007485457,2.9668812898043817,2.067191681462563,2.195798980171291,70.8460801155371,preci,All,Mon
16.25_102.75,0.0,1.5535810468067484,1.9544313187798565,2.168877826147984,2.9632866244250375,2.7263745315967336,1.599129889790143,2.1695839582499272,62.75450225960376,preci,All,Mon
16.25_103.25,0.0,1.5698894340198777,2.039026436322689,2.3253745626739635,3.0777832435001935,2.471554745727977,1.6877125848042325,2.76160195293014,74.92054456229516,preci,All,Mon
16.25_103.75,5.960464477539063e-08,1.6884917777528698,2.1031048971095805,2.4202265116348496,3.085784716599147,2.3285817960394724,1.7995053057254065,2.967443859024588,89.11726782463997,preci,All,Mon
16.25_104.25,0.0,1.608883684706925,2.57996326113439,2.661672176562023,2.89663964932224,2.3052565212610467,1.9961673353578107,3.735539413424637,90.1426004234232,preci,All,Mon
16.25_104.75,0.0,1.7402450258084856,2.8924598808276305,2.852805454662587,2.7679098902924366,2.6049386140421467,1.950973836315159,4.116528175015356,95.81586110869655,preci,All,Mon
16.25_105.25,0.0,1.9610051320506043,2.981871276212401,2.6813356757339726,2.8559916261094442,2.973873271821767,1.8029012478341493,3.5753819474323767,129.44527585242452,preci,All,Mon
16.25_105.75,0.0,1.9911700190084747,3.084031473974533,2.662563781367784,3.2967594626077763,3.014993004544702,1.9106942638836288,2.6539142694214366,163.11616402389822,preci,All,Mon
16.25_106.25,0.0,2.596866237531266,3.4926893007467363,3.0913474481941234,3.764030132574743,3.55491083925436,2.2596948768343017,3.052838285494683,117.51300188449267,preci,All,Mon
16.25_106.75,8.429369702178807e-08,3.209029566535554,4.332987179671269,4.359804632569883,4.8125788127865885,4.393508250889792,3.2015161677574437,4.884578467875219,83.03257416543518,preci,All,Mon
16.25_107.25,0.0,2.9030248428307543,5.351485518660541,4.248580194850555,5.05826504858435,4.108251433318345,3.182338073987417,4.839668829271989,111.72256386569569,preci,All,Mon
16.75_101.75,4.2146848510894035e-08,2.2521108973250974,2.701808681743802,2.9574310894982254,3.5057790867476295,3.066411713250818,2.9790555061305546,3.1307825253935437,86.29521603886118,preci,All,Mon
16.75_102.25,0.0,1.9381725987384952,2.048978627890925,2.3207410191206703,3.182065244388072,2.8498895611649924,1.8534868898286854,1.9162115730244125,65.07865033426494,preci,All,Mon
16.75_102.75,0.0,1.6681847166142276,2.1809893619255125,2.1518744045289746,2.997747327296534,2.587676165551592,1.5739189203788084,2.3732958096379337,61.83742036677961,preci,All,Mon
16.75_103.25,0.0,1.544114922582609,2.2080425934726056,2.232611665348411,3.3570684699486715,2.3465135443741376,1.6807416162440643,3.56967055916707,73.23456073094617,preci,All,Mon
16.75_103.75,0.0,1.5500768508444083,2.6645725390502917,2.756925504993906,3.5642465447053238,2.203447225736136,2.1193277585444226,4.276409272261888,82.93636810965585,preci,All,Mon
16.75_104.25,0.0,1.5786756297601,3.211988886260332,2.9924812993947323,3.114661964390026,2.3655769165546805,2.2063285014734895,5.056860337299293,86.10799025498613,preci,All,Mon
16.75_104.75,0.0,1.7610324964846957,2.8679454827624973,2.6973323128185798,2.6970561342559263,2.6050587271088284,2.0059207762221063,3.5809141450887285,100.68279222910263,preci,All,Mon
16.75_105.25,1.1920928955078125e-07,1.98745935655245,3.0795488744652983,2.851084756691051,2.8141019705943764,3.0778711441038835,2.145962428523915,3.495263188463188,134.47234291875986,preci,All,Mon
16.75_105.75,0.0,2.2251792257338536,3.294618001405086,3.0614472276851123,3.3609635782321834,3.3381342832737664,2.2050642817172923,2.8914042605399364,131.1269701055481,preci,All,Mon
16.75_106.25,0.0,2.4802332546432986,3.257651072757959,3.485470626867555,4.040133200172644,3.3740150636027155,2.349886249758483,3.5804656706676408,83.82216803092928,preci,All,Mon
17.25_101.75,0.0,2.447051159150004,2.2191400585453063,2.677960913705425,3.209928441426154,2.9123903010775347,2.6237589489145456,2.420889434581665,73.47187987907004,preci,All,Mon
17.25_102.25,0.0,1.9700555714222794,2.004002385418388,1.9050386495014333,2.8453611146932523,2.537603318745843,1.4124417409534198,1.868127972021126,60.61665732590416,preci,All,Mon
17.25_102.75,0.0,1.6751004784181944,2.362455557616922,2.208252126131759,2.6945779928224054,2.3792132740853176,1.7321413276841469,3.148601210156022,60.67559430825714,preci,All,Mon
17.25_103.25,5.960464477539063e-08,1.6328981203371198,2.52680357150981,2.349044996087795,2.9105646022203553,2.335381260146126,1.9585014808755519,3.661563861739234,69.56024316372462,preci,All,Mon
17.25_103.75,0.0,1.557838177952436,2.825248779970404,2.7753675736522787,2.8905083118649486,2.3587483025323084,2.493835677731047,4.695864210139515,78.58198435168906,preci,All,Mon
17.25_104.25,8.429369702178807e-08,1.6849525182589684,2.8728880861400095,2.85219121654881,2.7534777494367715,2.828595677954159,1.8226274550042194,3.309478103536641,91.60829349377902,preci,All,Mon
17.25_104.75,0.0,2.0586303581044008,3.6108128683376655,3.332089657064405,2.9931049764229463,3.3700254377058494,1.9787281062638262,2.7324748247146227,114.60440090754726,preci,All,Mon
17.25_105.25,0.0,2.6047725984985175,4.05534945353457,3.5191589132880905,3.582704775625548,3.863308210049507,2.1711610086650714,3.1841271449853132,119.51656074570306,preci,All,Mon
17.25_105.75,0.0,2.451248231299346,3.3913384288605752,3.4466398972398617,3.91043960270327,3.259979277171328,2.1089902440913852,3.105899837722527,88.30426711099764,preci,All,Mon
17.25_106.25,5.960464477539063e-08,1.8814259935021111,3.6550038525373454,3.5771804760566654,4.73000742304779,3.046449937437458,3.112806614463571,4.838603660409665,77.3105856172835,preci,All,Mon
17.75_101.25,0.0,3.212156136399113,2.2480398962570014,2.1699144811876883,2.874249793800518,2.6701720715044854,2.002541038409197,2.771600634530769,80.65904277273674,preci,All,Mon
17.75_101.75,0.0,2.456237347606585,1.9723177909991818,1.974989769278276,2.866092338414382,2.634619984063017,1.703363312696654,1.8268638076536283,68.26050364409966,preci,All,Mon
17.75_102.25,0.0,2.0966954377303084,2.358809793335721,2.3393939490934335,2.472200916349609,2.4179945165171732,1.9508688567006747,2.410773392298243,62.60936548139102,preci,All,Mon
17.75_102.75,0.0,1.8277348242263116,2.672305718030601,2.4468249194540967,2.4314156668381477,2.6746778285478188,1.990480564701342,2.5355980621040874,68.20689814959128,preci,All,Mon
17.75_103.25,0.0,1.6566587638065133,2.698011439583942,2.6058999528072757,2.4862327848286543,2.8317482930508695,2.0395371649092535,2.689068702571618,80.72982495222213,preci,All,Mon
17.75_103.75,0.0,1.7578753240377387,3.078104248634273,2.8565606579910927,2.6385303151185875,3.096494125109278,2.3389875018415003,2.6277500908127305,96.06725699838996,preci,All,Mon
17.75_104.25,0.0,2.706104628611208,4.713969005447102,3.912699828478644,3.478926998508651,4.317986452560482,2.527445387392767,3.4246388926701496,113.19436600882116,preci,All,Mon
17.75_104.75,0.0,3.5236878107876444,4.9233136149825505,4.577997813306338,4.381251478753383,5.040326432538511,2.56794161996558,3.7084354329270806,109.32841519980921,preci,All,Mon
17.75_105.25,0.0,2.954375307808514,4.220114182451825,4.214350550312139,3.7525253924699835,4.037696662665105,2.424487615416387,5.382289187162717,87.1402481818789,preci,All,Mon
18.25_101.25,0.0,3.3153667201250854,2.2270530375082838,2.48312272138601,2.54908789544265,2.7700896849196486,1.6602535770078009,2.3884842136848397,71.37057365734317,preci,All,Mon
18.25_101.75,5.960464477539063e-08,2.7860325826872314,2.2589045251105486,2.2591257361065495,2.2554089616084934,2.61381768127463,1.534377176817354,1.966703278200837,68.0876627192952,preci,All,Mon
18.25_102.25,8.429369702178807e-08,2.4002724233918906,3.4398865725400922,2.62596394793332,2.3996827193478167,2.695656137182712,1.8498314741237412,2.8951366440522013,72.96718319257613,preci,All,Mon
18.25_102.75,1.1920928955078125e-07,2.3318121066747266,3.506103764926927,3.1565588718134694,2.8623195722160997,3.2340903441316606,2.6059017669188136,2.986906752957292,86.23602754254924,preci,All,Mon
18.25_103.25,1.1920928955078125e-07,2.778435461503937,5.014834482510001,3.785942582514677,3.7361742705048173,4.157242243059227,2.779798549785475,3.6757586188570737,106.51175870120896,preci,All,Mon
18.25_103.75,0.0,3.6874306050322154,6.307737847537867,4.7442768575752154,4.733313712318632,5.247248527596006,3.254955529469907,5.362806825383105,115.25580242921633,preci,All,Mon
18.25_104.25,0.0,3.0522816292245993,4.842960092763282,4.289597640738438,3.9955899913775546,4.860668385126758,2.7960736219996223,3.232617249840228,105.1854424797898,preci,All,Mon
18.25_104.75,8.429369702178807e-08,3.0139704662340425,4.173902345953632,4.525365186948376,3.4333793858965618,4.148622054132624,2.9995257497601915,5.64751182913175,84.37649986546765,preci,All,Mon
18.25_105.25,0.0,2.0189506880191064,5.177141135076506,4.35765238735535,3.248519216602791,3.0546050412650985,4.261089527919172,6.572123186110062,82.90689228129298,preci,All,Mon
18.75_101.25,5.960464477539063e-08,3.558911442123673,5.155803791826587,5.002914303405973,2.4718892417832152,2.8732873869522857,4.50254812302969,6.3931019553277615,78.7862332979577,preci,All,Mon
18.75_101.75,0.0,3.2332592291660753,2.596880286126903,2.619598202121743,2.1359738032740707,2.8179713743446393,2.0863963995206047,2.167668951570561,77.73641604456904,preci,All,Mon
18.75_102.25,0.0,2.688944484455301,4.241838790817573,3.4208820388714596,2.871834654954383,3.1180934933950497,2.4405794124376348,3.095128271096825,87.04441033406366,preci,All,Mon
18.75_102.75,0.0,2.854239465251703,4.451731986397405,3.635924186354516,3.3174325466705605,3.5591325292862463,3.3370827345906804,3.418783765137302,108.34172316685654,preci,All,Mon
18.75_103.25,0.0,2.6189366739127804,5.868430535346302,4.4147388263978655,3.006082031115425,3.3784014407276346,3.7596635872013158,4.2449301986860215,120.65628114795702,preci,All,Mon
18.75_103.75,0.0,3.7969676673040276,5.718127920814747,4.645302316674916,4.367939977641724,4.891755464998232,3.5093971163643003,4.554358602108318,115.656227608518,preci,All,Mon
18.75_104.25,8.429369702178807e-08,2.504948531887836,3.3284213735935433,4.293660547743118,2.789090330854475,3.4881437930290704,2.6842379015851128,3.2310047396669623,89.14786815320953,preci,All,Mon
18.75_104.75,5.960464477539063e-08,1.8878520199847844,4.476685516128344,4.930883504168942,2.8169239057990723,2.7094141322322107,4.006343045806989,4.697067758153024,79.89220099542854,preci,All,Mon
19.25_101.25,0.0,3.57923301534229,5.839080346289703,3.6272571697234874,2.396342344809376,2.9516772172149355,3.2387878394968204,7.302849880294279,80.0467924682566,preci,All,Mon
19.25_101.75,0.0,3.512577109017661,3.0786619451551878,2.4454722727775393,2.1997593649694265,2.8880190089858027,1.784429347259245,1.89762515444883,80.81687372386504,preci,All,Mon
19.25_102.25,0.0,2.800942207898777,3.880403832414028,3.332843987533492,2.376822787483139,2.809991636499812,3.545536652109265,3.18430076124521,86.34916997029492,preci,All,Mon
19.25_102.75,0.0,2.6005351108503376,5.548988894915266,3.25104244015263,2.4256491753993292,2.8375965223847457,3.099772103707592,3.669890092313209,98.26870820656251,preci,All,Mon
19.25_103.25,0.0,2.361008155217953,4.766340667799929,3.4677541846101985,2.151838034724945,2.6607448607131747,3.507471709417581,4.025184386659521,107.61560303491886,preci,All,Mon
19.25_99.75,0.0,3.6936724505127994,2.259820773075532,2.2310769852184804,2.4492859362522914,3.0480177348089184,2.067250201343681,1.8974612446603942,83.13685041907645,preci,All,Mon
19.75_100.25,0.0,3.517164977972141,2.624294937042096,2.8255261651390597,2.448444020949925,3.015956415144326,2.273961342505579,2.328020790233153,74.73523638616845,preci,All,Mon
19.75_100.75,0.0,3.5257221008990807,2.8654855904463017,3.3347064514615576,2.3377254414521373,2.9821969167520432,2.7282907742928906,3.0329004673376248,76.80054546204398,preci,All,Mon
19.75_101.25,0.0,3.590252088460058,3.8898697821680353,3.1630813985350485,2.2469334485570673,2.787299783999585,2.7967104563713607,3.1559778017313818,78.68807826102456,preci,All,Mon
19.75_101.75,0.0,3.3774528213627097,3.0741513342510816,2.490692712571941,2.1367782924988834,2.6267843282928798,1.6829186573215005,1.7880227513816804,75.41866783952882,preci,All,Mon
19.75_102.25,0.0,3.038575825236533,3.568139582056268,3.5272355730696834,2.145360498823329,2.4826134045242565,3.0828831895229407,1.9998753129865254,68.3698793420476,preci,All,Mon
19.75_102.75,0.0,2.640545861229991,3.6076755073071083,2.68020928939431,2.2136502611411015,2.562462372573732,1.9404692478596506,1.8706651918218247,70.82904989559577,preci,All,Mon
19.75_103.25,0.0,2.337142733347211,3.413861332696392,2.5987289407043885,2.240370860662049,2.6331146060266675,2.105673952979479,2.1651465999237605,77.45756842571429,preci,All,Mon
19.75_99.25,0.0,4.370451371999968,2.5337556259491736,2.4555363288093517,2.5536061549164466,3.0389933555830564,2.188938732854575,2.2271197067407145,100.39247666153571,preci,All,Mon
19.75_99.75,5.960464477539063e-08,3.521463720119414,2.845251178732151,2.6540697987181576,2.5895778969710697,3.0486336596924413,2.121817519912903,2.2981005328930477,87.1379231362626,preci,All,Mon
20.25_100.25,5.960464477539063e-08,3.2209107218333153,3.3232289760641938,2.8115207989467255,2.892729929473345,3.1573026900656203,2.352578475859295,2.6360022511119454,83.12106436124117,preci,All,Mon
20.25_100.75,0.0,3.2856351507970634,2.672963338180316,2.8198603420406845,2.5709559065780994,2.8933713652243926,2.48720681554248,2.59945971138388,74.93215915268215,preci,All,Mon
20.25_101.25,5.960464477539063e-08,3.4749040207306163,2.6626504418328913,2.9400794604880294,2.2660671820085,2.464811980478561,2.0711061328894136,2.263941924946722,74.22856585603205,preci,All,Mon
20.25_101.75,0.0,3.2638553771923227,2.9595566302110305,2.7803842041440783,2.208063722414804,2.351183912136111,1.9329114601473838,1.945249466617979,67.3139574077265,preci,All,Mon
20.25_102.25,0.0,3.0925116772250556,2.6896034926959342,2.4927902727476616,2.1667020949951885,2.3200603631968915,1.5937750489265743,1.7385642283298626,57.8996975878132,preci,All,Mon
20.25_102.75,0.0,2.6531747262696537,2.9233766092868803,2.481049100690146,2.19974493052306,2.3862355007524325,1.6821123738513464,1.8814058983897872,55.43352526025834,preci,All,Mon
20.25_103.25,5.960464477539063e-08,2.2265611405888848,3.0843593040102384,2.3348592751917114,2.139804317272769,2.3944446024413035,1.9201271736184033,1.8004026060867209,63.52787890760963,preci,All,Mon
20.25_99.25,0.0,3.895860005505652,3.0175419808270845,2.962214658607372,2.46438497037201,3.092485355495104,2.611640541241016,2.5674842735482666,103.23266056521635,preci,All,Mon
20.25_99.75,0.0,3.406436436130719,3.1741130395939083,2.786121117240702,2.8457375032807737,3.1932390426065576,2.2730493545167976,2.5421654938763774,98.01621228251042,preci,All,Mon
20.75_100.25,5.960464477539063e-08,3.1607907614337267,2.7898808526117507,2.6409437276722345,2.7852546021234494,3.042948162909126,2.0804555608853708,2.4059842945845515,90.59000471971815,preci,All,Mon
20.75_100.75,0.0,3.0775924586546806,2.5321078548903535,2.744278586494721,2.676569866557017,2.8566525727351526,2.8092666923459917,2.876903085888508,72.2525883316508,preci,All,Mon
20.75_101.25,0.0,3.206737133525893,2.4450053202620214,2.9045915987541866,2.497061926659641,2.587117670013263,2.665010312962719,2.849074398578474,66.22575032723434,preci,All,Mon
20.75_101.75,0.0,3.042403419461435,2.4428880026555295,2.425536197401443,2.3216045195216948,2.4268864563660975,1.9022517290705843,1.931073333959332,65.62539936395483,preci,All,Mon
20.75_102.25,0.0,2.868841458797708,2.3676378585353945,2.85657358369195,2.208077755727065,2.423974849469582,1.6737777013674286,1.752846448963036,62.243554878184014,preci,All,Mon
20.75_102.75,0.0,2.6029477769576252,2.495243227213215,2.4295453554301343,2.0777374296773425,2.3943855312827327,1.5977341135786378,1.5636164547461584,56.2985195191074,preci,All,Mon
20.75_103.25,5.960464477539063e-08,2.2874357660111238,2.853511815098904,2.974971728130655,2.147792581485428,2.5201398506694255,2.0023018011510896,2.390040492041333,57.53656022953241,preci,All,Mon
20.75_99.75,0.0,3.4655783774124425,2.742847767297587,2.636596717259854,2.561698513775937,3.040771169658983,3.129010684655828,2.6411137813576566,101.82667755447818,preci,All,Mon
21.25_100.25,0.0,2.9826173370338176,2.3796370859401303,2.258213704003024,2.3548280411374036,2.8176970821074865,1.6884177751960199,1.9256288043143508,88.73316824835024,preci,All,Mon
21.25_100.75,0.0,2.7813999135812195,2.2425899216697873,2.596873481305401,2.364852698095913,2.724184696919253,2.4446395300922656,1.9436882165811518,68.64190559882412,preci,All,Mon
21.25_101.25,0.0,2.8211244520784957,2.2901655191710812,2.384183378070377,2.430389948540952,2.669431409702568,2.3367460000632247,2.590860688163013,63.049607467781414,preci,All,Mon
21.25_101.75,0.0,2.8144969364591965,2.811379024291413,2.4549273413123887,2.4165039005005613,2.7070730773673137,2.0822586650586996,2.5782521180697895,67.27015499582168,preci,All,Mon
21.25_102.25,0.0,2.7388648817868924,2.40618447532356,2.8228022149193173,2.342301694295475,2.7257790609171844,2.2597431482682655,2.128839396456507,64.51215643940677,preci,All,Mon
21.25_102.75,0.0,2.486114367318857,2.6024243544366232,2.715714899144166,2.323446460965678,2.747292496725275,2.0257756062355288,1.7075054937390877,59.94839098644228,preci,All,Mon
21.25_99.75,5.960464477539063e-08,3.5296789252814698,2.8139513948262866,3.48599843790029,2.2810140123605684,2.8289056871505407,3.516215623270821,2.6196404956061885,94.16603467629585,preci,All,Mon
21.75_100.25,5.960464477539063e-08,2.425540278322221,2.6776104852052574,2.203127510029406,2.278495320806837,2.6883157928520216,1.9041203119789387,1.9341671737883137,76.87167950810624,preci,All,Mon
21.75_100.75,0.0,2.313610971856851,2.1017017406282625,2.2816358778200807,2.2701080807690426,2.596078569008152,2.13606911504465,1.8596979121957211,66.75477298426067,preci,All,Mon
21.75_101.25,0.0,2.262135400527619,2.2065634846983535,1.9144064097386253,2.2302292780714543,2.5609577541550896,1.6095126654445262,1.7782616401489741,60.26486308967558,preci,All,Mon
21.75_101.75,0.0,2.298475918215666,2.6768913574304616,2.620308986145026,2.418462753547948,2.7337734106064935,2.509273592791111,3.142619710959261,62.12917345027104,preci,All,Mon
21.75_102.25,0.0,2.3781452196875623,2.6049549621051367,2.5164622514814114,2.5778708161378114,2.9628102821286797,2.0754512109102725,2.0998315503737572,62.804662397931374,preci,All,Mon
21.75_99.25,0.0,3.255420515486728,3.1032533723369355,4.664264690815454,2.119992112139731,2.814030468213239,3.5141007146442895,3.439039130141928,70.61674962418238,preci,All,Mon
21.75_99.75,0.0,3.0138764019882855,2.4165763264079705,1.8957282467946603,2.0779404233343164,2.776480408835747,1.5820857379947093,1.6902059201703397,77.3297993138443,preci,All,Mon
22.25_100.25,0.0,2.0181941972268302,2.2047956267237363,2.968529493091927,2.436130993862087,2.802155316024679,3.2996206173663536,1.9214741718670096,66.543131094552,preci,All,Mon
22.25_100.75,0.0,1.9572980267044642,2.2197627242243696,1.9314434788393733,2.424343861481637,2.6711258853350257,1.6747234650402805,1.98899736759882,64.66026594021214,preci,All,Mon
22.25_101.25,5.960464477539063e-08,1.8693386060983699,2.1484214949257168,2.12537058292618,2.473590264985574,2.7195773008651334,1.6201031425381216,1.7494828530867268,63.50022173674551,preci,All,Mon
22.25_101.75,0.0,1.992106121385679,2.4642657356044717,2.483600786571278,2.793613012711078,3.05517847515583,2.2165373023127826,2.0557591694117323,64.15054313541516,preci,All,Mon
22.25_102.25,8.429369702178807e-08,2.2016679432136206,3.032100665746799,2.4961323926404644,2.921883977054125,3.265268940156634,2.0655822499655745,2.389995919439245,64.26565820239361,preci,All,Mon
22.25_99.75,0.0,2.5434438922509846,2.2211977028568723,2.233658170574205,2.330790417764462,2.817285697944766,1.5113008589869603,1.6877950980606071,69.19373850016034,preci,All,Mon
22.75_100.25,5.960464477539063e-08,1.6657538166406225,2.3414844677231255,2.060458633738263,2.633302522319437,2.97960224083763,1.6367250307073413,2.220397023171098,59.8157488281021,preci,All,Mon
22.75_100.75,0.0,1.5392324565778426,2.274103814073376,1.9629741613029894,2.54797978363137,2.9209995552476187,1.6896095703341025,1.7956044192389522,61.68643456979081,preci,All,Mon
22.75_101.25,0.0,1.4819868835221321,2.3358861415480425,3.5599677500778606,2.6515097922995854,3.055048888418044,5.106944994422512,2.160656103291081,64.74910585066569,preci,All,Mon
22.75_99.75,0.0,2.1767853841075517,2.7517632216530754,2.020613461065505,2.5144240275866316,2.9880973980538568,1.944827450889914,2.052352116170088,66.44399016547602,preci,All,Mon
23.25_100.25,0.0,1.5884103382463586,2.3438186847790368,1.8414900110287435,2.3702171675778745,2.817915962164799,1.4891377833699417,2.0277188296052784,66.30424026948938,preci,All,Mon
23.25_100.75,0.0,1.4594127704730773,2.1373759098672487,1.8343054900640938,2.298744609695967,2.694364135413128,1.9504249468080062,1.7170865810781084,64.93293550299897,preci,All,Mon
23.25_99.25,0.0,2.351111739757678,2.4837599233330026,1.762740112253174,2.1822529823791093,2.9922980110178523,1.4144709054427445,1.9741192165682497,79.99895777050737,preci,All,Mon
23.25_99.75,5.960464477539063e-08,1.9352356804558317,2.763812581875858,1.8878644964985283,2.252823668156385,2.9497575157138365,1.4888970743262562,1.862016289530047,75.89605184040605,preci,All,Mon
23.75_100.25,4.2146848510894035e-08,1.7065089124191957,2.9742105500959863,1.821609154714776,2.2583534386270245,2.6760131099403908,1.6652815272020294,1.8323655528578315,73.82542582616547,preci,All,Mon
23.75_100.75,0.0,1.5536817181240488,2.2589824471986746,1.7213049986275184,2.2090770988614765,2.594454347127519,1.6148697446383056,1.6848090756089569,69.41744312051732,preci,All,Mon
24.25_100.25,4.2146848510894035e-08,1.8406587766434395,2.711222405243743,1.675934687085166,2.203499939344017,2.575479772578169,1.3860491494775828,1.8501978659522387,75.35696173114164,preci,All,Mon
24.25_100.75,0.0,1.7370046978288323,2.5075726908031517,1.7270826803135897,2.2386949277574595,2.5574540899175955,1.4782628787346337,1.6457162199242432,75.30027369615033,preci,All,Mon
24.25_99.75,0.0,2.0628856891149154,2.4791093049314563,2.087429087674833,2.120167216146112,2.608263974822256,2.372290482243818,1.976404631001814,69.98081015197008,preci,All,Mon
24.75_100.25,0.0,1.4735075731772014,2.513871633948765,1.7398366296741754,2.0006915532936635,2.3915318269601347,1.3445094040133245,1.6978035386706938,69.9630415465585,preci,All,Mon
24.75_99.75,0.0,1.6741650070467757,2.4310640975049185,2.2338625860670684,1.9813064928392639,2.3965624306622915,1.8547755157254187,1.8279595597042932,66.8067369932048,preci,All,Mon
25.25_99.75,0.0,1.5993064679587592,2.534961173418999,1.883310770747777,1.9924988615841055,2.3801230980152295,1.9334822239652694,1.8417892218703524,69.73319297502647,preci,All,Mon
25.75_100.25,0.0,1.2722106662935833,2.612806507276607,2.0356767664204423,2.2416267383397317,2.6034892798402316,1.6770490210218936,1.6624546781831284,66.69422270398672,preci,All,Mon
25.75_99.25,0.0,2.3109318673139705,3.5874568994012117,2.709429803777741,2.0335332584751087,2.444437908818122,2.5724636157964054,2.2747745967260395,98.20825437941609,preci,All,Mon
25.75_99.75,0.0,1.4251802726395808,2.8009686569055905,3.0196701427756363,1.9808934219419496,2.3916311210743753,2.350947009360567,1.9084736579653891,77.67146263859023,preci,All,Mon
26.25_99.25,0.0,2.59496969283703,4.854452772902396,2.7613570886203527,2.106353000475057,2.5144550718883556,2.796694653488453,2.683951048622855,109.13293923746195,preci,All,Mon
26.25_99.75,4.2146848510894035e-08,1.4772187752114891,3.3608908655442735,2.774562132969839,2.049774458319131,2.415633066717025,2.3605264553655103,2.1313449090820007,86.97021628583573,preci,All,Mon
26.75_99.25,0.0,2.7311319962805474,4.983314765069743,4.073834133148623,2.3818484977123813,2.5694243616714725,3.7699779826007425,2.4609382213568214,108.5691694683186,preci,All,Mon
27.25_99.25,0.0,3.0285761680086725,5.5076038045237805,3.0627065057464926,2.306582760185447,2.533991872142481,3.2451336369508597,2.063603768775209,106.9695643418734,preci,All,Mon
27.75_98.75,0.0,2.141621930335614,8.14172499779412,4.945469614557669,2.2775321568511786,2.4089511514631043,5.929968263910636,2.3534805639168197,111.98740790388662,preci,All,Mon
28.25_98.75,0.0,1.70962692482579,9.61763223269516,3.1728157457956216,1.9131001413605175,2.2349175933216423,3.5460946550351586,2.852351156920884,91.92918045934402,preci,All,Mon
28.75_98.75,0.0,1.4176788421614315,6.754194520540413,1.646641590807028,1.2600082856889776,2.051601075919715,1.4861231629481555,1.3516594321258528,75.40911850245297,preci,All,Mon
29.25_98.25,2.9802322387695312e-08,1.1505600823365638,6.165526236796659,1.2856101122125163,1.2139385366771804,1.9305784315538532,2.1911876623454383,1.0588643016629393,53.1205589379862,preci,All,Mon
29.75_98.25,2.9802322387695312e-08,1.068718948812298,4.689709099490539,1.1881280658099986,1.2882875310004642,1.7882088066304669,0.934285229748593,1.0498016357711697,41.7459629867914,preci,All,Mon
30.25_97.75,0.0,1.0512887331033955,4.249091177375115,1.506192406906121,1.1679464428412654,1.3865805152408488,2.6218077263511543,1.4473841818663136,46.52514424860813,preci,All,Mon
30.25_98.25,0.0,1.0442701317181642,3.215185631434985,2.120970413639735,1.190898441450843,1.4773131457822353,2.086602685394259,0.909344590336057,40.818275064242805,preci,All,Mon
30.75_97.25,0.0,1.0441570301079388,1.665942425795056,1.9130139319435886,1.1743964243171536,1.168405299160178,1.83226709848682,0.7818818184217939,50.413908702473364,preci,All,Mon
30.75_97.75,0.0,1.0528686928020312,2.260102658028643,1.6647070072005319,1.2475249583120227,1.2494255122268285,0.8887820309334685,0.8069969285148257,55.24719280885556,preci,All,Mon
31.25_96.25,0.0,1.0042699632958674,1.712498504790311,1.4518021536969308,0.9592924982419924,1.10157520261141,1.2331094398493252,0.7967146446493185,44.38412307635169,preci,All,Mon
31.25_96.75,0.0,0.8785703772504228,1.2100748576139824,1.3150577063376845,1.0491229952596368,1.1882725897181685,1.2331111599377276,0.7021174895563893,38.74018432640184,preci,All,Mon
31.25_97.25,0.0,0.9835595024569761,1.1900202705118912,1.729886184837576,1.1083184746510215,1.1552393501593547,1.8004454773584135,0.6300878936237269,41.35170784181459,preci,All,Mon
31.75_95.75,0.0,1.1912479763360926,1.8105032065888285,1.9280661255883722,0.8902667913902349,1.0490247272350066,2.4558492122871747,1.5238885086775915,51.23084035638321,preci,All,Mon
31.75_96.25,0.0,1.0799665230488626,1.5610128676495578,1.5527989173133172,0.8592074954184429,1.076476155911177,1.4991013174646448,1.0645955872299335,46.08125019559778,preci,All,Mon
31.75_96.75,2.9802322387695312e-08,0.9440867049110752,1.1224733770835005,0.980364192262896,0.8942061851381898,1.102590711319979,0.9281932547573234,0.6712670391311991,38.146608122888296,preci,All,Mon
31.75_97.25,0.0,1.023140324637118,1.3202960319255417,1.1144517610344373,1.0069894744731547,1.1477911014817728,1.2221233340824587,0.6484952290782936,37.173508720774336,preci,All,Mon
31.75_97.75,0.0,1.0539062331068483,1.7835945515899931,1.9312558964622872,1.1638186791079443,1.2019586265188953,1.8224727977652073,0.7668810158763829,44.8588506474537,preci,All,Mon
32.25_94.75,2.9802322387695312e-08,1.3364184825028949,1.1599458701781225,1.2692731041603946,0.91933472509147,1.0011743986960704,1.550710142241032,1.1242651425372703,55.628177673827814,preci,All,Mon
32.25_95.25,0.0,1.2807043487386813,1.4208983582696575,1.2388381111709188,0.9367233196946493,0.9973125602797211,0.8109270195102951,0.998908672872119,54.51387267260005,preci,All,Mon
32.25_95.75,0.0,1.1237526169740262,1.2296331940102208,0.9770190940696869,0.8797636353399328,1.02062398375453,0.7216536803294912,0.8437169714908112,51.087748620903575,preci,All,Mon
32.25_96.25,0.0,1.0094687374329823,1.0433574179019103,1.3454133489275444,0.8364940748254444,1.0895782158191563,0.8852108947588079,0.758687092223675,44.93252330348063,preci,All,Mon
32.25_96.75,0.0,0.9502483900008424,1.1883004166990498,1.3761552917105286,0.8464248206354879,1.0825387301308587,1.3269437867228067,0.6961141166186255,39.77952468016793,preci,All,Mon
32.25_97.25,0.0,1.006651674049527,1.7386142413376742,1.8843888068421437,0.9699371647326638,1.087006093242559,1.7331090384987324,0.7724767411354876,39.77800608057789,preci,All,Mon
32.25_97.75,2.1073424255447017e-08,0.9973435471538445,1.273340787100769,1.293734172026288,1.108235281599035,1.1620887165443738,1.3370626175520979,0.6971719315659413,45.00319935969094,preci,All,Mon
32.75_94.75,0.0,1.310071324635473,1.1061870412349102,0.7724287374511491,0.7017284999879013,0.9460307422883117,0.7057363663733186,0.8260869019982227,57.16064525831711,preci,All,Mon
32.75_95.25,2.9802322387695312e-08,1.2849972845817268,0.8844945907047863,1.1587052112452803,0.7258728832798553,0.9537110798649762,1.4305521303030546,0.7811569117924422,56.73165559414116,preci,All,Mon
32.75_95.75,2.9802322387695312e-08,1.1744319190837769,0.921821697433035,1.986025525902475,0.7706187626969901,0.9434207981051151,2.7971849039302317,0.7741814233754384,53.216895031498126,preci,All,Mon
32.75_96.25,0.0,1.1013123342915647,0.9087872650804351,1.8018076197450381,0.7425812453087695,0.9499881265856683,1.48353679245425,0.7245032085189196,50.195726771243976,preci,All,Mon
32.75_96.75,0.0,1.0176525533237264,1.2339370306939614,2.9738420471600584,0.745239734346742,0.9562833307330635,2.519672471735754,0.7469926085297788,47.36417571005487,preci,All,Mon
33.25_94.25,0.0,1.2823711981495685,0.8294147047000103,1.0115615317850304,0.5930860812628755,0.9177470768957156,0.8755615319698571,0.7442199291648639,53.3115851744576,preci,All,Mon
33.25_94.75,0.0,1.3149538367358877,0.8051439797530828,0.9447204089499421,0.6167915733083711,0.9032824474433837,1.106880349971888,0.7645174918144548,54.66481026599385,preci,All,Mon
33.25_95.25,0.0,1.3395135017312407,1.1229868486959733,1.87628306609685,0.8053284815170643,0.8791738438432307,1.5929996070852535,0.8149967143954447,54.9319176660529,preci,All,Mon
33.25_95.75,2.9802322387695312e-08,1.289065040753118,1.572648625049864,2.534537960604561,0.8200595858970525,0.8655790691393999,4.309370667437859,1.036554087222698,54.33090216540192,preci,All,Mon
9.25_105.25,8.429369702178807e-08,1.8002715007110057,3.2704871259495736,2.635185813426813,7.537145900562144,3.1479993013520757,2.6427405670403608,2.8070866134681633,103.75704405386539,preci,All,Mon
9.25_105.75,0.0,1.8377177926543917,2.8595884895289228,2.2786918719686815,7.066432670024481,2.6675287158788774,2.5288108077420572,2.54388058578655,100.35245027301232,preci,All,Mon
9.75_105.25,0.0,1.750495829070543,2.979479961002039,2.7126877623483523,12.790556030355111,3.0496536793982347,2.603570973499306,3.1013818133973095,114.40548263277726,preci,All,Mon
9.75_105.75,0.0,1.7783587583724723,2.6822504376068337,2.4663268220723045,10.692962736189722,2.759156403333414,2.2186423299113827,2.6521190573353364,99.65231401362259,preci,All,Mon
9.75_106.25,0.0,1.7115465027520553,2.5681730969472167,2.298481645785667,7.449829003396075,2.601615614784187,2.082911682075204,2.040404234436046,99.02958699801245,preci,All,Mon
10.25_104.75,1.4901161193847656e-08,0.9067325703366584,1.4106232675164991,1.183541103260519,3.8123373580233837,1.6231825275851888,1.1718661202897471,1.022729733017404,19.768995460293556,preci,All,Yr
10.25_105.25,0.0,1.0251828092152806,1.361457020667586,1.1731966845461042,4.304554051038548,1.2215713432525774,1.146988756132226,1.1943014145161381,19.691422977901727,preci,All,Yr
10.25_105.75,0.0,0.9295127088544811,1.08854115297086,0.950196289481651,3.1329195984213,0.8929991666938224,0.8440587788288401,1.029973650360205,20.33176016901679,preci,All,Yr
10.25_106.25,0.0,0.9284523770815993,1.0147880713901463,0.8456223731257217,2.3791829249241525,0.6770243572330747,0.733705277865547,0.8296728406944195,22.2720732188177,preci,All,Yr
10.25_106.75,0.0,0.8052102421113255,0.911400501003236,0.6412369827043327,2.595222962942995,0.6293258766361646,0.6201441164443988,0.6386869253674938,24.15944056727176,preci,All,Yr
10.75_104.75,0.0,0.8351113998942188,0.9428482636786126,0.9175367805186734,3.9525981374720773,1.2651313384637677,0.9880187677477172,0.9233111646990303,17.244293200084773,preci,All,Yr
10.75_105.25,0.0,0.9690481712562902,1.1116939635412708,1.0418262648477643,2.9837846661305023,1.0824188661709133,1.0552018615514116,1.2320469284984341,15.954440581034623,preci,All,Yr
10.75_105.75,0.0,0.9954105680436376,1.1550437654533154,0.9995291111652725,2.329869772403444,0.9376049822806491,0.980309954931073,1.1526193924759816,17.62112769146108,preci,All,Yr
11.25_104.25,0.0,0.739132369182976,0.8931310429333087,0.8694037437817709,2.962016279026456,0.8702508948399804,1.011566687184454,0.8236442956275759,21.279592079459828,preci,All,Yr
11.25_104.75,0.0,0.7690128321538399,0.8307609681781308,0.8158483365224795,2.4096986865951826,0.9001271930320011,0.9363002635931988,0.9550001758477343,17.454999049350707,preci,All,Yr
11.25_105.25,1.4901161193847656e-08,0.833784472895965,0.9762343784556573,0.9406393667337766,2.0580076909897262,1.00479441347718,0.9215530347617163,1.2658374416039877,16.23520545429748,preci,All,Yr
11.75_104.25,0.0,0.730877288418727,0.8170324051739373,0.7833985876168884,2.3285409551101264,0.9441372804542449,0.870952469291962,0.8944622132363664,18.345913227597293,preci,All,Yr
11.75_104.75,0.0,0.7394753539563951,0.8550934394529047,0.7752061586860961,1.9024906878262682,1.1044696564446344,0.8625246186432918,0.9801796121988147,16.400174841449775,preci,All,Yr
11.75_105.25,0.0,0.8230536947804441,1.0103544623538427,0.9464661173892158,1.917151111771873,1.10442472973449,0.9371690141520534,1.2563642572253313,16.607455020872205,preci,All,Yr
12.25_103.25,1.4901161193847656e-08,0.8556284468034235,1.2490773583463062,1.1467710365993526,5.111337606557813,1.072756152656128,1.3972470364398826,1.2221582981868377,23.872602140070335,preci,All,Yr
12.25_103.75,0.0,0.7290142059866943,0.8948434876202755,0.9040093959446135,3.3496985464801434,0.9317567054028596,0.9151886265935345,0.9736437509869912,20.48110013139438,preci,All,Yr
12.25_104.25,1.4901161193847656e-08,0.723264516979721,0.8814872499752997,0.8254724305821961,1.9133684248139147,0.9586235817517512,0.8696783976260665,1.0610007906971055,18.188560644613915,preci,All,Yr
12.25_104.75,1.4901161193847656e-08,0.7630281245762811,1.0385665070326546,0.8486427833085881,1.7081938196525195,1.129644756627324,0.89886127105813,0.9947391612179926,17.462090644538616,preci,All,Yr
12.25_105.25,0.0,0.8714565207177895,1.216439286956066,1.017686302763488,1.9235374140669959,1.1991758131558432,0.9424151956041205,1.2101269745464658,20.38356584503458,preci,All,Yr
12.25_105.75,1.4901161193847656e-08,1.0083018151400476,1.326076963417421,1.054273651897383,2.036238417457061,1.4487659918789553,1.055613385666204,1.41000334344808,25.127531283809343,preci,All,Yr
12.25_106.25,0.0,1.0426031477823587,1.3222687706219458,1.08855362653925,2.090931832624288,1.4738384312143071,1.1564932033804074,1.520374119950373,23.849107528686112,preci,All,Yr
12.25_106.75,0.0,1.0208255234368757,1.2936237856289776,1.0685227313861045,2.0370892948121635,1.4753244079337522,1.1220279315006587,1.2823586394503466,26.93793273208609,preci,All,Yr
12.25_107.25,0.0,0.8719138854005283,1.0788479869916148,1.210077600164225,1.7369913477579284,1.1767426856168628,0.9854431519803809,1.280642826624095,36.01350421259218,preci,All,Yr
12.25_107.75,0.0,0.8878951133229596,0.8719965545224277,0.8119138207683094,1.2681401759953506,0.9778590126595506,0.6245730193998962,0.912566762454684,30.542642751973037,preci,All,Yr
12.25_108.25,1.4901161193847656e-08,0.8761453424847426,1.216650558831304,0.6726366545538549,1.3134950392239628,0.880069348727285,0.6648345748705845,1.4549529736413234,28.3712702936456,preci,All,Yr
12.75_102.75,0.0,0.8249831475203007,1.0794517612362857,0.8683265857213979,4.792262485100075,0.8781793379133923,1.0648783100310864,0.846732112365093,20.535839059581875,preci,All,Yr
12.75_103.25,1.0536712127723509e-08,0.6750089312800714,0.858228849214301,0.7333392005078717,3.127326905264249,0.7696644043775553,0.8126588377284295,0.6952366466160123,16.777813366743985,preci,All,Yr
12.75_103.75,0.0,0.650919584010255,0.8848387693102454,0.7359143071772752,1.8455521900545644,0.7856110154950352,0.7792395809203988,0.7327853666316106,16.02291142292838,preci,All,Yr
12.75_104.25,1.0536712127723509e-08,0.6989453253619696,0.8562934249283957,0.6863091236766915,1.4177078062467177,0.8803718894245186,0.7485480351597469,0.7722751909867843,16.772740648616974,preci,All,Yr
12.75_104.75,1.4901161193847656e-08,0.7857213700960766,0.9193161681624709,0.7544045498377239,1.5197971696230028,0.8012960559017964,0.8129141166108891,0.8813658305115564,19.176308468074236,preci,All,Yr
12.75_105.25,0.0,0.8300886135739884,1.1080306819942596,0.8625600443177716,1.8264543428926479,0.9145436421174563,0.8488160286425848,1.076313378610743,22.386738933960817,preci,All,Yr
12.75_105.75,0.0,1.0026973555962897,1.2856818539704709,1.038538318141602,2.0039117919958738,1.264827366825811,1.0088614712552288,1.2948278638145625,24.833395288360965,preci,All,Yr
12.75_106.25,0.0,1.0843759111784186,1.2462409206583003,1.0570312445650247,1.8821411022141825,1.4062107694419388,1.0736560401234403,1.3148799166061835,22.645799238714524,preci,All,Yr
12.75_106.75,0.0,1.066702253236798,1.2628218104665192,1.157321127087032,1.8314261084972767,1.357999625830969,1.1459841846560068,1.3105367604688913,22.462039477285806,preci,All,Yr
12.75_107.25,0.0,0.8655805451687961,0.8325956395475049,0.9667363462382117,1.5623039093738744,1.0294989276507631,0.8907767726470722,1.1024824422663635,23.37530574297739,preci,All,Yr
12.75_107.75,0.0,0.8762701582683592,0.7346332425087645,0.7893599437322967,1.176497555554976,1.0038239765506203,0.6254193554237293,0.8363825424855545,23.4628019233051,preci,All,Yr
12.75_108.25,1.0536712127723509e-08,0.8684499018933993,0.805022863863404,0.6932014387344109,1.0363020063866317,0.9367100237318801,0.6718726481820276,1.0856598241109672,27.94260910178292,preci,All,Yr
13.25_102.75,1.0536712127723509e-08,0.7786952219859171,0.8695965375146014,0.7027037366838531,2.6377881129165033,0.8001105034128536,0.7973860685596846,0.6677390900561975,18.16631339907057,preci,All,Yr
13.25_103.25,1.0536712127723509e-08,0.6648145232901074,0.8582114136121755,0.6683857068351655,1.388643026996664,0.6631172879455001,0.7044287966852172,0.7186777292190296,15.714477924777798,preci,All,Yr
13.25_103.75,0.0,0.6680441912336941,1.0607537080031595,0.7644263262228773,1.1657098125921714,0.8522986386065937,0.7436186604233093,0.8542140012384997,16.360096704571696,preci,All,Yr
13.25_104.25,0.0,0.7324759988503317,1.04821531542956,0.750190954896938,1.3011242511781376,0.874835639594369,0.7463543275660258,0.9597224247935842,19.145306805504767,preci,All,Yr
13.25_104.75,0.0,0.7668332201238647,1.0430355624914451,0.7389374180462865,1.4840929033468078,0.8283046127667983,0.7591251754740475,0.9563174209804343,22.097811875431706,preci,All,Yr
13.25_105.25,0.0,0.8058315442406114,1.0631161870751304,0.8076154681317739,1.6034934337718745,0.8575362469860698,0.8218866921191741,1.0575796139150908,23.179089562438502,preci,All,Yr
13.25_105.75,0.0,0.8825710867414507,1.191225320710595,0.9347767604203858,1.866479382792759,0.9820350938200286,0.9310967553656143,1.1676147958366765,18.450944759290213,preci,All,Yr
13.25_106.25,0.0,0.9382144922865582,1.1849875686993305,0.980377741416611,1.656131931450279,1.1326723105209642,1.0336070964462711,1.2211176895509734,16.21758699194391,preci,All,Yr
13.25_106.75,0.0,0.9587644705727262,1.2697646163451752,1.0173320629835718,1.4826075747021958,1.1019633913589384,1.0418388993283068,1.1769675673832696,16.77126241576537,preci,All,Yr
13.25_107.25,0.0,0.8811221686476274,1.0025366816292502,0.9360731940808855,1.2965364666721084,0.9116400585249452,0.845896153189191,0.9210516473859951,19.675913039307737,preci,All,Yr
13.25_107.75,0.0,0.8555905842916691,0.8445470857956137,0.8368095506604287,1.1138257936721223,0.851735409696495,0.6451977660093005,0.7763518257011054,22.4989918907293,preci,All,Yr
13.25_108.25,0.0,0.7871484623179199,0.866670753313074,0.762701251636023,1.19848013551329,0.8755045135780058,0.6524236772475234,0.9387987388638673,24.118151972249095,preci,All,Yr
13.75_102.75,7.450580596923828e-09,0.737222706046555,0.5164968321165593,0.6773179404581795,1.3924058821119967,0.7189368736970815,0.6347133055940785,0.4291362020308901,22.070852862006838,preci,All,Yr
13.75_103.25,0.0,0.7623532239896395,0.750607707443726,0.6474704480121392,0.9274507355936189,0.6576181869844443,0.588554051068048,0.5858905967918558,20.638953035711562,preci,All,Yr
13.75_103.75,0.0,0.7496624445855596,1.0101851832069217,0.7076102344480735,1.0243445476044748,0.7586352443779593,0.6618964680818914,0.7853217701118519,20.680508233202186,preci,All,Yr
13.75_104.25,0.0,0.7702180733647283,1.0616948845690581,0.748223848259183,1.2463637386382105,0.7677602332193655,0.711812107917543,0.915922836500216,21.095072933140727,preci,All,Yr
13.75_104.75,0.0,0.7615048450631565,1.0483381771277358,0.7772756594460075,1.1889372503117663,0.7352076049858409,0.6811277174026898,0.8504933890417186,22.140301339326548,preci,All,Yr
13.75_105.25,0.0,0.7298733328128597,0.9689678416222489,0.7206045431550224,1.184490181140783,0.7046789241917769,0.6732166436124746,0.8712617041453109,20.825851771591267,preci,All,Yr
13.75_105.75,0.0,0.7603237398580418,1.1806240937844035,0.8312124262760023,1.3957559029493047,0.8426099746501747,0.8167418100470462,0.9113009607675279,15.999057663710293,preci,All,Yr
13.75_106.25,0.0,0.8854662262389918,1.3801387831993603,1.0209279144588546,1.413179801818693,1.0537397633410002,0.9172768799366148,1.0246541262070332,17.132666736002367,preci,All,Yr
13.75_106.75,0.0,1.0041220683251448,1.5756005265924193,1.1447518402243189,1.3928935835358547,1.1473617797204168,0.9889696680806742,1.1971941573849245,21.83866226020468,preci,All,Yr
13.75_107.25,0.0,1.0137158595298335,1.4778857906302836,1.2511816853800444,1.2949034194050908,1.014591191684416,0.9821575925041719,1.068135939545239,27.715347123391467,preci,All,Yr
13.75_107.75,1.4901161193847656e-08,0.9849976753530434,1.2767464492771567,1.1543976882509188,1.0996457953077707,0.9508659612382943,0.8583066006053859,0.9501651063244648,28.812620562931553,preci,All,Yr
14.25_102.25,0.0,0.6848369144892187,0.9840779463750224,0.8173712077265745,1.3079128384538723,0.6205068433265305,0.6222511663282172,0.6838071522522962,20.92758603918817,preci,All,Yr
14.25_102.75,0.0,0.7179038297159142,0.7034528593887601,0.6103015422568274,1.410505096284576,0.6845903511549466,0.5725264806681732,0.52916126004221,20.733298658624175,preci,All,Yr
14.25_103.25,0.0,0.7065708376866721,0.7046457939822348,0.5548579508408772,1.226371236253012,0.6624287320854773,0.5251401394480629,0.523437188651684,20.16671073758422,preci,All,Yr
14.25_103.75,0.0,0.6699298813063386,0.8394936431278546,0.6400472334123507,1.1676760194810112,0.6108011295578488,0.5410192849028876,0.7456567846342917,18.257907115707113,preci,All,Yr
14.25_104.25,0.0,0.6947499270745717,0.9088289659068468,0.8262959278065173,1.2770585804426553,0.6327625168530323,0.6218710222987082,1.0446382834506693,18.761193079385933,preci,All,Yr
14.25_104.75,0.0,0.649935159703265,0.7492533869937685,0.7756884178054573,1.1129648278982385,0.6996373740194018,0.618884058548476,0.7855876986280902,20.167674438672194,preci,All,Yr
14.25_105.25,0.0,0.5716632593145599,1.036890736386259,0.7723337280054633,1.0789101888806145,0.6770913046533529,0.522319611382333,1.0110339234099002,20.582619724337277,preci,All,Yr
14.25_105.75,0.0,0.647044342894679,1.1383259222555804,0.7895931721794323,1.0390566405325938,0.7783210627041338,0.5959194622230999,0.6332366818983618,23.197993670091204,preci,All,Yr
14.25_106.25,0.0,0.8629576341036183,1.7439799899699489,1.1381293165519035,1.1634313223661585,0.928987266679774,0.8199800282682661,0.9009687139336533,27.124102210471747,preci,All,Yr
14.25_106.75,0.0,1.0799814152106761,1.97866031112093,1.4236121752890503,1.174098137729126,1.0971286929370883,1.0259735617807257,1.1967897223045134,32.20646850195897,preci,All,Yr
14.25_107.25,0.0,1.1064837594285715,1.7618544615655964,1.4662647191523188,1.1122645093149741,1.0031512504103302,1.0534034096646958,1.1535899675496313,34.40214268343348,preci,All,Yr
14.25_107.75,0.0,1.1294138698929048,1.6686298199227625,1.2844540257203154,0.9200721333542914,1.126832877342201,0.9121809633765171,1.097735792512034,29.829338805738224,preci,All,Yr
14.25_108.25,0.0,0.9484373182299252,1.5955563365566445,0.9974882495844324,1.0528363452442313,1.1475888893480195,0.8213189491450645,1.3244630224695035,30.406571554035256,preci,All,Yr
14.75_101.75,0.0,0.7069571500021476,0.7178670398354061,0.6778152343430275,0.98794643902987,0.6685381399051888,0.5263746507395463,0.4992037908469187,21.19689791277627,preci,All,Yr
14.75_102.25,7.450580596923828e-09,0.7248955214083532,0.6438991279197634,0.5485500777747715,1.010988932891811,0.635028598438487,0.5284222812578444,0.4266590959683031,16.483393459900114,preci,All,Yr
14.75_102.75,0.0,0.6565542790441424,0.6135967140484929,0.5272183555814584,1.0004107311702752,0.665443576867085,0.5056402643062246,0.4385200616505375,16.81062400238847,preci,All,Yr
14.75_103.25,5.268356063861754e-09,0.5998761598719295,0.5781444861257687,0.5231686917936301,0.8833653960475638,0.6699984597216375,0.3829974809798408,0.49013862575469225,16.26068121527181,preci,All,Yr
14.75_103.75,0.0,0.636719746523423,0.48815926675271754,0.6909919458681314,0.8965131519213752,0.7038399853872287,0.4719271077163007,0.555270586058477,15.692493425394085,preci,All,Yr
14.75_104.25,0.0,0.8230137798600666,0.5329445956096885,0.950445170375543,1.0565365125679482,0.9112513623709096,0.8065887529373005,0.7645625948840136,16.431537101060666,preci,All,Yr
14.75_104.75,0.0,0.7171226369449979,0.5703041254120579,0.8052755925798869,0.8755185013157986,0.8070331120636564,0.6255679402016432,0.6144944462774129,18.95629467673289,preci,All,Yr
14.75_105.25,0.0,0.6082906130873106,0.7551703244109353,0.7267623159096164,0.9288723983326435,0.753066630931578,0.5200554205364345,0.6082493032850435,22.049793332587342,preci,All,Yr
14.75_105.75,0.0,0.8219388967104315,1.185171038757083,1.0115315101556448,1.2236256332023518,1.0125646295686899,0.5933532238206767,0.7332491126195794,26.26200245436218,preci,All,Yr
14.75_106.25,0.0,0.8682000410454797,1.752122799284154,1.1763195960660229,1.261087114750628,0.9421162027916966,0.6990769550199714,1.1648965671404412,28.78596213907541,preci,All,Yr
14.75_106.75,0.0,0.9539157379507487,1.7223994121545705,1.1871620314123037,1.0651819236993223,0.9917558228262365,0.7581556950519953,0.9281503176213234,31.568866649351598,preci,All,Yr
14.75_107.25,0.0,0.9592603126832936,1.584526838581315,1.078307673586782,0.8630856318610369,1.0195549865264917,0.7179850520186978,0.8738026761201646,27.658930926648672,preci,All,Yr
14.75_107.75,1.4901161193847656e-08,1.0367348971062262,1.6759943843829408,1.127727459096763,0.7736584848260399,1.2132254768912663,0.7559804103180043,1.1602057591228694,24.249079582590337,preci,All,Yr
14.75_108.25,0.0,0.9322297715888903,1.6813238487865896,1.040367290832575,1.0434108763188563,1.1074513005339837,0.8692849964366548,1.486379750946254,31.142107930605892,preci,All,Yr
15.25_101.75,5.268356063861754e-09,0.663342870130623,0.5178692301704815,0.5800680987104313,0.6625175858367879,0.6203487700916268,0.4566495890675666,0.326785175339984,17.156258495470713,preci,All,Yr
15.25_102.25,0.0,0.6021021853478882,0.47703194508445607,0.5250912427704861,0.5534627585165934,0.5675162954073035,0.4822905715940113,0.3564130811205748,14.83587337203606,preci,All,Yr
15.25_102.75,0.0,0.5938162999090368,0.5240600433729214,0.5896090108757298,0.627608870653866,0.5529199425976791,0.43814124577077973,0.43829294569639365,15.96643886464442,preci,All,Yr
15.25_103.25,0.0,0.6604797071796878,0.5483360459047208,0.7112454953735601,0.6758493571773534,0.6903588379313619,0.40817726266977333,0.5007093619224916,18.302735050249613,preci,All,Yr
15.25_103.75,0.0,0.64040135780679,0.4012298218460432,0.7660520452901526,0.707611831208842,0.7344320812090959,0.4170489770601583,0.44398834848212115,19.213767803971955,preci,All,Yr
15.25_104.25,0.0,0.7465698181532956,0.43880996667902783,0.8430126255957077,0.8285785083143974,0.7976915902189764,0.6178915502829594,0.5726291471122303,19.073845011532704,preci,All,Yr
15.25_104.75,0.0,0.6936224586864992,0.5419638711463913,0.8297629693290991,0.7805224145569772,0.7258296440111682,0.5653078719568838,0.6080342038397221,20.13993826606456,preci,All,Yr
15.25_105.25,0.0,0.6358513250258176,0.5830815014131129,0.7453750453810339,0.7939510468469427,0.7352755766304343,0.48956824906658397,0.5496241006801872,22.142943397729812,preci,All,Yr
15.25_105.75,1.0536712127723509e-08,0.7307906622733794,1.0125874877249814,0.9146554323142262,0.9472638941801514,0.943048500935532,0.5318213406280019,0.6555511617010941,23.215656007709274,preci,All,Yr
15.25_106.25,0.0,0.8802646152972508,1.6758475729012332,1.4111463056998126,1.2709906730347478,1.1071388281219134,0.7699712121304099,1.4810986379134665,25.568067173375052,preci,All,Yr
15.25_106.75,0.0,0.815688658982975,1.2668638558275687,0.9704327698242372,1.0046690854051976,0.9964472473353267,0.45361118520969923,0.7403778502101901,23.854100136180787,preci,All,Yr
15.25_107.25,0.0,0.9263937014341465,1.2173078344153314,0.9177732365720185,0.9291011097250862,1.1344146282567975,0.6246725644094744,0.9550368730745392,18.06564590923351,preci,All,Yr
15.75_101.75,0.0,0.6636796011266013,0.6330272893803437,0.7200874194389824,0.6823815545643371,0.637182370734278,0.5348894894157815,0.462522278093184,15.803931702834365,preci,All,Yr
15.75_102.25,0.0,0.606822860285513,0.502851304707422,0.6522912394979418,0.5615085471948236,0.6451715937554081,0.5301433634795815,0.4223638234019951,14.305213678437058,preci,All,Yr
15.75_102.75,0.0,0.6172091108061485,0.5033526857304744,0.6464930632995589,0.5447323672253861,0.655101495601934,0.43878078722721003,0.43817542905584905,15.254379698563804,preci,All,Yr
15.75_103.25,0.0,0.6583769874003643,0.6545893906844917,0.8304937376875084,0.6230933401591674,0.6553369554960626,0.4483981288551829,0.535911671780935,18.770262399953022,preci,All,Yr
15.75_103.75,0.0,0.6866193179913584,0.6384555838439915,0.8714017638012393,0.6637360600000235,0.6521721450528045,0.4964907496140466,0.5660197770351006,20.533589967553716,preci,All,Yr
15.75_104.25,0.0,0.6360430670879875,0.619001661022461,0.8445198653974656,0.6288610599014814,0.5605780333110254,0.4587738092283708,0.6095267487095167,19.211291358938563,preci,All,Yr
15.75_104.75,0.0,0.5392735337417782,0.6403333626876605,0.8369172717166462,0.6792717454172388,0.5805462551497526,0.45963456547737397,0.6441476251252323,17.44349856242645,preci,All,Yr
15.75_105.25,7.450580596923828e-09,0.5611135808332532,0.7339125280755776,0.905903855970903,0.763084166711834,0.6473970506490384,0.4714053348434598,0.6263499585218221,20.502943122463794,preci,All,Yr
15.75_105.75,0.0,0.6747272408085481,0.8276259088764432,0.9462889576546005,0.9737283185751332,0.7810651050454873,0.556279852523227,0.6763043826593679,23.768752540150263,preci,All,Yr
15.75_106.25,1.0536712127723509e-08,0.7399814590235207,0.8389981663552717,0.9226791797330522,0.9487411093056284,0.9331342896489525,0.5857652968330581,0.7525989352173057,22.7857108508036,preci,All,Yr
15.75_106.75,0.0,0.8562188045119105,1.0736912663377491,1.0416106740650464,1.0822794102516697,1.1291045682719074,0.6626048016632917,0.8893312800656753,17.772009673498168,preci,All,Yr
16.25_101.75,0.0,0.5505535200199805,0.8064430530916616,0.7229389939207986,0.6396783641153729,0.5972301606586026,0.42387350244292715,0.5417998437099031,16.993677830909903,preci,All,Yr
16.25_102.25,5.268356063861754e-09,0.4888340027281934,0.5375555174912419,0.6438271681380127,0.5307005498380111,0.5533152950225979,0.46606965757474755,0.32335860514098635,15.67620125581601,preci,All,Yr
16.25_102.75,0.0,0.5292895567564294,0.5219283162228152,0.6286454814428019,0.5653654166711004,0.6667814617622889,0.47019020249940174,0.3608746433274,15.764676723950927,preci,All,Yr
16.25_103.25,7.450580596923828e-09,0.5538956966586808,0.5802335916859019,0.8220176041218803,0.6332750408178903,0.6517856615683227,0.4770919104650573,0.5014225467765631,17.770474506108048,preci,All,Yr
16.25_103.75,0.0,0.7197102653588705,0.6660718828585006,0.9080314603299466,0.7476179054604823,0.6823501129491663,0.5470701307909024,0.6430128372915336,18.973186855654127,preci,All,Yr
16.25_104.25,7.450580596923828e-09,0.6295959950906543,0.8460600371806918,0.9834159260423504,0.6651131167153782,0.6817960859352744,0.5378970795873779,0.6437488023077068,17.839822952664143,preci,All,Yr
16.25_104.75,0.0,0.5392821150600127,0.7678924629408329,0.9759698139512668,0.6523592656163247,0.6210747300946912,0.3991181205304449,0.6138574923552491,16.35978922773077,preci,All,Yr
16.25_105.25,1.0536712127723509e-08,0.5916257870031166,0.7277736897536512,0.9146168253713831,0.7497815852550719,0.6697674626175676,0.4519919559700315,0.5729553767020814,18.01327767240511,preci,All,Yr
16.25_105.75,7.450580596923828e-09,0.6393585783217196,0.7260060840556853,0.883667447392693,0.9226065360829009,0.6255997644886101,0.5053468002237342,0.569133946078952,18.280835833671198,preci,All,Yr
16.25_106.25,0.0,0.6323410839410799,0.6028944973380108,0.9134523345309098,0.9224022068563033,0.7342811172500417,0.46216873427736826,0.6123038749675797,13.881608526594436,preci,All,Yr
16.25_106.75,0.0,0.7983112231604044,0.943636948822042,1.1505090400231324,1.1563971659534948,1.0310616373712767,0.6698857078224638,0.9138745591569595,18.32701714174867,preci,All,Yr
16.25_107.25,0.0,0.9524255268779513,1.2836655888402857,1.187069414753746,1.4162139711827695,1.0670244564573066,0.7354354788061208,1.1783339115629234,31.171542284985893,preci,All,Yr
16.75_101.75,0.0,0.6093947791201447,0.7194577369222911,0.774726343698132,0.6361034556555512,0.5398297475078058,0.3831182302884303,0.4655439457443335,17.930405150890515,preci,All,Yr
16.75_102.25,0.0,0.4753693390298273,0.5981319961363974,0.6414480995466146,0.5516510915161054,0.5915205272205695,0.3902543144093665,0.35647464889991387,16.132352581033395,preci,All,Yr
16.75_102.75,0.0,0.48338795020384207,0.598331004213721,0.669615737564179,0.5715239823528662,0.6682723591296529,0.4035047681721197,0.42571221501631884,15.261928982734714,preci,All,Yr
16.75_103.25,0.0,0.5681026754464437,0.6783555611666806,0.8147891410261954,0.70487589762919,0.651352367915013,0.40586111959912313,0.6786330531904579,16.46918121639397,preci,All,Yr
16.75_103.75,0.0,0.6276804697029106,0.8630010000962927,0.9456056416491991,0.869046071664506,0.6067184132889623,0.518711658106823,0.6910516994121959,17.153844263881044,preci,All,Yr
16.75_104.25,7.450580596923828e-09,0.5817904808535365,1.0094159596453685,1.0269170105824026,0.8065591059077573,0.639959615145321,0.5327846794423754,0.7422017622277082,16.103754123288823,preci,All,Yr
16.75_104.75,0.0,0.6474685783293926,0.8295870146872861,0.9472737672047786,0.6952605774855931,0.6889838158429079,0.4676350969030761,0.5812872260466354,15.922389021722633,preci,All,Yr
16.75_105.25,7.450580596923828e-09,0.6722244081020252,0.8195398095182531,0.9028610924911474,0.69857306228847,0.615221456076068,0.527413023548415,0.6520802324737294,17.994184943915858,preci,All,Yr
16.75_105.75,0.0,0.7955602537052984,0.706988434667602,0.8679582437793194,0.9223149842877251,0.626962521261482,0.6171533995139256,0.7802834013576313,17.380999471584516,preci,All,Yr
16.75_106.25,1.0536712127723509e-08,0.7853400459770494,0.74592019269872,0.9965192866685334,1.022532094318322,0.8112630981043112,0.6414281439191566,0.8758886026200523,14.366363143988867,preci,All,Yr
17.25_101.75,7.450580596923828e-09,0.7390202167287767,0.6040038336783734,0.8034776663480241,0.6885894818660078,0.5062537306748425,0.3673962357743316,0.49717960204922795,16.385959181871627,preci,All,Yr
17.25_102.25,0.0,0.5972005006868617,0.5383182932197998,0.6656386805952844,0.618515291400384,0.5888613289499226,0.3674532741342924,0.4446589259040212,14.334945917146442,preci,All,Yr
17.25_102.75,0.0,0.5539796858361077,0.7210517043279429,0.8398217535752546,0.6543579504673014,0.6875605219516535,0.42207798749828696,0.5834065235842092,13.855556254085185,preci,All,Yr
17.25_103.25,0.0,0.6311949774572824,0.8172157969645961,0.8994459935602794,0.7281990076953953,0.6840470141904074,0.4841366371058526,0.6959649905029949,15.065643215514381,preci,All,Yr
17.25_103.75,7.450580596923828e-09,0.6121674543732439,0.9182167486453479,0.9465879410352993,0.8214601268846724,0.5947216700917387,0.5600997861994348,0.8210565260967901,16.26963776218677,preci,All,Yr
17.25_104.25,0.0,0.6176554324242467,0.8609753052643789,0.8966832085726764,0.8796168188810155,0.586667506219826,0.4916347584092801,0.677966420045177,15.54584768172564,preci,All,Yr
17.25_104.75,1.0536712127723509e-08,0.7086190632122051,0.7791122860759844,0.9062266785153872,0.823698365719039,0.6549739087397256,0.48505905873216276,0.5223358256177084,17.677843842799092,preci,All,Yr
17.25_105.25,0.0,0.7953256432973662,0.864164705315973,0.9361900967447234,0.9482028957148251,0.7443789832341664,0.6349771070568603,0.6578766062400131,19.1237824490151,preci,All,Yr
17.25_105.75,0.0,0.8582959151148519,0.8670959331834767,1.0170024122255734,1.1569467876828978,0.7107342854271665,0.6948122613717357,0.8466205305721269,16.778311812105713,preci,All,Yr
17.25_106.25,0.0,0.8383512926801016,0.9763070314829413,1.1689601153288915,1.2728311908507115,0.8674168444219955,0.9522007361020274,1.236608076923061,15.914458276101378,preci,All,Yr
17.75_101.25,0.0,0.8298649539293517,0.6390580188304575,0.7031320786458557,0.6765244226254156,0.47408440654944456,0.39641511549486275,0.5582829894473572,20.329401776517837,preci,All,Yr
17.75_101.75,0.0,0.736055145894166,0.48016972027163685,0.6397107498486212,0.7106310039842882,0.5084938846803326,0.3374126514109231,0.4623553422138845,17.12156967536383,preci,All,Yr
17.75_102.25,0.0,0.7842419221777226,0.5695355276718453,0.8667589076408321,0.7226615403413686,0.5272791554668759,0.5007219378493708,0.6734704928668674,14.672506002486633,preci,All,Yr
17.75_102.75,0.0,0.7540762806200699,0.7155638721143918,0.893771827984426,0.7724418918668474,0.657376666840628,0.5701490176781642,0.7124976762429703,14.551453726227994,preci,All,Yr
17.75_103.25,0.0,0.7064443445247234,0.8718362835786837,0.9966363170378734,0.7388153070979298,0.7457024387259942,0.6034572116066989,0.6922518109207966,15.835957313364874,preci,All,Yr
17.75_103.75,0.0,0.7702196435063697,0.8421701763809613,1.0771605773878379,0.8280290007239544,0.7737598206606346,0.7019004601819898,0.7224458674479037,17.10193635891932,preci,All,Yr
17.75_104.25,0.0,0.7188175063829063,0.7831153169622318,0.9619966325781525,0.9200387838647948,0.7869851376020925,0.586576422441646,0.6423622142224835,19.113945437668274,preci,All,Yr
17.75_104.75,1.4901161193847656e-08,0.8423558818048218,0.9934902020161549,1.0640782215588367,1.138058796632723,0.8483512133250055,0.6783524343175736,0.8858447097189482,21.199637306857184,preci,All,Yr
17.75_105.25,1.0536712127723509e-08,0.7814358394840633,1.135467007006824,0.9773883701235202,1.222889061759902,0.7914295112601222,0.7684591999509826,0.9891324346353721,19.701986993042517,preci,All,Yr
18.25_101.25,7.450580596923828e-09,0.8464057343866316,0.6441193439075181,0.8708126583683552,0.755035430291801,0.5608245523339341,0.4172144766329677,0.6040066582809503,18.356194001090326,preci,All,Yr
18.25_101.75,0.0,0.7975982883414287,0.5682947522044894,0.7955452457865307,0.6701641838574034,0.5382435116558629,0.3627681599915591,0.4949267273096778,16.54209063860137,preci,All,Yr
18.25_102.25,0.0,0.8836127250487781,0.6134214204037327,0.8945949720698168,0.7456640853827177,0.6158508704869337,0.5242330603004028,0.7499395634432595,14.793908230232974,preci,All,Yr
18.25_102.75,0.0,0.9344387723689801,0.8855423890609561,1.11760897338349,0.8784305678293838,0.7866548700613044,0.6892781189392823,0.8857154486090001,15.045090227250606,preci,All,Yr
18.25_103.25,0.0,0.9874210122015197,0.8489901840135325,1.436595874628391,1.0264076474093848,0.9443601303490571,0.8379913639098827,0.9530166956219455,18.784222349048154,preci,All,Yr
18.25_103.75,0.0,1.0725331081390976,0.818881668719847,1.1584415339185965,1.153333299910293,0.9942928594353813,0.8796199248277462,0.9302575246242856,20.57021795602839,preci,All,Yr
18.25_104.25,0.0,0.8297210885345683,0.786533503705003,1.20056694176698,1.0133012979688731,0.9271942872455647,0.7911038826659748,0.7927099358306702,21.834706869348004,preci,All,Yr
18.25_104.75,1.4901161193847656e-08,0.755726304381581,1.1248195782700041,1.182617081639984,1.045680250062995,0.8798001331675185,0.7882116530724238,0.9229679795393274,21.515394751720095,preci,All,Yr
18.25_105.25,0.0,0.6095650777470959,1.1924873604212305,1.134995892804462,1.087419430704176,0.7349295694297446,1.0398688811769126,1.275112342236315,21.265167101808352,preci,All,Yr
18.75_101.25,0.0,0.9500323556384114,1.1674091747611215,1.3049616856677655,0.781630435530471,0.6759946349606485,0.5819151109075776,0.9396718970187374,16.540592957648837,preci,All,Yr
18.75_101.75,7.450580596923828e-09,0.9127128662188132,0.7958352056315187,0.9178382042254545,0.6846364737738806,0.6314895058009775,0.49004104940986704,0.5071394555226997,15.710319560736606,preci,All,Yr
18.75_102.25,0.0,0.9169678626558577,0.730096083150037,0.9313364495100903,0.7002019882835091,0.7878220600084793,0.6092889623589356,0.6732335919833347,17.312374431630122,preci,All,Yr
18.75_102.75,0.0,1.0698320593715462,0.9668567602613837,1.1068417878348684,0.8792346117390231,0.9133838255697371,0.8903484304039193,0.8538181487745115,20.107026115195872,preci,All,Yr
18.75_103.25,0.0,1.0536358946759745,1.403916762871105,1.1751598360800888,0.9492714476270425,0.8326640083587574,0.8851462944743368,0.8955097617673136,23.512947186819936,preci,All,Yr
18.75_103.75,0.0,1.1124544515803845,0.7867200527275878,1.0545426230888502,1.0314759370622608,0.9364968019695086,0.924203307243945,0.9417105691307781,23.902591162338016,preci,All,Yr
18.75_104.25,1.0536712127723509e-08,0.9043134186851721,0.8239656175896507,1.1697779884609403,0.7705246340374912,0.758115854682036,0.7291129328831348,0.8947083034277166,21.502832228083367,preci,All,Yr
18.75_104.75,0.0,0.7302267526327484,1.174164571607556,1.1719028256775283,0.8928075616841288,0.6815925240430485,0.8591643579356786,1.16126995549416,21.343937137317237,preci,All,Yr
19.25_101.25,1.4901161193847656e-08,1.0654510858026083,1.3673176819348203,1.0952630226222018,0.8134408800538038,0.6600168498666432,0.5959452548450417,1.1531411216823857,14.663389866898276,preci,All,Yr
19.25_101.75,0.0,1.0231417814845387,0.9838308939268567,0.7497149415479374,0.6946896750617448,0.6477395059586697,0.5009428235677841,0.5021249217941898,14.970709570429214,preci,All,Yr
19.25_102.25,0.0,1.034867934181331,1.0510244203463666,0.9526927869285983,0.789464675790686,0.8441776302814845,0.7257974293385837,0.6375602630861826,16.909223741287903,preci,All,Yr
19.25_102.75,0.0,1.0967977846288248,1.3133743364828188,0.8901502899925002,0.8344510966847362,0.9284154898298453,0.8912780246494023,0.6857315273350665,19.749365097694767,preci,All,Yr
19.25_103.25,0.0,0.9603321462531715,1.0841394818854782,0.8133696680625182,0.6845193848020068,0.8143662280401571,0.7830053473501796,0.6421537318799401,24.21031361573128,preci,All,Yr
19.25_99.75,0.0,1.3746321832015083,0.7311681735344385,0.7500931316516714,0.6615518728591566,0.592436736246927,0.44380972121309437,0.5722106724315742,17.870699579416925,preci,All,Yr
19.75_100.25,0.0,1.3292403430253643,0.7774978812577813,0.916555714736466,0.7586993147986731,0.7529806096497936,0.5417567565053165,0.6320791493335207,15.382107039559699,preci,All,Yr
19.75_100.75,0.0,1.2320864788471766,0.9551368787162839,1.0243463215145088,0.7955470442389234,0.6678522302333585,0.5613214739312656,0.6774183429090518,16.036376186252244,preci,All,Yr
19.75_101.25,0.0,1.1836261842780036,1.1923308365556478,0.98976656279377,0.7495841259864717,0.6057903764452417,0.595701120683889,0.7530339122058785,16.05159012108069,preci,All,Yr
19.75_101.75,0.0,1.125164315394933,0.946105069515364,0.7352075019382027,0.693513943635276,0.6216333639692406,0.5433999896625417,0.5603335651614423,14.720376007347197,preci,All,Yr
19.75_102.25,0.0,1.1519875328425897,0.8946665097223263,0.8710951613125487,0.6854681048888572,0.6828807313113774,0.6595168179992634,0.5612916861710641,14.201158106929544,preci,All,Yr
19.75_102.75,0.0,1.172127959618265,0.9343990052652592,0.7151849395925521,0.731589227380238,0.8292407367992493,0.6549546686986899,0.5651483775125198,15.925684024535958,preci,All,Yr
19.75_103.25,1.0536712127723509e-08,1.0754854323666891,0.97627329817581,0.6571175474724992,0.6807871987520057,0.8395522219955679,0.6245127278527386,0.5631071750262152,17.714209022184665,preci,All,Yr
19.75_99.25,0.0,1.9361048741863975,0.7427282626266958,0.7844412442986649,0.5777809006982235,0.587821631417828,0.4515105546202305,0.5339540724128906,18.714219671548626,preci,All,Yr
19.75_99.75,0.0,1.5686851300650206,0.6459522240679555,0.8093933353266644,0.6315717338740672,0.6551276154515302,0.42244904264074784,0.5559142719251683,16.64191325101823,preci,All,Yr
20.25_100.25,0.0,1.3474617251785639,0.6081010814895607,0.7770251895958289,0.8193079743915674,0.7881164538383529,0.5790423897616095,0.5901883498072941,16.06562690870011,preci,All,Yr
20.25_100.75,0.0,1.2629649071073568,0.7046586532535254,0.8700992129833377,0.8399453290634339,0.7152264024533225,0.5636161648757856,0.7047781249067521,15.148808135954837,preci,All,Yr
20.25_101.25,0.0,1.212653707341912,0.7848355604959041,0.8876810791400604,0.7222419462345157,0.6012862353216616,0.5123914517008944,0.6609808679131111,15.245342808812218,preci,All,Yr
20.25_101.75,0.0,1.1049296025591882,0.8583981564868796,0.785807656961993,0.7062207527225064,0.6349070598853149,0.5037166156656802,0.596401222912794,14.335110600389287,preci,All,Yr
20.25_102.25,0.0,1.0339842390236647,0.7174953644915104,0.632282782533535,0.6441836770037437,0.6900579368595291,0.504650946142076,0.5229726035997829,12.158347755310464,preci,All,Yr
20.25_102.75,1.0536712127723509e-08,1.022139909914616,0.7430007144550717,0.6438467549881027,0.6600324963538714,0.7907477257213127,0.5878249334048505,0.6160831839722472,11.21939074466505,preci,All,Yr
20.25_103.25,0.0,0.9460500608262316,0.9019878618845482,0.5753788310170025,0.5757359276500733,0.675454758436964,0.5431869020594915,0.49562162803310333,12.463894346523622,preci,All,Yr
20.25_99.25,0.0,1.7239007236336972,0.6798537666781077,0.8053195724928124,0.5162287866990972,0.6946911601689262,0.3828972302402715,0.6327421635616218,19.595693229197707,preci,All,Yr
20.25_99.75,0.0,1.5414444571731276,0.5793373184810816,0.7172265463010884,0.7437332436774862,0.7621182260951503,0.47965988228217193,0.6243418140494724,18.864135176797113,preci,All,Yr
20.75_100.25,0.0,1.2908675437608406,0.5616389791530668,0.6901467849005936,0.8043225461085274,0.7588239465282594,0.5567605563659516,0.5557135398848901,14.108782716372929,preci,All,Yr
20.75_100.75,0.0,1.254639686637879,0.541818287141805,0.8342166775820917,0.8714664676673489,0.8026460882855377,0.6164004752596824,0.7671626672886662,12.19521536433441,preci,All,Yr
20.75_101.25,0.0,1.2000442054683818,0.6230995117093723,0.8662092120410243,0.8273825632269358,0.7974295515377976,0.6049843674406343,0.7861943710076221,13.377628604415813,preci,All,Yr
20.75_101.75,0.0,1.0264632239533849,0.7615674006250325,0.6896636019098661,0.743822421883109,0.7616049400596377,0.5354542418811364,0.6027676833853449,13.503885480456265,preci,All,Yr
20.75_102.25,0.0,0.8457682675169155,0.7848597633599254,0.6761508505177836,0.6682924964136584,0.6926354611188733,0.5201907859677776,0.5186355907521413,12.978269921947735,preci,All,Yr
20.75_102.75,0.0,0.7896227639074299,0.8914244109369971,0.6035347797294262,0.6450594994286514,0.6947989945874132,0.5710230621949433,0.5794836561303862,10.990359551838516,preci,All,Yr
20.75_103.25,0.0,0.766375463980625,1.0257397264387111,0.6541343058427728,0.5241131705437867,0.5717180110268166,0.534737849788931,0.5383923309172169,9.388308810417865,preci,All,Yr
20.75_99.75,0.0,1.4582680951071751,0.6334821885868059,0.6639240510099097,0.7383290839830781,0.7035879446653078,0.5828555129866472,0.6427404336907627,17.394713364698436,preci,All,Yr
21.25_100.25,0.0,1.1031965479549029,0.6139055272807771,0.49661684195553707,0.685470586762978,0.7043457432215158,0.5008388362392303,0.4916393301187563,12.66896412736248,preci,All,Yr
21.25_100.75,1.0536712127723509e-08,1.071003567575328,0.6057546564556817,0.6592322247084689,0.6985972148522673,0.6811945170970867,0.5793322236809371,0.6246617240556546,9.537939233391139,preci,All,Yr
21.25_101.25,1.0536712127723509e-08,1.0399875395390465,0.6678189910037198,0.6796016610967899,0.7365112635448127,0.7908750147115575,0.6141783701740242,0.7331104880012915,11.946282485084698,preci,All,Yr
21.25_101.75,0.0,0.8989464138585043,0.8504369468512301,0.6465540684943191,0.7191380161410152,0.8872504456337365,0.625028213258963,0.6832757501467747,13.50273593021966,preci,All,Yr
21.25_102.25,0.0,0.7506946922392054,0.7979506422548167,0.592590384720049,0.6509444349774162,0.7380806612605313,0.6069380946029053,0.49626872045060216,12.959572055916214,preci,All,Yr
21.25_102.75,0.0,0.6691368775393942,0.8476207740851115,0.537100234052803,0.6160726205340215,0.617761690611193,0.5401844405031029,0.4702214523865954,12.580512819838033,preci,All,Yr
21.25_99.75,7.450580596923828e-09,1.289582022952076,0.648002764785146,0.5734541049284756,0.6219494731409072,0.6762929702783834,0.6058267232844892,0.6171750976472632,14.357218908093058,preci,All,Yr
21.75_100.25,0.0,0.7886096727830697,0.7822722948837151,0.5185244756683697,0.5418994828543953,0.6260366357213132,0.4799562066683388,0.5178355718665358,11.478571839801486,preci,All,Yr
21.75_100.75,7.450580596923828e-09,0.7511730327156833,0.7055462726054442,0.5378058527387383,0.5643457415280682,0.622595387721948,0.4930350502126813,0.48362624278368505,11.094640713168875,preci,All,Yr
21.75_101.25,0.0,0.7377115191403157,0.7876284596783077,0.4991107813588862,0.5770819185328059,0.692891920688144,0.492018262549144,0.4985699379857791,11.396412817002064,preci,All,Yr
21.75_101.75,7.450580596923828e-09,0.6939820811090305,0.8527712666063234,0.6495065052762431,0.6216085974725925,0.8367827521846576,0.6130854792941859,0.6333865063435854,13.32706901776728,preci,All,Yr
21.75_102.25,0.0,0.681492354329142,0.7431927516821099,0.5124443872824923,0.623126356375327,0.7971193449583893,0.575794005758123,0.4647983673745368,12.25073710049719,preci,All,Yr
21.75_99.25,7.450580596923828e-09,0.9988053795356453,0.7002078988008247,0.6247331787454671,0.5843219139411099,0.6392291322649869,0.5400335583451074,0.6521886836496635,12.584268607134778,preci,All,Yr
21.75_99.75,0.0,0.9425910956968659,0.7249928117679666,0.45948604829893147,0.5351289312905861,0.6134903814603933,0.3936713322077823,0.43579522978073515,14.524684998195426,preci,All,Yr
22.25_100.25,7.450580596923828e-09,0.6388726014654371,0.7102584609123146,0.65534804749958,0.48802529135003986,0.665116028526189,0.5926146942896711,0.4954155555332042,12.643462086766307,preci,All,Yr
22.25_100.75,0.0,0.6076900130682181,0.7608712213515008,0.5203210808327877,0.5163920328337381,0.7075274583647404,0.4504232770756314,0.416549392912244,12.967249925926073,preci,All,Yr
22.25_101.25,0.0,0.5641830243414349,0.743039205185217,0.5608273972001497,0.5400676765840027,0.7603974703719923,0.4915882461241099,0.4860047483056749,13.905580123951761,preci,All,Yr
22.25_101.75,0.0,0.5655587034763373,0.777491889030645,0.6458723765658091,0.5762753226807132,0.8347749034962807,0.5838477240237848,0.5503755065936945,13.097983837800886,preci,All,Yr
22.25_102.25,0.0,0.6317467082732149,0.6537400470364684,0.5382171706396,0.5987718594907596,0.8363867825584529,0.46347156252644955,0.4922512937742529,12.12963872529152,preci,All,Yr
22.25_99.75,0.0,0.8040775259586007,0.6747817631391698,0.5586098951109095,0.5107079877425226,0.6341248076968605,0.36788985889444953,0.46277364181288067,15.859180845778132,preci,All,Yr
22.75_100.25,0.0,0.5586881380825978,0.6276575912726752,0.5239621224773485,0.4498361514804806,0.693987896805284,0.41291406137172987,0.424727756592755,13.872811015075419,preci,All,Yr
22.75_100.75,5.268356063861754e-09,0.49503641420134586,0.6091918277823937,0.4961775673177194,0.4406764016154803,0.7126229781129948,0.38806676999627665,0.4352424035752301,14.741647053797566,preci,All,Yr
22.75_101.25,0.0,0.4581271177828742,0.7123212313783528,0.8483522509439072,0.4777445262129461,0.778782511455119,0.8049804440593642,0.5539167306650614,15.099024493675227,preci,All,Yr
22.75_99.75,0.0,0.7341949047628059,0.6478043032917205,0.5449102605605762,0.47744328366630917,0.7017604822549661,0.5057409047537982,0.5174425567235049,16.941942403615077,preci,All,Yr
23.25_100.25,0.0,0.5830407918193298,0.5502997204305717,0.4442649590106825,0.4371714184626345,0.627129508859263,0.4044767078651178,0.39324937716437325,16.05855142768837,preci,All,Yr
23.25_100.75,0.0,0.5111798685917883,0.5203077851899316,0.46045399290150985,0.409518558874623,0.6240489301275113,0.5077498072005866,0.4456152424798709,16.09347141093391,preci,All,Yr
23.25_99.25,0.0,0.8227287458174447,0.6285020555816797,0.4777223224900334,0.555739463009423,0.6708710110813719,0.44419549679019116,0.5084025287306695,18.89734852468524,preci,All,Yr
23.25_99.75,0.0,0.7368173454741392,0.6227803209846642,0.5013001187091835,0.47680159216507667,0.686657817639828,0.4347125066841738,0.4865536483426414,18.07453319802484,preci,All,Yr
23.75_100.25,0.0,0.5971825338665832,0.7932898684900042,0.42592141227392527,0.4235025960331673,0.5587976020483326,0.37089896806919487,0.5072013716590398,16.358380405886226,preci,All,Yr
23.75_100.75,5.268356063861754e-09,0.5363150198503638,0.6169345093986768,0.38627208386723755,0.3986257869569195,0.6389842399842439,0.41731849814311167,0.45517770241738864,15.269237337876728,preci,All,Yr
24.25_100.25,0.0,0.5861004339793806,0.8629006259032214,0.35907563992235725,0.4159252961493181,0.5042189481829276,0.33705020383346046,0.5481709263756872,13.532434917543432,preci,All,Yr
24.25_100.75,0.0,0.5498260806033568,0.7993256659807206,0.3744480530682759,0.39165866738109195,0.5445417955791587,0.3832908980999851,0.4606638028988458,13.285237864972745,preci,All,Yr
24.25_99.75,0.0,0.6338566811847267,0.8501018771515836,0.5095552802512526,0.5166072217608451,0.3899923773291129,0.5500472988354101,0.5636597391339763,14.509017228465167,preci,All,Yr
24.75_100.25,0.0,0.37626521522222195,0.9071060781208217,0.39870146797814726,0.398299233858454,0.4199831850596193,0.3309231334365213,0.520736909139336,13.824994518525575,preci,All,Yr
24.75_99.75,0.0,0.33952769955379875,0.8786962360928066,0.5485085445003948,0.4580510483488833,0.38155876643399506,0.48721402421430043,0.5762024458385642,16.990071320618387,preci,All,Yr
25.25_99.75,5.268356063861754e-09,0.2902036803717053,0.8269211494179827,0.5157642494008908,0.4192403389023239,0.498070326588957,0.461881658262297,0.5859249610855508,16.156495119137745,preci,All,Yr
25.75_100.25,0.0,0.4222964291050678,0.8395148115170273,0.4458440521644836,0.3652428687237061,0.6025549799568128,0.32102067137290846,0.45248338210922956,11.343626023132284,preci,All,Yr
25.75_99.25,0.0,0.5692979009406228,0.9851474791953815,0.7297795476644098,0.4187423079238728,0.4912902440006301,0.6315634310621715,0.7083453039032258,20.69465358126449,preci,All,Yr
25.75_99.75,0.0,0.3799939224122484,0.8551688688109781,0.7352827206674991,0.3738155482929039,0.4854950636887815,0.5237162160792977,0.5876597950850334,14.664732413506266,preci,All,Yr
26.25_99.25,0.0,0.7458626073471505,1.378216936692547,0.7785410155851472,0.3862148014855863,0.5488330237047276,0.6760453300238831,0.813408761930739,22.55904455489319,preci,All,Yr
26.25_99.75,0.0,0.49713328594579287,1.0015582923124193,0.709471262817569,0.3926812318963473,0.45744368523412,0.5060522871399566,0.6451226117163432,16.181584719118373,preci,All,Yr
26.75_99.25,0.0,0.8347608104404941,1.4787374174716883,1.0874633395281323,0.41790099725181196,0.5264392090604468,0.7460348946783287,0.7432459700557421,20.9436993964254,preci,All,Yr
27.25_99.25,0.0,0.8927720055854791,1.53405533078525,0.8518211349238305,0.4148535448902282,0.5991765259699149,0.5962452711980926,0.5786750831815611,18.057526146895565,preci,All,Yr
27.75_98.75,0.0,0.660875482084472,2.2658552212742435,1.514353110624391,0.4294553632454918,0.5293552843993384,0.9609095046222804,0.5630438597777462,15.604274528940568,preci,All,Yr
28.25_98.75,0.0,0.4618014389315258,2.3647469282255424,0.955063010777815,0.43753478731992457,0.45629404712867117,0.6741115389551732,0.6235583926234615,13.17637878012564,preci,All,Yr
28.75_98.75,3.725290298461914e-09,0.36876438358476143,1.4997983683574794,0.41497416745780147,0.3274059149651911,0.3478810166399853,0.34924329079919625,0.41213005685327286,13.146365319829526,preci,All,Yr
29.25_98.25,0.0,0.24680213608335766,1.1417566139646382,0.2915585349819493,0.26038232519438553,0.2497691142511915,0.3854485326740087,0.28548030509523187,7.61065412206036,preci,All,Yr
29.75_98.25,0.0,0.22280120758971592,0.8173163772523349,0.24107353906345755,0.22894298514112932,0.2143332859599261,0.22822169500975817,0.21971117192660125,5.639995165196927,preci,All,Yr
30.25_97.75,0.0,0.24168571015738005,0.6036857456310034,0.2474694455898525,0.23916290356386208,0.18526317536353787,0.28935509755391026,0.21274266166065306,6.0316250271146465,preci,All,Yr
30.25_98.25,2.634178031930877e-09,0.25435083322169416,0.49950990505703047,0.31938050702749654,0.23311635914537232,0.18462193870901264,0.28536030440289695,0.19031933664293835,5.75096682801657,preci,All,Yr
30.75_97.25,0.0,0.2922829962101158,0.30724074680217445,0.2509917061710208,0.2046074526773609,0.16570690690667028,0.20938390286624334,0.15630322262301655,6.57793919577002,preci,All,Yr
30.75_97.75,0.0,0.30141664004921054,0.3684051991454644,0.26094422565553893,0.22561028834837707,0.16870866247626237,0.20687479380974944,0.16697566020733698,7.6530246923913055,preci,All,Yr
31.25_96.25,0.0,0.29422141345523173,0.4647974228054326,0.25324089157993496,0.18247244696707285,0.20490458823511656,0.23923757850134186,0.16207783403184517,4.311260753122598,preci,All,Yr
31.25_96.75,3.725290298461914e-09,0.2576149437716868,0.3884280177441039,0.225506496627584,0.20754357287911646,0.19560143309937789,0.24851550216437082,0.16898970036578229,4.418193468316727,preci,All,Yr
31.25_97.25,0.0,0.2864075759426318,0.32010277770850076,0.22801940844880283,0.19812927475031464,0.16260183140504478,0.26416465206757445,0.14197534492253003,4.652117119569529,preci,All,Yr
31.75_95.75,0.0,0.3394869840902778,0.46963756270421636,0.4110288323523069,0.2511741547630451,0.23193168876920417,0.41535324784995753,0.19270083609419916,4.874618482612262,preci,All,Yr
31.75_96.25,3.725290298461914e-09,0.3083191684775201,0.4762675001881331,0.29450494130959015,0.20790020793672817,0.2028298083971263,0.28642237360016237,0.17965497446888484,4.879981482760659,preci,All,Yr
31.75_96.75,0.0,0.2621189884154814,0.40627024102475834,0.2193083974067812,0.20707965906183218,0.17315391985196232,0.24237779678238855,0.1513707146387064,4.741969565706876,preci,All,Yr
31.75_97.25,0.0,0.2879316240398012,0.4395395345169701,0.2274079367933825,0.2310932298827693,0.1655602132746974,0.26575022325031206,0.1484610902247922,4.838266429073468,preci,All,Yr
31.75_97.75,2.634178031930877e-09,0.3054084692097538,0.5185713039011682,0.2757776746274405,0.24786875874757672,0.17010271297752474,0.3036141471925637,0.1706558757952006,5.975345745481268,preci,All,Yr
32.25_94.75,0.0,0.23130034108059347,0.3229124155069096,0.29864124153600186,0.25544222191683136,0.20212970764317015,0.30676889862317896,0.20048815273625856,6.7816452091014625,preci,All,Yr
32.25_95.25,0.0,0.2642507083200615,0.36989188634204173,0.2799140689022332,0.2846836805238883,0.21072239398583323,0.23530563638074978,0.1906471372699466,6.610137457798562,preci,All,Yr
32.25_95.75,0.0,0.25341271035250995,0.3740539921687845,0.2624768303096136,0.2858369879478321,0.21794849971147584,0.2257907240468538,0.17072339518478793,6.847931183831921,preci,All,Yr
32.25_96.25,0.0,0.23389852341605588,0.369050445902733,0.3203484022910688,0.2489896403448647,0.21689141037092383,0.26203937477865974,0.15981719188539295,6.467046454872452,preci,All,Yr
32.25_96.75,0.0,0.230534368679762,0.3949318105024471,0.33294586559090145,0.24057319166523686,0.18414471954664693,0.29070735395018266,0.14208552476848466,5.666548901076279,preci,All,Yr
32.25_97.25,0.0,0.251967871457983,0.4770307979728473,0.34309677177336984,0.2683001153898637,0.1635271337136376,0.3232855652480617,0.14370089638768205,5.41827041186036,preci,All,Yr
32.25_97.75,2.634178031930877e-09,0.2694512940261063,0.425327561788324,0.27708357059679,0.25247823999423696,0.17218970905158743,0.29821938299490386,0.13753514450245755,6.083315982493517,preci,All,Yr
32.75_94.75,0.0,0.19873521987910914,0.290815017087324,0.2302948719866055,0.16911928519263206,0.18979480228955523,0.25057137779017313,0.17166522785210572,7.53264827276747,preci,All,Yr
32.75_95.25,0.0,0.22233311068575345,0.23962429424279988,0.28634434477080545,0.1678405628267432,0.19526865262770318,0.30723494996121187,0.16665952459667746,7.8883036191939135,preci,All,Yr
32.75_95.75,0.0,0.2214875908878704,0.250340554600359,0.3609809691463345,0.21661337020697438,0.19758061533185478,0.41182526857107443,0.15965243949691532,7.986246819035411,preci,All,Yr
32.75_96.25,0.0,0.22459719546910253,0.26954719495803187,0.32628120163568913,0.24694188016665958,0.20422522452650788,0.309580668579625,0.140025242505391,7.50545340456935,preci,All,Yr
32.75_96.75,2.634178031930877e-09,0.24414372764475578,0.3447534612842284,0.42316491306127224,0.2622829528461313,0.1880239536375208,0.36909195174077947,0.13224803517204678,6.921347742447429,preci,All,Yr
33.25_94.25,0.0,0.15487391338627335,0.21083072531275834,0.2621339060803608,0.14245201128960167,0.18057109383437195,0.260381202494592,0.19242383611548836,6.299564604984085,preci,All,Yr
33.25_94.75,2.634178031930877e-09,0.15672333867461877,0.19256238369225387,0.25719107237026123,0.16722399672681268,0.17330104585783163,0.25052338396042323,0.19089002685881007,6.1717178380154305,preci,All,Yr
33.25_95.25,0.0,0.17555779506639613,0.24011399316572557,0.3372638870530097,0.18770924868610292,0.18248863127461792,0.3279407403066457,0.17662346762078573,6.219588036836654,preci,All,Yr
33.25_95.75,0.0,0.18976715023276908,0.2934326557253811,0.4263017129334715,0.18928570929724509,0.19873821898773,0.5185200993034792,0.17333223496867492,6.7702140762349945,preci,All,Yr
9.25_105.25,0.0,0.9779659396272481,1.1575900118567608,0.8700248125888247,2.166721299954678,1.0267056686059517,1.1373767358284759,0.9635541188684388,23.91807934208593,preci,All,Yr
9.25_105.75,0.0,1.0345253729725141,1.1610683207223387,0.8783537833656399,2.12237936660594,0.9277057811106906,1.0313178776968044,0.9764137218191631,23.601835825868417,preci,All,Yr
9.75_105.25,0.0,1.0281450399538028,1.4364332612823745,1.1618051700083305,4.159655322329403,1.1659721909667193,1.2621976308439256,1.1796248716791529,22.6846371368819,preci,All,Yr
9.75_105.75,1.4901161193847656e-08,1.03037875402146,1.1051175677080307,0.9868259172401582,3.3609617804810434,0.9714611633028795,1.0260587775841452,1.0570597653409282,23.35546565980595,preci,All,Yr
9.75_106.25,1.4901161193847656e-08,0.955787544867957,1.029468409433359,0.8474020853431317,2.5125957859573624,0.7707409094235207,0.7511498420426568,0.8240265419424914,24.164416742608367,preci,All,Yr
10.25_104.75,0.0,7.095990052543475,10.592175706204124,9.416079271121346,41.13017367807578,18.762212771789155,8.832038744022089,8.819337120069614,243.9536071885297,preci,JJASO,Day
10.25_105.25,0.0,7.241977179506546,10.313503330045602,8.739742068122261,42.29042187095058,14.433063186320787,8.352718741106168,9.310031966107442,215.98495691947892,preci,JJASO,Day
10.25_105.75,1.1920928955078125e-07,7.484060224816908,10.129967642288957,8.517153542744488,32.66177685568334,12.974336226012884,8.139671396577182,9.163445687369656,203.18221975243807,preci,JJASO,Day
10.25_106.25,0.0,7.197513352407826,10.10455562768379,8.399341923448386,25.419376255383142,11.828007374206653,7.90681844392608,8.44070119817243,202.37578997266343,preci,JJASO,Day
10.25_106.75,0.0,7.39340208761201,11.647792870331996,8.595420986143138,23.158553058340292,12.138500191326987,8.005074309921229,7.966515663162554,234.28632075376964,preci,JJASO,Day
10.75_104.75,0.0,6.541380070028292,8.022260503376765,7.6317862731338355,42.39334758477628,15.208124346397119,7.701463202236353,7.984738964365951,221.78912546519823,preci,JJASO,Day
10.75_105.25,0.0,6.881375352038597,9.030402012345453,7.865841179061276,32.681096061130496,13.738047591637242,8.014087051991273,8.858288827994073,203.20603888054708,preci,JJASO,Day
10.75_105.75,0.0,7.2137130752824605,10.010657694360203,8.203159980675313,28.54621688967106,13.96223219023959,8.523175731160268,9.254092454801059,198.63175523812453,preci,JJASO,Day
11.25_104.25,0.0,6.590685047373641,8.192734915966886,7.643743249349012,34.75303271845951,13.698505921166676,7.3696481871496635,7.946820099905474,244.61419001102456,preci,JJASO,Day
11.25_104.75,0.0,6.39398047596505,7.587478050803349,7.191835512762315,27.788533750919377,12.772161377087256,7.0720123752431014,7.816855118402349,212.83488730923776,preci,JJASO,Day
11.25_105.25,0.0,6.048475360683008,8.69638124245941,7.042721434186566,22.864315091569143,12.93093690043613,6.798253686328985,8.323992348926291,212.20847743808494,preci,JJASO,Day
11.75_104.25,0.0,6.289714342490066,7.833285691653735,6.409247318873861,26.225747575044096,14.933127152761017,6.080771787831535,8.46538937950099,168.5956317713567,preci,JJASO,Day
11.75_104.75,0.0,6.37308592813655,7.92646022394355,6.949496780153865,20.375753627535833,14.165828139770467,6.647896794478435,7.82322905334719,169.60517306046015,preci,JJASO,Day
11.75_105.25,0.0,6.260504133886825,9.268537397651722,7.557144558355812,19.90895113494323,13.99384622001499,6.794287133865174,8.687151063265894,179.87618775751292,preci,JJASO,Day
12.25_103.25,0.0,8.352073160147706,12.863051403756893,10.045491120666483,50.79056575067162,17.810325240265385,10.116487014431652,14.217873025173716,310.0944222807476,preci,JJASO,Day
12.25_103.75,0.0,7.353611611550843,9.312004013438619,7.522684353469278,34.75355455665358,15.92402892239365,6.984496272467348,10.20687338193582,232.52056976674618,preci,JJASO,Day
12.25_104.25,0.0,6.836922662977652,8.411419694996205,7.1825245714715065,21.265408877480652,14.156984976435307,6.719557458375536,10.234607788541116,201.26280912341446,preci,JJASO,Day
12.25_104.75,1.1920928955078125e-07,7.293281131592736,8.940010029246825,7.778984270669247,18.094416061442786,13.803608861278093,7.350932509052071,8.9554885315618,198.38547881692446,preci,JJASO,Day
12.25_105.25,1.1920928955078125e-07,7.2475490658176,10.439111139811697,8.810839762129344,18.6505225651802,14.193999695538446,7.576550591735189,9.250636189841225,222.42803506220153,preci,JJASO,Day
12.25_105.75,1.1920928955078125e-07,7.535561304655561,10.485752119280612,9.51638272089879,20.758029323292174,15.720587407894245,8.075282774447915,9.453570348588855,261.386192532848,preci,JJASO,Day
12.25_106.25,0.0,7.606872361944572,10.534723883261552,9.153727345860908,20.45572647666207,16.555821950968326,8.328301341465476,9.589273141477431,320.83758684473145,preci,JJASO,Day
12.25_106.75,1.1920928955078125e-07,7.66552874535535,11.722355087326273,8.88809997567082,20.01977453978429,17.297774242373986,7.689104250155093,8.58921915655179,425.4450997184133,preci,JJASO,Day
12.25_107.25,1.6858739404357614e-07,8.719748763010402,18.073400516634468,13.846797774505212,20.750026192806473,20.31366084390394,10.203838571377094,12.731396555823903,531.3252714255473,preci,JJASO,Day
12.25_107.75,1.6858739404357614e-07,9.218866235027253,17.961368125205567,10.547539339930674,18.187982361626855,19.24467892286221,8.84998179369453,10.19191344258534,379.8302195506252,preci,JJASO,Day
12.25_108.25,0.0,8.592973192764116,21.57367171878817,9.375199913314226,18.176490314310914,18.250530519506995,8.359477095477153,11.353500940947669,287.1763986197779,preci,JJASO,Day
12.75_102.75,0.0,6.955638969641723,9.299222372183593,8.679440551353713,48.797937175843686,15.448427217909419,8.338001950853391,9.627978821292581,297.5596683685078,preci,JJASO,Day
12.75_103.25,0.0,6.939466317299406,7.846767062039121,7.173907264829283,33.16237361330311,14.293135439153074,6.553130006395684,7.502375159673449,229.83583000885304,preci,JJASO,Day
12.75_103.75,0.0,7.337027312404095,7.529162910974604,7.1856028199001685,21.769998024284867,13.561424923838246,6.793395898811905,7.4738985390544075,204.52968370989217,preci,JJASO,Day
12.75_104.25,0.0,7.2823400422882525,7.901070367107149,7.1548743417580996,17.268072393173732,13.948520423740536,6.562623485710087,7.6207839899032725,201.81333361443646,preci,JJASO,Day
12.75_104.75,0.0,8.39046014213739,9.630698352086196,8.900320076232331,17.59449512798063,13.287347980281115,8.071309325732596,9.033888604250514,224.33218689087943,preci,JJASO,Day
12.75_105.25,0.0,8.182316837938446,10.63698716596537,9.15192609744415,19.935305224264145,14.084616315978955,8.311366133576582,9.718797584727692,263.9379773436111,preci,JJASO,Day
12.75_105.75,1.1920928955078125e-07,7.666077847600351,10.612107868755151,9.580785558147781,20.229912037585002,14.778761171994036,7.999527989898119,9.193034424180484,294.33707475128483,preci,JJASO,Day
12.75_106.25,0.0,7.471636025548787,9.796779978192282,9.131425018021124,17.690530153661573,15.691963288661304,7.864386555742277,8.892793695731122,308.35227927594013,preci,JJASO,Day
12.75_106.75,0.0,7.254013323713765,10.955833840213032,9.285091275431403,17.255220763419196,16.579553346604136,8.147900223548787,8.790794024463986,328.2287917305673,preci,JJASO,Day
12.75_107.25,1.6858739404357614e-07,8.015599238649816,12.353325686853767,10.055046435044213,17.911774417130307,17.76424000255832,9.005128388901758,11.022639667729536,350.74764839762736,preci,JJASO,Day
12.75_107.75,1.6858739404357614e-07,8.783885131968878,12.659138940349841,10.055648193987906,16.784188285541234,17.080837559104836,8.696699347867,9.84463771573159,280.01170809825044,preci,JJASO,Day
12.75_108.25,0.0,8.766607785324451,13.797661824958787,9.642885970786574,15.645325585768584,17.087490059574208,8.74186924931631,10.9652742364856,209.80802599172213,preci,JJASO,Day
13.25_102.75,0.0,6.5067540194818685,8.008096350240464,7.202364719018178,29.48544296431714,14.471508849467298,6.2735607108992,7.199649068271397,207.7214263113514,preci,JJASO,Day
13.25_103.25,0.0,6.779662827039638,8.051686581277428,7.4002656848199155,19.0869169475789,13.049608556388002,6.615286985419291,8.143596610928112,183.63701502523566,preci,JJASO,Day
13.25_103.75,0.0,7.526886513315059,9.50188149010443,8.404722712232191,16.76837144894454,13.805403893998825,7.3040735915400985,9.065956596891532,194.46242681882666,preci,JJASO,Day
13.25_104.25,0.0,7.921969623989147,10.056127658317646,8.977187452781727,16.45239225144023,13.323473770472138,7.696412908911077,9.571934272839444,234.64380587967398,preci,JJASO,Day
13.25_104.75,0.0,8.344436433001976,10.632328145650211,9.636393980447314,17.66494271400528,13.200592222550632,8.200018798139643,9.241314914723485,277.0775840400497,preci,JJASO,Day
13.25_105.25,0.0,8.31206748434083,10.812385909372182,9.355701425625224,18.792854816031518,13.411560639958545,8.125706169926824,9.693237660555148,309.5803795767886,preci,JJASO,Day
13.25_105.75,0.0,8.122901466498119,11.456895521932466,9.627598572536105,18.767186908977955,14.069005509521265,7.987296494685734,9.780086460091344,262.18937927610006,preci,JJASO,Day
13.25_106.25,0.0,7.639501167616106,10.387354068056393,9.6229798816906,16.65731651040146,15.175248611652043,8.048635015188616,9.653638854743937,251.7390213511058,preci,JJASO,Day
13.25_106.75,0.0,7.728118736209611,10.89852244418769,9.448318957348173,15.597384054895441,15.694382867518648,8.05957656975084,9.516375388397657,275.86688760154783,preci,JJASO,Day
13.25_107.25,0.0,8.542882511609,10.630874119942005,9.84493453118311,15.840642831049703,15.434775860046678,8.509382108356606,9.377876051457623,290.0365774514894,preci,JJASO,Day
13.25_107.75,0.0,9.103825735912414,12.523024001224506,10.47471377938414,16.654373178824613,14.763756496530805,8.882239733453797,9.67866255013706,235.86472826927465,preci,JJASO,Day
13.25_108.25,1.6858739404357614e-07,8.737337363099753,14.230862854186407,10.49000312327437,17.512050310965094,14.24743409039319,8.998803614248867,11.348716509467554,188.11979462098134,preci,JJASO,Day
13.75_102.75,0.0,6.7653202019421,7.578367196424824,7.704531343589254,17.735156381406153,13.361318176278028,6.650930770941177,7.4289972901789385,215.8537591568741,preci,JJASO,Day
13.75_103.25,0.0,6.459504817380456,7.695324539936917,7.391367976716921,14.536342591963983,12.662344525261034,6.159748147330765,7.618819390839471,212.47842170749237,preci,JJASO,Day
13.75_103.75,0.0,7.337652608504985,9.526715921252258,8.562847517698401,15.646689861282258,13.521551029317452,7.063568133548653,8.534741923095439,226.56005188332063,preci,JJASO,Day
13.75_104.25,0.0,8.024637197323983,10.614426474732538,9.37902276529786,16.3203162065397,13.619536935180948,7.792466781817885,9.236436026022295,255.0958752147542,preci,JJASO,Day
13.75_104.75,0.0,8.149227473014909,10.656723656222887,9.651811426084963,15.21192994693448,13.077602945673078,7.835809721730029,8.542310521139667,275.3968360481318,preci,JJASO,Day
13.75_105.25,0.0,8.198606820283297,10.442142992515521,9.140123814339933,15.159531707560095,13.253378393874419,7.764494707456422,9.1188106204979,281.85999391086307,preci,JJASO,Day
13.75_105.75,0.0,8.451017364057899,11.708039678282896,9.776583957643135,15.536887252462376,13.95735909094518,8.292030976862344,9.477195575923592,243.6545267536314,preci,JJASO,Day
13.75_106.25,0.0,8.27855268949974,12.56278871137833,10.194423753476451,15.312100129081472,15.650751970365036,8.094313474464224,9.506033664522223,264.9250988701702,preci,JJASO,Day
13.75_106.75,1.6858739404357614e-07,8.818554445565685,12.943659100490274,10.36677326888481,15.905498550155086,16.166279854651403,8.43861311152255,10.459445141845123,339.55616139788316,preci,JJASO,Day
13.75_107.25,0.0,9.846146963083342,12.745905848793317,11.87144388116415,16.635209425674127,16.282528886568596,9.40609486969715,10.421069750319251,409.0364178112827,preci,JJASO,Day
13.75_107.75,0.0,10.620752253338951,14.13339976028547,12.513128572887972,17.77579326420969,16.069744378736072,10.705300774365368,12.045162607478547,342.28089001411985,preci,JJASO,Day
14.25_102.25,0.0,6.429082236402749,13.425808817544082,9.426058644001944,18.632445157761442,13.180555587918818,7.315213367238261,10.416206537717446,269.4963680688738,preci,JJASO,Day
14.25_102.75,0.0,6.7635098467266035,10.806184410446084,8.308837716959,17.051364666912715,12.593328139299665,7.003583226504117,9.700572421624369,241.8049941396071,preci,JJASO,Day
14.25_103.25,0.0,7.133772241389211,9.34308082780093,8.441102914292305,15.011729262579928,12.69893989675218,6.880878965920105,8.51811664975465,222.87445224784915,preci,JJASO,Day
14.25_103.75,0.0,7.611915273950544,10.324654519683769,9.250401020277284,15.627114473911952,13.568240510161981,7.358476024243249,9.556184372621992,229.62672240738706,preci,JJASO,Day
14.25_104.25,0.0,8.247388720772035,12.251575390294047,10.449364475526421,16.08915482026083,14.150961729755249,8.289527341864833,12.083646857726674,261.4670466927378,preci,JJASO,Day
14.25_104.75,1.6858739404357614e-07,8.768286712711758,11.67301247345458,10.215336695554644,14.90470945125738,13.736294026243597,8.547088820876086,10.342584950382925,283.9249966535847,preci,JJASO,Day
14.25_105.25,0.0,9.149176604319315,14.224446527997067,11.369483651895603,15.30877204397418,13.966810947484626,9.31189845994729,12.948837022892699,277.2933391106621,preci,JJASO,Day
14.25_105.75,0.0,9.577748065635166,14.53433570637064,11.233218725446159,14.865506640479595,14.867265556237738,9.629581002324649,10.555331859294158,306.1507158019765,preci,JJASO,Day
14.25_106.25,2.384185791015625e-07,9.151588276816558,17.88931939752264,11.091095751079559,15.262414974037744,16.14004140599765,9.238270780138985,10.482230426487352,371.4644739479382,preci,JJASO,Day
14.25_106.75,0.0,10.534650846430852,17.958720836475695,13.294166616422158,16.53479749531233,17.374263295793703,10.484506243055408,12.731841233533205,472.1977746342719,preci,JJASO,Day
14.25_107.25,0.0,11.285744977528669,16.34640337519354,14.292409005762133,17.08439885379095,17.678796736018537,11.269082224677518,12.89707277165714,507.8942000031006,preci,JJASO,Day
14.25_107.75,2.384185791015625e-07,11.382352888401698,17.403739865684663,13.319984366136351,17.582153296908682,18.028090133107504,11.121136026515229,12.50117706825447,363.4182508673613,preci,JJASO,Day
14.25_108.25,1.6858739404357614e-07,9.941534084343418,19.78313006062821,11.812612331389872,18.17056150543405,17.479065446394536,10.328079317547498,13.586602273612867,286.216682955919,preci,JJASO,Day
14.75_101.75,0.0,6.230174935759607,10.108174230035516,8.104972472284501,14.96473644257622,14.02196211509047,7.2627945180209545,8.20671875669617,243.13199732567853,preci,JJASO,Day
14.75_102.25,1.1920928955078125e-07,6.7771651433143925,8.33725853391764,7.794893311196468,13.777859187723326,13.389471100276534,7.131074031711509,7.253327657444006,215.4351983651865,preci,JJASO,Day
14.75_102.75,0.0,7.580467226884935,9.451015952647014,9.085963450645494,12.936590871627871,12.86002754770483,7.8509101175902085,8.671938168668408,207.85760718725652,preci,JJASO,Day
14.75_103.25,0.0,7.96427606481083,10.13243218951948,9.760229173787044,12.464256501115505,12.871835128450224,7.962728469427841,9.570613584571081,205.19762072750993,preci,JJASO,Day
14.75_103.75,1.6858739404357614e-07,8.745954282602172,10.814587935830373,10.413945302359298,12.862587475229487,13.368171865208597,8.457053742939957,10.350256762006063,216.96957801898157,preci,JJASO,Day
14.75_104.25,0.0,9.704271933232095,11.833367798995878,11.346532379013443,13.069452847885087,14.23954811052228,9.506420356403526,11.363056280693069,248.98990191367287,preci,JJASO,Day
14.75_104.75,2.384185791015625e-07,9.896964167392108,12.085856941005655,11.598263012140281,13.192258337565384,14.394460990970819,9.956410192239206,11.3932378818164,269.10180436474764,preci,JJASO,Day
14.75_105.25,2.384185791015625e-07,10.695860518381494,13.935378380790636,12.633709352169419,14.672409744487954,14.99038799821217,10.87175804575178,12.532277966478613,298.61769778750937,preci,JJASO,Day
14.75_105.75,0.0,12.21722707584351,18.638107564905713,14.36286966873995,17.28196137336302,16.264174989519624,12.147500616697835,13.668972726325663,375.57631965223914,preci,JJASO,Day
14.75_106.25,2.384185791015625e-07,11.21060436207474,19.31918971579518,13.773765545967251,17.248813092862065,16.203019680665513,10.866261661082287,15.489982911950703,460.3821696047298,preci,JJASO,Day
14.75_106.75,0.0,12.035508166443117,18.436483452323895,15.373422648786715,17.08373231319576,17.82782934037908,12.146520122832833,13.71286378165097,484.87186838372276,preci,JJASO,Day
14.75_107.25,0.0,11.410858551709007,17.531549774569235,13.62940805832988,16.24407029457803,17.051318197907936,10.75355321976555,12.257583428788104,398.0786708258356,preci,JJASO,Day
14.75_107.75,0.0,10.828855204609857,21.888488790623814,14.517464415599317,17.06610551958167,18.26795192542574,10.728494733530203,13.639264128456404,301.6886776042453,preci,JJASO,Day
14.75_108.25,0.0,10.06791927851888,23.148210922971757,13.930063930993706,20.422848160705723,17.2526503000882,10.556955619455831,15.586299157770304,298.6008614013175,preci,JJASO,Day
15.25_101.75,0.0,6.512320904580346,8.536511901363449,7.845197180648966,11.943702176507477,13.791145088817222,6.981732481325857,6.9700044042887335,212.03107272110353,preci,JJASO,Day
15.25_102.25,0.0,6.787743924020906,7.826696957669044,8.17296703201722,10.900489165945778,13.618556181358896,7.152265934912204,7.321679101126354,206.45143660552552,preci,JJASO,Day
15.25_102.75,0.0,6.839982141310183,8.496395355261638,9.024633483175474,10.195376814083128,12.854658997411866,7.449151729972928,8.051207734588123,183.1360862956203,preci,JJASO,Day
15.25_103.25,1.1920928955078125e-07,7.506332156190746,9.55536739109945,9.872706402252536,11.005799555842493,12.781412595331949,7.791226505817806,9.180331254196112,183.2155042817815,preci,JJASO,Day
15.25_103.75,1.6858739404357614e-07,8.843660865276973,10.708220612705773,11.447059789894531,11.937849793158575,13.059689993398653,8.951522566995367,10.44849186973025,211.60361256194602,preci,JJASO,Day
15.25_104.25,0.0,8.969571274518096,10.824062738041642,11.702591300186672,12.110721200365639,12.999273965807387,9.221109170107503,10.682741134217226,242.71309417260127,preci,JJASO,Day
15.25_104.75,1.6858739404357614e-07,9.479868006312074,11.666953449135923,11.986330205259785,12.904522156687811,13.743044999006866,9.856698535632269,11.506714892497255,265.65345798073145,preci,JJASO,Day
15.25_105.25,2.384185791015625e-07,10.911444360722827,12.70804053210925,12.635599816393766,14.416957773718126,14.993224961448968,10.876256213747729,12.498953755216203,312.1247282682264,preci,JJASO,Day
15.25_105.75,0.0,11.466702490778488,15.7277783289285,13.922710222171892,16.1686196948667,16.44440917087638,11.150966871848649,13.014032385203704,406.5755339754319,preci,JJASO,Day
15.25_106.25,0.0,13.098149391854701,21.70660660740374,18.7641129650317,17.924769114745967,17.867133655324984,13.344766925070767,19.69460633873858,460.0967013743984,preci,JJASO,Day
15.25_106.75,2.384185791015625e-07,11.418189997684058,15.548169831598662,14.584860742220906,15.743003383931425,15.886689762130958,10.537884153761851,11.865219530675278,393.5439703898217,preci,JJASO,Day
15.25_107.25,0.0,11.951805052158596,16.55402680104667,13.918509806816356,16.8322093032715,16.72502981107368,11.301289792663495,13.455733116402293,311.54623832074157,preci,JJASO,Day
15.75_101.75,0.0,7.714581116310845,10.978067962660663,9.294059012929946,11.887549416279697,13.448397824332883,7.815263345756872,7.777190358648117,233.48736270733167,preci,JJASO,Day
15.75_102.25,0.0,7.529318318460275,8.667147591461754,9.03203101756019,10.757356527773217,13.276711972014043,7.621342704879078,7.8662084149624665,194.78356646864813,preci,JJASO,Day
15.75_102.75,0.0,7.264109885155935,8.632405984500437,9.221493977777747,10.03691484852073,12.714709046437656,7.444035557624949,8.451115065015967,170.55241682300166,preci,JJASO,Day
15.75_103.25,0.0,7.8824002459827165,9.833379209577972,10.258194536302328,10.818316256066419,13.07002201903439,8.188949430831578,10.43848116895495,193.20869493653657,preci,JJASO,Day
15.75_103.75,1.6858739404357614e-07,8.473234475954555,10.487760467073999,11.001237773566631,11.450419255853296,12.921671451371445,8.672545938542346,11.096303333517605,217.1567297878569,preci,JJASO,Day
15.75_104.25,0.0,8.78675196152994,11.007966703729531,11.246082462616426,11.732483142322952,12.793428906743639,9.058877219756026,11.208812649313039,227.72602099547453,preci,JJASO,Day
15.75_104.75,1.6858739404357614e-07,9.179350518822968,11.951865500050989,11.687878532758342,12.327762935494029,13.106264430282494,9.442018874664877,12.076221872554143,240.6074888825156,preci,JJASO,Day
15.75_105.25,0.0,9.681577060279587,12.72190081729091,12.542374953804433,12.956357231937663,14.25665077644058,9.782302584073484,12.233744634787737,290.3006393914344,preci,JJASO,Day
15.75_105.75,0.0,10.208562355722739,12.971768416381638,13.150217813779795,15.278951302454814,14.695552677155241,10.069366934518332,12.25900516854369,382.3346915499072,preci,JJASO,Day
15.75_106.25,0.0,11.191031462990745,13.449499722173233,13.240565474810056,15.572321151903898,15.397695620854755,10.335389414854802,12.636335704257911,414.87700312776053,preci,JJASO,Day
15.75_106.75,0.0,13.481841661187486,16.461921942258616,16.33853812191756,18.360165321485916,17.269125157795283,12.647402803891785,14.48296240263759,340.96424847502425,preci,JJASO,Day
16.25_101.75,0.0,7.551942457933758,13.211851824100382,9.480392308080546,11.185691868066325,13.447322932558624,7.523536985547523,8.968453644083812,275.15429354089156,preci,JJASO,Day
16.25_102.25,1.1920928955078125e-07,7.301988078136158,8.566543949710095,9.230399442946291,9.946462857864576,12.961537413207962,7.493497244474747,7.365130841637329,204.82661630115464,preci,JJASO,Day
16.25_102.75,0.0,8.479603447571346,9.943175703502497,10.32326570039409,10.780810890847832,13.36872584814589,8.470303234666723,9.3337879075786,178.0983247858024,preci,JJASO,Day
16.25_103.25,0.0,8.627560512678354,10.389966686597253,10.91783292599282,11.34041505005248,13.207017605420704,8.838733559707006,10.899940861701891,208.4972107929433,preci,JJASO,Day
16.25_103.75,0.0,8.526168340922522,10.381154157246018,10.827211668546196,11.298555505190368,12.596687052516689,8.76326901418634,11.533225775782462,233.3813282663271,preci,JJASO,Day
16.25_104.25,0.0,8.471364561865135,11.532194284130808,11.514818812603664,11.514519720739951,12.384665395106065,8.934220827129952,12.09137819863815,220.43304480883467,preci,JJASO,Day
16.25_104.75,0.0,9.402774632796156,12.721180423764107,12.795574846261658,12.34815173995584,12.78005758487018,9.473674500591839,12.846959784116892,215.44453032462278,preci,JJASO,Day
16.25_105.25,0.0,9.66892096375477,12.976189770380396,12.787571268121985,12.74211006550243,13.286160318044093,9.594993895735982,12.806139636487785,260.1920943796015,preci,JJASO,Day
16.25_105.75,0.0,9.737223044760583,12.862817148137504,13.120680814497454,14.382046460268532,13.52773070989923,9.496844085287528,11.979362921662894,330.52209328411243,preci,JJASO,Day
16.25_106.25,0.0,11.10782565129369,13.637925677952211,14.595350489981175,15.878431079526976,15.1290462530092,10.64237965675362,13.074548719724671,318.5955874106253,preci,JJASO,Day
16.25_106.75,2.384185791015625e-07,13.323139791553936,17.80694979404354,18.456973276769876,20.125305654657083,18.081400796889415,14.215338413163947,17.0035383770898,319.01861080924255,preci,JJASO,Day
16.25_107.25,0.0,13.26951627152022,19.66514798789679,19.735784100823473,23.659094927394584,19.497024005466596,14.336713442734624,17.78785561696291,394.50754618747663,preci,JJASO,Day
16.75_101.75,0.0,8.422279420908264,10.778364921603139,10.777502461400799,10.560549189144062,13.133214744201165,8.855046930984983,8.417776357282307,285.2610747269052,preci,JJASO,Day
16.75_102.25,0.0,8.229946851108986,8.88259072169443,9.682774218805255,10.18226999108413,13.007248215386836,7.917021019707999,7.4360141964147495,209.68351846343828,preci,JJASO,Day
16.75_102.75,0.0,8.130085496354885,10.107267866622596,9.921288423028617,10.280727557487761,13.23215447418296,8.483684198990893,9.348681466366394,197.05022005752392,preci,JJASO,Day
16.75_103.25,1.1920928955078125e-07,8.068619854535267,10.177849781828682,10.268649304384747,10.966359982338606,12.829240086649127,9.011268044038104,11.511562870681601,234.9147981553431,preci,JJASO,Day
16.75_103.75,0.0,8.876446562650694,11.577451353917192,11.731910216638619,12.130679028516356,12.731977543064595,9.85745339446225,12.589976409105951,236.89570855210067,preci,JJASO,Day
16.75_104.25,0.0,9.28637656022854,12.844391322171202,12.577810004611488,12.291548035007468,12.668928804269507,9.937046487748853,13.649470623621536,225.48733535635517,preci,JJASO,Day
16.75_104.75,0.0,9.955964444049883,12.590575149511809,12.472531241061478,12.124626546375678,12.701726580200711,9.578727755207026,12.960832449247976,235.23236065422657,preci,JJASO,Day
16.75_105.25,0.0,9.957625338673557,13.690141540856755,13.42892042253732,12.497986426941928,12.703223422652222,9.918483534249708,13.43534147510318,287.966622567274,preci,JJASO,Day
16.75_105.75,0.0,10.819287678419583,13.514717366248789,14.3867987981215,14.199068498578802,13.484314270938492,10.79308877342592,13.400258935901721,308.8134745619515,preci,JJASO,Day
16.75_106.25,0.0,11.371491424485384,14.132037163950793,15.711579633760998,17.100997806125157,15.39279906148504,11.599055125655413,14.588182932994776,306.558573796014,preci,JJASO,Day
17.25_101.75,1.1920928955078125e-07,8.940417231623764,9.454566505476317,11.257889947518489,10.359211909746476,12.956374952872093,9.480253205980327,7.96301049528665,250.29005481099622,preci,JJASO,Day
17.25_102.25,0.0,7.960766070846721,9.193134361712993,9.3037752202492,9.838114748510014,12.134335591346042,7.8563629116394,7.67808302496134,194.35079275812558,preci,JJASO,Day
17.25_102.75,1.1920928955078125e-07,8.249098120373155,11.245759709620852,10.642811238118789,10.404473073762116,12.551937547347135,9.811435277573537,11.088290102189381,203.39726092143658,preci,JJASO,Day
17.25_103.25,0.0,7.923932752905149,11.400897923522622,10.981763692105991,10.885510683967697,12.21428156800617,10.748487118977076,11.721592483866425,225.03515965287494,preci,JJASO,Day
17.25_103.75,0.0,8.521438637792954,12.19911580605484,12.07345922818235,11.781488796476598,12.31375278170607,11.978468066150219,12.934111309683304,212.40810604376227,preci,JJASO,Day
17.25_104.25,0.0,10.114124693502529,12.795121765296479,13.004068482244763,12.985993044686133,13.342289041080313,11.522285208042058,12.845181329729154,215.41461112740308,preci,JJASO,Day
17.25_104.75,0.0,10.936484358002765,13.433269435885187,13.808304995843345,13.440570562936514,13.819059202572015,11.310254082867566,12.79669998952184,264.6264327724557,preci,JJASO,Day
17.25_105.25,0.0,11.543478284679455,14.662805045652835,15.003590889122012,14.584929972282877,14.290677841760646,12.040155562352776,13.752530813955342,300.3846075348124,preci,JJASO,Day
17.25_105.75,0.0,10.446101611494647,14.049409861355718,15.866663645635718,15.880335451854956,13.201953866184976,11.183243676451124,13.628812427445515,300.49606475458825,preci,JJASO,Day
17.25_106.25,2.384185791015625e-07,10.287615868801232,16.17302683013164,17.805987202428017,19.891758943153555,14.872705207284696,13.33114489608383,16.643466074119896,309.77228078816864,preci,JJASO,Day
17.75_101.25,1.1920928955078125e-07,9.617595330081508,10.436976922622277,10.448569881035711,9.680584449520108,12.483393733776033,8.882548321362378,8.649606523343333,232.52286854268706,preci,JJASO,Day
17.75_101.75,1.1920928955078125e-07,8.818792499063454,9.069003882658876,10.382007412932408,9.93812530715302,12.733118382042033,8.585341898490915,7.56115003334095,207.54275674515927,preci,JJASO,Day
17.75_102.25,0.0,8.793372403011212,10.067723026989084,11.730624147693197,10.408340550584382,12.850995320138118,9.876879999716989,9.629208494574506,191.8640800291264,preci,JJASO,Day
17.75_102.75,0.0,9.010400940194488,11.289736098005546,11.424491837877877,11.018142789543035,13.073669636430635,10.443564818952176,10.50826787325301,212.20643169641681,preci,JJASO,Day
17.75_103.25,1.6858739404357614e-07,8.271211243319302,11.746122024753927,11.23407175973419,11.124746096054484,11.95531187152533,10.931120837054062,10.860813135690664,237.21701295464607,preci,JJASO,Day
17.75_103.75,0.0,8.96932367405033,11.951403093178763,12.217599137178004,11.992940095195422,12.498203920444263,12.288769374676018,11.339850717059061,244.29514716568966,preci,JJASO,Day
17.75_104.25,0.0,11.387106164230396,14.197408264181812,14.259121700320529,14.25561851391867,14.570029139311798,12.791735434687308,13.138149268002895,274.27762634219175,preci,JJASO,Day
17.75_104.75,0.0,13.446919963287188,17.411814053493913,17.027049094206873,16.017620252985388,16.08593906896772,15.296713962853474,16.07561898689377,307.14277634491384,preci,JJASO,Day
17.75_105.25,0.0,12.335039126205203,18.086599702958583,17.669628130157502,16.11647249687598,15.39379818505892,15.330062567620951,17.553926933391246,313.44295838601073,preci,JJASO,Day
18.25_101.25,1.1920928955078125e-07,9.50156141772254,9.450498225723884,11.169907854467713,8.907162818460618,13.030790972341487,8.377606261537968,8.744255638546766,207.84040298971945,preci,JJASO,Day
18.25_101.75,0.0,8.976186817883313,8.564502564721641,10.84502777061925,8.874821111795606,12.77369615791642,8.017522867225226,7.263235854610438,194.7791410237307,preci,JJASO,Day
18.25_102.25,0.0,9.908253845504474,10.239311498026733,11.98648952960477,10.634761956837153,13.473577157349721,9.503431763823606,9.723278508150216,229.45193543251384,preci,JJASO,Day
18.25_102.75,0.0,10.413034227025674,13.48474015193881,13.25419024405826,12.04215705155765,14.489488143910329,10.865910063698635,11.570742209430234,257.81973340665155,preci,JJASO,Day
18.25_103.25,0.0,10.577659236047568,13.15455696774819,14.204639211942492,12.920944113621195,14.33149956780882,12.208803483922463,13.050627785339072,311.9583017432652,preci,JJASO,Day
18.25_103.75,0.0,12.295708363561602,14.376529045162552,14.815167663341665,14.608171831113054,15.514138451321895,13.252297169625136,14.068853494095197,310.8012296435484,preci,JJASO,Day
18.25_104.25,0.0,11.503281419792147,14.654497305105528,16.368467060035357,14.29626541599076,14.555006898839022,13.274007667586678,14.27502648007582,309.0511411237183,preci,JJASO,Day
18.25_104.75,0.0,12.270244780341631,17.7445440008369,18.973755276989113,14.61483235251712,14.774542691745195,15.933429404645514,17.599004124279737,320.2999632027894,preci,JJASO,Day
18.25_105.25,0.0,11.444420110982202,19.747892994929927,20.56017655729582,15.152201229135844,15.398564813899863,21.915686307948228,20.119895299498783,347.5533717865242,preci,JJASO,Day
18.75_101.25,0.0,9.824071166453257,16.23211484753572,15.494717267589408,9.949051305213882,13.639582125109962,12.404921478120462,13.351933947221262,220.47852847383967,preci,JJASO,Day
18.75_101.75,0.0,9.09846136292769,9.689276389190308,11.570280163187322,9.27139958060818,13.560675850457994,8.95814074208327,7.341867859125192,215.34580170436266,preci,JJASO,Day
18.75_102.25,0.0,10.558546946951424,11.911945332557075,12.772710855932345,11.351879835015147,14.590427282797307,10.596228961749107,10.476038290477923,272.55395803305163,preci,JJASO,Day
18.75_102.75,1.6858739404357614e-07,11.272550109590433,17.13047393930057,16.323498771655807,12.38365827009006,15.300117017745018,13.889725766348699,13.171875172981393,366.039742466625,preci,JJASO,Day
18.75_103.25,1.6858739404357614e-07,9.932019150567527,20.97811042768559,18.529337014074603,11.166254889918038,13.80558373790855,14.071562822007017,13.786250117095877,347.73377929720215,preci,JJASO,Day
18.75_103.75,0.0,12.07894304230672,14.711192319061354,15.372031986170311,13.263833327345239,15.428489300694237,13.385927349077585,13.262011299136805,371.0992142104504,preci,JJASO,Day
18.75_104.25,0.0,10.479255715554357,13.764587302304422,17.248292686336082,11.466087319937607,13.206074693448768,12.880982218161618,13.279700865982706,375.5853015445058,preci,JJASO,Day
18.75_104.75,1.6858739404357614e-07,9.970618554212361,16.97631266048887,21.072812574414556,13.401240510963952,13.17618120186697,19.105168171528703,15.686088271950343,357.2640118889345,preci,JJASO,Day
19.25_101.25,1.1920928955078125e-07,10.132992908846452,18.312489552445104,13.416992857746044,10.108211249169385,13.644773577373476,10.683795655232187,15.916703537213134,225.92136283151987,preci,JJASO,Day
19.25_101.75,0.0,9.621915412592532,11.978155830878322,11.215298179700396,9.359076419671549,12.965237548723247,8.555836604575354,8.01037032448109,240.37392979624218,preci,JJASO,Day
19.25_102.25,0.0,9.580127975747565,16.148552950859116,14.666263801907348,9.676638713021154,12.965392335227614,11.770614855167032,11.40586895552636,263.92795325134836,preci,JJASO,Day
19.25_102.75,0.0,10.313573209560062,20.653236769739426,15.00797055169691,10.13562785709297,13.488177393322113,13.061969579288968,12.313817550395607,315.1529616459755,preci,JJASO,Day
19.25_103.25,0.0,10.177688598573033,18.44559070982371,15.964404606286388,9.77637948042636,13.056964238379692,13.694997912830472,12.90541332720424,356.805815656527,preci,JJASO,Day
19.25_99.75,0.0,10.77632546926807,10.523193554814615,9.536242632366875,8.98766623857346,13.375917932419664,9.716709206815585,8.60512826019643,193.85684117791493,preci,JJASO,Day
19.75_100.25,0.0,10.632301253054244,12.052294497424075,11.157826972943672,9.322546837818527,13.603155534947176,9.551994818569908,9.763624065137693,184.6157895128843,preci,JJASO,Day
19.75_100.75,0.0,10.324867912063334,13.945755601939931,12.112741175295197,9.428004928303825,12.819344520859053,9.87918275850092,10.183588655457182,209.4061393475831,preci,JJASO,Day
19.75_101.25,0.0,9.868882201666839,15.493837574501224,11.85765911627467,8.758431858038888,12.051387880962693,9.4620248309086,10.913830424217332,229.3739203038981,preci,JJASO,Day
19.75_101.75,0.0,9.605831142648698,12.69542851619948,10.550454067501793,8.358340124840979,11.46626045460922,8.06777971350301,8.421011312263774,250.54386563345136,preci,JJASO,Day
19.75_102.25,1.1920928955078125e-07,10.076652135517081,15.746950220472103,13.649962789130033,8.654245277304629,11.306004007287399,10.516941346694832,9.508584476251963,236.78783909261065,preci,JJASO,Day
19.75_102.75,1.1920928955078125e-07,10.45070683051918,16.44967256756495,11.473270769170542,9.008573971577494,11.39254780180478,9.43487578233073,9.559513583211903,253.52363448444396,preci,JJASO,Day
19.75_103.25,0.0,10.318771449175284,15.270763528229379,11.496016796490633,9.266655250330372,11.846772447572876,9.730058021648384,9.550746442015868,286.9820765490679,preci,JJASO,Day
19.75_99.25,0.0,12.938395525618246,11.473052511278343,9.94485883339489,9.170615266249552,13.314657791828237,9.56647769055889,8.916908596262772,267.8545659512875,preci,JJASO,Day
19.75_99.75,0.0,12.459464178525126,11.39837904655477,10.478201197288918,9.636643259483922,14.097921067333093,9.633613424232392,9.219511478836026,213.06287002952698,preci,JJASO,Day
20.25_100.25,0.0,11.22181352813699,11.90761860212759,11.258507272867813,10.391797158046272,14.57261808875988,9.963989586719837,9.896336509215125,200.41244904335895,preci,JJASO,Day
20.25_100.75,0.0,10.243838821832375,12.690677005196694,11.027202420324246,9.423814355169537,12.760896489220908,9.822299991483703,10.133928186936238,198.83439967384567,preci,JJASO,Day
20.25_101.25,0.0,9.474250885291909,12.728689042468831,11.32426437379439,8.189656477178415,11.241508885523299,8.643621154682144,9.060278508755824,222.96491923243627,preci,JJASO,Day
20.25_101.75,1.1920928955078125e-07,9.430439650828726,12.978361313061308,11.374727151973342,7.74801015720057,10.348868399750359,8.586094239652038,9.073782960872554,207.46751707201955,preci,JJASO,Day
20.25_102.25,1.1920928955078125e-07,9.603793064031672,10.692314614664282,10.464845276527498,7.472322868389299,9.933353823092448,8.059210072257924,7.939408920842942,183.74387213254138,preci,JJASO,Day
20.25_102.75,0.0,9.709580480400298,11.703675158291825,10.465911254760616,7.781129941812694,9.53901412315482,8.204162753387887,7.92432978722538,187.2883426436553,preci,JJASO,Day
20.25_103.25,0.0,9.13244684973769,12.929061417092731,9.913300374882533,8.040288173589474,10.04048523135553,9.644695459151212,9.116008463146732,232.92282163854233,preci,JJASO,Day
20.25_99.25,0.0,12.066229350692048,13.791474972125553,12.123853660916087,9.437685268632901,12.959714568956912,10.268198902177845,10.122100005053623,287.52921155719145,preci,JJASO,Day
20.25_99.75,0.0,11.971033697712905,11.86179168614932,10.96951096801835,9.86275114416664,13.92493922286981,10.135281081364493,9.946108512298716,245.22049241871366,preci,JJASO,Day
20.75_100.25,0.0,10.422344047227742,10.74512282200109,10.485847246890906,9.224943023204789,13.309850436333713,9.246292024545099,8.794224062525794,227.2948512264718,preci,JJASO,Day
20.75_100.75,0.0,10.088243165310582,11.750433144652055,11.17274550835068,9.213777696918479,12.801727710507924,10.54682968678188,10.606997604973099,193.84743348519103,preci,JJASO,Day
20.75_101.25,0.0,9.914452623136714,13.298163555141448,11.932815859152786,9.044574402597348,11.875873638083695,10.340106042431072,10.532794836255258,195.37879387171037,preci,JJASO,Day
20.75_101.75,1.1920928955078125e-07,9.455733392373816,12.32365809179647,10.365324285423707,8.498784736780914,10.48151857569842,9.107987590536915,9.244124869494888,209.1123418259654,preci,JJASO,Day
20.75_102.25,0.0,9.164276035984813,10.650292858366534,11.47279785035315,8.092304708146456,9.701741215217151,8.227709536053274,8.341810970242015,208.37900146761845,preci,JJASO,Day
20.75_102.75,0.0,9.097254902800957,10.556073718852955,10.149802971748315,8.145094157028455,9.100373754561824,7.686324899559769,7.895965318252208,197.00278725260483,preci,JJASO,Day
20.75_103.25,0.0,9.104928782442537,13.661938266454003,12.427108549744702,8.539516988905927,9.660581540516763,9.357957878826847,10.29293701383029,208.89525910343204,preci,JJASO,Day
20.75_99.75,0.0,11.184542117393807,11.970958922564678,10.786830746222385,8.755867039356586,12.891938873034835,11.58120446947214,10.822301042260476,284.07885715115674,preci,JJASO,Day
21.25_100.25,0.0,9.63633252110928,10.77177116700993,8.023895598974514,7.6885400318455694,11.865492968823922,7.70299228591321,7.933217398509987,257.62650257191336,preci,JJASO,Day
21.25_100.75,1.1920928955078125e-07,9.766936554074974,11.05716258503598,10.609316932466914,8.258925519980973,11.836893127297985,9.545669617092468,8.62029442313086,198.29317092914064,preci,JJASO,Day
21.25_101.25,0.0,10.142728045270651,12.940598278585018,11.012373975120997,9.03821777014526,11.683416235083502,10.073388406079951,10.265802962767019,198.3907424659589,preci,JJASO,Day
21.25_101.75,0.0,9.50650394586669,14.997834359229566,11.139434857205046,9.147260151404582,11.226933765277604,9.808901896210543,10.431690199675865,229.62539027161202,preci,JJASO,Day
21.25_102.25,0.0,9.244684551461377,12.072015781228238,11.942726128956279,9.164793778967594,10.706496129598742,10.095586724640034,9.897784666029214,214.4995883327184,preci,JJASO,Day
21.25_102.75,0.0,9.202490764257107,12.029283050102224,11.564575063899845,9.63506572303257,11.07780381270963,10.312378693612816,9.670726204838376,188.56860451361024,preci,JJASO,Day
21.25_99.75,0.0,10.952928000590248,13.364671735959488,13.802188648188563,7.978134299414569,12.179183961421444,13.529973932803061,10.418738013099006,313.40538788976085,preci,JJASO,Day
21.75_100.25,0.0,8.583412710503083,13.961999556685361,10.038571545942071,7.7599005470037605,11.35168560620671,8.476416458671268,9.184572734590537,224.82198900892985,preci,JJASO,Day
21.75_100.75,0.0,8.802977990532963,10.655975619256267,10.073819679451935,7.805801249818249,11.121450894946475,8.895170398538953,8.08475740466523,198.4285516522449,preci,JJASO,Day
21.75_101.25,1.1920928955078125e-07,8.923318692306221,11.079578422299619,8.928231737080056,8.040448217872118,11.177184419462177,8.166212075351044,8.351674322378273,178.09540148572103,preci,JJASO,Day
21.75_101.75,0.0,8.902085858992097,14.373241026667959,11.34089303225442,9.022864433311485,11.395310992616137,10.334523473234967,11.188249551193525,188.83143685265736,preci,JJASO,Day
21.75_102.25,0.0,9.48947040912261,12.18632849249976,11.60593082137136,9.847114133223386,12.005054350525018,10.442287075835576,10.231638299746715,197.82576426040933,preci,JJASO,Day
21.75_99.25,1.1920928955078125e-07,10.132367539043848,16.162848202971244,15.004052226629494,7.687930789618175,11.738101687015623,10.631768436421144,10.329857463293202,223.718022493949,preci,JJASO,Day
21.75_99.75,1.1920928955078125e-07,9.671857240994337,13.280249060617196,9.526197195146898,7.707445752293101,11.565071292167021,8.105810311474219,7.587757657679722,247.7157579399668,preci,JJASO,Day
22.25_100.25,0.0,8.458240234562965,12.708561427520408,12.764010319756766,7.749073719712968,10.951468090896135,11.319473416819816,9.502609786567398,214.2872290883622,preci,JJASO,Day
22.25_100.75,1.1920928955078125e-07,8.405101009405962,10.85624946141368,8.851999326796781,7.847533875008845,10.85542816262463,8.263778027768385,8.031166860868982,192.7642112953998,preci,JJASO,Day
22.25_101.25,1.1920928955078125e-07,8.395751445610562,11.091259395692301,9.390848318069018,8.08691544196425,10.850374744774692,8.419233998691135,8.53848876252311,194.5592312157107,preci,JJASO,Day
22.25_101.75,1.6858739404357614e-07,8.897820090993246,11.76838883592673,11.110878774652635,9.341871025946688,11.416586621949582,10.647385034210817,10.109920463033301,211.61293888855417,preci,JJASO,Day
22.25_102.25,0.0,9.735444913821766,11.155928802205224,10.920469688366726,10.008017472492686,11.765421539254445,10.292412257906905,10.082353006992074,220.6323277706068,preci,JJASO,Day
22.25_99.75,1.1920928955078125e-07,9.512066649958953,13.303377812584285,10.929058778220362,7.71401795022349,11.326912661868612,7.511039624639607,8.07067683590363,231.34213573448764,preci,JJASO,Day
22.75_100.25,0.0,8.070052121560092,12.36313151724766,10.320119156636142,7.906701492024529,11.05954803609138,8.427011451305402,8.680226018047673,191.07475079898123,preci,JJASO,Day
22.75_100.75,0.0,7.762544798777249,10.901634008324912,9.005089615762119,8.196591876103499,10.640601874057785,7.816041060601341,8.467253444368863,187.77618461830772,preci,JJASO,Day
22.75_101.25,0.0,7.971573266982638,12.87407122807107,13.180113064221208,8.670081653856657,10.770027578597942,13.396957473461386,10.550497078568277,207.72876643446432,preci,JJASO,Day
22.75_99.75,0.0,9.67891321170127,15.13343033894744,10.911106426671681,8.077985284807522,11.74424714998346,9.820029575111104,9.9453816645477,217.06949306729445,preci,JJASO,Day
23.25_100.25,0.0,7.204458956933031,11.244802367742732,8.716582735676923,7.8872238361105795,11.41732803934904,8.022146691791912,7.887451995703559,200.47320100995984,preci,JJASO,Day
23.25_100.75,0.0,6.708418006279407,10.684857458956879,8.960676110729512,7.895895092444453,10.75372181496793,8.839997079973065,7.9172443539512285,204.06507622396754,preci,JJASO,Day
23.25_99.25,0.0,9.704972595612281,12.5588193695862,9.40959467767827,7.855931407764165,11.82661643790474,8.164274574576362,8.154149600718696,263.958011120826,preci,JJASO,Day
23.25_99.75,0.0,8.569194479169854,14.195027131931491,9.950727247824656,8.036716853031313,11.92024407906755,8.536725534983471,8.728507097059582,248.16347639996724,preci,JJASO,Day
23.75_100.25,0.0,7.489441319332871,13.906916528255309,9.373734585666623,7.785706193692752,11.092848004685955,8.533531631643125,8.79216388899887,232.59304241882853,preci,JJASO,Day
23.75_100.75,0.0,6.762265161175399,11.102835280353592,8.607413558387329,7.243770725850482,11.13783213306798,7.800851155555553,7.886692249552797,224.40730145299426,preci,JJASO,Day
24.25_100.25,0.0,7.691736959577027,12.559880787723376,7.890340043989269,7.090186868159135,10.223544569160063,6.981815803788361,8.64628162731923,241.4340543696819,preci,JJASO,Day
24.25_100.75,0.0,7.787278339196321,12.115467918829248,7.931117971752926,7.50427035649033,10.61740821645227,7.492470975870068,8.10829410201075,245.462534540573,preci,JJASO,Day
24.25_99.75,0.0,8.360242367699875,11.796441765017141,9.267291494477329,6.781272093479139,10.203179716932867,9.498859542957762,8.13910682508085,217.64958522448651,preci,JJASO,Day
24.75_100.25,0.0,6.366320163820196,11.322370792432881,8.147189709790743,6.651890298531564,9.940489224708257,6.80577656223093,7.668017852469576,214.248540227441,preci,JJASO,Day
24.75_99.75,0.0,6.759648424639966,10.741561359069888,9.18021620889513,6.2902521005079235,9.96315876584443,7.920468169113282,7.618592614011714,187.26078882136264,preci,JJASO,Day
25.25_99.75,8.429369702178807e-08,6.494827112843227,10.723530702041852,8.090599724150708,6.61857965949392,9.932434891483227,7.981314797484035,7.517765227285115,184.31962861819116,preci,JJASO,Day
25.75_100.25,1.1920928955078125e-07,6.879350550601343,11.593248695243316,9.658446186670595,7.691736485505543,10.433659290362577,8.629303648335458,8.243393014452483,180.55571202014468,preci,JJASO,Day
25.75_99.25,0.0,9.135741196208135,14.487730988254357,10.325193741735422,6.578519076577157,10.538962960671222,9.547153225226564,8.625883286910454,244.4806441959955,preci,JJASO,Day
25.75_99.75,0.0,6.9641119442243875,12.419633829326216,11.144978600378687,6.7052921224774,9.98628172954161,9.572366615359753,8.108938756481743,199.15676940392933,preci,JJASO,Day
26.25_99.25,0.0,9.8393064462972,18.062897492711336,10.396331109406425,6.439637927957338,11.13778873208946,9.95398736177502,10.105962857765357,266.2997437843747,preci,JJASO,Day
26.25_99.75,0.0,7.075916980992199,14.101358613145162,11.078534639636759,6.686295017857928,9.938632100523867,9.87841510563785,9.437567624582352,217.8385135255096,preci,JJASO,Day
26.75_99.25,0.0,10.001832547124781,18.812937325427157,12.33275171621271,6.533682232583064,10.79067831681538,11.808675641953807,9.779530625318362,259.18688829761896,preci,JJASO,Day
27.25_99.25,1.1920928955078125e-07,10.55352560390764,20.058329122690605,9.508400973407682,6.500179538053052,10.427255129467767,10.48509877565592,8.35363177880872,241.44963026824468,preci,JJASO,Day
27.75_98.75,0.0,7.979924572253714,28.31790826277961,14.054501614901895,6.720108273154822,10.328046005654091,15.51148643397546,7.920944933085412,266.1093571042547,preci,JJASO,Day
28.25_98.75,0.0,6.9809237025278605,29.58872363389207,9.130859586489976,6.974266567680038,9.386389357386303,9.648010662368764,9.005013153819283,215.92624064313034,preci,JJASO,Day
28.75_98.75,8.429369702178807e-08,5.623412390712726,20.046455792251646,5.603235066354678,5.005026916629679,8.078961817317898,5.394402349520769,6.4062211388396655,189.8870359866215,preci,JJASO,Day
29.25_98.25,0.0,4.737266281396608,16.8166523661337,5.111586088179303,4.445946764594369,6.919176680377469,7.1098402413451005,5.8468101506189445,149.12941818049111,preci,JJASO,Day
29.75_98.25,0.0,4.519544045443241,13.537890427773387,5.050922301234644,4.19534464797381,6.114534979649189,4.5380613738374835,5.830676261668959,124.144404216018,preci,JJASO,Day
30.25_97.75,0.0,3.9478416022421237,13.762333152151609,5.278041625474139,3.745224506734284,5.025406684547929,7.570732242579454,5.840124295930193,141.41568968555393,preci,JJASO,Day
30.25_98.25,0.0,3.932704013963724,10.869189720190123,6.309179369947955,4.181014417674167,4.943835678498003,6.724001069096649,4.801447325318956,126.27151306806641,preci,JJASO,Day
30.75_97.25,0.0,3.553567759629205,8.394892777592919,5.466883666620314,3.432916912642488,4.041488112949108,5.551997259072327,4.339163392948768,144.89613572158552,preci,JJASO,Day
30.75_97.75,0.0,3.5267590196240763,9.688663605529339,5.167604340014454,3.5812860667968223,4.140862596156914,4.278037824693116,4.447336729993426,162.72282895249037,preci,JJASO,Day
31.25_96.25,0.0,3.7408957063391384,8.297926972194064,5.23800429075835,3.710423447265079,4.185812503290458,5.02825506148475,4.458055736498929,137.13134577889267,preci,JJASO,Day
31.25_96.75,0.0,3.649563660698314,7.251249861308436,4.812662350509206,3.766572444613803,4.207010590803331,4.700684388692213,4.218339079427887,119.78283352077187,preci,JJASO,Day
31.25_97.25,0.0,3.5094969194962946,7.000788491314239,5.375681867409745,3.282318694155172,3.7007119205829486,5.334382465193937,3.710542008172049,124.6565975090792,preci,JJASO,Day
31.75_95.75,5.960464477539063e-08,4.717008294540373,8.272226609056794,7.172018082925701,4.415445159520353,3.757442364301565,8.648662904960249,5.659736448414764,149.0068233286114,preci,JJASO,Day
31.75_96.25,0.0,4.414957110431389,7.767095712276378,5.643194908869604,3.9800706023208887,3.7682482697256487,5.912084288070861,4.752618379058158,137.24387666754237,preci,JJASO,Day
31.75_96.75,0.0,4.023280377086074,6.600944350915829,4.263403636349291,3.926622230290859,3.6799224066564284,4.230602429681102,3.7669146428733113,117.55012461666594,preci,JJASO,Day
31.75_97.25,4.2146848510894035e-08,4.033318534872938,7.265133504953343,4.448641058869811,3.7957276384377887,3.5602141346856286,4.503535456425506,3.7258799078228613,112.75931207368359,preci,JJASO,Day
31.75_97.75,0.0,4.1638029815689,8.780333825170514,6.051504085928604,3.6297110064654174,3.598911833413601,5.511611074751307,4.0530132331888975,133.93918012367854,preci,JJASO,Day
32.25_94.75,4.2146848510894035e-08,4.673755877245556,6.307262921565922,5.454056155935301,4.893237471341102,3.615453722842275,6.261190308561198,4.467476885746002,160.84833499514178,preci,JJASO,Day
32.25_95.25,0.0,4.663359309955356,7.01292304971613,5.312467741334937,4.914390895745323,3.6686894253456823,3.8216715766029887,4.398916002389188,156.93165681195092,preci,JJASO,Day
32.25_95.75,0.0,4.359295135698974,6.686631314919652,4.688444485211204,4.759723595175,3.7742624569799053,3.730929177316784,4.168793274849191,147.82019591157527,preci,JJASO,Day
32.25_96.25,0.0,4.23764218620407,6.205464011656788,5.2979416384487115,4.5252754389877206,3.9289448765379484,4.52146877120785,4.0615492442838965,132.10440216057813,preci,JJASO,Day
32.25_96.75,0.0,4.010999532219857,6.5289330112409845,5.215116953629097,4.362541784241994,3.666150023007344,5.083453445718352,3.8343891617764343,120.42154662261365,preci,JJASO,Day
32.25_97.25,0.0,3.9590049141148183,7.8322352483978595,5.8323165666406425,4.267391402344055,3.413239259269694,5.597934355318189,3.8992108339854523,122.24428280082984,preci,JJASO,Day
32.25_97.75,0.0,3.9444686423938005,7.057903929118109,4.991025587490488,4.005274978051484,3.6440479375450923,4.9268057129042795,3.8290516997775965,141.00720381002418,preci,JJASO,Day
32.75_94.75,0.0,4.407934648289185,6.051991758139122,3.593087526790421,3.990400295391563,3.499527880333671,3.904314392505469,3.8377270073818277,160.59911941708532,preci,JJASO,Day
32.75_95.25,0.0,4.655255940970486,5.251086386000426,4.838142019629708,4.1784582538893,3.6971935404459866,5.546873640151128,3.681728221161003,160.1883576058475,preci,JJASO,Day
32.75_95.75,4.2146848510894035e-08,4.409727236041501,5.561864078105985,6.819914325817141,4.098168491741497,3.499221275341856,8.14538488809245,3.791738934831301,151.58611487273697,preci,JJASO,Day
32.75_96.25,0.0,4.271088643406967,5.617488804627854,6.113520442828787,3.973752900614289,3.578442886136582,5.7032504893929215,3.671011643692309,144.0064321692757,preci,JJASO,Day
32.75_96.75,0.0,4.292225903938183,6.5019343378894705,8.128370509097655,4.005408642644799,3.5890831922555564,7.3577609116244584,3.7934276811813477,138.8218550941204,preci,JJASO,Day
33.25_94.25,0.0,4.692526315372954,5.178985956616068,4.1499371370041995,3.532890657110649,3.0612798513400006,4.042031021152493,3.5015783539064644,160.1280500184307,preci,JJASO,Day
33.25_94.75,0.0,4.775269969242154,4.826978843695385,4.052887861484119,3.6647183880946015,3.313535338463193,4.592054333081805,3.637927110888819,163.09311021343308,preci,JJASO,Day
33.25_95.25,4.2146848510894035e-08,4.928819064674433,5.919652823196773,6.418334568023253,4.1795217826397835,3.5063110216145805,5.945511973500629,3.852216701771632,160.1363771093811,preci,JJASO,Day
33.25_95.75,0.0,4.784477464725309,6.913488162222023,7.91150132057968,4.229650507611979,3.557261541243022,11.654407730723728,4.461120624693352,153.7624935712341,preci,JJASO,Day
9.25_105.25,0.0,9.314472144954733,11.879854281736822,10.946105775555214,28.478608813188846,13.96923877622638,10.566110936564733,11.04711602446999,235.14884844170186,preci,JJASO,Day
9.25_105.75,0.0,8.492487513122779,10.939810894187943,9.439266485877257,22.067276128894044,12.190728131072213,9.318045594029208,9.764267314809903,216.83914508710632,preci,JJASO,Day
9.75_105.25,0.0,8.180253612728487,11.347246768245698,10.004816754466578,42.694122974723264,13.192067105200097,9.429455098664258,10.100567992113376,232.89701253265565,preci,JJASO,Day
9.75_105.75,0.0,8.009750536105773,10.074078855340037,8.929794322908714,33.47278487276075,11.958547317557763,8.518298133383702,9.655254167901903,215.296502916793,preci,JJASO,Day
9.75_106.25,0.0,7.273749010426621,10.043839310120346,8.318046599293085,23.531316425464986,10.864397101343604,7.92605871230187,8.307180375983164,216.98366654527092,preci,JJASO,Day
10.25_104.75,4.2146848510894035e-08,2.171681672872219,4.006385933967059,3.5126514747358666,19.277717802463076,7.227248806535135,3.203055267666646,3.3046876779162258,77.78683897113147,preci,JJASO,Mon
10.25_105.25,4.2146848510894035e-08,2.1465042280057447,3.5571716102710744,3.3467656139894957,20.14207610956275,5.150183591913018,3.1023546370014348,3.336182451287606,71.56047921274234,preci,JJASO,Mon
10.25_105.75,4.2146848510894035e-08,1.8458985329593047,3.0450632439588166,2.926960101753539,15.084412067642042,4.2519492614821095,2.6840015614658785,2.872516599431035,65.15147292364125,preci,JJASO,Mon
10.25_106.25,0.0,1.8909534430322898,3.029565700043986,2.843484983753473,10.544384920544363,3.837376559334025,2.6725306836689064,2.35540959768476,62.064494634567716,preci,JJASO,Mon
10.25_106.75,0.0,1.8485158271351674,3.3805141112892483,2.4525164127444254,8.926371689562501,3.688505269697812,2.7248237573448635,2.211483964619576,74.89013056205002,preci,JJASO,Mon
10.75_104.75,0.0,1.9064954366322795,2.68467884199372,2.9129408241916783,19.330857638365366,5.811102697925652,2.8200279538511563,2.872269693068701,66.5591543162686,preci,JJASO,Mon
10.75_105.25,0.0,2.0036183000747436,2.895784398462682,3.0950622300886046,16.154543135451963,4.653248416009681,3.0099819999869073,3.065375692853648,65.99070934078959,preci,JJASO,Mon
10.75_105.75,0.0,1.9788333558512903,3.194605458077764,3.120240243436415,12.710595591114254,4.489806205573298,3.0093065743673812,2.8753651509932325,68.78710181254691,preci,JJASO,Mon
11.25_104.25,0.0,2.030431169167116,2.5802572836013122,2.5803206307000934,16.523549113951834,4.323644633015566,2.6192352297862747,3.2223448940551096,64.19269462527306,preci,JJASO,Mon
11.25_104.75,0.0,1.858137934374781,2.3146199262173597,2.349902509082563,12.948258800668565,4.208856159749063,2.385448539141418,2.6086080182471414,57.35565386802977,preci,JJASO,Mon
11.25_105.25,0.0,1.7992091843107993,2.68677991723131,2.506939679536263,10.709937784786776,4.138784992096983,2.5230666800273855,3.086999765152743,62.25335357253563,preci,JJASO,Mon
11.75_104.25,0.0,2.0609992675373237,2.447857052953219,2.058147783608288,12.874965363863891,4.642553169507943,2.1809270318745897,4.1082284312317405,47.82742652066882,preci,JJASO,Mon
11.75_104.75,0.0,1.9157201004832305,2.4491812893473086,2.078567173685549,8.88522098597231,4.441227137082015,2.2343325533028424,2.705406406098814,49.02356146707663,preci,JJASO,Mon
11.75_105.25,0.0,1.85001968910155,2.924492406787991,2.584278586896874,9.205551764928213,4.391041027632338,2.55456101099115,3.158787628777497,57.917003830956844,preci,JJASO,Mon
12.25_103.25,0.0,2.466788251718624,4.040647452731144,3.6560613491689575,28.989391824433927,6.201725789008879,4.215770123362636,7.068741951521008,103.84605972575253,preci,JJASO,Mon
12.25_103.75,4.2146848510894035e-08,2.119282941908463,2.8706747480606585,2.2872393074365127,20.085120292908755,5.293117711829536,2.2849221139816365,4.903751570179535,67.84670953169746,preci,JJASO,Mon
12.25_104.25,2.9802322387695312e-08,2.1712466300797133,2.6767290620225226,2.3674523892185166,10.418772267765936,4.4410226513926725,2.388950124370347,4.751839041954893,57.73585319732975,preci,JJASO,Mon
12.25_104.75,0.0,2.2167954556743004,2.8821441572480384,2.4730985732493163,7.804963202339167,4.3811622876310246,2.5855414544542756,3.1750418050981635,61.7353978924266,preci,JJASO,Mon
12.25_105.25,0.0,2.235909742384376,3.610799101827298,2.997432435583767,8.767032645305443,4.392383097634028,2.8483694599190006,3.2766048590520795,77.48049379637801,preci,JJASO,Mon
12.25_105.75,0.0,2.349338573590159,3.7894849039978484,3.0502597572820958,10.096845559522752,4.414496730069329,3.0114252709788,3.5765890951921535,97.94610484007049,preci,JJASO,Mon
12.25_106.25,0.0,2.4056500443965874,3.786410609390804,3.100366287643893,9.842543651803824,4.40640822058066,3.0655269210116582,3.903492191803032,130.9663970203558,preci,JJASO,Mon
12.25_106.75,0.0,2.3578209243870227,4.10213364988326,3.487560217587017,8.929747557238054,4.300568342796489,3.1442529640154193,3.5198866173551755,192.6559585573841,preci,JJASO,Mon
12.25_107.25,0.0,2.02426066218729,6.062585494023146,5.533506041307494,7.965725256589193,4.489610957092084,3.8188637802281304,4.504459956581691,250.75228407025259,preci,JJASO,Mon
12.25_107.75,0.0,2.059237594940096,4.912466951987618,2.881840807720048,6.003661188126443,4.557334861186728,2.342338945555514,3.2941139356234155,139.16014679153318,preci,JJASO,Mon
12.25_108.25,0.0,1.9444922319015474,6.76567125175048,2.378188388735844,6.12692749625927,4.534426807543591,2.2488505969799513,4.205921094784025,78.64150471073627,preci,JJASO,Mon
12.75_102.75,0.0,1.9724328339558317,2.9992245722793607,3.3876551128051076,28.961199453809858,5.7113423493995645,3.155696003863944,4.271310438185666,101.47020045010956,preci,JJASO,Mon
12.75_103.25,4.2146848510894035e-08,1.9659595112865351,2.5260697852804537,2.325565687891494,19.194877605142164,5.228733798884416,2.209405881633086,2.571319877642563,72.34164014004192,preci,JJASO,Mon
12.75_103.75,0.0,2.1153481755348396,2.4987034840458624,2.3395845734558582,11.762542187339783,4.673838370426436,2.210861836201125,2.2557595063787934,62.293372327144695,preci,JJASO,Mon
12.75_104.25,0.0,2.3050090980426905,2.5131944449379935,2.378931139744151,8.419932961267111,4.92555300721887,2.2446664773458767,2.354949846141826,65.64815873244581,preci,JJASO,Mon
12.75_104.75,0.0,2.5522134573897244,2.9642118125811563,2.9201269701823076,7.859361253536305,4.255039979495908,2.7013680445405277,2.803498284976231,79.30723158180248,preci,JJASO,Mon
12.75_105.25,0.0,2.5448879087978025,3.5026952367253084,2.9943224752206654,8.880153705729676,4.227341117497553,2.780016384144613,3.4161282766292915,95.33077334361948,preci,JJASO,Mon
12.75_105.75,0.0,2.4920341391223406,3.6463896447113004,3.051290893737023,9.2816092803152,4.272658315867267,2.813931273444827,3.5274868510149036,109.25508294682301,preci,JJASO,Mon
12.75_106.25,0.0,2.5291000171289504,3.4947232648503364,3.1627233417092158,7.385525856487846,4.297623835617899,2.880723512824987,3.4902528468811718,123.0958147146558,preci,JJASO,Mon
12.75_106.75,0.0,2.423400210874549,3.7494171995992542,3.5876256214550293,7.007149951400763,4.033786976988514,3.1767262440657875,3.3869503625552118,144.41699174228762,preci,JJASO,Mon
12.75_107.25,4.2146848510894035e-08,2.023339839765124,3.473758747908944,3.0983975372493724,6.705568467712362,3.778800773790261,3.1712311459829494,3.7909474785094592,154.3147745139715,preci,JJASO,Mon
12.75_107.75,0.0,2.0753149354184925,3.3551590941585157,2.4637221640369744,5.6058187543965685,4.012406214003337,2.3986912304122647,3.108263785785063,102.67665384725106,preci,JJASO,Mon
12.75_108.25,0.0,1.9052460741430226,3.982731241134854,2.3774903207575058,4.850543183113269,4.549313915512043,2.6288114539861436,3.3391602828526423,58.13897382085049,preci,JJASO,Mon
13.25_102.75,0.0,1.7943805792585166,2.3605195005382904,2.4865800190549696,17.047446770118754,4.831168314961588,2.0756497427886327,2.814684118355866,70.99627912961233,preci,JJASO,Mon
13.25_103.25,0.0,1.9502600305658773,2.5058490856281423,2.4816070356631688,9.959500072775544,4.426288251236739,2.0099025126854086,2.8542058444080247,63.67301401848396,preci,JJASO,Mon
13.25_103.75,4.2146848510894035e-08,2.2470382671025737,2.9875881827367436,2.8975068052075152,8.145670361705886,4.850533573529134,2.3385376939703844,2.95554832498625,69.83556105964536,preci,JJASO,Mon
13.25_104.25,0.0,2.5521496680841116,3.1147975908533097,3.2427074690811573,7.841541588496484,4.495978782798978,2.709981173585998,3.221851559685527,88.40643365296332,preci,JJASO,Mon
13.25_104.75,4.2146848510894035e-08,2.705328481278081,3.2942838390637346,3.4122003310099434,8.17966614663937,4.231452927259284,2.8183750970678094,3.0883464378751015,103.64127988070292,preci,JJASO,Mon
13.25_105.25,0.0,2.7373162434449365,3.512640585932096,3.102545971482464,8.301988844692811,4.150565940315169,2.6544009392580663,3.479595960724131,110.15789932161148,preci,JJASO,Mon
13.25_105.75,0.0,2.7215083193341907,3.9520202237430277,3.189813316101437,8.12997878795149,4.26882712034057,2.606536110334464,3.6698970224927536,100.4913992319799,preci,JJASO,Mon
13.25_106.25,5.960464477539063e-08,2.6966070264764053,3.7966441475045043,3.390907104083768,6.716541940295625,4.3254736307968304,2.964259002514767,3.6722001212254174,104.16855831035483,preci,JJASO,Mon
13.25_106.75,0.0,2.6863499942412314,4.036489559561613,3.242431950337622,5.792111392113112,3.756689907477346,2.9974021383714105,3.442400830253592,124.58545534388463,preci,JJASO,Mon
13.25_107.25,0.0,2.4439857196180426,3.4307795180436083,2.847887862000125,5.5345274866557945,3.31112228833855,2.7307303260448954,3.0827298813391724,138.40788244271462,preci,JJASO,Mon
13.25_107.75,0.0,2.2424538543518606,3.59472364343519,2.7936257231089714,5.563991830482135,3.4160197334304354,2.4970283416467947,2.60492398602938,99.02570766686124,preci,JJASO,Mon
13.25_108.25,0.0,1.8613191027989813,4.462196550870925,3.027168655390626,5.995143534180287,3.6937982957089335,3.061638016914043,3.3324038451779123,59.635807837911074,preci,JJASO,Mon
13.75_102.75,2.9802322387695312e-08,2.026772296792166,2.0702027241046053,2.760573991229578,8.948751121429042,4.334332197655405,2.1412085728774035,2.5230432215383036,78.62773977973187,preci,JJASO,Mon
13.75_103.25,2.9802322387695312e-08,2.1232765539173553,2.3797437856644383,2.754543077864181,6.904363906588633,4.107425585304655,1.9690931386652608,2.5966073836902743,80.36701712575251,preci,JJASO,Mon
13.75_103.75,0.0,2.3994231171969806,2.913742579917948,3.1201493104024656,7.637898036609044,4.281308156475003,2.4005951723450045,2.980456948501433,94.59125745281251,preci,JJASO,Mon
13.75_104.25,0.0,2.5904848011095454,2.9964893141563187,3.333119518230224,7.627947120836953,4.160019229571126,2.6840514298317797,3.204864164265423,109.8678217611863,preci,JJASO,Mon
13.75_104.75,4.2146848510894035e-08,2.730511364323229,3.177624274360539,3.4115240591356484,6.562570708561618,3.9361792356982255,2.589681769627408,2.864734053138694,115.13914320254945,preci,JJASO,Mon
13.75_105.25,0.0,2.7073987889888715,3.3188797605321665,3.074891207882928,5.896628803286904,3.7531294645445716,2.3003861400179764,2.987701751855039,112.66748704481522,preci,JJASO,Mon
13.75_105.75,0.0,2.7781315017406976,4.119927957363678,3.313475919358419,5.869101789518352,3.87585941642285,2.457160424953685,3.1808559049635017,107.6470753214092,preci,JJASO,Mon
13.75_106.25,0.0,2.903883637381398,4.460459525894162,3.636454272971295,5.771597229945563,4.229058357463356,2.6474215878187803,3.294728160730943,130.67651548619193,preci,JJASO,Mon
13.75_106.75,8.429369702178807e-08,3.362695344920804,4.814686092028715,3.7256670563557193,6.1057381900323495,4.158716525732643,2.9961074334273072,3.8648608093100876,185.38946083893268,preci,JJASO,Mon
13.75_107.25,0.0,3.230740280436727,4.612783005424724,4.135346531742799,6.109774210466353,4.073785829934712,3.2267224992083556,3.6310848229585946,230.1293509180084,preci,JJASO,Mon
13.75_107.75,0.0,3.024598031283298,4.516182678562598,3.854822123833303,6.268071116802374,4.009417117015213,3.351474095661109,3.6920048612766636,159.5747772867937,preci,JJASO,Mon
14.25_102.25,0.0,1.578839796757273,4.497920319895369,3.433060472461266,10.059614671019888,4.447236461623563,2.4593237871688753,4.311160115620149,99.15239285376175,preci,JJASO,Mon
14.25_102.75,0.0,1.8383352014808658,3.141237208551774,2.702591646371833,9.00672773244656,4.0011798956823315,2.147716159083844,4.078912282765234,86.91006147993619,preci,JJASO,Mon
14.25_103.25,4.2146848510894035e-08,2.1234434063283727,2.5360261885791413,2.7115290399824308,7.204768779660007,3.7281411798258737,1.9981087162649511,2.9541353621920186,87.55894272578355,preci,JJASO,Mon
14.25_103.75,0.0,2.377391535574084,2.944300073245042,3.0947263879101405,6.955426363590001,3.8639098703293273,2.182581355989371,3.577805896611652,96.5527120542563,preci,JJASO,Mon
14.25_104.25,0.0,2.559302073205416,3.3479570999414774,3.5767822513459415,7.006345595301332,3.924416726715457,2.375305992552261,4.724344851342772,105.22182580498685,preci,JJASO,Mon
14.25_104.75,0.0,2.493175770532914,3.012964899935854,3.155495553628854,5.765754941040855,3.6447272823317833,2.056362253057324,3.2025309661235455,111.45390815576327,preci,JJASO,Mon
14.25_105.25,0.0,2.6520772402951414,4.618930762225549,3.5020545164931023,5.655625517285093,3.5754548175527097,2.2065942168500743,4.1070665528480745,117.02813695500525,preci,JJASO,Mon
14.25_105.75,0.0,2.8484161272508155,4.750785706543837,3.387774307546284,5.255199908867236,3.783827868161638,2.3885773761457862,3.1273394212890815,147.96586396102276,preci,JJASO,Mon
14.25_106.25,0.0,2.948541763571726,6.290750835419272,3.712397238511731,5.575983441540622,4.0743252572697495,2.761350395495363,3.130726996968072,210.57158188951112,preci,JJASO,Mon
14.25_106.75,0.0,3.810656086980277,6.44142338372531,4.633081929168473,6.080397729318865,4.575655998478084,3.234442824052001,4.164385339354056,285.62921772032126,preci,JJASO,Mon
14.25_107.25,0.0,3.8778186122381344,5.804508473740409,4.722659131401955,6.3562974749563725,4.652010696599985,3.495041631969525,4.171021954175834,280.12712371629254,preci,JJASO,Mon
14.25_107.75,0.0,3.6462967469630074,5.790309365111726,3.868202820470933,6.469614877345608,4.608815090190134,2.9523735057310745,3.926166189275031,145.20718378943377,preci,JJASO,Mon
14.25_108.25,5.960464477539063e-08,2.595279261791081,7.005491820789304,3.014927502370675,6.0793317266139635,4.388708074228747,2.6453007250502756,4.783643087301418,88.20656853962737,preci,JJASO,Mon
14.75_101.75,0.0,1.7226459431474588,3.410277390583195,2.684597537223467,7.573798533930849,4.9184355134806275,2.508532078711957,2.8668939300963188,106.29060300390148,preci,JJASO,Mon
14.75_102.25,2.9802322387695312e-08,1.7046622970565937,2.470382062403657,2.099403438513391,6.604534046524408,4.420922113506258,1.943894311977693,2.232488878948059,85.11516144981034,preci,JJASO,Mon
14.75_102.75,0.0,1.8788456557881796,2.4728952426498414,2.4326752726129155,5.756272684509319,3.869952102146985,2.024606923695697,2.807275943619649,76.05530084894339,preci,JJASO,Mon
14.75_103.25,0.0,2.0842265384898395,2.625802980457358,2.742436344515486,4.887233468206715,3.6094221272290663,2.0271529573745153,3.4306736916092695,76.21304706320085,preci,JJASO,Mon
14.75_103.75,0.0,2.382421563111643,2.752667179339727,3.1577179685413896,4.398324469703604,3.611144619228512,2.025180259529937,3.780359571922834,84.65742352176706,preci,JJASO,Mon
14.75_104.25,0.0,2.6669747088371634,2.971215260664789,3.50017972679572,4.496748051367099,3.8794292221297124,2.3374975436945205,4.000768778755515,95.39346380535139,preci,JJASO,Mon
14.75_104.75,0.0,2.567914288170451,3.121473081221881,3.2614076440681083,4.19854242514022,3.654773570706018,2.1159680713598705,3.3069024794458173,107.60857284421664,preci,JJASO,Mon
14.75_105.25,0.0,2.815059072595456,4.089073920049451,3.3263929373687597,4.646850947512259,3.545788684060207,2.297893001886516,3.4996360217483726,135.89473536558324,preci,JJASO,Mon
14.75_105.75,0.0,3.840734060766605,5.830899929094853,4.203269955980727,6.049912240062822,4.462148134915943,2.979167858578918,3.849816455143959,199.52546648265948,preci,JJASO,Mon
14.75_106.25,8.429369702178807e-08,3.456928929122534,7.11462574089263,4.241773920274205,6.182654823221421,4.243411208806361,2.9126034062731896,5.261915858967137,265.9220281549136,preci,JJASO,Mon
14.75_106.75,8.429369702178807e-08,3.7446285039576876,6.577996744923485,4.677874618478146,6.256849320713496,4.698345327200849,3.1978415362345722,3.986942387540501,264.98512677852483,preci,JJASO,Mon
14.75_107.25,0.0,3.7701675772279697,6.321216530739654,4.122634753368389,6.314493321257699,4.82800788112011,2.9698078509750285,4.02145790297279,173.54421514430194,preci,JJASO,Mon
14.75_107.75,0.0,3.4761620004300138,7.261533169588056,3.9680363850342255,6.165593362508268,4.864904824852806,2.6557215684545152,4.439386077729983,88.2477792965899,preci,JJASO,Mon
14.75_108.25,0.0,2.6331738688616038,7.845543532625296,3.64668118328109,6.57309344031574,4.544319112408323,2.8285913498612154,5.370119768160182,85.97413068058565,preci,JJASO,Mon
15.25_101.75,0.0,1.6656315421650296,2.517927483895305,2.369955665697375,5.607231723858235,4.785750832396806,2.040513874112523,1.9672567526422045,95.48944968357846,preci,JJASO,Mon
15.25_102.25,0.0,1.6846761423143028,2.0956210811077125,2.135526630363011,4.553664679833383,4.374582838761896,1.8261778241836255,2.0550446916569745,75.50804139193956,preci,JJASO,Mon
15.25_102.75,0.0,1.7976517842711415,2.1356380956098806,2.549658583678198,4.047458039407268,3.89530428133973,1.857552125757034,2.4936314390645657,66.21410748393585,preci,JJASO,Mon
15.25_103.25,0.0,1.9712254332783121,2.4696258778382516,3.035290958173445,4.002243267415573,3.57871938079704,1.9889074015419792,3.105525285903399,70.16489307025178,preci,JJASO,Mon
15.25_103.75,5.960464477539063e-08,2.194326316797313,2.4858938816447482,3.397040714589885,3.8357350325822446,3.3967418032717354,2.115754411644663,3.536045399914902,84.35041368047659,preci,JJASO,Mon
15.25_104.25,0.0,2.196793930978394,2.5802381816032494,3.4223071489016217,3.8832192159033276,3.3852978806674536,2.1522974511309094,3.420178201909607,98.67344171237595,preci,JJASO,Mon
15.25_104.75,0.0,2.340917658785222,2.9589457432107533,3.3201177669731154,3.8631367071122367,3.194826588150428,2.1393977382167444,3.382359482115951,115.2865333452324,preci,JJASO,Mon
15.25_105.25,0.0,2.5341926381399573,3.484363591097887,3.0927305933031666,4.187075495001023,3.1508667922174305,2.177312486281515,3.4528355047235184,147.86165022701914,preci,JJASO,Mon
15.25_105.75,0.0,3.0097381680324533,5.253577203414147,3.8741616188238983,5.309782999768487,4.053230430878165,2.5853980966288543,3.484887244516498,214.57975322067236,preci,JJASO,Mon
15.25_106.25,0.0,3.961934315962381,8.495609161317871,6.26592288349,6.25611198164298,4.980121986820792,3.916596740955068,6.9951031210172525,242.63420995425682,preci,JJASO,Mon
15.25_106.75,0.0,3.2858901642858367,5.3288828211358235,4.294213863384705,5.565192636156061,4.36122578307246,2.7212609518967397,3.7929803110979496,164.22621938141864,preci,JJASO,Mon
15.25_107.25,0.0,4.048692942152349,5.498279783311939,4.756319739208816,6.2057552358423385,5.004580584927814,3.829016651635696,4.498478110728933,84.56893192264506,preci,JJASO,Mon
15.75_101.75,2.9802322387695312e-08,1.8286406330814744,3.099147854507543,3.008940578752817,5.026624856838826,4.309378581277549,2.2545310527158784,2.4251934401404815,108.085143801024,preci,JJASO,Mon
15.75_102.25,0.0,1.7499319522257255,2.310993216929699,2.6882919599540465,4.152274740917792,4.238486440030306,2.0236795480425513,2.319542150988534,76.31353683410568,preci,JJASO,Mon
15.75_102.75,0.0,1.7691526458190505,2.358264402669954,2.750073953834646,3.6673410910170587,3.879109375834816,1.8884864698010182,2.550022031513691,63.744950895246575,preci,JJASO,Mon
15.75_103.25,0.0,2.0201992827520723,2.589337273998997,3.2517051990777155,3.5754764959706042,3.464859547015873,2.022394457058988,3.6667521364116675,73.59894689162229,preci,JJASO,Mon
15.75_103.75,0.0,2.1005126623567802,2.6713745629438224,3.384723341779921,3.5849398786164337,3.199156253414996,2.132068263155095,3.8941087996184636,89.43534941131244,preci,JJASO,Mon
15.75_104.25,4.2146848510894035e-08,1.991575398266546,2.853413360292964,3.2936497934863675,3.6066593337553146,2.9974038496017785,2.1491477128660748,3.6229646338814763,96.725360383439,preci,JJASO,Mon
15.75_104.75,0.0,2.1380943675596344,3.3674386048406304,3.2917087451482496,3.6339124983241704,3.0204013880428775,2.164480278489462,3.949628142646933,104.55405540308685,preci,JJASO,Mon
15.75_105.25,0.0,2.441828035619928,3.9006497329404106,3.587443415701042,4.0352035558300186,3.3562136456401017,2.3355167486626542,3.9629047819473002,134.33630082113555,preci,JJASO,Mon
15.75_105.75,0.0,2.84993246265017,4.188995671664662,3.82943035906011,4.976834487539371,3.9907286674590714,2.947126561291399,3.69963785413304,190.1541698864638,preci,JJASO,Mon
15.75_106.25,0.0,3.1691765989919305,4.485514187666995,3.974288306074113,5.053949091609372,4.365631869757503,2.909391716479917,3.8692238803416004,184.80938762222905,preci,JJASO,Mon
15.75_106.75,1.1920928955078125e-07,4.438569294147425,5.304831041464734,5.161426144350467,6.530527332471916,5.555902781283863,3.9369971654032536,5.070525678933233,92.909549553707,preci,JJASO,Mon
16.25_101.75,0.0,1.828382544848407,4.306039012211114,3.340637703431465,4.87360946999616,4.147866027077699,2.4630435467696365,3.5622084445071214,110.17147786652495,preci,JJASO,Mon
16.25_102.25,0.0,1.700267302687308,2.5719643373326297,3.0265001052023237,4.108846005711263,4.033076748888169,2.2159512675033644,2.4039982330835787,75.93322832064035,preci,JJASO,Mon
16.25_102.75,0.0,1.7287552058658104,2.6444090274351613,2.8978068766566745,3.7153468235076494,3.760450368750588,1.9680266887081102,2.442801999946301,65.51414066335047,preci,JJASO,Mon
16.25_103.25,4.2146848510894035e-08,1.8945582643171532,2.776571707725587,3.1753155719042985,3.7680324541058114,3.3913524543983216,2.175284455523178,3.249437576442164,76.89498625831297,preci,JJASO,Mon
16.25_103.75,0.0,2.0810430151637513,2.855502726052402,3.4022059150435933,3.8213401612533855,3.261857210619291,2.2693618544246505,3.454690554874612,89.22560518223406,preci,JJASO,Mon
16.25_104.25,0.0,1.9659330949018967,3.5967731869032837,3.744581460662948,3.7558109927621492,3.185216137749344,2.4434672918205003,3.750755014966021,86.9073078979337,preci,JJASO,Mon
16.25_104.75,0.0,2.2421116820164717,4.140644558673716,3.9953019274813566,3.8186112953236524,3.3839560555286057,2.4912390495009413,4.226623093219074,92.18410020728358,preci,JJASO,Mon
16.25_105.25,8.429369702178807e-08,2.5890726970747835,4.232096201357727,3.9012352285780154,4.051075688791306,3.8560333803636855,2.4252827676348856,4.098284747340499,126.67279634433208,preci,JJASO,Mon
16.25_105.75,0.0,2.677465207161238,4.211601797397541,3.910123998421529,4.7311156068062195,3.943399296814348,2.616313252499603,3.583932964311174,164.8695281245304,preci,JJASO,Mon
16.25_106.25,0.0,3.443418746782232,4.366036979598372,4.366537468703429,5.4175820680369124,4.467385607412486,3.0778671618239204,4.055762423820969,115.70357680609935,preci,JJASO,Mon
16.25_106.75,0.0,3.92075527012267,5.748921931456321,5.4349563609812215,6.856526584135675,5.262357883061833,4.170577913586549,6.158930387614254,83.61351598662624,preci,JJASO,Mon
16.25_107.25,0.0,3.1617313253282844,6.799844977746844,4.80134748404711,6.8000151928959625,5.179937828308068,3.6296465936548996,5.9135607055402355,109.09893867484895,preci,JJASO,Mon
16.75_101.75,4.2146848510894035e-08,2.10904278555323,3.5849906521141444,3.6452803574823944,4.746160841289153,4.170078895471862,3.0930586003682325,2.9212949420428584,96.4396874998055,preci,JJASO,Mon
16.75_102.25,0.0,1.861065259419145,2.77628688598403,2.979977661520854,4.243938513347811,3.870440051393625,2.196404509511939,2.1646555409125434,71.47212250291433,preci,JJASO,Mon
16.75_102.75,0.0,1.6921233761311536,3.0226873810793564,2.9288104538765136,3.844479362798259,3.613393482764173,1.9303016090504068,2.6546749044083753,66.85761909385728,preci,JJASO,Mon
16.75_103.25,0.0,1.685764422536077,3.0557443964206095,3.0941041725223126,4.039358684801585,3.31497929498473,2.0999740141373415,3.6999563446394035,78.14392142547288,preci,JJASO,Mon
16.75_103.75,0.0,1.8432984413235793,3.670848224711554,3.805752806435139,4.30497935104263,3.0625213282886903,2.455506863347926,4.082287622533716,84.81751766655337,preci,JJASO,Mon
16.75_104.25,0.0,1.9695714825302122,4.441687763082204,4.16802470082308,3.9722658344613118,3.1691015544122774,2.5136830116421716,4.626660281034581,85.61572790826445,preci,JJASO,Mon
16.75_104.75,0.0,2.2665483734823626,4.172219109885447,3.9456523353395654,3.703944702448814,3.45629227834079,2.5103029949170463,3.9434733358820195,98.87715903566512,preci,JJASO,Mon
16.75_105.25,0.0,2.7066767713031963,4.475530236415198,4.1897047508520675,4.046704089199106,3.9999691283770873,2.8898108439700465,4.361597426308256,135.7484506388501,preci,JJASO,Mon
16.75_105.75,0.0,3.1450460499737805,4.278898394588759,4.489887167406268,4.890883285028081,4.247896503846015,3.186306864352737,3.9841841934226454,131.70473274055593,preci,JJASO,Mon
16.75_106.25,8.429369702178807e-08,3.3975610285883655,4.285937218291552,4.757353012158576,5.823540169209483,4.335807279938522,3.241617156349825,4.702699268480355,82.98719601365845,preci,JJASO,Mon
17.25_101.75,0.0,2.4622370185740903,2.936304497144451,3.526687032144848,4.501930578361131,3.933150567709907,2.9748342669970245,2.4200834182175432,77.78554718788625,preci,JJASO,Mon
17.25_102.25,0.0,1.8388890510943572,2.621800897768811,2.7250452469056725,3.891136192888203,3.3576966018306877,1.9675083599962937,2.226113632477925,62.74185623351753,preci,JJASO,Mon
17.25_102.75,0.0,1.737259181289193,3.2807624307028034,3.1453065337859147,3.605537380399184,3.2006068973089246,2.303799343670918,3.647451203758186,64.47038752665935,preci,JJASO,Mon
17.25_103.25,5.960464477539063e-08,1.861818215534019,3.581700207426401,3.3562990304074285,3.789659403491322,3.115242800541361,2.5299760061207968,4.037310722452653,75.00188299809359,preci,JJASO,Mon
17.25_103.75,0.0,1.8992023316553321,4.025849894998396,3.949216452949519,3.8644011647359457,3.081952699427684,2.860616539470532,4.647285522139374,81.27367161056844,preci,JJASO,Mon
17.25_104.25,0.0,2.218162662324716,4.075462877840845,4.153019674802039,3.939392402088317,3.513303535607317,2.4252693099614717,3.966440736331716,92.75817766749155,preci,JJASO,Mon
17.25_104.75,8.429369702178807e-08,2.7639089538394748,4.49371333056007,4.745496447153136,4.233527207348227,4.104515959179149,2.708233537330358,3.77497493611535,118.93346776454958,preci,JJASO,Mon
17.25_105.25,8.429369702178807e-08,3.4993871427897134,4.86956999654692,4.924835252191428,5.060440291512723,4.660715523284751,3.009613533586799,4.217823995428718,123.40849887689303,preci,JJASO,Mon
17.25_105.75,0.0,3.3682604788319153,4.452371370245446,4.908463145888345,5.613810090552575,3.9599480102781714,2.934402707434539,4.125261058844505,86.87879872144599,preci,JJASO,Mon
17.25_106.25,0.0,2.4043489286870163,5.165033265745496,4.824225594875508,6.1245639338289655,3.958177009656755,3.667546240418299,5.251389021867839,80.08038066186492,preci,JJASO,Mon
17.75_101.25,4.2146848510894035e-08,3.152676014069338,2.9502102541532587,2.980292144848348,4.108328666548708,3.5929962098904578,2.49026224517888,2.813196622980056,80.05462751697564,preci,JJASO,Mon
17.75_101.75,0.0,2.4206091351161914,2.4968682933999418,2.8145540775098694,4.099496929053909,3.566132492117192,2.3751796244870813,2.1022093242842215,68.16642164584532,preci,JJASO,Mon
17.75_102.25,0.0,2.0567561756561394,2.7476114409944143,3.29282817852601,3.457180176661282,3.153147969606012,2.6095503457999425,3.029780298407051,62.928956927810404,preci,JJASO,Mon
17.75_102.75,0.0,2.0254453410447737,3.2351880172050405,3.409825641920105,3.366425190087352,3.355453268499396,2.7351265800461597,3.3258584737784243,70.18438362398722,preci,JJASO,Mon
17.75_103.25,0.0,1.9768431063662186,3.552192902799876,3.7307369478792136,3.4218137497934884,3.349901762929989,2.872135448827905,3.6516881988673893,87.51204501563528,preci,JJASO,Mon
17.75_103.75,0.0,2.152373503980151,3.7462397907073997,4.090763445924802,3.606618586358145,3.521111464547705,3.1624780687011818,3.6227445100997793,102.48113075442704,preci,JJASO,Mon
17.75_104.25,0.0,3.1015571610879134,5.210911000494126,5.073297223060044,4.546790573853654,4.785162504167865,3.2780977862400866,4.182693185180084,122.33017008116566,preci,JJASO,Mon
17.75_104.75,0.0,4.178397918029331,6.010962020462628,6.139056432390512,5.638347916121148,5.6821480384915075,3.561455555645174,4.774725656589111,118.6458103404785,preci,JJASO,Mon
17.75_105.25,0.0,3.7836387335163253,5.839155317381815,5.765984118644758,5.361437616708876,4.813099409281605,3.364408135891064,5.801082821290215,92.53024887450101,preci,JJASO,Mon
18.25_101.25,0.0,3.202215947238275,2.911168106852285,3.2873518755548847,3.6493854627608293,3.73641579295914,2.0905763117807283,2.8679341177676108,75.67696902766033,preci,JJASO,Mon
18.25_101.75,0.0,2.800207904226248,2.667598674723515,3.090167903313329,3.196042016730214,3.5525679603097475,1.9851443357438396,2.176177557489007,72.08067841428736,preci,JJASO,Mon
18.25_102.25,5.960464477539063e-08,2.6507823325689004,3.5457670627395443,3.57937726504079,3.2624427797864746,3.4542549956442965,2.5371721681891177,3.2839797321821904,78.50648471371832,preci,JJASO,Mon
18.25_102.75,0.0,2.8665048625486174,4.354036488975487,4.387252684450646,3.8569094529250876,4.060464461915526,3.6471379428132136,3.982058184056152,92.78325176785297,preci,JJASO,Mon
18.25_103.25,1.1920928955078125e-07,3.1664331247938886,5.099185849307393,5.310841644394797,4.530927114477728,4.613513635778996,3.9404389676653304,4.771587138685842,119.97642841687487,preci,JJASO,Mon
18.25_103.75,0.0,4.095651086714198,6.080599331970785,5.516651269500722,5.421487240987774,5.439747054287457,4.135927405517112,5.830925002204172,127.23445154341816,preci,JJASO,Mon
18.25_104.25,0.0,3.3788449239932685,5.209669600049242,6.073329550665302,4.99302291692594,5.173946480017814,3.99273438137174,4.177632103646193,115.89740771478452,preci,JJASO,Mon
18.25_104.75,0.0,3.695485768361403,5.904736161631686,6.458126534595189,4.670275007639287,4.7508968598256045,4.195371858471055,6.128990503031695,95.58644313583963,preci,JJASO,Mon
18.25_105.25,0.0,2.5805781506723884,6.9892206718693295,6.121377130387252,4.746759969783532,3.9701174623827047,5.405382820528833,7.173857891516753,97.32589617508312,preci,JJASO,Mon
18.75_101.25,0.0,3.3575606219756033,5.959171090955197,5.471511297050899,3.496738954054625,4.00985490523349,4.2655405981166945,6.0995718049498375,87.5258217127261,preci,JJASO,Mon
18.75_101.75,0.0,3.253835040942408,3.270074654591653,3.5151568926226315,3.0019364247919507,3.9174115243139913,2.519738381967783,2.278868788015948,85.41471411267764,preci,JJASO,Mon
18.75_102.25,0.0,3.028497319780152,4.488380386518294,4.135061212467247,3.5165486416000062,3.6945410299989523,3.200718719566308,3.369380242793122,96.61303938835717,preci,JJASO,Mon
18.75_102.75,8.429369702178807e-08,3.224593445789635,6.117661787502728,5.273744395873697,4.077919783706643,4.010036486756923,4.737298690503518,4.374938337685721,120.49091745065186,preci,JJASO,Mon
18.75_103.25,0.0,2.953751863446914,7.370119672001395,5.9975681591560575,3.867787518249499,3.9377444515115587,4.993462227507967,4.9915947564949805,130.2146251469859,preci,JJASO,Mon
18.75_103.75,0.0,4.259086097308866,5.975910985855828,5.596774430205017,5.138097510390562,5.236407972540904,4.619631421468495,5.185940886492995,124.34634260513977,preci,JJASO,Mon
18.75_104.25,0.0,2.9963677247710763,4.342239400922004,6.146925143914958,3.625409056121428,3.8477702460700156,3.8877566768532477,4.342291184350692,99.92113715459142,preci,JJASO,Mon
18.75_104.75,0.0,2.327542385526036,6.021438832670262,6.890613386854039,4.04023578679451,3.226493590018457,5.096194086407057,5.719121808593552,95.81333254035874,preci,JJASO,Mon
19.25_101.25,0.0,3.374667746040294,6.53121120153794,4.723949427579306,3.3758148624488866,4.0814725651541846,3.4655823685474916,7.057256059563416,89.02915156538876,preci,JJASO,Mon
19.25_101.75,0.0,3.564926172698262,4.11094672518841,3.445471997154568,3.077769462318129,3.9680935744630124,2.3919610217410496,2.1799720006487706,90.1426031470927,preci,JJASO,Mon
19.25_102.25,0.0,2.9700870739020964,5.592860387374086,4.683446440970265,2.9795770118200013,3.5194429608112427,4.172318491703033,3.9314178860829148,95.79795755769548,preci,JJASO,Mon
19.25_102.75,5.960464477539063e-08,2.8695308475659105,7.299765452185706,4.662290465077218,3.0921962124992524,3.5113888279013903,4.182060553676034,4.153669969970057,109.3128557323712,preci,JJASO,Mon
19.25_103.25,0.0,2.663043880725073,6.170304780512807,4.927999313764376,2.8728420763041282,3.401566848235838,4.4689955687236305,4.43460848689262,118.81911848595217,preci,JJASO,Mon
19.25_99.75,0.0,3.1698539614523336,2.829087061905242,3.092881043162023,3.3980083530114107,4.2856924520054855,2.775670650504416,2.5332432281350203,85.2038538995731,preci,JJASO,Mon
19.75_100.25,0.0,3.14990189721488,3.4573395242539546,3.973138437851548,3.253710722054162,4.159730866156291,3.000228307887627,3.1701856105351096,76.88911812705221,preci,JJASO,Mon
19.75_100.75,0.0,3.15458243769344,3.9787192533514553,4.550789181001763,3.180571540901233,4.035633289574983,3.2308853145716694,3.818992128884562,80.04647278194898,preci,JJASO,Mon
19.75_101.25,0.0,3.290596357758958,4.901334472348531,4.396853722130975,2.9823225967039138,3.7570206993667634,3.0905691473624803,3.9444780322036928,85.16097346105865,preci,JJASO,Mon
19.75_101.75,4.2146848510894035e-08,3.1917144022302257,4.0338079463529875,3.5715939045178606,2.741497297180738,3.4315620385245427,2.21664238068489,2.345113066244466,83.81315767550812,preci,JJASO,Mon
19.75_102.25,0.0,2.9657659654038575,5.086642352022052,4.7948757390959456,2.563965464919893,3.129535994415091,3.3468762891968713,2.686503417917566,75.66896288877378,preci,JJASO,Mon
19.75_102.75,0.0,2.7586712684010752,5.172381112924081,3.7489447903247757,2.5720835418914527,3.126950357898235,2.6156845339990995,2.524438760968567,80.41138511368285,preci,JJASO,Mon
19.75_103.25,0.0,2.576127637108074,4.8573036613442016,3.579662406589235,2.5906781196570794,3.2732411726171096,2.713944930731,2.8238025613080917,89.3496836440206,preci,JJASO,Mon
19.75_99.25,0.0,4.593291010486225,3.2991058236049025,3.4311408465953286,3.4378035875709774,4.237555456065355,3.059154396921225,3.05345520805309,106.47737504862762,preci,JJASO,Mon
19.75_99.75,0.0,3.5145042440542476,3.2619929838513233,3.5749700481788076,3.223783849794446,4.163619374020225,2.984536822046833,2.813484140829744,90.65401915101796,preci,JJASO,Mon
20.25_100.25,0.0,3.2265475979045695,3.6381535171097377,3.7882054794289375,3.3565055712777965,4.133602234875108,3.188184749925938,2.8828049658948243,83.77229685178752,preci,JJASO,Mon
20.25_100.75,0.0,3.0910020321581033,3.582095748503238,4.013724586698017,3.0874342565165622,3.8274806948279285,3.1832038427037714,3.5917965028856442,72.59513250490475,preci,JJASO,Mon
20.25_101.25,0.0,2.951689231260862,3.605566099366377,4.176032900814731,2.714824493705579,3.258283803201502,2.522855158864115,3.0520861514065394,75.1450246668514,preci,JJASO,Mon
20.25_101.75,0.0,2.813316279631941,4.007722041636282,3.946266385285519,2.461037587684084,2.997512300265725,2.2339680691592707,2.675089820764927,69.91339869360014,preci,JJASO,Mon
20.25_102.25,0.0,2.7641375987461303,3.4503079706047477,3.528166489643369,2.2851142137135403,2.8639783659753886,1.9810585444140687,2.177666480092286,61.278588824489795,preci,JJASO,Mon
20.25_102.75,0.0,2.5430959270054543,3.9018449565780498,3.471538609862428,2.362948881719704,2.844086590080354,2.151729902413553,2.27319194675953,63.881908589185876,preci,JJASO,Mon
20.25_103.25,0.0,2.274655621815767,4.363784034567186,3.2361142857822145,2.3733096958631323,2.928452906729987,2.4587717302112937,2.396430698943033,75.47693721042312,preci,JJASO,Mon
20.25_99.25,4.2146848510894035e-08,4.0377959546721875,3.9886296409930257,4.003224456695773,3.2986785504084577,4.086134353734965,3.2039317400912175,3.334887557530142,109.80287708604925,preci,JJASO,Mon
20.25_99.75,5.960464477539063e-08,3.6225405774207218,3.6148160658941553,3.7480152584764346,3.3557082755416014,4.171547982114852,3.242779017649465,3.2545199110406466,102.57046698687785,preci,JJASO,Mon
20.75_100.25,0.0,3.14820664801382,3.285239331684804,3.4852231239835914,3.0697644463549874,3.9437390557464065,2.844959220246168,2.7546352093787183,94.30726356400028,preci,JJASO,Mon
20.75_100.75,0.0,2.893525227509013,3.228530002887776,3.731177416139897,2.901009002825191,3.7243782729449593,3.185865464084723,3.869924246623435,70.1768315452276,preci,JJASO,Mon
20.75_101.25,0.0,2.6811953349575472,3.270796006222556,4.013361136866393,2.703807819009725,3.3443278078914918,2.860914630847931,3.6584887472439442,64.04222591096482,preci,JJASO,Mon
20.75_101.75,0.0,2.441456993895046,3.2517345565649256,3.366118705728833,2.5500565262274555,3.0194148223262802,2.2984638806008886,2.6826345441834274,66.03552334317538,preci,JJASO,Mon
20.75_102.25,0.0,2.3072866493088537,3.1128953912325814,3.887274889013521,2.4716713630156932,2.8861408656040015,2.091699702977827,2.3780637445888932,66.52358075517968,preci,JJASO,Mon
20.75_102.75,5.960464477539063e-08,2.2630567724098256,3.2549838817330152,3.304963404237678,2.4047886521737625,2.7814943234790297,1.9985041729493553,2.0012520794329585,64.05863613972566,preci,JJASO,Mon
20.75_103.25,0.0,2.1282440430151333,4.112666731345473,4.002738583662055,2.418380904860293,2.9017238143493738,2.352796106643064,2.9242383700222025,69.30208777339669,preci,JJASO,Mon
20.75_99.75,5.960464477539063e-08,3.484638037648657,3.464047645090932,3.5449776476243446,2.9718740219216,3.908215700824694,3.2957839252035432,3.562221434589775,109.82976282788488,preci,JJASO,Mon
21.25_100.25,0.0,2.7880162975487854,2.911284756347838,2.701485023205973,2.3844204980002512,3.6556992393016485,2.264439004875011,2.417536373678308,96.00607453008168,preci,JJASO,Mon
21.25_100.75,0.0,2.5682065013316113,2.8347682343600926,3.247640169622895,2.3176111758289655,3.5661233537548225,2.587533093558494,2.5754776725404485,71.26990599779843,preci,JJASO,Mon
21.25_101.25,5.960464477539063e-08,2.48592798709,3.0878937542981753,3.199063618623225,2.46959803116406,3.4169664824255137,2.6200422718908603,3.3805862531585995,65.68883958714868,preci,JJASO,Mon
21.25_101.75,0.0,2.269482320508663,3.6953312646376233,3.35330943263396,2.6266083443713617,3.363861076463718,2.59981748672445,3.351424086181546,74.77203494484466,preci,JJASO,Mon
21.25_102.25,0.0,2.1800109769260043,3.1375380744339862,3.83084620027584,2.654809408321116,3.273136651471596,2.6392227845187124,3.001836324566934,71.4663978745955,preci,JJASO,Mon
21.25_102.75,0.0,2.128566870491496,3.3739953302007897,3.6768954727071352,2.6803091420258,3.2121046723456117,2.589691582195536,2.1913960545707893,67.11181394625592,preci,JJASO,Mon
21.25_99.75,0.0,3.266376900345967,3.5722775064917993,3.8713148682360856,2.5002272425306535,3.7187654475259757,3.3806876321500163,3.349662344062575,101.4968667044553,preci,JJASO,Mon
21.75_100.25,0.0,2.3697344337692323,3.3997868456511036,2.853934707787912,2.033735082916018,3.4813858853449,2.2077525875830384,2.5640337437308083,80.95769192483797,preci,JJASO,Mon
21.75_100.75,0.0,2.217434354225002,2.495663798782815,2.840840930573856,1.947583532826382,3.3536393308595667,2.2152563197288035,2.2723760360679557,72.32170807231056,preci,JJASO,Mon
21.75_101.25,0.0,2.1820919396312184,2.7136448518201552,2.5276550745910074,2.053148551346993,3.2772061303199687,2.038392110682843,2.2907618945663306,66.02203303618158,preci,JJASO,Mon
21.75_101.75,5.960464477539063e-08,2.165500353169019,3.5452612261405463,3.4479468005644707,2.40359038675027,3.3457299710662514,2.9904986613866336,4.0083110218273985,69.80654269016752,preci,JJASO,Mon
21.75_102.25,0.0,2.2299362589738276,3.0908657137488142,3.393818274784932,2.668644040505134,3.569225160500478,2.78654284391792,2.791408594492286,70.54285371787316,preci,JJASO,Mon
21.75_99.25,0.0,3.015333287798782,3.967616893836532,4.838456962326228,2.3478714422744926,3.794873382489349,3.3101799447686857,4.1696096312446835,74.36679770222246,preci,JJASO,Mon
21.75_99.75,4.2146848510894035e-08,2.8275356416370667,3.2574045601532764,2.5838753424492396,2.12963525399403,3.7085392367617245,1.9612211706118456,2.053168488372688,81.29548202374761,preci,JJASO,Mon
22.25_100.25,0.0,2.1628174925716417,2.7748630288442233,3.601050258550551,1.9276590591973994,3.359247449641094,2.920388455627102,2.552115158797216,72.38682843346524,preci,JJASO,Mon
22.25_100.75,0.0,2.0241500437100663,2.4512440957998916,2.4355909881320743,1.9225069364265013,3.237337381968878,1.9825412167857859,2.1702417842502033,68.98268357388842,preci,JJASO,Mon
22.25_101.25,0.0,1.9879303938391348,2.5332525331095206,2.7598970933365283,2.032285622150872,3.2093784610718323,2.077433276961438,2.139573076294025,71.3824724364114,preci,JJASO,Mon
22.25_101.75,5.960464477539063e-08,2.0254611939112683,2.779990214583809,3.1698642321515393,2.3728374087856507,3.3473094783794917,2.8333792904097033,2.531229075652098,73.46027011155937,preci,JJASO,Mon
22.25_102.25,5.960464477539063e-08,2.175894379618313,3.0942889543864496,3.0613735281365684,2.7106544640987416,3.5956030184139123,2.6077634726293164,2.585813581852602,72.7464251915828,preci,JJASO,Mon
22.25_99.75,0.0,2.6414255576187626,2.968163503983688,2.963341914064204,2.038178194716699,3.5165053898060497,1.9326074176065224,2.0483840694804263,75.78507230114002,preci,JJASO,Mon
22.75_100.25,0.0,2.0391324972940827,2.8432451576280697,2.806133684400451,2.001073422132015,3.3959743312908226,2.201060177708122,2.476460125776383,66.92002331051813,preci,JJASO,Mon
22.75_100.75,0.0,1.8590686444067477,2.544783249394591,2.4697261238387367,2.052219570693058,3.277429205851681,1.9936106436635719,2.106323139076297,67.85041026006387,preci,JJASO,Mon
22.75_101.25,0.0,1.8481805649210126,2.857500445855415,4.225463683017272,2.146746901665876,3.3064769708855444,4.529743681237225,2.843193151798308,73.20598287001404,preci,JJASO,Mon
22.75_99.75,0.0,2.6259214827046327,3.6731461314302942,2.8345888661118495,2.0196743219005446,3.55122099253561,2.3555713340510285,2.699112325213295,76.83572673700985,preci,JJASO,Mon
23.25_100.25,0.0,1.9686526515554847,2.746479887578108,2.2625683337005276,1.9161619021037175,3.241817255202644,1.9563458936704017,2.239242898809797,75.64717593135417,preci,JJASO,Mon
23.25_100.75,4.2146848510894035e-08,1.8055745935843681,2.568864393391616,2.3379429674976153,1.9583125724503079,2.9834920883788714,2.3279714273590972,2.1045599913838435,74.96759966979323,preci,JJASO,Mon
23.25_99.25,0.0,2.6642419687915204,3.431848586175288,2.3706718105960682,1.9682561992615357,3.6094333616481675,1.8104178417417016,2.552248536265452,93.32683805169326,preci,JJASO,Mon
23.25_99.75,0.0,2.3497702159802167,3.6024987447827366,2.527274433052765,1.9144428724498919,3.5367884706993453,1.9362127071977928,2.4111800498535105,87.97676925058286,preci,JJASO,Mon
23.75_100.25,0.0,2.0954358459100173,3.6702900488580688,2.3136074301282235,1.797939159647303,2.934525098546381,2.010574612613105,2.4311382713994836,82.94769546895446,preci,JJASO,Mon
23.75_100.75,0.0,1.903462807288574,2.8013425486353247,2.2066478007463863,1.7601073493854458,2.7675822148235913,2.0638719295204018,2.1684833004228237,79.11829160154693,preci,JJASO,Mon
24.25_100.25,2.9802322387695312e-08,2.2915607719888498,3.3918273999781445,1.9573474693476747,1.609775244353317,2.6795364217732107,1.6526275755659225,2.4864975078543288,81.27451819462617,preci,JJASO,Mon
24.25_100.75,0.0,2.18743070998203,3.129431471881936,1.9984048291757133,1.6933914376684045,2.5489533964160818,1.8394690399943092,2.112263304632743,81.38042646595363,preci,JJASO,Mon
24.25_99.75,0.0,2.3754202638959856,3.15969036668735,2.485504007195324,1.5507204717932146,2.769226142071891,2.506649961249867,2.632359098894043,74.73142580506772,preci,JJASO,Mon
24.75_100.25,0.0,1.811503251523486,3.1284178030839187,2.1481804405043206,1.6361122009704892,2.4241721622328396,1.5705578077510287,2.330103513858876,74.41869781863132,preci,JJASO,Mon
24.75_99.75,0.0,1.9519552637592623,2.9891412221745792,2.629825439562923,1.5943359561412087,2.4965474292350636,2.0343099113815803,2.5383733907514903,69.05911842860398,preci,JJASO,Mon
25.25_99.75,0.0,1.906617447416605,3.006958724959941,2.2959902867128927,1.8441124096420944,2.6384499794078855,2.1929442386258167,2.566142770754188,66.79570673732015,preci,JJASO,Mon
25.75_100.25,0.0,1.8149037707732323,3.221469064942433,2.5001332179405757,1.9581439834477554,2.763702705349572,2.1714343599056884,2.3029619052221375,62.75734193653594,preci,JJASO,Mon
25.75_99.25,0.0,2.871037631341601,4.370863661317915,2.943081293487551,1.7485384621817683,2.674071877360341,3.1615811124441238,3.2430689832249677,94.33324269491503,preci,JJASO,Mon
25.75_99.75,0.0,1.8625191386488178,3.4832022923215606,3.0755123669065183,1.7650016677326736,2.5667111649738934,2.794507212114481,2.6667264952685352,72.77597834802457,preci,JJASO,Mon
26.25_99.25,2.9802322387695312e-08,3.3069973483219175,5.70963523464954,3.0803055871773157,1.8366974002755296,2.8315633806646874,3.3008660441606095,3.783426423358526,102.69086927676214,preci,JJASO,Mon
26.25_99.75,0.0,2.0218505198759944,4.248491253144156,2.9860399667232813,1.826448141808607,2.6584683915472005,2.83536404157046,2.982104591694653,81.44085473129441,preci,JJASO,Mon
26.75_99.25,0.0,3.445701795112765,6.093975242052518,4.2531170678848955,1.893273125847465,2.9039788433114886,3.904372976370564,3.382035286914265,98.79760542460735,preci,JJASO,Mon
27.25_99.25,0.0,3.737850454210541,6.605611665523915,3.3761542150974004,1.64322684128981,2.8407410890062845,3.5562062541153523,2.655958031066035,93.09949684490508,preci,JJASO,Mon
27.75_98.75,0.0,2.4258125488827393,9.354445611996594,4.941554214529518,1.7517755644763353,2.623453457035755,6.005765144755032,1.9783335664593826,98.04846555112191,preci,JJASO,Mon
28.25_98.75,0.0,1.915452258268237,10.32028158937051,2.787910092592431,1.9093431653837505,2.6123229403125596,3.140723384794065,2.1529624263646663,81.66270130158532,preci,JJASO,Mon
28.75_98.75,2.9802322387695312e-08,1.5512503534657494,7.3852287973417985,1.5548670975231225,1.2529306091632422,2.440757624398325,1.5634198649942141,1.4863650879113655,69.63212287173512,preci,JJASO,Mon
29.25_98.25,2.9802322387695312e-08,1.2372796243951905,6.312939856663495,1.2995497831660978,1.195889409583642,2.3422989431010417,2.0910507093248634,1.347804607472723,49.105229460694616,preci,JJASO,Mon
29.75_98.25,0.0,1.0951423887891987,4.935856958017913,1.2505346967717865,1.2343614765794968,2.11576451786763,1.00370410744593,1.2440219382676516,39.067143983168336,preci,JJASO,Mon
30.25_97.75,0.0,1.1299027579543868,4.444921020488328,1.4461870242588897,1.048209570995944,1.6085791258858995,2.232660725904467,1.3602209592228567,43.244125068913064,preci,JJASO,Mon
30.25_98.25,0.0,1.0830001701645406,3.525955739572367,2.063125931006767,1.1003148939032126,1.6695230485109875,1.7525406474953273,1.0421731234298741,38.085577410106374,preci,JJASO,Mon
30.75_97.25,0.0,1.1381148803444203,2.059984817219282,1.6863593412712967,1.0161379761710776,1.269145602972752,1.5735705043351607,1.0179813699118845,47.001388484454544,preci,JJASO,Mon
30.75_97.75,0.0,1.1328347896459776,2.610154447586272,1.5805149137604386,1.0674473545584149,1.3400204859809781,0.9267325961621302,1.041361869360757,51.52864936647383,preci,JJASO,Mon
31.25_96.25,2.1073424255447017e-08,1.105695492268466,1.8783855002822283,1.5339348728400493,0.8434121843120239,1.1289454872999727,1.2967750097111481,1.1409458065658544,38.66699852597615,preci,JJASO,Mon
31.25_96.75,0.0,1.0112128931936388,1.6152872545370507,1.3558503040846854,0.9400616762730825,1.1972872760816529,1.2774436572806083,1.022950757076995,34.32163535079172,preci,JJASO,Mon
31.25_97.25,0.0,1.0923899062848068,1.6088543944345508,1.5845852620010532,0.9643600960998095,1.142738815738162,1.5464108880419773,0.8992342031414152,36.84749375090054,preci,JJASO,Mon
31.75_95.75,0.0,1.262377636338149,2.026934305291257,2.1766904504795233,1.0316084878528766,1.0952650306200784,2.436700032304875,1.7928123637403588,43.033773924312044,preci,JJASO,Mon
31.75_96.25,0.0,1.1858768183763113,1.842823939850102,1.7025916846912619,0.8635470666863223,1.0876718481734882,1.5437147016303,1.3690113988488872,40.01441138350084,preci,JJASO,Mon
31.75_96.75,2.1073424255447017e-08,1.0870343544103598,1.5265018180826015,1.1682012668335473,0.8957040238288505,1.080740854360725,1.0730829494996326,0.9549621722012311,34.10923325502278,preci,JJASO,Mon
31.75_97.25,2.1073424255447017e-08,1.1475906131202276,1.7284244661146502,1.2358169478204775,0.9687257503415613,1.0950330370167567,1.2195249311914713,0.9108613758617196,33.8558983458479,preci,JJASO,Mon
31.75_97.75,0.0,1.2019077136236302,2.117176084066265,1.7644287682214452,1.0004428714373903,1.1228131479049022,1.5364700551814672,1.0315823665992991,41.72371577582164,preci,JJASO,Mon
32.25_94.75,2.1073424255447017e-08,1.238878827032009,1.6025306066852725,1.5783841268954022,1.1188353370519057,0.9971908269947098,1.5929506549267987,1.4861474559301913,49.33990140437292,preci,JJASO,Mon
32.25_95.25,0.0,1.1392889494085816,1.7994771085899615,1.5618887205966925,1.1346295009626333,1.0147162786550339,1.045078841740417,1.3768550409826015,46.702417368231984,preci,JJASO,Mon
32.25_95.75,0.0,1.0196911136403661,1.6401438796728167,1.3074069450020878,1.0384204993659079,1.0820559350767958,0.9882259139484663,1.2010825924428505,43.461227259007416,preci,JJASO,Mon
32.25_96.25,0.0,0.9349401385995273,1.4936558675711131,1.544609888723477,0.9354182686393933,1.1609943237972191,1.1413033730089108,1.0784067939757707,39.72850223673805,preci,JJASO,Mon
32.25_96.75,0.0,0.9281670929431896,1.5690225239839823,1.4883696795589036,0.9552171281392728,1.1560009014997414,1.3030808185121343,0.9677112963952916,36.258594574467025,preci,JJASO,Mon
32.25_97.25,0.0,0.9826524593629381,1.9737834974259363,1.7751089525728783,1.0161510252053956,1.0938212438356354,1.4940270354752947,0.9723482156768775,36.387202031239376,preci,JJASO,Mon
32.25_97.75,0.0,1.0208562980286013,1.7018981958236024,1.3215038920418112,0.9254786644460278,1.1045892871742107,1.2729414207506042,0.936499229454011,41.731197994491716,preci,JJASO,Mon
32.75_94.75,0.0,1.1699011320421486,1.52412580620895,1.0333001787577167,0.8065682748843043,0.9912648189348101,0.9268883534282014,1.181029837120666,50.958587588817664,preci,JJASO,Mon
32.75_95.25,0.0,1.0874889407695056,1.30315251569272,1.3040146548059364,0.8603781612189276,1.034613712664653,1.4153870095185452,1.1027269807506694,49.1046567374368,preci,JJASO,Mon
32.75_95.75,0.0,0.9894961144209279,1.338343408299072,1.7644978768576072,0.9268828609007973,1.019898213237182,2.306327996924053,1.105078689391629,45.764987257360694,preci,JJASO,Mon
32.75_96.25,2.1073424255447017e-08,0.9372500915613999,1.3019841071313718,1.6865520129425433,0.8939284497401399,1.0549522493789614,1.4056095874218453,1.0189241657203632,43.945804174228115,preci,JJASO,Mon
32.75_96.75,0.0,0.9488280160118417,1.5573773698350026,2.4858225495738737,0.8996473062575316,1.0485953981011178,1.9364908608089764,1.0048632205951977,42.1911019226423,preci,JJASO,Mon
33.25_94.25,2.9802322387695312e-08,1.2928826076231799,1.2100640737757398,1.1125205938307614,0.6877606346675954,0.9354065023325068,0.9822680820593881,1.0831874929725422,47.38124151457278,preci,JJASO,Mon
33.25_94.75,2.1073424255447017e-08,1.2879566591446907,1.1963621145260905,1.0678318339085573,0.7570566974608182,0.9539083913810835,1.1573540703124543,1.1171088279975785,47.80257063424008,preci,JJASO,Mon
33.25_95.25,0.0,1.2431533486966786,1.540807597747561,1.6188602053637258,1.0172673814763282,0.9522018364161501,1.4244050116226707,1.1874613286949594,47.12761518170589,preci,JJASO,Mon
33.25_95.75,0.0,1.1588698359080698,1.8847579225865254,2.0757758262211543,1.041393547668696,0.9556287894623312,3.349300598670191,1.3786513359007908,45.592364980723296,preci,JJASO,Mon
9.25_105.25,0.0,2.4222747498966477,3.4032851523578427,3.2319565551831,10.621777156559379,4.052097552788267,3.7466046429301283,3.1398803493538368,68.6428702752946,preci,JJASO,Mon
9.25_105.75,4.2146848510894035e-08,2.325388280547313,3.466235665570804,2.845173832942736,9.760212271146507,3.4918861159418233,3.4417161538178345,2.8594654479069113,60.18385929766682,preci,JJASO,Mon
9.75_105.25,0.0,2.2841431398598457,3.8468516103286863,3.3192898681459897,17.481968912870542,4.189290233827397,3.4448663604445184,3.451494428666821,70.68306079615418,preci,JJASO,Mon
9.75_105.75,0.0,2.1090185248605975,3.0245389218947287,2.8809430169107952,14.653818823318248,3.6906558039591757,2.9363529954539778,3.074937815818067,60.70815317242125,preci,JJASO,Mon
9.75_106.25,2.9802322387695312e-08,1.983315853193791,3.205147058488543,2.7417950229844474,9.692362735780664,3.393027437510953,2.696063956996739,2.4448273887600376,57.31609230669762,preci,JJASO,Mon
10.25_104.75,0.0,1.4812117003872676,2.8182042634992586,1.8346150175124047,8.834675175585478,3.4676572385632487,2.0757749927948774,1.7764008297774114,30.979587479145252,preci,JJASO,Yr
10.25_105.25,2.9802322387695312e-08,1.5519766479431887,2.5002381646810354,1.8734790319140449,9.676639881168013,2.672448444061495,1.9258988250622355,1.8977164780362816,31.49834788248811,preci,JJASO,Yr
10.25_105.75,0.0,1.258278304974868,1.8392776114230693,1.3771024249529238,6.88811727420713,1.841295181251111,1.3805271748257357,1.3939721108720837,32.722798993615115,preci,JJASO,Yr
10.25_106.25,0.0,1.373013961363079,1.6967683932168351,1.1945155194441086,4.75762333726925,1.2743055922130535,1.189716047251485,1.0137630309012355,32.27414104331783,preci,JJASO,Yr
10.25_106.75,0.0,1.2385414170299744,1.6169722663609585,0.8049325104301163,4.36608589414177,1.140709103258309,1.1819374682942314,0.9126023904661567,35.484940959628474,preci,JJASO,Yr
10.75_104.75,2.1073424255447017e-08,1.2834689846943141,1.7440915278044367,1.4279670521747483,9.219461296975185,2.4603198494972527,1.7012329740855092,1.4913830929079055,25.303455932029344,preci,JJASO,Yr
10.75_105.25,0.0,1.4058309033686816,1.8981491557220291,1.5467952416615771,6.493945846119317,2.0464569665807586,1.7216457786497117,1.8338500533455329,27.294234300953764,preci,JJASO,Yr
10.75_105.75,0.0,1.4282464563859827,1.995642438123649,1.4682130313841644,5.147090626756041,1.75896452827772,1.6411293339082655,1.6628417903327468,32.4967484429269,preci,JJASO,Yr
11.25_104.25,2.1073424255447017e-08,1.3860434165993498,1.7669295543662082,1.422285581939985,6.704986013592565,1.7989042653187732,1.8877025333163824,1.479498607332558,27.44565621725628,preci,JJASO,Yr
11.25_104.75,2.1073424255447017e-08,1.2357246120699363,1.4998450701630608,1.265912443379834,5.28310389872757,1.7112589662195892,1.6463494080971637,1.5991038840068883,23.289217007322875,preci,JJASO,Yr
11.25_105.25,0.0,1.2647483940154813,1.674252720717755,1.2516393918063433,4.292624830333679,1.8470742194807062,1.538056002324866,1.9687518876674133,24.08141434677189,preci,JJASO,Yr
11.75_104.25,0.0,1.357772751872529,1.5192534307854646,1.2765825149992869,5.006590379101425,1.9233623676754887,1.5935846381385321,1.5793176674801817,22.879579725333414,preci,JJASO,Yr
11.75_104.75,0.0,1.233125600356783,1.5668277212091362,1.2076349708865854,3.8721420492719765,2.1455430490236314,1.5091116514123268,1.667598011461404,23.527577377839005,preci,JJASO,Yr
11.75_105.25,0.0,1.285693886194183,1.7049204804176943,1.2942927374677502,3.9014513459381077,2.2005336361757863,1.546123154776396,1.9821794273547753,28.402720267253244,preci,JJASO,Yr
12.25_103.25,0.0,1.739825704393997,2.4314569476783605,1.936581332836328,11.761694164184686,2.4753218035622933,2.897259780508799,2.376422792934282,40.52225689482902,preci,JJASO,Yr
12.25_103.75,0.0,1.4128555530148295,1.6640800484745868,1.3503915746074389,7.83371456294233,1.9955351067159162,1.750170371493248,1.8238249043319241,28.717848558750603,preci,JJASO,Yr
12.25_104.25,2.9802322387695312e-08,1.3417591757069776,1.6289986141898471,1.3169568193854178,3.960339025964255,1.8959623698972015,1.692944163231486,1.8509951071442015,27.047223365813824,preci,JJASO,Yr
12.25_104.75,2.9802322387695312e-08,1.4274848840210401,1.8895864959020117,1.4872037543180316,3.2599925789073385,2.2139223996319606,1.7438529164806296,1.7381651090173604,30.438525239764108,preci,JJASO,Yr
12.25_105.25,0.0,1.4537868182315468,2.0487032150096343,1.5392394120680668,3.6547360548249634,2.1787342396766065,1.6635940827153177,1.9424999052451672,38.39273176182115,preci,JJASO,Yr
12.25_105.75,0.0,1.7045461875293972,2.1802794267308987,1.7058208975642963,3.90929267954496,2.4927841583976713,1.8819775840085706,2.227934004255675,48.11732482963077,preci,JJASO,Yr
12.25_106.25,0.0,1.800283009370219,2.2185889201653386,1.7879404524274054,4.012774404281264,2.673131469658744,1.988985862648767,2.555727623744135,51.52379040475666,preci,JJASO,Yr
12.25_106.75,0.0,1.773123287388459,2.345671784268364,1.9328839589485838,3.71463315420767,2.75054078906795,2.0162349276564226,2.4292426607640327,65.16318493776673,preci,JJASO,Yr
12.25_107.25,0.0,1.3963754635142593,2.2708121703739903,2.3978454660693878,3.189895144193522,2.289839824886831,1.8437085100581239,2.4146283084719737,80.49291806006423,preci,JJASO,Yr
12.25_107.75,0.0,1.3276940732596554,1.9616868137434489,1.4936423369219851,2.108197996170518,2.11371700583058,1.1269352849363476,1.4095145175395523,52.44242710543152,preci,JJASO,Yr
12.25_108.25,0.0,1.3014444588451688,2.0488203304185375,1.0286334095525078,2.312485430028151,1.772621382173991,0.9982286938121023,1.8598842702316067,31.9351816408519,preci,JJASO,Yr
12.75_102.75,0.0,1.4592767489505587,2.12012427482171,1.509495320497424,10.922210759349444,2.051782240782254,2.19037154249895,1.6710728946271993,33.157634500962615,preci,JJASO,Yr
12.75_103.25,0.0,1.2845608107021471,1.6506084398218321,1.243335957894172,7.247179781811867,1.8677841695432245,1.6299879969476272,1.4189997557305265,27.551558221686527,preci,JJASO,Yr
12.75_103.75,0.0,1.2614137394089617,1.6740757309372503,1.2646354930523764,4.136159914221635,1.8342316552704463,1.5399588897563334,1.466795038304553,24.859189214023306,preci,JJASO,Yr
12.75_104.25,2.1073424255447017e-08,1.311702783434667,1.6505587114208382,1.2437198478269589,2.9612423989480767,1.8882213556277239,1.5643378177462222,1.4559754228435025,25.954501905986458,preci,JJASO,Yr
12.75_104.75,0.0,1.5616692629438158,1.7937565735888865,1.4333671790790392,3.024148562906578,1.67067506557884,1.764910081436436,1.7367310327438095,33.61597802634573,preci,JJASO,Yr
12.75_105.25,0.0,1.5828770162852024,1.9456892350728543,1.453355600995612,3.6727399317105394,1.7285924872533833,1.6870224612564684,1.9371001085704516,43.496458502708386,preci,JJASO,Yr
12.75_105.75,0.0,1.8513562883757604,2.1715121728691145,1.833909648147077,3.9831545686509977,2.478933879311659,1.9420621580165274,2.23219457196343,48.657333909296725,preci,JJASO,Yr
12.75_106.25,2.9802322387695312e-08,2.0167778509154517,2.193766039740429,2.024921405753924,3.798909939890023,2.826939888345382,2.0180495329121415,2.3946886622900374,49.503018122266965,preci,JJASO,Yr
12.75_106.75,2.9802322387695312e-08,1.9741199360932056,2.2422952389698225,2.2916223265948275,3.4838101708745395,2.700174270630398,2.1307418688540327,2.4955940826197445,52.73383244215959,preci,JJASO,Yr
12.75_107.25,2.1073424255447017e-08,1.473597336968814,1.5523736044295917,1.8744353936059441,2.9175300007131604,2.0972863012960676,1.7685319293770594,2.056738835561659,48.09729617933752,preci,JJASO,Yr
12.75_107.75,0.0,1.4022115962489345,1.4684687595605468,1.455052354581102,2.0407163123808854,1.9576206300169177,1.1668990574534632,1.3119905783766612,33.36265937123245,preci,JJASO,Yr
12.75_108.25,0.0,1.3078008910233536,1.5262197609708477,1.1336284101242693,1.8316671818708348,1.6955096854806608,1.1113467807051696,1.5390917699953168,22.023602542860505,preci,JJASO,Yr
13.25_102.75,0.0,1.2654583869599443,1.5669952930652271,1.2062367732495347,6.092891772636899,1.7065179334484732,1.56210996492415,1.2890138107584943,20.778980743498973,preci,JJASO,Yr
13.25_103.25,0.0,1.1653305773793665,1.5888487564834826,1.1181671708509386,3.1895816603430007,1.5581964822263092,1.421854605362999,1.2965402422417893,19.97710935410515,preci,JJASO,Yr
13.25_103.75,0.0,1.2711586029939008,2.01050534939695,1.303366904876299,2.5592269447661273,1.9810776160327568,1.5482864754921606,1.648195843839815,23.027058188882037,preci,JJASO,Yr
13.25_104.25,2.1073424255447017e-08,1.368582449987782,1.9876372303777672,1.4103685524229626,2.7200819906489575,1.934816540523114,1.5609282147672447,1.7860969749009095,32.079679715074455,preci,JJASO,Yr
13.25_104.75,2.9802322387695312e-08,1.5245304325681484,2.036606577414616,1.602221764404086,3.2173643664894938,1.7735519621431761,1.655837092958338,1.9237940610142543,39.965059486167085,preci,JJASO,Yr
13.25_105.25,0.0,1.6450213201725012,2.052721263120059,1.5745809703916318,3.4945366042390997,1.7808287804005836,1.7275246816827332,2.0853928319346826,45.3090270767538,preci,JJASO,Yr
13.25_105.75,0.0,1.7955040140268361,2.184557431739577,1.79024831269592,3.6383795875050646,2.1681557443454444,1.8637195445161874,2.206060634058257,39.3938185177043,preci,JJASO,Yr
13.25_106.25,0.0,1.9229910814376245,2.2589767560072573,2.024452141592894,3.3625577056894818,2.65400883071133,2.1255220890234923,2.301351104939131,36.196617432622595,preci,JJASO,Yr
13.25_106.75,0.0,1.889504420426215,2.366382939528191,2.09419303790164,2.999382447879851,2.4522643789816274,2.090996828045131,2.2070238098515294,37.08384823178589,preci,JJASO,Yr
13.25_107.25,0.0,1.631836878922247,1.9309655998484159,1.8895240423109032,2.42260966696346,1.8645692467794077,1.750220589228935,1.7715337556569566,38.157101523691395,preci,JJASO,Yr
13.25_107.75,0.0,1.4515987531590908,1.6327095863022854,1.6352510258108883,1.9459064690433292,1.7234321330518256,1.2396414134934564,1.4049928256525255,32.166588088121095,preci,JJASO,Yr
13.25_108.25,0.0,1.238483846379355,1.739664780648138,1.4235332277495283,2.275826574928939,1.657632084906203,1.1805542214847722,1.5288972573493123,26.6134022703694,preci,JJASO,Yr
13.75_102.75,0.0,1.1749254822007291,1.0113316063031192,1.2059428395114067,3.1780901331769758,1.530173225177745,1.3725955868768023,0.9770848107732475,21.444131117232242,preci,JJASO,Yr
13.75_103.25,2.1073424255447017e-08,1.26663950342782,1.4555522657664521,1.1105766614376955,2.1424499583973073,1.4400414608641652,1.266889662753933,1.137890706624911,23.073782056990343,preci,JJASO,Yr
13.75_103.75,2.1073424255447017e-08,1.3995232173250671,1.9926978292503874,1.2543234011445081,2.4257309118108408,1.7023389091159724,1.4224696030152568,1.5642036657732339,31.4913434929432,preci,JJASO,Yr
13.75_104.25,0.0,1.5054679040503667,2.0139288617346405,1.5008894181698664,2.8738133795055174,1.7095227426180428,1.502068695974887,1.6738376008957652,39.16531006677829,preci,JJASO,Yr
13.75_104.75,0.0,1.5889855764900798,2.0740980462849987,1.678044605276397,2.7852385353945373,1.5888227458592425,1.5063874147908034,1.6996789726169195,42.39762987869475,preci,JJASO,Yr
13.75_105.25,0.0,1.5564859232411337,2.040590255886046,1.4915755253293776,2.6933288590930675,1.5329856817411471,1.4340743999510805,1.7301597883850748,40.42987286761038,preci,JJASO,Yr
13.75_105.75,2.9802322387695312e-08,1.641068170178085,2.3868116044799605,1.6997533261159983,2.8650201108241418,1.9487958516806023,1.6328017115270772,1.7830637075695919,34.774793271434056,preci,JJASO,Yr
13.75_106.25,0.0,1.9224516840779124,2.884019314304778,2.136724552212111,2.991827867157923,2.5824777580746754,1.9069576304402038,2.0585490956471286,37.00858967549312,preci,JJASO,Yr
13.75_106.75,0.0,2.123204179285711,3.2631417614604246,2.3753820034847544,3.171213930065767,2.599198521782007,2.1318700451538257,2.3752903477267013,47.8356045281204,preci,JJASO,Yr
13.75_107.25,0.0,2.027442806768084,2.9795241240958745,2.514123283851382,2.5244682126510827,2.1460818362738556,2.107151694150459,2.1633861348730967,61.06767270328123,preci,JJASO,Yr
13.75_107.75,0.0,1.7922644503658196,2.5345521922936256,2.174389272035734,2.056285181579813,1.8953297488869618,1.808695936030149,1.993115597898974,57.84166276197404,preci,JJASO,Yr
14.25_102.25,0.0,1.141492143413201,1.8043563018824753,1.4994079798705529,2.9479487672776385,1.3314426415292688,1.4097219711272362,1.3259399316408698,30.438484392171564,preci,JJASO,Yr
14.25_102.75,0.0,1.1061383860966165,1.199628224337692,1.101208157211446,3.0899900946526713,1.3948766914677975,1.2145795998709081,1.09016768853591,23.854361736314683,preci,JJASO,Yr
14.25_103.25,0.0,1.221835108124886,1.3067154530327107,1.0537653053171372,2.788855018602465,1.4107712618709152,1.119020028056108,1.023360811556749,24.996883856603315,preci,JJASO,Yr
14.25_103.75,0.0,1.2876706154039295,1.6976976673671336,1.295044061234526,2.8537608482001207,1.391286710254385,1.1073405229583446,1.3207232356664846,30.072495821871854,preci,JJASO,Yr
14.25_104.25,0.0,1.428703868484978,1.7966687788654523,1.7503173021158924,3.1056005919436247,1.341604472877763,1.2803142665892486,1.7095178115436047,34.41147962136694,preci,JJASO,Yr
14.25_104.75,0.0,1.34470761340314,1.5191588263102476,1.6708862620600877,2.672121092049982,1.3697999056157646,1.1735538820261804,1.3510739426328797,38.380609089782524,preci,JJASO,Yr
14.25_105.25,0.0,1.1630894421287472,2.256035618027865,1.6174073927860875,2.671545776984595,1.3748939504742017,1.0793516375596492,1.6788060941193819,38.786777240106574,preci,JJASO,Yr
14.25_105.75,2.1073424255447017e-08,1.301154250789039,2.401059762760608,1.6808455717048174,2.565485044817145,1.8334159025641565,1.2149533630171525,1.3329832518150089,43.45249131391065,preci,JJASO,Yr
14.25_106.25,0.0,1.8630161145759019,3.7223774648991057,2.3615183122545647,2.7933894602691005,2.3957034621349518,1.7369617593828122,1.874963917382607,54.625056882487776,preci,JJASO,Yr
14.25_106.75,0.0,2.3312334878065517,4.24903508141551,2.942063204284481,2.6468782339842623,2.5889420883530687,2.2583492208115405,2.49007939232411,68.66000927075419,preci,JJASO,Yr
14.25_107.25,0.0,2.243619431776037,3.735697171530392,2.8969782294719666,2.2458614917230664,2.322311685394434,2.2962522396337923,2.400769997065671,75.58265830753676,preci,JJASO,Yr
14.25_107.75,0.0,2.018881345610721,3.4737818127300177,2.2902690419466385,1.7435222662166254,2.3281209327855543,1.8245604752199185,2.179142416884936,62.666066663537,preci,JJASO,Yr
14.25_108.25,0.0,1.5181084523441115,3.2170902934547776,1.4029798055645075,1.8770901068171513,2.031237352939429,1.4662264684841164,2.3323900748635022,50.879535084253284,preci,JJASO,Yr
14.75_101.75,0.0,1.2451648689415942,1.3314245778982694,1.2659400756894028,2.101097251269855,1.458088829050638,1.279294286133214,1.0666160780419867,33.29166026455031,preci,JJASO,Yr
14.75_102.25,0.0,1.2664315678663458,1.2595390734228809,1.0792421144039344,2.099555502895869,1.4302821804963606,1.2130361579520141,0.9716322635325411,25.775492311380475,preci,JJASO,Yr
14.75_102.75,1.4901161193847656e-08,1.0680856675525803,1.1745762854323507,1.069425530690421,2.165332913051391,1.399963431820723,1.1313675264454588,0.9533472865643705,25.2495389132833,preci,JJASO,Yr
14.75_103.25,0.0,0.9777441009062954,1.2168749837761321,1.1011262483843678,2.002333042395428,1.301290391339458,0.8795728990332167,0.8926524694990234,25.18739819399432,preci,JJASO,Yr
14.75_103.75,0.0,1.1457212651944941,1.1659148632437748,1.5271337002356693,2.004557862136901,1.3335894768412364,0.9571282227339997,0.9455903175260412,28.468742842464387,preci,JJASO,Yr
14.75_104.25,0.0,1.658789326075161,1.1542577195811636,2.111385847449886,2.378205385174083,1.792964450183013,1.4945219407064512,1.3856377786618745,33.60646778519823,preci,JJASO,Yr
14.75_104.75,0.0,1.4528538060939962,1.4649248744310615,1.8805843881353221,2.0504962958998214,1.5025681315921995,1.2289394979724495,1.1095316667457311,38.0384497297163,preci,JJASO,Yr
14.75_105.25,0.0,1.288652912199129,1.9125938317526747,1.706672268937517,2.3573706419002884,1.4573637484523858,1.2276627471024244,1.3372629645154102,41.04693666904616,preci,JJASO,Yr
14.75_105.75,0.0,1.6116803818916556,2.6096139467323543,2.099323442275871,2.987240211217822,2.184144503635918,1.2821363854825538,1.6658512150114835,51.81831247007838,preci,JJASO,Yr
14.75_106.25,0.0,1.8646270894973487,3.7275572844159996,2.414059365537184,3.04720882523158,2.3033853127171007,1.4924278733020848,2.337124170131373,62.56858736394586,preci,JJASO,Yr
14.75_106.75,0.0,1.987112686940725,3.819572443422535,2.457132048057764,2.6218348594585614,2.331386492974034,1.7314891812298048,1.892927282415201,70.24118895660743,preci,JJASO,Yr
14.75_107.25,0.0,1.8899672231789704,3.711066851765518,2.0761842881227563,1.9267093708499174,2.1422564018584316,1.5398731978063065,1.8686660373760973,60.423996855568014,preci,JJASO,Yr
14.75_107.75,0.0,1.8291835181143785,3.6538252637879998,1.8255671220716376,1.5308424982142765,2.3680573315970954,1.5019087701814178,2.2943744062742937,42.54331309920372,preci,JJASO,Yr
14.75_108.25,0.0,1.5489421977087776,3.3433648118389825,1.4452739897365368,2.138940560356772,2.0232832412944193,1.5032861898108623,2.630881895751575,42.716193846731414,preci,JJASO,Yr
15.25_101.75,7.450580596923828e-09,1.1696606510949341,0.9857828234251573,1.1806013917517844,1.2561587120908215,1.3197548085484079,1.0425567959186692,0.8391312961358889,26.677589199772733,preci,JJASO,Yr
15.25_102.25,0.0,1.0353315238291763,1.003435544577102,1.041750986423647,1.1608519093894607,1.1530495829900775,1.089051606088976,0.865602712426627,23.066701745750045,preci,JJASO,Yr
15.25_102.75,1.0536712127723509e-08,0.9982062895054862,1.0901714174188466,1.2231846636681487,1.414452831332407,1.135232359896409,0.9682109659158165,0.9693078238890581,26.018847511820514,preci,JJASO,Yr
15.25_103.25,1.4901161193847656e-08,1.11735939320292,1.211019527831559,1.5228718527842549,1.5652439485801237,1.1810721233932349,0.8743620196993248,0.9704581456078002,31.779109362572644,preci,JJASO,Yr
15.25_103.75,0.0,1.114504669017511,1.0313645912102214,1.7574964296167026,1.667131398456849,1.2343780272927047,0.9448980388939139,0.9019810778813876,37.57824765769144,preci,JJASO,Yr
15.25_104.25,2.9802322387695312e-08,1.3660924807037595,1.1607133715269982,1.953202873020907,1.8830674962233718,1.4291862946930254,1.248033518020184,1.1570553631102645,40.09553551181452,preci,JJASO,Yr
15.25_104.75,2.1073424255447017e-08,1.368554649266571,1.4522519407805636,1.9265204162832363,1.894129062407373,1.338261461560069,1.2137010612552572,1.1376539958205534,41.30587433919909,preci,JJASO,Yr
15.25_105.25,0.0,1.310916196996999,1.6910323525638031,1.7392433596808223,2.017788489756988,1.3533955222905392,1.1911938553793002,1.3382012099512113,42.24769864464709,preci,JJASO,Yr
15.25_105.75,0.0,1.4843851890985027,2.587390164558219,1.860658120679477,2.5884210634369382,1.86106110964827,1.2665129018512513,1.6793132158434443,49.67836180562449,preci,JJASO,Yr
15.25_106.25,0.0,2.0005357565522237,3.8601321044345256,3.0152840800803036,3.0308280790340585,2.461008633415971,1.7708109291229766,2.968513074711033,59.19136337946777,preci,JJASO,Yr
15.25_106.75,0.0,1.6819462583461988,2.963472477826664,2.0253488385589162,2.514731664539417,2.2070517162398176,1.1453039765593045,1.595108036631103,53.38932135390795,preci,JJASO,Yr
15.25_107.25,0.0,1.855394828368793,3.003764640240819,1.7637874129708275,2.1886809527597455,2.1368321537508503,1.487619230685187,2.1734272907275254,33.773895673352555,preci,JJASO,Yr
15.75_101.75,0.0,1.2203524274591846,1.234102148074935,1.483308902531399,1.3664156105354581,1.2497283047215713,1.1659269171659978,0.9759318610041394,28.700685836399252,preci,JJASO,Yr
15.75_102.25,1.0536712127723509e-08,1.0366800564218852,1.0177621983203402,1.3146354669644327,1.1899850749808933,1.156325518379573,1.11667831053986,1.0150916486468995,25.906703944668205,preci,JJASO,Yr
15.75_102.75,1.0536712127723509e-08,0.9594279010836817,1.0900739105760429,1.3809253572444102,1.2475649787758993,1.1612714532498145,0.8642646632255306,1.039820268304882,28.07947562899557,preci,JJASO,Yr
15.75_103.25,0.0,1.0432789622851084,1.323594596439755,1.7381371040185467,1.4346820844274881,1.1170267353679486,0.8758382673246903,1.079539245321465,35.40086254350471,preci,JJASO,Yr
15.75_103.75,0.0,1.086788960590642,1.3132601905076222,1.8384496491415188,1.6028187271336956,1.1573876040020814,0.9270667849306576,1.2564954457242696,40.406154128667424,preci,JJASO,Yr
15.75_104.25,0.0,1.062588454622999,1.3215834333317684,1.8358665343074363,1.5943233516607331,1.0454265641858762,0.8348970919179995,1.2972548196057474,38.220637939991775,preci,JJASO,Yr
15.75_104.75,0.0,0.9963176402827423,1.5563042232564033,1.7668443451464173,1.646360961612257,1.1694500872475593,0.9555117029949384,1.4411241828190737,32.75640472417745,preci,JJASO,Yr
15.75_105.25,2.1073424255447017e-08,1.1218062123647703,1.9738624581055604,1.9237002846946567,1.9759464922351282,1.367015362467884,1.207502064155934,1.5698310831741757,34.66687218859839,preci,JJASO,Yr
15.75_105.75,2.9802322387695312e-08,1.3294644075099338,2.212221016460701,1.9208131151034455,2.626029666220108,1.6883623163909915,1.3987780338869067,1.7159714328712912,43.72843719351355,preci,JJASO,Yr
15.75_106.25,0.0,1.51602670341442,2.1142064944440393,1.7960251246957184,2.1856783100835147,1.9565518761289558,1.3206341437566131,1.680407036648555,47.20680253324048,preci,JJASO,Yr
15.75_106.75,0.0,1.871733978108289,2.5984493140916376,2.036926242751273,2.4287649891353937,2.357602406192046,1.4301847166272172,1.996702598439537,33.14606757407002,preci,JJASO,Yr
16.25_101.75,0.0,1.0108264613658402,1.7300379678911386,1.4650664509215123,1.5072531784435586,1.109548505837869,0.9472754827049256,1.228705049409216,34.855599909825195,preci,JJASO,Yr
16.25_102.25,1.0536712127723509e-08,0.86697634057662,1.2348438024288964,1.338240035500232,1.276338398327483,1.089340838734303,1.0026504882753213,0.9816495261862823,30.67932220258727,preci,JJASO,Yr
16.25_102.75,0.0,0.8561829436508793,1.2179797964378172,1.3744701336561367,1.266096356717237,1.1433073361330974,0.8450769148422866,0.9477581301743125,30.774927343375357,preci,JJASO,Yr
16.25_103.25,0.0,0.8298589022707704,1.312824326130362,1.6940818854897546,1.4554208093101741,1.1591674444997542,0.9552878526520437,1.124330523410507,34.881784059852095,preci,JJASO,Yr
16.25_103.75,1.4901161193847656e-08,1.0803272655999798,1.4340408686931285,1.8924930107406537,1.7002945546658494,1.3685832357731849,1.0005712208519943,1.3421146829173078,36.39995347744398,preci,JJASO,Yr
16.25_104.25,0.0,0.9496078652492964,1.8256250863455803,2.060827013686978,1.6301213938905803,1.4085169731752882,1.0655441773367458,1.2665645099886484,30.801456918851528,preci,JJASO,Yr
16.25_104.75,0.0,0.8852172470602445,1.8550379092118128,1.9867580533490836,1.5697276944851675,1.2210354130738137,0.9531648678096756,1.3876283976141357,27.999362228590375,preci,JJASO,Yr
16.25_105.25,0.0,1.0411328027982918,2.038240183473535,1.8875190400173956,1.8669271879645923,1.4100228108384962,1.083389347715118,1.4168523134512874,30.91844800177713,preci,JJASO,Yr
16.25_105.75,0.0,1.1731344094023455,2.019131602304493,1.8190866922570978,2.236268885271937,1.3472466336661868,1.1777670553391626,1.3789534007713453,32.69754016039594,preci,JJASO,Yr
16.25_106.25,2.9802322387695312e-08,1.1941016834277054,1.6224028189734316,1.7792815477802941,1.9547249204341077,1.479633945515943,1.0518545579822756,1.408000316623742,27.641891937181907,preci,JJASO,Yr
16.25_106.75,0.0,1.6056342781047153,2.012552087707809,2.0371186843300984,2.132232899615064,1.9637441503848767,1.3888093995569617,1.9444783024253418,29.458015351105953,preci,JJASO,Yr
16.25_107.25,0.0,1.7741843299797102,2.1333388379032794,2.3866291977249388,2.415264989962608,1.8987849399030956,1.2862756662064143,1.928848320099556,35.691741122556294,preci,JJASO,Yr
16.75_101.75,1.0536712127723509e-08,0.9580809271685019,1.522487726061102,1.5799572819433145,1.6078772064248845,0.9741385367127363,0.894622085314329,1.0534816977356753,35.83549463238865,preci,JJASO,Yr
16.75_102.25,0.0,0.7720280061442056,1.351826357118695,1.3179717599523177,1.4624104782657439,1.1484289315208889,0.8330132994928893,0.8986595415018348,31.832179679803584,preci,JJASO,Yr
16.75_102.75,0.0,0.6848015388951273,1.3588120174899012,1.4136742306548453,1.3056084655601308,1.3076471661671236,0.7475139992097098,0.9149678729979515,30.75742890971654,preci,JJASO,Yr
16.75_103.25,0.0,0.8707641927551529,1.4748314430540765,1.6587755639034565,1.5646754810659793,1.329255776819621,0.7445284404980471,1.3578264451620254,32.48891460922408,preci,JJASO,Yr
16.75_103.75,1.4901161193847656e-08,0.999752402304859,1.8771130220426804,1.9470419317863015,1.9077903477067724,1.3001604264490965,0.9835198036195055,1.3473313907105335,32.272904848305544,preci,JJASO,Yr
16.75_104.25,2.1073424255447017e-08,0.9910625741479505,2.27921026762212,2.155578779169421,1.839812939656208,1.45418429397492,1.1816596881583492,1.4641074551036506,30.116533848410327,preci,JJASO,Yr
16.75_104.75,0.0,1.1097864836855986,2.0261025836761655,2.031540003615373,1.6631876222438522,1.5699274999625834,1.1972283626041686,1.3794602259668032,30.83045484847406,preci,JJASO,Yr
16.75_105.25,2.1073424255447017e-08,1.1106661218488805,2.0932742843112484,1.9118188024041034,1.6798807317883448,1.4757369966357228,1.2168745972905808,1.5988804698900212,35.64926947095898,preci,JJASO,Yr
16.75_105.75,2.9802322387695312e-08,1.3518117004922925,1.7529362281569603,1.7694134018193743,1.9514153239145848,1.4129400262409662,1.2588845190989326,1.6976246726118809,34.13530751426301,preci,JJASO,Yr
16.75_106.25,0.0,1.3918017691752629,1.638574978934139,1.8179530593550903,2.1270067594405067,1.512322473570168,1.3422838551295393,1.8437840674867478,30.602851284088814,preci,JJASO,Yr
17.25_101.75,1.4901161193847656e-08,1.1297481840912,1.085301482102429,1.6995227974465872,1.5746173880254022,0.9049761994965725,0.9387199944970698,0.9229078027204326,30.143659529456315,preci,JJASO,Yr
17.25_102.25,0.0,0.7704817480770776,1.060580732324938,1.3955770232975193,1.4004296696969187,1.0055806829967437,0.7489160382199542,0.8095019132713538,26.532245304985942,preci,JJASO,Yr
17.25_102.75,0.0,0.7777045357437699,1.4938134122078517,1.7700184247008999,1.378294930426485,1.2863512127417105,0.8850278290002888,1.0503754658838054,27.3613119236898,preci,JJASO,Yr
17.25_103.25,1.4901161193847656e-08,1.0159725772493862,1.7370434124413607,1.8877030178916716,1.6214890163944893,1.2661012958265276,1.0335652774396455,1.3175070915725557,29.07918133769339,preci,JJASO,Yr
17.25_103.75,0.0,1.0798880172317926,1.9911270424764203,2.051951685410097,1.837287290804517,1.1866695358932358,1.1781124418598583,1.6077121618185195,30.916970352262496,preci,JJASO,Yr
17.25_104.25,0.0,1.0849992470734144,1.9349562764984647,1.9877567225628174,1.8757356625886914,1.243169435113405,1.0787027300080057,1.3969001769765301,31.728218837737437,preci,JJASO,Yr
17.25_104.75,0.0,1.1417426933798829,1.8729012951254302,2.1130790757119238,1.7671710417145399,1.5105485060110573,1.0747600026865196,1.215193946583313,37.50632664377723,preci,JJASO,Yr
17.25_105.25,0.0,1.1583155275732262,1.964236499787546,2.0324804190616197,2.0862585191414627,1.700845056140277,1.1275592923513262,1.399690801402377,40.70076806318249,preci,JJASO,Yr
17.25_105.75,2.9802322387695312e-08,1.2461605764132953,1.900916549066806,1.9721291985453087,2.5432276365307818,1.5437478941087874,1.210466706195066,1.7927982087314904,34.89735192774413,preci,JJASO,Yr
17.25_106.25,0.0,1.3251947011190146,2.1207156979799344,2.156090899132327,2.7999998982501233,1.6734500676232194,1.8281178280044623,2.619380158457541,30.261437136778554,preci,JJASO,Yr
17.75_101.25,0.0,1.3563787232838256,1.22583643552422,1.3274340186840428,1.6389079295183497,1.0204533145188763,0.8842773280083216,0.9730912243274508,33.9132883271475,preci,JJASO,Yr
17.75_101.75,1.0536712127723509e-08,1.2093649160118662,0.8854462405845631,1.2807129233635994,1.6041485702164069,0.8847018048019735,0.7934753565320568,0.8404464061290523,28.44101923052238,preci,JJASO,Yr
17.75_102.25,1.4901161193847656e-08,1.097637596111784,1.0062935468846403,1.7902945538292763,1.5296466436210479,0.9425352875190591,1.0594590577382375,1.2750274080489454,26.20734913766346,preci,JJASO,Yr
17.75_102.75,0.0,1.0963669942177758,1.3644906788478828,1.876526636550337,1.6360675489544092,1.1794549311868239,1.2934312111977817,1.5191686499544559,27.831578405962677,preci,JJASO,Yr
17.75_103.25,0.0,0.9942265178967821,1.780520228917235,2.0953186237038053,1.5944808044728052,1.3113444651142883,1.2968975798358167,1.491661666836847,30.818736744027376,preci,JJASO,Yr
17.75_103.75,0.0,1.1123499990284327,1.7130804241583888,2.28320834854457,1.697105425768727,1.4250198602421664,1.4951724353553264,1.4546818926581493,34.28191807432386,preci,JJASO,Yr
17.75_104.25,0.0,1.0996952958929396,1.7959814275882828,2.1795322296346478,1.8574979511476977,1.572285747756742,1.263226755336806,1.3301428460387574,41.81918953070011,preci,JJASO,Yr
17.75_104.75,0.0,1.4025631125599187,2.3816977622823026,2.549303271519427,2.378223419105171,1.8441693101479786,1.3629531142099154,1.983190176041961,46.39754239889852,preci,JJASO,Yr
17.75_105.25,0.0,1.238951738683072,2.6268154516875373,2.199981879355131,2.707724901799402,1.7392764619497372,1.4363259963382131,2.4072436714775316,41.21758997933987,preci,JJASO,Yr
18.25_101.25,0.0,1.484431130965057,1.1400798036287976,1.609227122588674,1.5228381418481411,1.260035864471354,0.8289428899286272,1.0939907297106404,31.32225285183415,preci,JJASO,Yr
18.25_101.75,0.0,1.3952776118062433,1.1057969031112147,1.4899695013390541,1.3897374144070773,1.1298807343555202,0.7092261823362502,0.9616511097306466,29.259379514275977,preci,JJASO,Yr
18.25_102.25,0.0,1.4613408566878205,1.2562677080064344,1.765044171250512,1.5905653578032706,1.2308411655944227,1.1939083318007229,1.5894342001257207,28.794013940021856,preci,JJASO,Yr
18.25_102.75,0.0,1.5668127466533721,1.816195440374698,2.3655594601235364,1.9163874085911266,1.5958081606587486,1.6851708779086754,2.124437703820496,31.334364675428116,preci,JJASO,Yr
18.25_103.25,0.0,1.4471422300664387,1.7749535899108353,3.0501004934997566,2.089259131058631,1.85329220377064,1.9179073220881788,2.196467306049453,41.41266685557886,preci,JJASO,Yr
18.25_103.75,0.0,1.5021560012017359,1.6420713867679269,2.3953844335895047,2.165141550538962,1.810459034881395,1.8533020413837271,1.821107538724985,46.52581099563468,preci,JJASO,Yr
18.25_104.25,2.1073424255447017e-08,1.0952460863413491,1.7855738090643167,2.703390024546084,2.068240491003073,1.7157695051439275,1.7052412729431143,1.7751626704710675,49.22701300954382,preci,JJASO,Yr
18.25_104.75,2.9802322387695312e-08,1.1563385751995405,2.549447286612953,2.5963314088920546,2.2167457187864863,1.6933304604863078,1.603310873798537,2.2678218372359873,50.166219680138965,preci,JJASO,Yr
18.25_105.25,0.0,0.9106147525459103,2.693312738444172,2.2893835141443115,2.4055517554529255,1.4812293107481669,1.8534557105501512,2.9769866363330633,49.38091493009736,preci,JJASO,Yr
18.75_101.25,1.4901161193847656e-08,1.6803174734256088,2.084603112516314,2.435873555214803,1.551737366183164,1.4560251911285942,1.1306948979537623,1.8669531797010899,30.08756332257938,preci,JJASO,Yr
18.75_101.75,0.0,1.5546100005417327,1.3696107320446307,1.6439898266607655,1.3463291717643808,1.3811889058484128,0.9511343925489848,0.9220428885527433,31.383306374420307,preci,JJASO,Yr
18.75_102.25,0.0,1.5508301085741438,1.5381764106956122,1.821749486369699,1.4533880535164447,1.5226890658250178,1.3834458318725298,1.494973104050068,36.14930710228115,preci,JJASO,Yr
18.75_102.75,0.0,1.7221715730837377,2.1425059165528926,2.2040522793989727,1.8070321143338361,1.681670325786094,2.0991183831628715,1.994900930014738,43.459290680189454,preci,JJASO,Yr
18.75_103.25,2.1073424255447017e-08,1.5311750201516474,2.5807838208088523,2.3042325602803513,1.7646312676503422,1.5523367643572286,2.069953956977157,2.1374813731157025,50.010836400182846,preci,JJASO,Yr
18.75_103.75,0.0,1.6102084251516031,1.659276178971413,2.161949314457658,2.0353567897320795,1.6542269813978725,1.967501260905808,1.9967887941057485,49.68329240989313,preci,JJASO,Yr
18.75_104.25,0.0,1.16367989396514,1.77171044592705,2.4585577043579883,1.6742180684118628,1.3627945774331565,1.613803600355546,2.155556298215052,46.147720027235174,preci,JJASO,Yr
18.75_104.75,0.0,0.9229709361115148,2.3747327982780564,2.4546225833360356,1.976978891714558,1.2473265269573366,1.6963851642582823,2.6879393085868912,48.04594726280634,preci,JJASO,Yr
19.25_101.25,0.0,1.8148504627129858,2.4464322558303784,2.0997529074812227,1.6089497484542146,1.5109170265924656,1.3190225928097674,2.3551338704116755,27.634551457777125,preci,JJASO,Yr
19.25_101.75,0.0,1.7287780027871322,1.7887839736721645,1.4399853856378695,1.3297966249553377,1.4877829031042058,1.1063402443161274,1.0093584111238931,28.951488175709404,preci,JJASO,Yr
19.25_102.25,0.0,1.7127835128040356,2.0655637961458453,1.8343664068824481,1.4471415958064013,1.5787870436450815,1.7358106093773191,1.3908600971111698,32.866636694625754,preci,JJASO,Yr
19.25_102.75,0.0,1.7394205391982613,2.488117072618268,1.593919285740945,1.4508847929939515,1.6600582330838192,2.0212709629587504,1.4161756294470544,41.32256541486623,preci,JJASO,Yr
19.25_103.25,2.1073424255447017e-08,1.5291391460346848,1.9621024833214589,1.5247935799702055,1.2066215490470613,1.6287106349654314,1.8819584270471104,1.3474240900101244,51.28806713506041,preci,JJASO,Yr
19.25_99.75,0.0,1.9779688975583058,1.1767332825162635,1.3416567073609216,1.2574274661183555,1.2691359939499254,0.9586978596819926,1.1588341586636592,28.12003758120774,preci,JJASO,Yr
19.75_100.25,2.1073424255447017e-08,1.8906445172878994,1.5413831244068346,1.7329407863838908,1.5330470242259462,1.547597571605755,1.2263893036827485,1.4317835103858645,24.378572216752133,preci,JJASO,Yr
19.75_100.75,0.0,1.7897329271418185,1.8002173999033364,1.9328832970660788,1.5980733117530994,1.3994069244227951,1.2728854134716325,1.4911718701623546,24.36787473381399,preci,JJASO,Yr
19.75_101.25,2.1073424255447017e-08,1.830443975004945,2.129537866017018,1.9377954791628424,1.4573213111899341,1.3502420881238348,1.3818195549909145,1.565060131997852,27.51982233693247,preci,JJASO,Yr
19.75_101.75,0.0,1.7380507725912007,1.7855383066621902,1.5059230680719944,1.2833855825618585,1.3232710622037485,1.2442152022811965,1.1773185919027365,27.329335933581675,preci,JJASO,Yr
19.75_102.25,0.0,1.7554623014694755,1.8764556282154499,1.7781263487252374,1.2658786142116545,1.3201419964725858,1.5950806683386385,1.1853853303317887,26.05502850734969,preci,JJASO,Yr
19.75_102.75,0.0,1.6953532574478731,1.923912369635848,1.3818304790880074,1.2042388367245878,1.4744708429470492,1.426683517636797,1.0789392577361119,32.67813006030748,preci,JJASO,Yr
19.75_103.25,0.0,1.5484780720291833,1.8274213129675299,1.1808591457494542,1.0385181045277248,1.511601490022383,1.291637033243901,1.0258798275357048,37.69493461778044,preci,JJASO,Yr
19.75_99.25,0.0,3.427583368049,1.3030980229211324,1.6000390825374993,1.144998909171985,1.3697446674391454,0.9620710263901575,1.1978477448830112,40.46971893556121,preci,JJASO,Yr
19.75_99.75,0.0,2.423059288327207,1.2225704157841397,1.581451810630833,1.2281936473618575,1.4201377620630655,0.9151144624108276,1.1904114900518623,32.95460896584025,preci,JJASO,Yr
20.25_100.25,0.0,2.054631721084345,1.3049346022370618,1.4008644023131869,1.5283932016367945,1.633937976678204,1.1746086840253651,1.2597596272428004,26.693113814881585,preci,JJASO,Yr
20.25_100.75,0.0,1.7921098954714723,1.4216680639778931,1.5169822292062403,1.52379137152343,1.4433438358359556,1.126329920967233,1.46054581732856,19.51636899559416,preci,JJASO,Yr
20.25_101.25,0.0,1.5079562357093677,1.494080670369485,1.5877122960559598,1.22627353218266,1.2183936898712464,1.0273881045614746,1.2897863858790466,21.72563298779977,preci,JJASO,Yr
20.25_101.75,1.4901161193847656e-08,1.4089354743425362,1.633469817662264,1.4570828949182153,1.1099625910253768,1.2539633295112984,0.9922522543393069,1.1394029108454968,22.97616960923026,preci,JJASO,Yr
20.25_102.25,0.0,1.4225612924270281,1.4166687433806755,1.166682109486272,1.132500722512346,1.3354265977746138,0.9717164740535316,1.0297105379938005,21.96348277056753,preci,JJASO,Yr
20.25_102.75,0.0,1.4317309336743207,1.5487934235177072,1.157251949619767,1.2408429734060282,1.4797248041506168,1.116011157604881,1.178637489611573,23.70460449171451,preci,JJASO,Yr
20.25_103.25,0.0,1.3108654303759881,1.8366898007369108,1.0115983023233643,1.0033902814613402,1.2828336462320402,1.092097513509834,0.8922276563554633,27.863000258641534,preci,JJASO,Yr
20.25_99.25,0.0,3.009228171107837,1.2575101985885642,1.6136244585510717,1.073234020202976,1.4444990390130241,0.8587508114961749,1.3037584522920818,42.272679199748836,preci,JJASO,Yr
20.25_99.75,0.0,2.548962389210467,1.2060497191739923,1.380740769630373,1.4535724645160164,1.6948828670830536,1.1014098153886385,1.335617886224956,37.79381300938583,preci,JJASO,Yr
20.75_100.25,0.0,2.0675366549585257,1.2368481490953636,1.0969320074857718,1.4751590289017809,1.707340754230879,1.1287330394356812,1.2329217266844643,28.41326702208917,preci,JJASO,Yr
20.75_100.75,0.0,1.8287585687690566,1.251548978463577,1.3075697740856644,1.5010420889330065,1.5339692984095998,1.0690941477600902,1.5674750160388524,20.274468307697898,preci,JJASO,Yr
20.75_101.25,0.0,1.421507779657036,1.4148839486260578,1.3589501142380873,1.3078615847964181,1.4576205094969594,0.9721463705462973,1.4708386161575602,20.14513324788938,preci,JJASO,Yr
20.75_101.75,1.4901161193847656e-08,1.1445594678890085,1.4706566665486382,1.0838991760317387,1.1721199386221086,1.4747968208319049,0.9233608254989938,1.137517211239577,21.744811953470357,preci,JJASO,Yr
20.75_102.25,0.0,1.019078497056553,1.4686560434941236,1.1441832063298956,1.191203683960145,1.376959207167129,0.8857449164941399,0.9890363564884022,23.90602215203539,preci,JJASO,Yr
20.75_102.75,1.4901161193847656e-08,1.1392920336621037,1.729582502572601,1.014764219411003,1.2595134201600595,1.3334599863988705,0.9467604467884937,1.0118092338676559,23.550890926697246,preci,JJASO,Yr
20.75_103.25,1.4901161193847656e-08,1.1427125420094417,2.1303656549155656,1.2207135935469084,1.0863241651634687,1.1148985030137688,0.9539731086274778,1.0227805183093683,23.19057192400333,preci,JJASO,Yr
20.75_99.75,0.0,2.4934375486083464,1.2669618657201052,1.1992020436613509,1.35633393631258,1.608651466579765,1.2777022125771296,1.5159890615472182,37.434641721346466,preci,JJASO,Yr
21.25_100.25,0.0,1.7643100337747866,1.2706822484560105,0.8980388975579908,1.1728338012706894,1.5832309089947352,0.9761303553270918,1.1269536356172405,32.95513121132603,preci,JJASO,Yr
21.25_100.75,0.0,1.5835166677009913,1.3883123421638661,1.0150183807990085,1.1330266358960843,1.391467823621241,0.9574250680624458,1.286544575603553,23.78324383369003,preci,JJASO,Yr
21.25_101.25,0.0,1.3344912319078364,1.5873688390407783,1.06391035079561,1.2045850674572873,1.5788354173619035,0.9757270558777567,1.4199727602418186,22.668524159255703,preci,JJASO,Yr
21.25_101.75,0.0,1.0464671637561564,1.8727683656333687,1.0869992463305742,1.262631658372056,1.7634113463542604,1.1022304803542382,1.2742657158843016,27.884910890358963,preci,JJASO,Yr
21.25_102.25,0.0,0.9238550464165427,1.5031489349929201,1.0392446930336583,1.1931085371147856,1.4805519181750613,1.0839362548728286,0.9296266851506327,27.53834791388165,preci,JJASO,Yr
21.25_102.75,1.4901161193847656e-08,1.0089555044673115,1.636646270149571,0.8958878192574102,1.1565866633362947,1.1697504358163031,0.956385316888158,0.7120764111789761,25.85914222819682,preci,JJASO,Yr
21.25_99.75,0.0,2.12499923141972,1.356282135280002,1.2006571085217435,1.1127871739234456,1.5788578179671335,1.2658155394535875,1.475211814659117,36.730622948561994,preci,JJASO,Yr
21.75_100.25,1.4901161193847656e-08,1.3442817827301528,1.6562230725710534,0.9420371722065476,0.8423548631390874,1.4662592019665877,0.9810242767378169,1.2788429094069336,29.870906662137557,preci,JJASO,Yr
21.75_100.75,0.0,1.224466312133824,1.4127201244179388,0.8608737554612532,0.8017531381029679,1.4025743676088878,0.8178865417210035,1.06834164794694,27.19453179464427,preci,JJASO,Yr
21.75_101.25,0.0,1.1030186317524762,1.582829906641773,0.8432169818442459,0.9305282853004115,1.4778515691102416,0.7796078374706131,0.9577544593176975,26.239656670622928,preci,JJASO,Yr
21.75_101.75,0.0,0.9879581031922959,1.7513009617744624,1.1855223734985776,1.1107113531901094,1.6632074177816645,1.0785901418102954,1.1535998393416258,30.641295564411372,preci,JJASO,Yr
21.75_102.25,1.4901161193847656e-08,1.0195903779287754,1.3283447017995562,0.8859968383133088,1.0898853350139945,1.5042853715918652,1.023176879861001,0.7433078513742744,28.417147384518476,preci,JJASO,Yr
21.75_99.25,0.0,1.8046264680975057,1.5702408480635073,1.2849303627076711,1.1118767798695837,1.4495126492468315,1.2379135057114758,1.4796698154750483,25.25358319746229,preci,JJASO,Yr
21.75_99.75,0.0,1.6276837851275354,1.4121894649365032,0.9144534562877737,0.9720345793984184,1.4549308622777222,0.8872989962533954,1.002196062930759,32.78917109239985,preci,JJASO,Yr
22.25_100.25,0.0,1.1633649638490475,1.3654351865002594,1.2368488766781676,0.5911185095438624,1.4763139896674438,1.221643761772582,1.1626538622273632,28.349941972541103,preci,JJASO,Yr
22.25_100.75,0.0,1.0584405382912638,1.4531924917420393,0.813921646109643,0.6613626941390639,1.540335859535253,0.7590288200676906,0.9366905444594765,27.714391938161857,preci,JJASO,Yr
22.25_101.25,1.4901161193847656e-08,0.9387935580009451,1.450986609130936,0.9396859018373955,0.8597716314519661,1.5724577407186353,0.7939549535073408,0.9516093692302406,31.20804297072751,preci,JJASO,Yr
22.25_101.75,0.0,0.855172835002561,1.4371906134665113,1.070868860267558,1.0807019894547205,1.6445782229945862,1.04490090858281,1.0320750385516317,29.747012170024433,preci,JJASO,Yr
22.25_102.25,0.0,0.9653819334354001,1.1300350357888391,0.9190161448529341,1.1824877809693122,1.6355759993930739,0.9154515725155207,0.8347250674825014,26.32093452580168,preci,JJASO,Yr
22.25_99.75,0.0,1.4686300134788763,1.380824420240645,1.148482761603485,0.7938036851071879,1.4316491671201874,0.8536049485167231,1.0156934066483558,31.609832878508826,preci,JJASO,Yr
22.75_100.25,1.0536712127723509e-08,1.1141339532439702,1.2951281177388447,1.0386421528747718,0.6957926439637174,1.5583344312258556,0.8845675925184471,0.9767622512948487,28.428763078462723,preci,JJASO,Yr
22.75_100.75,0.0,0.9542431481853262,1.237265709078393,0.9237357028336032,0.7435856871066178,1.6490311675098759,0.7371298943662277,0.9663619925655448,30.69102303524452,preci,JJASO,Yr
22.75_101.25,0.0,0.8741965754246231,1.379773990021483,1.6224972224021694,0.8678415710440059,1.7593660303183618,1.4868661941752728,1.2084491278067226,31.894815207171625,preci,JJASO,Yr
22.75_99.75,0.0,1.4920066029177435,1.4528676899968627,1.2279395199931424,0.7383402017171562,1.5872369172492453,1.034762206012099,1.147093122229061,32.89035365546504,preci,JJASO,Yr
23.25_100.25,0.0,1.178065129471682,1.1971005790871918,0.9491829808216268,0.8003956156403963,1.4721286841572263,0.7508497359383776,0.9036678308426894,36.302693603933974,preci,JJASO,Yr
23.25_100.75,0.0,1.0112933671176128,1.1231518653093078,0.9192550021604698,0.7997169021027205,1.3944303458841687,0.8745651584822568,0.9427089150671558,37.07215924523017,preci,JJASO,Yr
23.25_99.25,0.0,1.713313596632456,1.2817029336341543,1.1280998167803742,0.9476121673108833,1.7251010444777273,0.7180888520059946,1.0124395368684547,40.038768075162544,preci,JJASO,Yr
23.25_99.75,0.0,1.5156457601699307,1.4293826713681546,1.1538768292476191,0.8392670077144058,1.6680323365839846,0.7618134905280173,1.041574320262174,38.61636291870721,preci,JJASO,Yr
23.75_100.25,0.0,1.1728004317251668,1.6050304896131875,1.0207757866805915,0.799901805445473,1.478783409858666,0.6865920476266485,1.091085265135898,40.45736551556137,preci,JJASO,Yr
23.75_100.75,0.0,1.0539987525930927,1.298197684093226,0.8828336735030566,0.7758721741492474,1.5236578411007171,0.7574393266850667,0.9587031154656609,38.601839505483106,preci,JJASO,Yr
24.25_100.25,1.0536712127723509e-08,1.0776814336756408,1.7052513515245071,0.8866823101150076,0.6969196860930166,1.3343179305690158,0.5594877512448152,1.1591612889194685,34.90283617008584,preci,JJASO,Yr
24.25_100.75,1.4901161193847656e-08,1.0523233340066909,1.6540967955159689,0.9038736240322707,0.7990116135291309,1.3653856658175318,0.6948186601339053,1.017587026026897,34.85947415510341,preci,JJASO,Yr
24.25_99.75,0.0,1.2029570745205993,1.6253684558967443,1.1879300563824986,0.7810454844856232,1.1642965748837713,0.7896680814757571,1.1174730799069146,30.619044942512048,preci,JJASO,Yr
24.75_100.25,0.0,0.7592782701437775,1.7913556674520656,0.9876522754484199,0.6785248401713365,1.1153240332872372,0.5150512191439889,1.1362579822990453,29.65660912714233,preci,JJASO,Yr
24.75_99.75,0.0,0.7999645570213777,1.671337127523304,1.2280776864456753,0.7325115630216348,0.9743110522178129,0.6894740929741182,1.2165418703542241,32.058920484798435,preci,JJASO,Yr
25.25_99.75,0.0,0.7827320887120754,1.6366271798869456,1.0010882937716064,0.7168958620724029,1.1807207381956035,0.7343875373901412,1.2923807534486174,29.8771235906366,preci,JJASO,Yr
25.75_100.25,0.0,0.97787184366445,1.919984701248668,0.8391770833111075,0.67124926690618,1.363940474643229,0.7648357578260043,1.0739108411729137,24.589372270319384,preci,JJASO,Yr
25.75_99.25,0.0,1.345607909827496,2.268054574323921,1.1851764212675366,0.6508677787242962,1.1025385757598327,1.1178664272822658,1.554975006778938,41.89164451122071,preci,JJASO,Yr
25.75_99.75,0.0,0.9329850870495268,1.9621411790649166,1.2537696845311108,0.5510459949075768,1.1343347883029462,1.0080932216315395,1.3077972706922887,31.153053171638245,preci,JJASO,Yr
26.25_99.25,1.0536712127723509e-08,1.6603324436127322,3.199567840878305,1.1937785531376233,0.6517835595310801,1.2065078228481665,1.1857348099629108,1.754811230955286,45.190054788285664,preci,JJASO,Yr
26.25_99.75,0.0,1.0936435020194872,2.377455822767473,1.0541275534697572,0.6523907927727277,1.0661489520938483,1.034635592059578,1.3834478504199321,34.60947220236557,preci,JJASO,Yr
26.75_99.25,0.0,1.7897444486206684,3.2421348120076674,1.7223395204127043,0.8150111025996161,1.1379265033575192,1.2424829015928325,1.571932656563606,39.876853680090136,preci,JJASO,Yr
27.25_99.25,7.450580596923828e-09,1.9408602610181587,3.2178529780904284,1.3408450413149453,0.6928918485786383,1.0739401380078402,1.0573770251165668,1.2171610469878604,30.31354262961448,preci,JJASO,Yr
27.75_98.75,0.0,1.339000859852033,4.388733393198624,2.1426933272271182,0.7191385989510718,1.0612180222079326,1.7610416634595845,1.0986194746192157,29.52918963080778,preci,JJASO,Yr
28.25_98.75,0.0,1.0665108655913522,4.664596328585445,1.2142799825354182,0.830341937167343,1.0262774827901664,1.116952258413252,1.1513711270437066,23.936990126450716,preci,JJASO,Yr
28.75_98.75,0.0,0.7695418366397798,3.0921256867743963,0.5482684708571639,0.5415767743024233,0.8066134360880998,0.48747355549044,0.7871192992773011,22.53654282160127,preci,JJASO,Yr
29.25_98.25,0.0,0.5445786420837748,2.258417026308735,0.43229213906881975,0.4734631784535223,0.6776416270750024,0.5031768211510861,0.5435640334464061,13.707875495886958,preci,JJASO,Yr
29.75_98.25,7.450580596923828e-09,0.49295246119863634,1.5970134387969854,0.495520659655475,0.4769436990031867,0.6199308708488112,0.4006602281690258,0.4423381403553701,10.12270175009169,preci,JJASO,Yr
30.25_97.75,0.0,0.5443276388623842,1.270488806716358,0.5247399043751024,0.4905665387523316,0.4982579202933487,0.5352332835019981,0.4091273663651,12.481663804063,preci,JJASO,Yr
30.25_98.25,0.0,0.5571776813894096,1.097491095126705,0.7098936815189657,0.4322030963302739,0.47131686174113674,0.5431954580249335,0.3667702817116366,11.744062383065321,preci,JJASO,Yr
30.75_97.25,0.0,0.6589339821647522,0.6625341685130752,0.48190153787919254,0.4031259700462462,0.4807037603012301,0.5081943571249316,0.29164947637528216,14.618879931945033,preci,JJASO,Yr
30.75_97.75,0.0,0.6697662935751109,0.8702123943774849,0.5271306077547291,0.4443916062383076,0.46627209835645483,0.46941477649736296,0.3261687661220174,16.85995537424067,preci,JJASO,Yr
31.25_96.25,0.0,0.6184319446646573,0.936830284650374,0.5856820173738098,0.3873960935310342,0.48553583790181254,0.5094882659478251,0.3260081154114731,11.6914544694641,preci,JJASO,Yr
31.25_96.75,0.0,0.5893713485111293,0.8054844719319401,0.4848732164662105,0.4489162759749066,0.5068144639317543,0.5904377637027903,0.3495805826995928,10.439226375323194,preci,JJASO,Yr
31.25_97.25,0.0,0.6449769660315186,0.7278859863047428,0.4209350237816996,0.4261036435425872,0.44006409348470427,0.6295445153624082,0.29481767721102614,12.101682703816532,preci,JJASO,Yr
31.75_95.75,0.0,0.6657098254624366,0.9231276890376493,0.9298715626221156,0.5057366235307769,0.5504618148132662,0.9284010083140467,0.43316289902092053,14.685995961989873,preci,JJASO,Yr
31.75_96.25,0.0,0.6240058910372981,0.9319582083319393,0.6710543140764138,0.4271403395879834,0.49116001968874556,0.628605043714358,0.39916336441412525,14.06896703621739,preci,JJASO,Yr
31.75_96.75,0.0,0.5630386826273317,0.8085509270116249,0.4798355159801079,0.4311153006590096,0.4383686927236886,0.5444290047853477,0.34791580949370315,11.726081500336589,preci,JJASO,Yr
31.75_97.25,0.0,0.6249479578304251,0.8719105177070445,0.4735962922550624,0.47881106716853783,0.4274942147978946,0.6020534490980993,0.3402589038526263,11.783275737109697,preci,JJASO,Yr
31.75_97.75,0.0,0.6576398269608349,0.972635359502763,0.5276751254227431,0.5065371054737752,0.44067539067362566,0.6655544061033223,0.3749674871520033,15.049204930297837,preci,JJASO,Yr
32.25_94.75,0.0,0.461434728821082,0.6885047096544867,0.7279781659545796,0.44633538006362616,0.4516959808207077,0.6664758341671735,0.4552012083478709,17.066397293702583,preci,JJASO,Yr
32.25_95.25,0.0,0.5025474888980933,0.7299866087995763,0.7001939685834891,0.4699003082265328,0.48175333522026986,0.5811505326260007,0.4211684280989622,17.356949596029764,preci,JJASO,Yr
32.25_95.75,7.450580596923828e-09,0.4818390771938511,0.7145133051061094,0.6270734913462306,0.4868602283401673,0.5130927129095724,0.5292366855489155,0.38753880647712047,17.678113365780238,preci,JJASO,Yr
32.25_96.25,0.0,0.42521766396619215,0.707920221144482,0.7266708428360137,0.4473032149122757,0.5284141979642943,0.5762365119325107,0.38072071242729233,16.693980642266897,preci,JJASO,Yr
32.25_96.75,0.0,0.41970800190653595,0.7542500676118442,0.7351327112714205,0.4639359962947243,0.4712725943323015,0.609325254973788,0.344738664313125,14.283073055218606,preci,JJASO,Yr
32.25_97.25,0.0,0.4847863686769786,0.904545717513347,0.7313633970855883,0.5021349780495428,0.4228502688102657,0.6592008292610647,0.33469841994634514,13.420755793701332,preci,JJASO,Yr
32.25_97.75,0.0,0.5387296565995842,0.8496578447681639,0.5764275742430959,0.48371164360514274,0.4441759698458231,0.6028932936567577,0.30607190254382893,15.742810567360454,preci,JJASO,Yr
32.75_94.75,0.0,0.40413104016275664,0.5836473891031635,0.5300133266659764,0.31864370322259566,0.42364841362316136,0.5244344966630807,0.39138472245576617,17.118039309711573,preci,JJASO,Yr
32.75_95.25,7.450580596923828e-09,0.44325945782601534,0.498335203680231,0.6375617050859678,0.3252623239599795,0.4246574228411874,0.640560916309122,0.3843466318924747,17.60668707071317,preci,JJASO,Yr
32.75_95.75,0.0,0.4409069624882802,0.5081202950174883,0.76442007233584,0.40257652111429515,0.42209380974149535,0.928178960213493,0.3604284897667205,17.620595975730858,preci,JJASO,Yr
32.75_96.25,0.0,0.4309210137267651,0.5295846897744344,0.7125613656442652,0.4589108331851619,0.4502548834724281,0.6673653942354473,0.3160584887784702,17.18123856955111,preci,JJASO,Yr
32.75_96.75,0.0,0.43620324052006815,0.6561979082547169,0.9220858063250585,0.4796421926402795,0.4351870480408591,0.798424195257623,0.2965574512866024,16.640953577224114,preci,JJASO,Yr
33.25_94.25,0.0,0.3555847900208274,0.4240232569867987,0.502901583352132,0.31222288081278715,0.3773289079213565,0.4688493965959396,0.43045226764406047,13.272166681814598,preci,JJASO,Yr
33.25_94.75,0.0,0.3548781125533199,0.41836531897353496,0.507913893943895,0.32552228595313115,0.3787547354271681,0.45878687293358816,0.4250406557943438,14.273030809228503,preci,JJASO,Yr
33.25_95.25,5.268356063861754e-09,0.37664312354436985,0.5090718203559488,0.6654184094121638,0.38553758735783766,0.3845174793654497,0.5893528575749191,0.3901667088663919,15.255154832028648,preci,JJASO,Yr
33.25_95.75,0.0,0.38676842050344584,0.5969033694657639,0.8383238913674382,0.3919488906678968,0.40522516550082466,1.1683238893254153,0.36599567051105036,15.923522399873155,preci,JJASO,Yr
9.25_105.25,0.0,1.7157032094064233,2.1398946251515274,1.3669438736810056,5.031924068974317,2.1926323229611486,2.2378194459196905,1.6840823648384464,34.245681233579916,preci,JJASO,Yr
9.25_105.75,2.1073424255447017e-08,1.7015723753549865,2.0691270730205535,1.3943739808203366,4.727166871787091,1.8841426584075207,2.0013439258264567,1.5786538929414082,31.276835667129834,preci,JJASO,Yr
9.75_105.25,2.9802322387695312e-08,1.6196732296299732,2.6744432639502254,1.909248135557597,9.201632832529715,2.4757567019707203,2.229516988702382,1.9293253265389037,33.556770207362334,preci,JJASO,Yr
9.75_105.75,0.0,1.5114712997510746,1.9196099510527183,1.553111484746438,7.367745257404925,1.947500836299913,1.7668888516499144,1.5497063908580577,32.88145400314457,preci,JJASO,Yr
9.75_106.25,2.9802322387695312e-08,1.5013464367244518,1.8416551700891888,1.2851576290393927,4.8523333420197945,1.5228832654622595,1.3365585622530693,1.2353932165798311,32.387919238334256,preci,JJASO,Yr
10.25_104.75,0.0,1.6683637184043822,2.062100721910048,1.9184532054492016,2.1058535507258203,,1.987714776843869,2.042855167656433,2.364902036886293,temp,All,Day
10.25_105.25,0.0,1.6815985188971732,2.1830999349488964,1.9843489139263373,2.276191324055918,,2.060890504398258,2.1161663001296254,2.409044725484001,temp,All,Day
10.25_105.75,0.0,1.6827480889676987,2.329204482363404,2.018723157163536,2.265160493815141,,2.0129827757481644,2.1504845911510095,2.462113696481725,temp,All,Day
10.25_106.25,4.2146848510894035e-08,1.6251829160277105,2.2194850484788993,1.9402054284017771,2.168387914728532,,1.9053430226210386,2.0599086257963037,2.3039537105108687,temp,All,Day
10.25_106.75,4.2146848510894035e-08,1.633204651339743,1.9394269625439153,1.8302062093113387,2.1085116627862974,,1.7721488500815872,1.9100784080304725,2.013303336849674,temp,All,Day
10.75_104.75,0.0,1.7106178855472938,2.2486778460993144,2.0265647265267948,2.31133012074036,,2.0312186824365166,2.109964904744114,2.5352005934979416,temp,All,Day
10.75_105.25,0.0,1.7143399470102536,2.3110356704660853,2.056327916979134,2.302636308662346,,2.0332997766215284,2.1409702528271404,2.561817392884874,temp,All,Day
10.75_105.75,0.0,1.695621540954795,2.3033453771839314,2.052766358601539,2.2721198615271807,,2.0527743148394504,2.1352124939401245,2.5179596115282803,temp,All,Day
11.25_104.25,0.0,1.7170556150070921,2.347690288258379,2.058432659683692,2.326681353232743,,2.0002828984667915,2.1324956824195103,2.527285923160138,temp,All,Day
11.25_104.75,0.0,1.7490292310999638,2.3404504674721216,2.076574506938281,2.3420677287444382,,2.03164806669007,2.123512210723347,2.5946868271646344,temp,All,Day
11.25_105.25,0.0,1.7466004097529293,2.3629383675981868,2.0648352417308042,2.2854342629239883,,2.0133751739648607,2.1194252034859415,2.6036169229807533,temp,All,Day
11.75_104.25,0.0,1.731605371170022,2.4222377631216028,2.064277360927139,2.2678465079845043,,1.9719327275088994,2.1478591042804127,2.5956783439813873,temp,All,Day
11.75_104.75,4.2146848510894035e-08,1.7968293776604731,2.422117691700566,2.078213109117005,2.311824167641942,,2.0202693991084626,2.1295686057939522,2.662572242873912,temp,All,Day
11.75_105.25,0.0,1.7897478528400892,2.398999727252269,2.0784917354321926,2.257220229891791,,2.0072066955714085,2.1103281943854184,2.6291218887608085,temp,All,Day
12.25_103.25,4.2146848510894035e-08,1.6650827409221949,2.382040591698567,2.087098112638881,2.317295323869658,,2.0237840826024582,2.0996816006739176,2.633991579328136,temp,All,Day
12.25_103.75,4.2146848510894035e-08,1.71459429318843,2.4141526561057662,2.1094413255962063,2.256079852650994,,2.0275991442072945,2.1943991875356277,2.6149278718788933,temp,All,Day
12.25_104.25,0.0,1.75609924129072,2.4633368569331644,2.1168607331030467,2.2407207249162076,,2.013688110401111,2.1436472817879397,2.6650234170716884,temp,All,Day
12.25_104.75,0.0,1.8048613172932109,2.4835026716247275,2.1101345543860783,2.2491601536142465,,2.026448485957799,2.1206525215891037,2.6805819204838675,temp,All,Day
12.25_105.25,4.2146848510894035e-08,1.822631677853711,2.487741387773901,2.111175948272021,2.191220122913715,,2.0455550304636883,2.1035717541120253,2.581835145663538,temp,All,Day
12.25_105.75,4.2146848510894035e-08,1.8248116246235018,2.4229914243995108,2.1416142854768463,2.1464869394646695,,2.0480292212743256,2.0652175686316854,2.465999890351928,temp,All,Day
12.25_106.25,4.2146848510894035e-08,1.7929723675017666,2.3141693860390737,2.1757717217068073,2.0945469606836102,,2.095081989284911,2.0073032011976317,2.3678971952872656,temp,All,Day
12.25_106.75,0.0,1.761243613991416,2.24611169773144,2.255303842341238,2.0531137117275313,,2.1717525776499835,1.9326213160481271,2.310092809011459,temp,All,Day
12.25_107.25,4.2146848510894035e-08,1.6980390958626908,2.247465170778829,2.3038944997644575,2.042681424710644,,2.131760062873064,1.8672470366591922,2.2589429660032834,temp,All,Day
12.25_107.75,0.0,1.6905233536547144,2.2441544295879194,2.0963678880060908,2.085474915420493,,2.064190357333521,1.8421190385159985,2.242998956657054,temp,All,Day
12.25_108.25,0.0,1.6713185201403888,2.168688014373329,1.9579060221187672,2.090962511994659,,1.918992998296447,1.808940775810661,2.333192674249715,temp,All,Day
12.75_102.75,0.0,1.6511684662576427,2.569985464986641,2.1372847200770093,2.503688723616391,,2.049537216711902,2.1868009626866742,2.7530245674371563,temp,All,Day
12.75_103.25,0.0,1.6840760008055937,2.483150593522606,2.130065528924967,2.434063459760406,,2.010902073218473,2.2407067170403834,2.7086865072835122,temp,All,Day
12.75_103.75,0.0,1.740569554629774,2.282275285997234,2.118470836908539,2.3193476346655206,,1.9865547749780792,2.1712725323399518,2.5869255525706283,temp,All,Day
12.75_104.25,0.0,1.8089138816145844,2.345322430694728,2.129987497134955,2.2386204587269503,,1.9871495246065594,2.144502738427413,2.6140167047706107,temp,All,Day
12.75_104.75,0.0,1.823277216805632,2.4720356211272896,2.1669933500836938,2.197227189332214,,2.046287710259278,2.118355140301207,2.6279196687086634,temp,All,Day
12.75_105.25,4.2146848510894035e-08,1.8310162084281179,2.523094825697011,2.219327087991328,2.1526629207513603,,2.1022780210325758,2.0911642141846363,2.515814656672099,temp,All,Day
12.75_105.75,0.0,1.8484439011461875,2.4709121065649615,2.1346867294941947,2.146378644106931,,2.061754950151114,2.066665106849281,2.4205945100002384,temp,All,Day
12.75_106.25,0.0,1.8199872106582176,2.310486521542427,2.1467005699285773,2.1266901347773315,,2.0393764788913535,2.0292884067702937,2.375638065212402,temp,All,Day
12.75_106.75,4.2146848510894035e-08,1.786426455892096,2.2928477505630633,2.1792082910441737,2.0829192547251623,,2.0893014984235356,1.9797698805046544,2.3158632119032325,temp,All,Day
12.75_107.25,4.2146848510894035e-08,1.7574035745958214,2.3362794431656195,2.1513816884042236,2.0898611470041213,,2.0569519146857678,1.9661594530944901,2.2714904383088688,temp,All,Day
12.75_107.75,0.0,1.7479476735606296,2.3474348442957127,2.1200927406669843,2.170248738679642,,2.038705387999452,1.9702526457652525,2.2468058557173074,temp,All,Day
12.75_108.25,0.0,1.734868090596959,2.337228769198077,2.033163191360769,2.1976622375403125,,1.9238329725052223,1.9140836681873667,2.326845331526878,temp,All,Day
13.25_102.75,0.0,1.6663056111851686,2.6045809175881933,2.1928719412104445,2.569344998219986,,2.072948108388005,2.3110367423782496,2.8011430983100105,temp,All,Day
13.25_103.25,0.0,1.7015127253128495,2.5600455174428296,2.1888806584868346,2.4716012229731166,,2.0455857364121472,2.2661307728455062,2.7673305571014057,temp,All,Day
13.25_103.75,5.960464477539063e-08,1.7611627603125541,2.3165357378045552,2.1453416209523306,2.335456589433276,,2.014200537413514,2.1580843589328023,2.53777053687624,temp,All,Day
13.25_104.25,0.0,1.8276151706843011,2.390959807483366,2.2021000991373696,2.2342635958340664,,2.0687628508941196,2.1263283865250413,2.5516832098730258,temp,All,Day
13.25_104.75,5.960464477539063e-08,1.8476841715839,2.515546046935082,2.2711755829152116,2.1999230500848364,,2.1494349336518574,2.1278373638365173,2.571439944157323,temp,All,Day
13.25_105.25,0.0,1.8539338732186585,2.557962169937549,2.2996298923884684,2.2043545300150083,,2.1513531755240383,2.146090732067446,2.521302451501456,temp,All,Day
13.25_105.75,5.960464477539063e-08,1.873777158330875,2.556860809853011,2.18149454318249,2.2143099826582464,,2.0866641327339783,2.1551961907175743,2.45791834792579,temp,All,Day
13.25_106.25,4.2146848510894035e-08,1.841768536231873,2.433577959219197,2.1601004968480715,2.1800734456584148,,2.043694835052614,2.1293759163684567,2.413384889813401,temp,All,Day
13.25_106.75,0.0,1.813574816500358,2.413410668115654,2.1985147708669306,2.1340939711242197,,2.0954248491025758,2.084799256323402,2.3474086040534012,temp,All,Day
13.25_107.25,4.2146848510894035e-08,1.7902720580150429,2.3457418902693834,2.20474940342792,2.0892870045293024,,2.1195842320856686,2.0865447507342685,2.284059413651079,temp,All,Day
13.25_107.75,4.2146848510894035e-08,1.7576692124030782,2.355097458754598,2.1840786602215214,2.0872863698023205,,2.0953662939620434,2.038844268179419,2.2393002169734135,temp,All,Day
13.25_108.25,0.0,1.7184549109845428,2.349069867391682,2.140890763306416,2.069688901825379,,1.975070003991121,1.9583754788171124,2.243852888992848,temp,All,Day
13.75_102.75,0.0,1.6871296578954014,2.614480111416855,2.2695449015081945,2.558111813386671,,2.1016730239216255,2.318835925704932,2.808760252210424,temp,All,Day
13.75_103.25,0.0,1.7238733905088692,2.612879772164692,2.269575647427231,2.476468988903069,,2.0958203508950954,2.296022038574113,2.7757516408430996,temp,All,Day
13.75_103.75,0.0,1.7764417103971468,2.5879333492383285,2.296060275697874,2.3694337893170316,,2.1333110977291225,2.2134487552604596,2.7060617776635545,temp,All,Day
13.75_104.25,0.0,1.8520241680755931,2.549752531144349,2.3320602476848524,2.2815298151610324,,2.1987194204104163,2.141606333659095,2.6424441661075107,temp,All,Day
13.75_104.75,5.960464477539063e-08,1.8533286097527388,2.5459658103722815,2.341023104366053,2.24535426471786,,2.163064109832161,2.1603387308561315,2.6237909889134974,temp,All,Day
13.75_105.25,0.0,1.8577961712332398,2.5874284797990317,2.3260828063940635,2.250228738154934,,2.136890385463679,2.221366135762568,2.6038477108864058,temp,All,Day
13.75_105.75,0.0,1.8800031144129787,2.638966353623956,2.2427545996278964,2.272804514768456,,2.07185121573357,2.265606441953786,2.5482996705676113,temp,All,Day
13.75_106.25,4.2146848510894035e-08,1.8709586320033291,2.5663726680873955,2.2572548975753524,2.2341332276336745,,2.0709360478091368,2.1985312688857634,2.4720560959855633,temp,All,Day
13.75_106.75,0.0,1.862986195300089,2.5215762139173297,2.3010065222022265,2.200071825224372,,2.1661012287075727,2.13936527700927,2.3980411921217963,temp,All,Day
13.75_107.25,0.0,1.8316825792280151,2.4414078487363984,2.3347948564332697,2.149876306564881,,2.2225105243864953,2.1003237809842084,2.32591628532609,temp,All,Day
13.75_107.75,0.0,1.7698988572936836,2.372449786828076,2.2067000905237726,2.1055039600909193,,2.1077574312752505,2.012097615052147,2.279893402843185,temp,All,Day
14.25_102.25,0.0,1.6552586343118463,2.7216304457214884,2.395654895096925,2.5426022197328746,,2.24932487885381,2.264765897746093,2.8321062816448515,temp,All,Day
14.25_102.75,5.960464477539063e-08,1.6685470300852827,2.691738082736728,2.349782770840498,2.5650806349715447,,2.186649051908587,2.3527449568782015,2.821281961965524,temp,All,Day
14.25_103.25,0.0,1.6825368962577165,2.6784339845253866,2.3737019076665495,2.536117920188529,,2.1649168795199554,2.338282108847696,2.8085043186185574,temp,All,Day
14.25_103.75,0.0,1.7139957643401644,2.682697359919085,2.4190262990811346,2.460789305918045,,2.19025845133618,2.272847487059228,2.7739743841824134,temp,All,Day
14.25_104.25,0.0,1.7571803601453881,2.68933414332091,2.3926927560417584,2.406208967507876,,2.206474384154651,2.2342723480987696,2.7574547601968256,temp,All,Day
14.25_104.75,0.0,1.7896818446376908,2.6768239623891947,2.371981237500464,2.385892420487655,,2.147617603147828,2.268382502882171,2.801784353215822,temp,All,Day
14.25_105.25,4.2146848510894035e-08,1.8387744703587343,2.7591832258794176,2.366920924836662,2.382951737928337,,2.123008893797201,2.3395991372716995,2.7745927475505567,temp,All,Day
14.25_105.75,0.0,1.8792427420975788,2.6984964183649374,2.322529059005663,2.347720534636693,,2.104592855343041,2.3292823326546155,2.6640872878038433,temp,All,Day
14.25_106.25,0.0,1.8953830354056243,2.6806736506024116,2.3871525785671004,2.318860503996221,,2.193137297248947,2.2411759606873978,2.568002930887338,temp,All,Day
14.25_106.75,0.0,1.061253984608055,2.0724089055582127,1.8732151162824977,1.686044136798773,,1.6027261740256977,1.5052750739404104,1.9771652952435832,temp,All,Day
14.25_107.25,0.0,1.004905924939663,1.9331480587635468,1.8212475279866582,1.5784573828479136,,1.6066092326131578,1.3819694968247918,1.8788738343824816,temp,All,Day
14.25_107.75,0.0,1.035666260336572,1.8965796250145739,1.556978852168472,1.5253910540373325,,1.3856105085562496,1.2588498054202473,1.8859663613257163,temp,All,Day
14.25_108.25,0.0,0.9055185172267558,1.8029230718130087,1.3805860302562196,1.4426083923903794,,1.1466375102571733,1.1776024964885285,1.9791768264188603,temp,All,Day
14.75_101.75,0.0,1.6746852997827653,2.7186049872877622,2.4821489346389805,2.641764620406953,,2.344483335519219,2.306409559773791,2.9493147863166724,temp,All,Day
14.75_102.25,0.0,1.6849340530550871,2.72373515985986,2.4327607520226824,2.675447288972512,,2.2662463280955527,2.4461267998485603,2.9658231602172407,temp,All,Day
14.75_102.75,0.0,1.676059639707725,2.7515622098622554,2.4424917308298566,2.6589923895004772,,2.2487022758365396,2.4933548749931136,2.9561450126286726,temp,All,Day
14.75_103.25,0.0,1.6814062808176637,2.771529667198264,2.465759108668005,2.6200789243171996,,2.2487102909707644,2.4401659621965353,2.9369787343334175,temp,All,Day
14.75_103.75,0.0,1.7008850269889881,2.7590513099775786,2.4867003894097217,2.565259294517607,,2.2535859373794223,2.379450744987123,2.9153191218200445,temp,All,Day
14.75_104.25,5.960464477539063e-08,1.734076819916076,2.762054439736261,2.459958365789307,2.502122443235724,,2.232085475852311,2.339457843685439,2.897095924064789,temp,All,Day
14.75_104.75,0.0,1.7644355946355854,2.794374533588405,2.4138732550802233,2.4719935994520443,,2.160116926475038,2.342742709956854,2.93085644303407,temp,All,Day
14.75_105.25,5.960464477539063e-08,1.8345943984203212,2.8892844379057614,2.388239287734008,2.466713318357046,,2.1106783775993336,2.3532446687808615,2.9428796902485463,temp,All,Day
14.75_105.75,4.2146848510894035e-08,1.8980907275390724,2.831326030460175,2.3892285811423273,2.4266317881037263,,2.1378001337856656,2.3267156019803688,2.810121380431474,temp,All,Day
14.75_106.25,0.0,1.1141577763949235,2.3062801023441986,1.882251881684655,1.8145009356710078,,1.6170944786039396,1.579224771860328,2.207274091315239,temp,All,Day
14.75_106.75,0.0,1.1979699349172344,2.2986352752938144,1.8811920529750619,1.7994240913182709,,1.5493769815804503,1.613856921542121,2.2341996780485194,temp,All,Day
14.75_107.25,4.2146848510894035e-08,1.0658050423681036,2.136143650521104,1.8095956070456367,1.6419889855229024,,1.478840573964918,1.4380585413512772,2.1408698774390826,temp,All,Day
14.75_107.75,0.0,1.0587570965246662,1.985975992585788,1.557999100299225,1.5863525915063565,,1.3325489018351826,1.3229224795231227,2.2354130379108392,temp,All,Day
14.75_108.25,0.0,0.8521158115944177,1.8602892705782745,1.5058189787191225,1.539252715097669,,1.2772916034294828,1.3206161907355867,2.243505228668046,temp,All,Day
15.25_101.75,0.0,1.662142832052938,2.899265760286693,2.5133182475896954,2.797496656050886,,2.3881836107133148,2.5108054266015323,3.0688691174150344,temp,All,Day
15.25_102.25,0.0,1.6695799861700815,2.884124919393809,2.5197747796740706,2.8107779695132606,,2.3270694915621575,2.6270302522343685,3.08048314296215,temp,All,Day
15.25_102.75,0.0,1.6799598121653283,2.8976395111607833,2.5352931404492893,2.7448190979291844,,2.3298282224612388,2.6261164664178476,3.0850632138894607,temp,All,Day
15.25_103.25,0.0,1.679370038274922,2.902199301151571,2.558243008637565,2.676987755211465,,2.3454852903726984,2.5429507520597086,3.0596339149375047,temp,All,Day
15.25_103.75,0.0,1.6901116067830297,2.8834535108024335,2.562884196858716,2.6233382196616377,,2.345668470376001,2.477098702670411,2.9990222800881874,temp,All,Day
15.25_104.25,0.0,1.698251635699693,2.897142312467288,2.5338591851897423,2.5819604283431663,,2.300743811528533,2.4151341399089654,2.9528481156783175,temp,All,Day
15.25_104.75,0.0,1.7190193809466443,2.8818221882664394,2.4730620229389983,2.533628933135463,,2.249798745773157,2.3713857202617787,2.928567879048216,temp,All,Day
15.25_105.25,0.0,1.780849688068408,2.924978715917243,2.40546640947363,2.541836208264097,,2.1573120573055267,2.388998646407941,2.9984011908428787,temp,All,Day
15.25_105.75,0.0,1.0123187348283116,2.3588030134059745,1.873047729618407,1.927180080029443,,1.5431577808078993,1.708707827126201,2.457919477970789,temp,All,Day
15.25_106.25,0.0,1.115555517983044,2.287719923437197,1.8223565103134314,1.8624542905958534,,1.5556569344783437,1.63978130779504,2.370642611898869,temp,All,Day
15.25_106.75,0.0,1.1752626554368424,2.3542469270661326,1.8435433269449928,1.8213680889207022,,1.526890200376356,1.6040459385646948,2.366598372977365,temp,All,Day
15.25_107.25,0.0,1.091505633920805,2.2465130891783502,1.7594471953099877,1.6436491697801752,,1.4873603760629917,1.4527721914642318,2.3902058947628353,temp,All,Day
15.75_101.75,0.0,1.6940254942855186,3.1160339110813466,2.596125290774272,2.901537046120713,,2.447301271775789,2.6442513009228255,3.134821004556516,temp,All,Day
15.75_102.25,0.0,1.693925511320637,3.1065309174750264,2.6215237580072377,2.9249015581408466,,2.4223194375382446,2.824321853781863,3.1955313176884514,temp,All,Day
15.75_102.75,0.0,1.6826885294991527,3.0507521982417085,2.626231898814995,2.804656244190617,,2.4139001249037872,2.7565239493966724,3.1821295809491974,temp,All,Day
15.75_103.25,0.0,1.6629562499268462,3.0312209001481683,2.6412447387749896,2.7301066849212026,,2.4159907953425215,2.6336744697458014,3.126021932709016,temp,All,Day
15.75_103.75,0.0,1.6656868926773576,3.002026130497365,2.6415798478579964,2.68333905212068,,2.428032850692251,2.5526466531243637,3.038213389019293,temp,All,Day
15.75_104.25,5.960464477539063e-08,1.6725574000092724,2.9780018336154805,2.608084993016165,2.6461982373013444,,2.3899562890497874,2.4614597159505998,2.9655079538202407,temp,All,Day
15.75_104.75,0.0,1.6862403087422566,2.9498691947133873,2.549222817804445,2.611974194587138,,2.3318167870995863,2.398617097725698,2.9469690358324208,temp,All,Day
15.75_105.25,0.0,0.6935210663302812,2.515142031278303,1.9237467145438287,2.058529343388043,,1.6427374938828183,1.8178233466618,2.511514016761465,temp,All,Day
15.75_105.75,0.0,0.8584512500634541,2.4998292045914106,1.9645495654342493,1.979168314326267,,1.7274499313954648,1.827477178983931,2.4497917037935855,temp,All,Day
15.75_106.25,0.0,1.075918551679519,2.4961160548038075,2.022991051918616,1.9561602390924984,,1.7221146889569754,1.8279611680921517,2.4429044424166713,temp,All,Day
15.75_106.75,5.960464477539063e-08,1.0467133617451738,2.3504687706459366,1.8999372036999822,1.805922729613874,,1.801227831818275,1.664673369045455,2.428938101826131,temp,All,Day
16.25_101.75,0.0,1.7141124547032733,3.2024058223251592,2.635578114362442,2.9700528393721246,,2.4932730110224854,2.684335811568099,3.1540374792947112,temp,All,Day
16.25_102.25,0.0,1.745768534952765,3.272112932512949,2.709541446533399,3.0131096367544354,,2.5390468410531835,3.0136124322253983,3.302933804380305,temp,All,Day
16.25_102.75,0.0,1.7071440231516115,3.19215547957307,2.714033144408607,2.8683179687325513,,2.4889645020320588,2.9051909841760915,3.2565897944325424,temp,All,Day
16.25_103.25,0.0,1.6704621246249467,3.130476308357483,2.7166937888021847,2.7715667852974355,,2.487923808010874,2.7204033709140414,3.1556962259896415,temp,All,Day
16.25_103.75,0.0,1.6701516253053,3.0586411125438397,2.7077793588805625,2.7349941887470117,,2.4845829753519397,2.591073900235864,3.0766682953591005,temp,All,Day
16.25_104.25,0.0,1.676945545950828,2.9992613062236853,2.663569962795328,2.699442619428928,,2.4517672130769763,2.502519346781161,3.0025982751869384,temp,All,Day
16.25_104.75,5.960464477539063e-08,0.6388653002909995,2.554566673522798,2.1426575288887415,2.1483197348537333,,1.879474806163748,1.9330192542443472,2.5122466056532597,temp,All,Day
16.25_105.25,0.0,0.640418478440458,2.5952803314392794,2.1175484729489624,2.0981186396465095,,1.8633725400996144,1.958777650798131,2.4666310775943385,temp,All,Day
16.25_105.75,4.2146848510894035e-08,0.7046360618343221,2.5739923190038576,2.219747121226372,1.945903514058666,,2.000005907145218,1.9758158004495954,2.378013018710072,temp,All,Day
16.25_106.25,0.0,0.7057057206081877,2.529630636008749,2.2464395615920103,1.7796254253196226,,2.147854517730902,1.901247362975989,2.3564289747978338,temp,All,Day
16.25_106.75,5.960464477539063e-08,0.7013182303219461,2.4310821410990653,2.0745475380830993,1.680560176579065,,1.9213221020988622,1.7921663703922275,2.4081088409302325,temp,All,Day
16.25_107.25,0.0,0.6530990405673262,2.3031308269978634,2.112743448835834,1.594592259013189,,2.026847777937617,1.838178314201242,2.3196164035737037,temp,All,Day
16.75_101.75,5.960464477539063e-08,1.788615073354206,3.2713761101597876,2.7160181592115946,3.0353591279455667,,2.536034212710882,2.8444590208367146,3.2311459838808356,temp,All,Day
16.75_102.25,5.960464477539063e-08,1.7852528682040036,3.335529677589639,2.7784318228221587,3.027830005812851,,2.576619513897931,3.1262266115747406,3.3813406159360406,temp,All,Day
16.75_102.75,0.0,1.742977823286128,3.33116352810494,2.795740476810788,2.9187188961852675,,2.536218119393874,2.983469894985453,3.356540556670563,temp,All,Day
16.75_103.25,0.0,1.6794702034086686,3.2514315765195048,2.7623441554751893,2.8156616326738964,,2.5179014395656103,2.717098636449781,3.2401779288232015,temp,All,Day
16.75_103.75,0.0,1.6637436531746068,3.1581602506075805,2.757664020219075,2.767536373452201,,2.5178202136831467,2.62025918867653,3.144832860951589,temp,All,Day
16.75_104.25,0.0,1.6773505479791124,3.117011297390062,2.7437877032656575,2.747439945963397,,2.533566543146083,2.652546402247222,3.0917078246501974,temp,All,Day
16.75_104.75,0.0,0.6681554495797419,2.6566957292180904,2.2676672162807874,2.195048356122128,,2.008331762398904,2.1744528498697795,2.5773451597307058,temp,All,Day
16.75_105.25,0.0,0.6114817238067431,2.670772671945575,2.283479371531666,2.07132409521234,,2.113670093979799,2.1557779207154737,2.4113809261978103,temp,All,Day
16.75_105.75,0.0,0.6396615228925644,2.6216432739477464,2.405105107796359,1.8864633973893605,,2.346295921068391,2.084026684718319,2.3126499181458895,temp,All,Day
16.75_106.25,0.0,0.5673689332790425,2.607849683474917,2.3922363008722587,1.7213805213115403,,2.361370050077532,2.0093980325804224,2.2876390370426685,temp,All,Day
17.25_101.75,0.0,1.7468691980485191,3.3008906651360426,2.8269482599463913,3.01558659945895,,2.6500549816220462,2.9843688720071655,3.300263692991516,temp,All,Day
17.25_102.25,0.0,1.7574016103779173,3.4115456124483847,2.930962692778306,3.0158254645348874,,2.7310895076509962,3.233456630033114,3.4710804003623137,temp,All,Day
17.25_102.75,0.0,1.736798439879315,3.468773088493934,2.921993896498496,2.947815035657295,,2.689549652956146,3.13304675639899,3.4699377727463827,temp,All,Day
17.25_103.25,0.0,1.6863214847861332,3.427766135171185,2.8732879864108063,2.8621981977177984,,2.661459674603437,2.8660700429576744,3.387840558344762,temp,All,Day
17.25_103.75,0.0,1.671875634375236,3.3370217513572498,2.867757671022611,2.8094769036570724,,2.6689013208088586,2.7915638027238137,3.282614634138417,temp,All,Day
17.25_104.25,0.0,1.7068671596558929,3.2853396207533776,2.8735313856716527,2.80442927799135,,2.674207826012892,2.857510224771819,3.2249735055913122,temp,All,Day
17.25_104.75,0.0,0.7850752303137757,2.857691091359925,2.3750045173198266,2.2835696262805434,,2.108435303662923,2.362067575705356,2.73214804530764,temp,All,Day
17.25_105.25,0.0,0.6166139325074078,2.7267199209962327,2.460526112854583,2.0708104292557645,,2.329673778917577,2.1567661975836847,2.462994784346379,temp,All,Day
17.25_105.75,0.0,0.588916830306158,2.670146889647911,2.5354383320814033,1.9162495008197746,,2.50000927130772,2.098101835834394,2.3655967986812616,temp,All,Day
17.25_106.25,5.960464477539063e-08,0.5650335339116402,2.712473844465101,2.64808411640157,1.8158537636623027,,2.616696597233535,2.1049891421770557,2.3178572375655735,temp,All,Day
17.75_101.25,0.0,1.7149912619570284,3.2183506581289034,2.725283337336532,2.858598294809867,,2.645979595968965,2.6618064196615268,3.185288170664063,temp,All,Day
17.75_101.75,5.960464477539063e-08,1.723362162904395,3.3040462196855316,2.915695379099741,2.9379137024127986,,2.747517246550004,2.974750027590289,3.3222849877601965,temp,All,Day
17.75_102.25,0.0,1.7441953015881884,3.4626342580644787,3.009486579014437,2.961441373494472,,2.847050041526821,3.2796106288791096,3.4745312772733903,temp,All,Day
17.75_102.75,0.0,1.7456408432344315,3.55438511493226,3.0278142541728412,2.9358816932125023,,2.814497899265621,3.2710457457826028,3.4848116366718127,temp,All,Day
17.75_103.25,0.0,1.7081552988279047,3.593418167532857,2.9943805703384117,2.887384137324027,,2.7798368037244585,3.0385917105206266,3.435458382679483,temp,All,Day
17.75_103.75,5.960464477539063e-08,1.701735617171946,3.5106050296562867,2.9666693690937787,2.845471227264217,,2.760207942156566,2.9556938869748737,3.3697326746086422,temp,All,Day
17.75_104.25,0.0,0.7031478335969685,3.0260792757003516,2.4724522369815296,2.3090479252618032,,2.269126782366236,2.395293018470388,2.909414826101624,temp,All,Day
17.75_104.75,0.0,0.7923783155815088,2.952149784746277,2.4455784907131566,2.3017848102061635,,2.300978499849349,2.154873242817472,2.8257777686547163,temp,All,Day
17.75_105.25,0.0,0.6514462304603773,2.7911919859024183,2.4489649040153028,2.2111863521981467,,2.4048786219872835,2.0500161565823762,2.700692622944447,temp,All,Day
18.25_101.25,0.0,0.7966937923732083,2.8419775537945275,2.394880746477063,2.3548826181176974,,2.2747390531275746,2.250716408685514,2.8288484992674703,temp,All,Day
18.25_101.75,0.0,0.7958163248301676,2.8659400174462295,2.512076614994402,2.352369600901836,,2.369060172961941,2.536764272077957,2.85224059384378,temp,All,Day
18.25_102.25,0.0,0.8563751881124244,3.0136382791945278,2.6052772319437136,2.3712295573204196,,2.4068476890163453,2.648769331475389,2.9273043051887173,temp,All,Day
18.25_102.75,0.0,0.8424986613069799,3.1641487388343137,2.535645013983979,2.3429637203516647,,2.326831568914054,2.530206749582244,2.910803394052135,temp,All,Day
18.25_103.25,5.960464477539063e-08,1.7599468094862674,3.5268357352046458,2.957087317104361,2.8231654858883375,,2.8047451958202614,2.876683409287539,3.2836487675926476,temp,All,Day
18.25_103.75,0.0,1.7833341503469267,3.5752534581052218,2.967941057394104,2.839955625367564,,2.842034417915795,2.92484792301667,3.3044115574681077,temp,All,Day
18.25_104.25,5.960464477539063e-08,0.8500458778405116,3.1211844917744194,2.566084794610457,2.304680667098033,,2.4291379125008024,2.2768808812144092,2.8832568723095258,temp,All,Day
18.25_104.75,5.960464477539063e-08,0.9180231546951356,3.119755499174797,2.5139230221637643,2.4063701345545,,2.39749754845906,2.23420915545442,2.973050201296336,temp,All,Day
18.25_105.25,0.0,0.7549059814814509,2.981745598811152,2.6254140989502472,2.4361566969644293,,2.559723011709804,2.5336904066926142,2.9032150929468252,temp,All,Day
18.75_101.25,0.0,0.8486739598132982,2.9995454103656214,2.4154565211085828,2.244642801093262,,2.4254880163279653,2.054739130876676,2.79220365384709,temp,All,Day
18.75_101.75,0.0,0.8931933951127836,2.8383196243689492,2.4687922059638243,2.2041990493651724,,2.426722566327824,2.202436083739855,2.721688791556818,temp,All,Day
18.75_102.25,0.0,0.9413810061202549,2.849938136178809,2.3857435009343924,2.1676148706307985,,2.320924526761383,2.134885915923948,2.658496228959387,temp,All,Day
18.75_102.75,5.960464477539063e-08,0.9504757808195377,2.881214544316378,2.3677305966891518,2.154059262727269,,2.1492423262649085,1.9995142289394794,2.614220416794006,temp,All,Day
18.75_103.25,0.0,0.923807142651019,2.9184565207661652,2.196306167657577,2.2762347296397345,,2.1882827238173483,2.045138358636625,2.6745753398541092,temp,All,Day
18.75_103.75,0.0,0.9218536901830546,3.134467627175976,2.4634937740787195,2.333281370421623,,2.3642368248222843,2.212860069547797,2.7844357130453283,temp,All,Day
18.75_104.25,5.960464477539063e-08,0.9854465071393674,3.238839915845965,2.5351629806475966,2.3772854732252595,,2.4986919956383473,2.3968985890290218,2.9467647002250934,temp,All,Day
18.75_104.75,0.0,0.914972577991229,3.3677744454068064,2.7824775781088698,2.443406454316375,,2.642980204418122,2.814874755132617,3.090585384805796,temp,All,Day
19.25_101.25,5.960464477539063e-08,0.9157523861762271,2.9889159010109894,2.4581572475073403,2.2178839895724285,,2.52015263513776,2.0521237960136025,2.7981404515696084,temp,All,Day
19.25_101.75,0.0,1.0301442022550864,2.8563259625634467,2.4408037485699388,2.189763582441976,,2.4224079858450196,2.0586443577185785,2.7191707592620458,temp,All,Day
19.25_102.25,0.0,0.9802978541009681,2.9262456804306614,2.2975229495693616,2.131337873624597,,2.3212947092965273,1.9195758181272857,2.666596874972255,temp,All,Day
19.25_102.75,0.0,1.0350385085571345,2.81569119256332,2.2203078781285264,2.1428746931419034,,2.2288715667658816,1.8742398111641843,2.6395337015711395,temp,All,Day
19.25_103.25,0.0,1.046114050584747,2.890760709827122,2.310757748560042,2.3002654645138074,,2.1954634685517593,2.017892561465055,2.675519491833348,temp,All,Day
19.25_99.75,5.960464477539063e-08,0.6764194147089843,3.038361657029788,2.5554255369299606,2.333135851077021,,2.574755509736736,2.257617297930533,2.93128459149296,temp,All,Day
19.75_100.25,0.0,0.7349195895374963,3.180660229068809,2.670446762135095,2.24741433364258,,2.746912934395,2.3033259066154472,2.9867182400651004,temp,All,Day
19.75_100.75,0.0,0.7997676728580192,3.2223548112307556,2.6973369151740614,2.1923234702548045,,2.7748257051255463,2.1764377962346018,2.895184205481106,temp,All,Day
19.75_101.25,0.0,0.9511059409093323,3.1189917638553255,2.6178869609237703,2.2289786333779773,,2.7056956645937182,2.1455748226641913,2.8404164967247523,temp,All,Day
19.75_101.75,0.0,1.0545294777202106,3.029410679970501,2.5339821149028117,2.2760474775238757,,2.5920108325770825,2.0805075536505107,2.8500184080320334,temp,All,Day
19.75_102.25,0.0,1.0911602920934387,3.0315725276218854,2.547732371716942,2.2704121226604017,,2.5452233876574573,2.048402644877234,2.8574553365165545,temp,All,Day
19.75_102.75,5.960464477539063e-08,1.0595247642322068,2.9972881584132898,2.5236025983301205,2.2330819835102744,,2.5188990240034155,2.042199909581018,2.779521901278526,temp,All,Day
19.75_103.25,0.0,1.0764648478666121,3.071605678668713,2.570605133550284,2.384366687237421,,2.487250190072187,2.165643084609756,2.7772295957073054,temp,All,Day
19.75_99.25,0.0,0.7502663724885212,3.0863441283633044,2.569025569108978,2.3265708538938306,,2.6588412120676646,2.331451899147727,2.8505224353307606,temp,All,Day
19.75_99.75,0.0,0.7017465984941655,3.14286858567929,2.665154147791701,2.331663225071813,,2.7676740235727832,2.3712217384797647,2.978110253039831,temp,All,Day
20.25_100.25,0.0,0.7893805426155682,3.1899863960183676,2.738521350310103,2.277013178214306,,2.8260766981652647,2.3354509139012216,2.9441739545252235,temp,All,Day
20.25_100.75,5.960464477539063e-08,0.8258268882790707,3.29573453711498,2.8009514331130587,2.2452557785418112,,2.8788367271474242,2.277796408125157,2.9411630078569337,temp,All,Day
20.25_101.25,0.0,0.9010063876291466,3.323905658835944,2.7682617476226086,2.2793019308559104,,2.902295027370551,2.273877231500991,2.934999416104353,temp,All,Day
20.25_101.75,5.960464477539063e-08,0.9875899461912411,3.286804378946372,2.7365231520424973,2.4132579005743664,,2.849160625828772,2.289153530535544,3.0075581014214174,temp,All,Day
20.25_102.25,5.960464477539063e-08,1.0425542949304711,3.187103626924382,2.740041573100581,2.510905377069537,,2.802426729164022,2.3296396427930017,3.0386020652366206,temp,All,Day
20.25_102.75,0.0,1.0269742757900244,3.178669490651815,2.710941029384144,2.4821405993520997,,2.807004020240084,2.3136617667805996,2.9835429391755954,temp,All,Day
20.25_103.25,0.0,0.9934494136331873,3.234894472172576,2.733532263756855,2.4604778652503847,,2.7724085820374187,2.2811682267779014,2.904123294993192,temp,All,Day
20.25_99.25,0.0,0.778973953316073,3.154628020131205,2.5460528288792914,2.26812825714349,,2.6800348662424955,2.2250381963866985,2.816732539321638,temp,All,Day
20.25_99.75,0.0,0.7582558567487937,3.161575445281932,2.67512172124949,2.31035944437386,,2.797859375411225,2.3049545293539166,2.8761187660818073,temp,All,Day
20.75_100.25,0.0,0.7458707103499728,3.205464740025082,2.7801513222430745,2.263445418155598,,2.9503470691654745,2.2558914938105246,2.8945573986758366,temp,All,Day
20.75_100.75,0.0,0.7846981197269933,3.3422955345951726,2.8443583527969767,2.2904870882493484,,2.900057591134654,2.3292147593334085,2.9806887632512202,temp,All,Day
20.75_101.25,0.0,0.8895153515421289,3.466653818501138,2.9179949165001284,2.363494751524006,,2.9456894789872243,2.40841784538747,3.0384537111614107,temp,All,Day
20.75_101.75,0.0,0.9930455510580943,3.4531258754223146,2.876391786215804,2.5128168466337066,,2.9883176285884097,2.5185826183971787,3.1209053409294385,temp,All,Day
20.75_102.25,0.0,1.0158229509128605,3.3986465124680008,2.8468326412161593,2.602812796860124,,2.967518849891236,2.5717970043881246,3.1663730482295507,temp,All,Day
20.75_102.75,5.960464477539063e-08,1.019825339956932,3.3810768544259577,2.8607715268427265,2.619053179806581,,2.9625319079887222,2.5303503066238267,3.1450148930159645,temp,All,Day
20.75_103.25,0.0,0.9742901527566261,3.45076269221337,2.8423829727989407,2.572811436334068,,2.9126200258723394,2.4853489260515826,3.063911946012082,temp,All,Day
20.75_99.75,0.0,0.7613068383400869,3.10358737591007,2.655063829828523,2.255547748190936,,2.614503573460648,2.1419643479843753,2.793672530966135,temp,All,Day
21.25_100.25,0.0,0.7480494348506048,3.177294096337703,2.70126139178179,2.3017893195389654,,2.956213118619209,2.228757666194998,2.818100146095724,temp,All,Day
21.25_100.75,0.0,0.7702185860361803,3.3360939555500675,2.759224047162251,2.392654169560299,,2.87272885455985,2.343616548412792,2.954765960909535,temp,All,Day
21.25_101.25,5.960464477539063e-08,0.8312968304242535,3.4927531429614063,2.9391984410138248,2.471099115327263,,3.011343100834564,2.452202903463891,3.084849482917142,temp,All,Day
21.25_101.75,0.0,0.92996410353513,3.5419197322605913,2.984684492883649,2.5793035878745205,,3.065590484527725,2.5765805871021548,3.1487330686202015,temp,All,Day
21.25_102.25,0.0,1.1132951677597624,3.5728663694552987,2.9330999057893496,2.7107362840131635,,3.026732540836896,2.761834222709982,3.2113896328620988,temp,All,Day
21.25_102.75,0.0,1.0767625046886768,3.5522751632220215,2.9277296062637714,2.6709641201527634,,2.9804123871052615,2.7356200549937024,3.2152530514471724,temp,All,Day
21.25_99.75,5.960464477539063e-08,0.8742550576626263,3.0445991021550864,2.380543631661494,2.2793342446254523,,2.3677023859230166,2.048529978448863,2.6951782876503922,temp,All,Day
21.75_100.25,0.0,0.7000581629372682,3.1248987009971945,2.6213796254569517,2.3052492908837885,,2.7656979281792786,2.1369914238872836,2.8013905034576814,temp,All,Day
21.75_100.75,0.0,0.7014890396995954,3.318354440139876,2.8572250499530183,2.4823286845652146,,2.942571566410875,2.3313186478804404,2.9688656180717676,temp,All,Day
21.75_101.25,0.0,0.7106967060296743,3.449783649949341,2.9491724925559843,2.5758053084830785,,3.0798235166531183,2.4254289181570154,3.0650751209264775,temp,All,Day
21.75_101.75,0.0,0.7971596247335129,3.5430713879087725,3.029353855073865,2.663078008706324,,3.1237760873874616,2.5107156337761,3.136595814698802,temp,All,Day
21.75_102.25,5.960464477539063e-08,1.0105289386972665,3.5887814960374307,3.024221049788212,2.773821105300461,,3.1116370732668277,2.6747259467430977,3.1926455825157816,temp,All,Day
21.75_99.25,0.0,0.8208717800881006,2.855877915607424,2.0036554981240298,2.1407526682321403,,2.1331134722848653,1.8151172017890038,2.5942358062982693,temp,All,Day
21.75_99.75,0.0,0.7930988022299751,3.0158593016990327,2.3557791135034063,2.1831662347511744,,2.4769123872726633,1.954059109832428,2.644023815966631,temp,All,Day
22.25_100.25,0.0,0.6760614018527142,3.021776194348248,2.5419094439283776,2.2638584157456223,,2.666094271319356,2.0113745825763614,2.7381906284861146,temp,All,Day
22.25_100.75,0.0,0.6700422411966963,3.216720142374425,2.9113127817724944,2.5014846663113364,,2.9739313127552545,2.2525765901291805,2.8632386445082165,temp,All,Day
22.25_101.25,0.0,0.6410975237942398,3.338800211164519,2.8866661021101154,2.612524516969301,,3.0187045778041455,2.355038253448605,2.9546878528406446,temp,All,Day
22.25_101.75,0.0,0.7015258997884406,3.457901975369606,2.9944862853855017,2.666623478460503,,3.101777506457841,2.4495212274329674,3.034538047281605,temp,All,Day
22.25_102.25,0.0,0.7927217812943416,3.4714835960945853,3.03165974414681,2.6806716844362626,,3.1401316908470913,2.5270111343589323,3.0614907271104514,temp,All,Day
22.25_99.75,0.0,0.774432869834443,2.9513423348278063,2.2719772083363075,2.1339148499969003,,2.4608853456876565,1.9488185970560925,2.6573682568562798,temp,All,Day
22.75_100.25,0.0,0.6953582405292977,2.811323513783221,2.494330554571388,2.2908779086161584,,2.5435992227369235,1.9218325849668032,2.644888498758538,temp,All,Day
22.75_100.75,0.0,0.641241338999179,2.9937021801357147,2.6493577317801695,2.460781953919728,,2.6637971165510606,2.087379969563855,2.743344687893028,temp,All,Day
22.75_101.25,0.0,0.6273900961901797,3.084233766267105,2.6299871916283397,2.5461689594872507,,2.638906026013222,2.116290875807018,2.8184070818867575,temp,All,Day
22.75_99.75,0.0,0.7780403488995419,2.652664987128824,2.26032892025817,2.162742965465979,,2.4007408513068147,1.808909781810259,2.581308954093439,temp,All,Day
23.25_100.25,0.0,0.6575712210149,2.6459208410192487,2.300571050009045,2.270341415041781,,2.3683156758002446,1.8364532425016291,2.5464400489662813,temp,All,Day
23.25_100.75,0.0,0.6087163908196774,2.708562140861205,2.26660828640107,2.3582852416975078,,2.332720014646896,1.9078883417537573,2.6222108913933204,temp,All,Day
23.25_99.25,0.0,0.6995624196875958,2.634943933972803,2.2378498865388603,2.088106105160057,,2.3784087459437058,1.8279070269245234,2.4591175959273386,temp,All,Day
23.25_99.75,0.0,0.7027035621703293,2.4603598351610954,2.169888307513155,2.1486542329815346,,2.302897406166394,1.7487823391686643,2.4918227735357754,temp,All,Day
23.75_100.25,1.1920928955078125e-07,0.7196248721235522,2.4020117596121087,2.1762732419539814,2.332787543883034,,2.236259485151661,1.7335789085096605,2.4346690292450464,temp,All,Day
23.75_100.75,0.0,0.6560480890555456,2.517209299897242,2.2266339058259064,2.356634258679642,,2.294081498084641,1.8229287605075677,2.50893434605147,temp,All,Day
24.25_100.25,0.0,0.676347505583568,2.222199112530726,2.1980253021149982,2.4245815144800504,,2.1966416967564166,1.6755006353967068,2.333600226395686,temp,All,Day
24.25_100.75,0.0,0.7362898431020374,2.3117503009725966,2.316263690699023,2.4196605643432707,,2.2438498165005827,1.7989052058130708,2.419322786024494,temp,All,Day
24.25_99.75,0.0,0.6577440845729744,2.2599212903812083,2.016490183318605,2.363996510516774,,2.026524641358368,1.6495457092374268,2.3213721395518183,temp,All,Day
24.75_100.25,0.0,0.5619105008450096,2.119899931523288,2.1330877545204308,2.4294172567900874,,2.148278558168249,1.6601762168106886,2.222938000553933,temp,All,Day
24.75_99.75,0.0,0.5376073475516049,2.1824302646352147,2.0687539304087883,2.372105977884394,,2.110877563121916,1.6291422891650453,2.2270574334438167,temp,All,Day
25.25_99.75,0.0,0.63065673888672,2.094944237970955,2.127721365560677,2.4842047401280842,,2.0958747339611175,1.6173706866755981,2.157242748756138,temp,All,Day
25.75_100.25,0.0,0.922859434045102,2.1144676544341148,2.091313013507204,2.723063807219011,,2.0227344908034723,1.7455471471198027,2.2266311345220733,temp,All,Day
25.75_99.25,8.429369702178807e-08,1.0373614759606289,2.015315542463211,1.9534598830818761,2.4939385381498425,,1.86459927673405,1.6635276707421276,2.0068032011092405,temp,All,Day
25.75_99.75,0.0,0.9968445038893421,2.027725597495523,1.9757078922277713,2.556798518316129,,1.8828462589800545,1.6294609296352793,2.0915190851705874,temp,All,Day
26.25_99.25,8.429369702178807e-08,1.0610752625835682,1.8775248800864295,1.7304364016594838,2.480720714601254,,1.6450470896232137,1.5569835517538195,1.890035141320713,temp,All,Day
26.25_99.75,0.0,1.119960301535807,1.9740300391541254,1.8102861921010633,2.5347417779252948,,1.7388148193352155,1.5923368085136682,2.0269341147210413,temp,All,Day
26.75_99.25,1.1920928955078125e-07,0.9506042332530955,1.879440263335005,1.7686181640003775,2.4506288011552138,,1.6791507785930921,1.5550360408804926,1.895208951311328,temp,All,Day
27.25_99.25,0.0,0.9658147456931226,1.8757269388437712,1.7872774049654492,2.4069053514214245,,1.7059535035856053,1.6225493269805216,1.910126966402054,temp,All,Day
27.75_98.75,0.0,1.0135233033757018,1.9905715855531732,2.1670169654793647,2.4171284853136017,,2.460902252872691,1.7097669416173071,1.9935812893591889,temp,All,Day
28.25_98.75,0.0,0.8767787091737943,2.158135659740207,2.0832303050759418,2.673028424511597,,2.3502097359330967,2.5358968198989444,2.077251253673002,temp,All,Day
28.75_98.75,0.0,0.9139467659929649,1.9381647752215414,1.8252639379453697,2.742403073766624,,1.9670574340862625,2.4194374101255467,2.0146655184540223,temp,All,Day
29.25_98.25,0.0,1.1395174062717215,2.2495285267482865,1.9480681321798867,3.101095198429009,,2.0062262917141753,2.3014642203161486,1.9179507294287286,temp,All,Day
29.75_98.25,1.1920928955078125e-07,1.176338934000666,2.1859408618704523,1.887609577467303,3.2312737634272666,,1.9992225039662954,2.5192792029030144,1.8999991862106194,temp,All,Day
30.25_97.75,1.1920928955078125e-07,1.2418282835127228,2.132451531858799,1.99483828012989,3.3130672077688175,,1.9960107075703009,2.6191760032328726,1.9472308663388829,temp,All,Day
30.25_98.25,0.0,1.2175351058439816,2.1395905932036734,1.877700442366248,3.396141363522618,,1.9743171613111317,2.5270696914072865,1.8901499309827419,temp,All,Day
30.75_97.25,0.0,1.2903894447110644,2.064567811469051,2.083749425811705,3.1778337235641847,,2.071974778258619,2.3027285985492236,1.9691735586052062,temp,All,Day
30.75_97.75,1.1920928955078125e-07,1.2826410375860218,2.099999772270147,2.016720137451278,3.4518240037684764,,2.0677953479778592,2.3812815020181093,1.9540361717912735,temp,All,Day
31.25_96.25,0.0,1.4753066165828408,2.224938301613316,2.1089575756986476,3.0979716721717114,,2.193249964060602,2.315884053294993,2.1908870392379898,temp,All,Day
31.25_96.75,0.0,1.4855820038550545,2.182084247660735,2.098269234321827,3.0585327044274417,,2.1538177551486135,2.2859118728157712,2.063712911305781,temp,All,Day
31.25_97.25,0.0,1.405562438279726,2.18421543643951,2.1174446036087264,3.1852142494926428,,2.209586701906333,2.418612756814721,2.013143885194763,temp,All,Day
31.75_95.75,0.0,1.5708826754420417,2.369649394820888,2.2466626252419757,3.176786216802486,,2.4319421947079745,2.877001409348682,2.3470457181136806,temp,All,Day
31.75_96.25,0.0,1.5714390934402458,2.2734567922263906,2.0553156055261033,3.151580017486466,,2.1512574227458523,2.3782043162701902,2.238398975094647,temp,All,Day
31.75_96.75,0.0,1.5483916409079512,2.2382810940856923,2.059405635721436,3.2113168280493674,,2.119862359132134,2.393694910366021,2.138001267067411,temp,All,Day
31.75_97.25,1.1920928955078125e-07,1.4975900691972523,2.2848446400664444,2.0301449141310504,3.337310587482476,,2.124654491564872,2.6186093838772564,2.0856194444175813,temp,All,Day
31.75_97.75,0.0,1.516862255474113,2.4672724213640924,2.129893719157322,3.494238963926845,,2.1327319258418385,3.0313043719211508,2.15393667332766,temp,All,Day
32.25_94.75,0.0,1.6684784943922444,2.4931992707594155,2.174677551364286,3.3331809363201756,,2.3059826890121533,3.0209658792918006,2.4579870065750775,temp,All,Day
32.25_95.25,0.0,1.6247856457002348,2.432537442377426,2.165319849424982,3.2101920931598134,,2.4844461046905977,2.6415587154396234,2.410551667182024,temp,All,Day
32.25_95.75,0.0,1.6234578953677634,2.362740895309756,2.154378712224528,3.1818641968431085,,2.505252570969593,2.385033462212575,2.4244531312786197,temp,All,Day
32.25_96.25,1.1920928955078125e-07,1.779155415850438,2.436223713129774,2.27865097410259,3.27398391134395,,2.4095767943876223,2.441230313641665,2.4854115236018233,temp,All,Day
32.25_96.75,0.0,1.669136339543408,2.353166185059277,2.330876233343111,3.3101844571479795,,2.343685629146856,2.540483686136381,2.36195533871927,temp,All,Day
32.25_97.25,0.0,1.592642837332786,2.413872026081748,2.1677609781265152,3.486515002209438,,2.2746176967358154,2.754713362758237,2.2858378670565718,temp,All,Day
32.25_97.75,1.1920928955078125e-07,1.560239315659548,2.355303348079999,2.1137647192586826,3.617969102611781,,2.1573989457435605,2.845766947894922,2.257555946575374,temp,All,Day
32.75_94.75,1.1920928955078125e-07,1.6072391093483298,2.44503907171201,2.2351618240580953,3.4050957900604173,,2.272390233287008,2.7889863302148843,2.4463446216279485,temp,All,Day
32.75_95.25,0.0,1.6543034770202012,2.437101958537459,2.223913220284169,3.2890579478130246,,2.344368155727736,2.5527680327757993,2.461921521380941,temp,All,Day
32.75_95.75,0.0,1.6239555170829347,2.3692083050240202,2.2475478180694415,3.223003794555006,,2.3883058294685044,2.4307830324552016,2.432774763804371,temp,All,Day
32.75_96.25,1.1920928955078125e-07,1.6595232148305943,2.353916575854092,2.272754294928485,3.25609583689167,,2.3088830651779886,2.439323577195481,2.4482814577196277,temp,All,Day
32.75_96.75,0.0,1.6954487454490677,2.375981845576523,2.5051442566839333,3.307207437625641,,2.473912736784246,2.5894163963962766,2.46448185569479,temp,All,Day
33.25_94.25,1.6858739404357614e-07,1.5617441898247069,2.3510055230954907,2.190959895333244,3.394122893354807,,2.2658198154991105,2.6820118486360864,2.2869055145179753,temp,All,Day
33.25_94.75,0.0,1.6252581693582742,2.4178821316181955,2.2027423009689207,3.4399331131273265,,2.190544132591815,2.724994056495575,2.3788497050686264,temp,All,Day
33.25_95.25,0.0,1.6599522781050053,2.4621203610060594,2.4236896676055633,3.3466028614921175,,2.5036516349336853,2.7558927971018887,2.4390282062294526,temp,All,Day
33.25_95.75,1.6858739404357614e-07,1.6383335270755885,2.4333097519174602,2.4080954484568213,3.283653786652933,,3.195213812744267,2.828900809357236,2.4304901375859873,temp,All,Day
9.25_105.25,0.0,1.6525063722502462,2.0974185395560516,1.9231701978983395,2.184353765965556,,1.8007775286338648,2.0186298873936566,2.2626108310766595,temp,All,Day
9.25_105.75,2.9802322387695312e-08,1.6298971977733752,1.9877083104894722,1.8143604947059349,2.0175351150085357,,1.9193074773364076,1.959407876652813,2.1049263903113418,temp,All,Day
9.75_105.25,0.0,1.6550775176279102,2.102235429159366,1.8783497011345678,2.2329745260272396,,1.9817336553031897,2.0608030499681047,2.29296136593444,temp,All,Day
9.75_105.75,0.0,1.6597064160616928,2.2223062863675582,1.9606359501350672,2.223431177454648,,1.9772261226966241,2.0841260407717,2.329718607457735,temp,All,Day
9.75_106.25,0.0,1.6184163059508918,2.083461502958409,1.8943441439729933,2.095647437201622,,1.8591443406296262,1.9552074396052466,2.1960323415797736,temp,All,Day
10.25_104.75,0.0,0.4705226540939464,0.8907711256012881,0.6887657590824061,0.8738448519731512,,0.8870138240329865,0.9737981874305314,1.291147079947572,temp,All,Mon
10.25_105.25,2.1073424255447017e-08,0.4984489241801631,1.0805066953703921,0.813187591312007,0.9955437329363594,,1.0238551717405442,1.0755915396660727,1.3483281031404561,temp,All,Mon
10.25_105.75,0.0,0.5063290466899043,1.2986271343307936,0.8349863719304151,0.9469889985539628,,0.946174450384786,1.1580030190330746,1.4105759630746724,temp,All,Mon
10.25_106.25,2.1073424255447017e-08,0.3588653663336502,1.13823144214778,0.6549528811280543,0.7791299443314874,,0.7564705339717954,1.0475987940928047,1.1674759305212745,temp,All,Mon
10.25_106.75,0.0,0.3963196838270088,0.7872493973147628,0.5989818047487606,0.7044935097422718,,0.4990946115183455,0.8170900210867449,0.8195990230882282,temp,All,Mon
10.75_104.75,2.1073424255447017e-08,0.5000324669465057,1.1394645548340114,0.8069539944116938,1.052520592464201,,0.9343349043514991,1.0407570047943722,1.4891364194337087,temp,All,Mon
10.75_105.25,0.0,0.5125353279379788,1.2286789845573025,0.86338031332655,0.9754545409174703,,0.9462628870866119,1.0969714732133895,1.5217304263334666,temp,All,Mon
10.75_105.75,0.0,0.4948485802500455,1.218824977065977,0.8651919970809836,0.9032120751376498,,0.9590154870602854,1.0820593180832407,1.4685800094861308,temp,All,Mon
11.25_104.25,0.0,0.4884623976421297,1.2687604169787456,0.7882916846476634,1.0832789464913781,,0.8692989020773145,1.0462353446553279,1.443833275600579,temp,All,Mon
11.25_104.75,0.0,0.5351413309985942,1.2486201780714066,0.7938354367268686,1.0204829696793434,,0.8938818969937199,1.0155254853353224,1.5156569901878163,temp,All,Mon
11.25_105.25,2.1073424255447017e-08,0.5304424897274904,1.2767448152775613,0.8047355378821024,0.9162476160652856,,0.8663802369178258,1.0227320299089473,1.5203957176691072,temp,All,Mon
11.75_104.25,0.0,0.5126930329992815,1.3614684021559913,0.7346920226718537,0.9723701845752153,,0.7637454686949324,1.0726421075640487,1.4847346964266959,temp,All,Mon
11.75_104.75,0.0,0.6126809969473561,1.336605481478206,0.7427547384973828,0.9393888173903763,,0.8328734764291205,0.993032873156736,1.5362432124633154,temp,All,Mon
11.75_105.25,2.1073424255447017e-08,0.5972136061272161,1.2884200601246112,0.7802829605917749,0.869795203552871,,0.8319266110298237,0.9688403413238167,1.4994013508190496,temp,All,Mon
12.25_103.25,0.0,0.4540229974876935,1.2990231432554824,0.8193064365228998,1.0955278131376844,,0.8751427304122962,0.9917817236461414,1.5454039744456098,temp,All,Mon
12.25_103.75,2.9802322387695312e-08,0.5253005791615816,1.3378107274255322,0.8201035569323212,0.9662036906259864,,0.8619341989578516,1.1397210503995951,1.512176546430872,temp,All,Mon
12.25_104.25,0.0,0.5566902715582832,1.4017617458906282,0.8172098249567662,0.8903472555138985,,0.8551491343221546,1.0517751543119047,1.5572373293690178,temp,All,Mon
12.25_104.75,2.9802322387695312e-08,0.6238339618161626,1.393700041343919,0.8054839619677304,0.8476161247483738,,0.8628922131875226,0.9779127676204742,1.5269113267356327,temp,All,Mon
12.25_105.25,0.0,0.6486348733045171,1.3482689838587836,0.839968947656571,0.800603919389213,,0.930078538768517,0.9481805349373842,1.4257182074923602,temp,All,Mon
12.25_105.75,0.0,0.6701100170711559,1.2511756051886462,0.9648855752150203,0.7459850912732534,,0.946828484278942,0.9041504365111049,1.3146884508487593,temp,All,Mon
12.25_106.25,0.0,0.6423910588309545,1.0931591987606175,1.0507174011577796,0.6857662996233819,,1.056301480578785,0.83378526230884,1.2215111824561877,temp,All,Mon
12.25_106.75,0.0,0.590882610821604,1.0358561286547987,1.2206669703184707,0.6535319382020165,,1.2117110738210297,0.7345573006620769,1.153978307534898,temp,All,Mon
12.25_107.25,0.0,0.4892519091548327,1.0962328916554744,1.3338319571867296,0.756906617778572,,1.1859425302999977,0.6849194837534256,1.0974179654709602,temp,All,Mon
12.25_107.75,0.0,0.5772215855669812,1.147781448577216,0.9405729849203672,0.9149518793491281,,1.0672708749449984,0.6502455451154183,1.0680956502050862,temp,All,Mon
12.25_108.25,0.0,0.5795367991220752,1.0837643321355104,0.7240313325829074,0.945542282401923,,0.8416701163676655,0.6019680003027651,1.2288159191231132,temp,All,Mon
12.75_102.75,0.0,0.40771801309792327,1.5013611136188874,0.800696629006359,1.3078819195745643,,0.8088863013485993,1.0612493590039735,1.6505777374112685,temp,All,Mon
12.75_103.25,2.1073424255447017e-08,0.46419906979166964,1.4006161494292628,0.7487515760312469,1.2104286173206522,,0.7183440537781056,1.1659821673175594,1.587166463582913,temp,All,Mon
12.75_103.75,2.9802322387695312e-08,0.5728497677793463,1.1408202791450763,0.7223873219077939,0.9955466382486368,,0.6826892896149183,1.0459886001817873,1.4379102829236365,temp,All,Mon
12.75_104.25,0.0,0.6655654768859447,1.2018720728203856,0.7707713976688002,0.8513214261401238,,0.746353300472059,0.9936609444835545,1.4689331974829682,temp,All,Mon
12.75_104.75,0.0,0.6773222970158156,1.3554671372595781,0.8640531706530126,0.7934771698229052,,0.9098309002725002,0.9518391218824097,1.4962502840886849,temp,All,Mon
12.75_105.25,2.9802322387695312e-08,0.6851809364570238,1.4048914764734635,0.9897313789683371,0.7914672346190775,,1.0347604456159571,0.9229207860178202,1.3845285414736923,temp,All,Mon
12.75_105.75,0.0,0.7153108531761037,1.3277298755192486,0.8808644334748728,0.8195266450556493,,0.957100884758035,0.9054945758178985,1.2798826457679604,temp,All,Mon
12.75_106.25,0.0,0.6752336460624483,1.1175869352549737,0.9399679040979061,0.7889654595726776,,0.9265579864299246,0.8611280489882734,1.2469020941309086,temp,All,Mon
12.75_106.75,0.0,0.6180637739527487,1.1111357788070588,1.0601069229862934,0.764259498277328,,1.0482030681061971,0.8126659290315237,1.1681176048632629,temp,All,Mon
12.75_107.25,2.9802322387695312e-08,0.564860021825204,1.2081303134486423,1.0239329368491863,0.85389783174628,,1.0334935517969392,0.832114987363712,1.0990661802161332,temp,All,Mon
12.75_107.75,0.0,0.6172372781412424,1.2577807949404365,0.903694953941882,1.0307308603291414,,0.9697910740736972,0.8177423379363072,1.0405123655071178,temp,All,Mon
12.75_108.25,0.0,0.6314645590269391,1.2719170143416711,0.7052041132504064,1.093230431166901,,0.7703398517628168,0.6944307872919275,1.1796073023811866,temp,All,Mon
13.25_102.75,0.0,0.448472485661245,1.511743754745614,0.7645835422409483,1.3591885340728587,,0.7701395574123918,1.2192698534397233,1.6942947646164328,temp,All,Mon
13.25_103.25,0.0,0.503488729418331,1.4623503394443176,0.7344351569930049,1.2057838237920075,,0.7351773778632281,1.1320658655310318,1.632052990648611,temp,All,Mon
13.25_103.75,0.0,0.6188562414432338,1.1398499575329393,0.7113545442006474,0.9814456321906573,,0.7360988570645093,0.9541151633657164,1.3591242850833671,temp,All,Mon
13.25_104.25,0.0,0.7030343674172961,1.2167382729826424,0.8618541903676169,0.8342295754856811,,0.8947106674380626,0.9138980815417926,1.388686965901457,temp,All,Mon
13.25_104.75,0.0,0.7138217490800763,1.3742453137409267,0.977552688829443,0.800264872558941,,1.0699743711452563,0.9296410178426862,1.4355552197976622,temp,All,Mon
13.25_105.25,0.0,0.7036239572093471,1.439565306653002,1.0101902841106531,0.8748574586004186,,1.057133154587303,0.9911059322236899,1.396757687032253,temp,All,Mon
13.25_105.75,0.0,0.7415623667484649,1.4360951518923493,0.8634661544566048,0.9563137479099713,,0.948810064464773,1.0433707501508804,1.3295921686113994,temp,All,Mon
13.25_106.25,0.0,0.7036208403880574,1.2983760295031408,0.8783655724227987,0.9282563935363035,,0.8993796221767987,1.0299785542151292,1.2878973555932716,temp,All,Mon
13.25_106.75,0.0,0.6680441757248226,1.261922938144125,1.000705303847281,0.8762356063210843,,1.0240299625648976,0.986161758397706,1.195344662521107,temp,All,Mon
13.25_107.25,2.9802322387695312e-08,0.62251631650742,1.1877420491189534,1.0300086501204968,0.824511496121088,,1.0772197894436377,0.9928669334532433,1.0889233047481137,temp,All,Mon
13.25_107.75,0.0,0.6273612115544084,1.2200169144571724,1.00054992907171,0.857646130400469,,1.025552527176662,0.8854076760877811,0.9957751543733253,temp,All,Mon
13.25_108.25,0.0,0.5610725607910857,1.2252582954337528,0.9605902762821007,0.8373430342182252,,0.8796306342728814,0.7341726491891981,1.0051449257969889,temp,All,Mon
13.75_102.75,0.0,0.4926628667639472,1.4920192893063928,0.81495019931281,1.3065150131400065,,0.7977873272074281,1.19423013384928,1.6854929990428387,temp,All,Mon
13.75_103.25,0.0,0.5428937428922131,1.4948364158775878,0.8146465951321147,1.149086426142079,,0.8124986117341515,1.1357789588860845,1.6355034704452536,temp,All,Mon
13.75_103.75,0.0,0.6296087303237635,1.4374524280006014,0.8773105616834508,0.9683509756871092,,0.9209608626620928,0.976454711049613,1.5444938828980768,temp,All,Mon
13.75_104.25,0.0,0.733612484471314,1.3914200553559062,0.9932261011194817,0.8577231909836358,,1.0794342277391398,0.9047131195110677,1.487471902193804,temp,All,Mon
13.75_104.75,0.0,0.7022826837409214,1.4132123769499794,0.9994809533410739,0.8432307161020315,,1.0260231328279326,0.9631959187042725,1.4993075897504304,temp,All,Mon
13.75_105.25,0.0,0.6807998524734641,1.4923330532481744,0.9548896516281388,0.9313973594535448,,0.9606906934036347,1.0956926266668807,1.4980450903501887,temp,All,Mon
13.75_105.75,0.0,0.7133789406916748,1.5562126883195353,0.8723506581444802,1.0306317704158365,,0.8577361154673734,1.1994839958908892,1.4356140958486323,temp,All,Mon
13.75_106.25,0.0,0.7228346087992886,1.4603768539136572,0.9632360493954581,0.9886434856243411,,0.8864376291726815,1.1129420277868494,1.3298626149584651,temp,All,Mon
13.75_106.75,0.0,0.7265187580151039,1.3802660203942236,1.0827437066982852,0.9539508898650206,,1.0882048432423848,1.0330187229094334,1.2078721914417967,temp,All,Mon
13.75_107.25,0.0,0.7021106627233878,1.2905568056114254,1.1985631949275146,0.9101345912688138,,1.20521209783002,0.9863578706323829,1.0979069726025723,temp,All,Mon
13.75_107.75,0.0,0.6815121333671444,1.2477398718011556,1.0310809677051629,0.8871144579472828,,1.0515413522353543,0.8451216976882966,1.0300774062713982,temp,All,Mon
14.25_102.25,0.0,0.5120515652087282,1.5828638555175003,1.063470711663044,1.2503669901021603,,1.0992442997950416,1.1233840844195562,1.6754136969467188,temp,All,Mon
14.25_102.75,0.0,0.4924243263542546,1.5538020738679434,0.9313750069315547,1.2567013348291431,,0.9735461256263933,1.2397542398616639,1.6691194615862934,temp,All,Mon
14.25_103.25,2.9802322387695312e-08,0.46844070689166195,1.540668586463184,0.9497891922149101,1.1828413466372374,,0.9392336043663803,1.1772610780407633,1.648663799005261,temp,All,Mon
14.25_103.75,0.0,0.507232112296116,1.5265503551501303,1.0304168459582785,1.0550491400841546,,1.00827321723964,1.0491394074005547,1.604256165567531,temp,All,Mon
14.25_104.25,0.0,0.5544415730153919,1.533443862841413,0.9945345920093678,0.9829499727237316,,1.05649586000803,1.014410000730248,1.6032493793404703,temp,All,Mon
14.25_104.75,0.0,0.6040671706351453,1.555715084209647,0.9413046470155306,0.9877520663858348,,0.9091890210085037,1.1002018434642982,1.6985608924282272,temp,All,Mon
14.25_105.25,0.0,0.6892588454203189,1.6732509615237698,0.929544969083428,1.0652100838541316,,0.8533958542740921,1.2431197649278358,1.6878175960551434,temp,All,Mon
14.25_105.75,0.0,0.7287378255159119,1.6205907150400436,0.8938456574582653,1.0624323020864717,,0.830769720079275,1.2492830417772114,1.546132286715384,temp,All,Mon
14.25_106.25,0.0,0.7665609586015361,1.5794176548714816,1.0743531512396638,1.0626594623755936,,1.0305018750089805,1.1276044920092796,1.4010120301046762,temp,All,Mon
14.25_106.75,0.0,0.7037228093060105,1.45450968480496,1.1995715888705176,1.013306637750208,,1.1350226526827885,0.9983124627699995,1.2810244369204404,temp,All,Mon
14.25_107.25,2.9802322387695312e-08,0.6881495518260775,1.3282617657546387,1.2089575470631422,0.9332538597070341,,1.1649906844323028,0.8726530441662339,1.1752770827882455,temp,All,Mon
14.25_107.75,0.0,0.8249132712044347,1.3263998672287405,0.9043196942440558,0.9465026571265259,,0.9158106632295414,0.7521501497279164,1.1948022255120274,temp,All,Mon
14.25_108.25,2.9802322387695312e-08,0.6993851959097069,1.264232883860855,0.6879695434490131,0.8760674051851182,,0.5965308851443557,0.6897372208907571,1.341634161256719,temp,All,Mon
14.75_101.75,0.0,0.5300032838270307,1.582637763674964,1.2200802585763548,1.3217200351251124,,1.2559855899655594,1.1441954297816754,1.7704433148061391,temp,All,Mon
14.75_102.25,0.0,0.5252731272543953,1.5922037957636723,1.0245960355107286,1.3763642296206569,,1.0620081855979444,1.3417262888062598,1.7817834738152238,temp,All,Mon
14.75_102.75,0.0,0.4906360752763904,1.6384337924031032,1.0154850592301072,1.36878146695423,,1.0362060346603525,1.396847398502375,1.7862175164148113,temp,All,Mon
14.75_103.25,0.0,0.4588271846757027,1.656958113549641,1.042994605273588,1.2956305010527027,,1.0551599977077346,1.298821709910644,1.7685505294906398,temp,All,Mon
14.75_103.75,0.0,0.4772660890849145,1.6299969910797363,1.0900438073879424,1.18587489263121,,1.0839170145296437,1.206640026978117,1.749681961708173,temp,All,Mon
14.75_104.25,0.0,0.5189910132726111,1.635375281238753,1.0600828496489776,1.1023911946449034,,1.0567271223219787,1.1634938060372868,1.75130085687387,temp,All,Mon
14.75_104.75,0.0,0.5692441773520155,1.6961804299637122,0.9697858421970668,1.0822156498608495,,0.8836635888922801,1.1897874002725388,1.8203111637542224,temp,All,Mon
14.75_105.25,2.9802322387695312e-08,0.7252333500010912,1.8493771922304028,0.9550654627382236,1.1336400211766544,,0.7790556325045369,1.2638148568815364,1.8678229808317899,temp,All,Mon
14.75_105.75,2.9802322387695312e-08,0.7951365956787875,1.7770342032491373,0.9747230405323026,1.133641947070647,,0.845340208100315,1.218489174942828,1.6949789592653783,temp,All,Mon
14.75_106.25,2.9802322387695312e-08,0.7566750127495321,1.67889074048237,1.1070229269606395,1.10576905255877,,1.089710234491761,1.0242456665038453,1.4999381169026544,temp,All,Mon
14.75_106.75,0.0,0.8270318191704401,1.677360416244284,1.1231626817734628,1.0968313662236877,,0.9958755090605427,1.072462874645903,1.5091842074015496,temp,All,Mon
14.75_107.25,2.9802322387695312e-08,0.742512017933119,1.5454407017846792,1.1010005598999837,0.9771977975166762,,0.9520565495321036,0.8921545832688093,1.430334141899922,temp,All,Mon
14.75_107.75,0.0,0.8550882047586077,1.4423220273179063,0.8722939714178172,1.0095023337106475,,0.8254469538667663,0.8119608070031078,1.579628944253654,temp,All,Mon
14.75_108.25,0.0,0.6456493619095289,1.3379823351440316,0.8573139927450524,0.9645466702611732,,0.7702813035456392,0.8321596207905172,1.6307173660882661,temp,All,Mon
15.25_101.75,0.0,0.44305325238502113,1.8258066456434863,1.1796199689813567,1.5420495636909917,,1.2271560189109894,1.4281052466977355,1.8889923565227802,temp,All,Mon
15.25_102.25,0.0,0.4570029965846102,1.806799951314028,1.1181782184302604,1.5752993770212835,,1.0970578821856933,1.5863242145334724,1.8913101914080332,temp,All,Mon
15.25_102.75,0.0,0.4737775055783465,1.8297074415684524,1.1292483518171992,1.4879260057803878,,1.1248676510869842,1.5722727951928452,1.8787273204136217,temp,All,Mon
15.25_103.25,4.2146848510894035e-08,0.44804427222860355,1.8303261933318005,1.1512345598077458,1.3672150120378679,,1.1603010098516917,1.4424008561667194,1.8360564582965515,temp,All,Mon
15.25_103.75,0.0,0.45188552453620817,1.7963512079032795,1.158157163514596,1.255361762486592,,1.1731226658657334,1.3411550094173132,1.785299916541854,temp,All,Mon
15.25_104.25,0.0,0.45879615676173735,1.8230385574168069,1.122825270622723,1.207587959221052,,1.1262854475306296,1.2616860669066086,1.7576095443757886,temp,All,Mon
15.25_104.75,2.9802322387695312e-08,0.500958168895964,1.801268328491541,1.0517615227136472,1.1408763995118572,,1.0454762163944769,1.2117677149618056,1.7448897971562074,temp,All,Mon
15.25_105.25,0.0,0.6501768887741542,1.8839373850362657,0.9806589097909559,1.2320543249305798,,0.8686990729465598,1.2913507937145559,1.8845979128453572,temp,All,Mon
15.25_105.75,0.0,0.6959341499783382,1.7407482156126282,1.0446846672391519,1.1557125759486304,,0.9359574928104861,1.1513566465774738,1.73824873222832,temp,All,Mon
15.25_106.25,2.9802322387695312e-08,0.7998933395643376,1.6512517960971267,1.0446317924780444,1.1434540697113236,,0.9929091105706794,1.0934363979299888,1.641043400811869,temp,All,Mon
15.25_106.75,0.0,0.8486849144605363,1.7422111780250211,1.0772390284002875,1.111752089923364,,0.9609648805851626,1.050578903710009,1.6277930854720277,temp,All,Mon
15.25_107.25,0.0,0.8245495378954453,1.668699665288896,1.0347498225885612,0.9835892009386407,,0.9514987968365906,0.8932297478223364,1.696105932267968,temp,All,Mon
15.75_101.75,0.0,0.5345863280390043,2.1019253305487546,1.2709818442636487,1.7127307399163623,,1.2762380282755346,1.6247150197878948,1.943830752608303,temp,All,Mon
15.75_102.25,2.9802322387695312e-08,0.5241351387542098,2.090974625088013,1.2630427948091962,1.7467009289770032,,1.2222951720934037,1.863487711605087,1.9956823354384454,temp,All,Mon
15.75_102.75,4.2146848510894035e-08,0.4640819020937362,2.0113707287430223,1.240735792799626,1.5674822846745966,,1.2189972661673028,1.7527448738223692,1.9647997587169463,temp,All,Mon
15.75_103.25,4.2146848510894035e-08,0.3929227654749391,1.9761385662503588,1.2430394048800404,1.4378708964673956,,1.2387276804700573,1.5633599385779562,1.9053139678029722,temp,All,Mon
15.75_103.75,4.2146848510894035e-08,0.3747393185110367,1.929331719379721,1.2451902923061051,1.3436248855991861,,1.263676529023296,1.4342939113984488,1.8011816704253432,temp,All,Mon
15.75_104.25,0.0,0.39894840402916193,1.8987268386904461,1.2160977652530727,1.2841128249272333,,1.2334708430559207,1.3079521356738473,1.7121992089905096,temp,All,Mon
15.75_104.75,0.0,0.442815417832514,1.8533792667484947,1.1718064715105396,1.2491352886470328,,1.166609446876492,1.2390468547211708,1.7028040579701713,temp,All,Mon
15.75_105.25,0.0,0.43885214050861554,1.844702816359793,1.070304110250204,1.2363521394161532,,1.0453203452140636,1.2519631559424826,1.7227481792519017,temp,All,Mon
15.75_105.75,0.0,0.5797759916236478,1.8290202861604936,1.1741368479340601,1.2012991128594004,,1.1809184991041226,1.2771312684336016,1.6678746133654734,temp,All,Mon
15.75_106.25,0.0,0.7814801353793902,1.8447034090303835,1.2421174574426335,1.187533548953662,,1.1687523149391772,1.2719006028933808,1.649682222707889,temp,All,Mon
15.75_106.75,0.0,0.7652908211869527,1.7131937025812352,1.165051134411318,1.0437238949747283,,1.2881350480343128,1.1077089488604919,1.6637098183553873,temp,All,Mon
16.25_101.75,0.0,0.622293954769094,2.213970745515232,1.3226605435942385,1.8402448954269508,,1.3320123459402455,1.7114516817261605,1.9282638969879853,temp,All,Mon
16.25_102.25,0.0,0.6521206673463,2.279661103367314,1.3984873801112572,1.880978291490841,,1.3838714942603838,2.118441526475626,2.08229549728109,temp,All,Mon
16.25_102.75,4.2146848510894035e-08,0.5080798016662218,2.1459614604977872,1.3416062604811891,1.6405397684052492,,1.2908461040916126,1.9314275020306055,2.0021912784409497,temp,All,Mon
16.25_103.25,0.0,0.3955317053216602,2.0533498832887616,1.320543569062497,1.476816652563194,,1.303834233824172,1.6672260650776844,1.874779723540631,temp,All,Mon
16.25_103.75,4.2146848510894035e-08,0.3697357326953726,1.9503234750432656,1.3171280906960094,1.3990828792415182,,1.315733261759089,1.4805172329703655,1.8009961581001699,temp,All,Mon
16.25_104.25,0.0,0.4008856940471595,1.8602714377258074,1.2836889543098984,1.3338452178467872,,1.2873799282670357,1.3433766648071546,1.710581665154456,temp,All,Mon
16.25_104.75,0.0,0.3605946122847275,1.7889037600748772,1.2579539930942427,1.2345022743217489,,1.2725977916839109,1.29278434190616,1.6163850641143043,temp,All,Mon
16.25_105.25,5.960464477539063e-08,0.3589418262348251,1.8548685683981578,1.2907376409765692,1.2220498564306495,,1.277343573940995,1.373342143555752,1.5778378502021588,temp,All,Mon
16.25_105.75,0.0,0.40145887425615784,1.8436643818773448,1.4867943837103779,1.1019769971895033,,1.491542852143898,1.4215119935713718,1.5097861456304011,temp,All,Mon
16.25_106.25,0.0,0.40058628057372303,1.8218579216439978,1.5878113256621802,0.9385017980959961,,1.6983489472969537,1.3565485427591717,1.5022832001156656,temp,All,Mon
16.25_106.75,0.0,0.3973552490045093,1.7501946265677886,1.4204624089404887,0.8302002784311966,,1.4566581640484701,1.2484238164206183,1.581567553805155,temp,All,Mon
16.25_107.25,4.2146848510894035e-08,0.3125299496181565,1.5987180708666593,1.4281638488082198,0.6439663632708595,,1.5214874251031645,1.229584496788655,1.5125343718578972,temp,All,Mon
16.75_101.75,0.0,0.7695274317168594,2.2777110012104376,1.405288126958474,1.9361224305189917,,1.3809924399962896,1.9166223184677234,1.9467535893136447,temp,All,Mon
16.75_102.25,0.0,0.7310866236630513,2.3184163806394613,1.4567544512648265,1.878449387884126,,1.397620346079404,2.23496902602047,2.1103290458742854,temp,All,Mon
16.75_102.75,0.0,0.6019997287888541,2.2756850030455227,1.4246498521226312,1.6885255101989476,,1.3303026594472036,2.02258060177623,2.074091088974024,temp,All,Mon
16.75_103.25,4.2146848510894035e-08,0.44398646005766873,2.1709810377543133,1.3744320905129603,1.532501677019791,,1.320989365976593,1.662540231919912,1.9123456597266504,temp,All,Mon
16.75_103.75,0.0,0.38556725566397215,2.0364390774261967,1.3765574893825856,1.4342922662468518,,1.3490888859057804,1.5202659572491448,1.839152532273985,temp,All,Mon
16.75_104.25,0.0,0.40818316889052253,1.9572978059679154,1.354206242675899,1.3852342138925093,,1.360694947876863,1.5432382786930348,1.7999739514410587,temp,All,Mon
16.75_104.75,0.0,0.3749235440029823,1.8576770498963546,1.3484618778268729,1.2540260782305617,,1.3569647894138364,1.5449237164989484,1.650181386574308,temp,All,Mon
16.75_105.25,4.2146848510894035e-08,0.3197480832059823,1.8852228298176512,1.4429298459069413,1.1477351309529948,,1.5311860426388726,1.5583947562736322,1.4738982753873706,temp,All,Mon
16.75_105.75,0.0,0.3315351981194326,1.8533430639775004,1.6640979614481453,0.9508098767952177,,1.8446618016434126,1.5044828156892425,1.3717324892692762,temp,All,Mon
16.75_106.25,0.0,0.27418047812089724,1.8628704557066742,1.7113356700317854,0.7826117326313008,,1.90763634665103,1.4395605189556135,1.3638287457024907,temp,All,Mon
17.25_101.75,4.2146848510894035e-08,0.6303464437460274,2.2590357908958283,1.5363796462048143,1.8650259907855384,,1.510347653476267,2.0583460816830166,1.949719731794098,temp,All,Mon
17.25_102.25,0.0,0.6475305041002182,2.3657052541731494,1.62170234539391,1.8426958385024166,,1.5708887056072898,2.3437771746824674,2.149824252189747,temp,All,Mon
17.25_102.75,0.0,0.5626892795687706,2.400598176724621,1.5555862861083203,1.701792412982632,,1.5148885658699216,2.1904140995456745,2.1460854516413534,temp,All,Mon
17.25_103.25,4.2146848510894035e-08,0.4357658209195505,2.348641259930101,1.492055886318372,1.582960010393065,,1.4854918540042121,1.851146586351466,2.0307653816094415,temp,All,Mon
17.25_103.75,0.0,0.3913200160875456,2.2280029577816456,1.4919074641329488,1.4931591405086022,,1.5083349425550048,1.746731401798582,1.9438066569017693,temp,All,Mon
17.25_104.25,4.2146848510894035e-08,0.4515091161011209,2.1507404031362634,1.4859543690956365,1.4519910279152834,,1.4933806996928314,1.8060427915705308,1.9131895952765885,temp,All,Mon
17.25_104.75,0.0,0.5143672390452658,2.0802569597457317,1.4249622825248986,1.3795020812987797,,1.406615382709956,1.7579178065072147,1.8079948505874877,temp,All,Mon
17.25_105.25,0.0,0.3279746741825518,1.921663950259949,1.5970420713721274,1.1200222621776368,,1.734759989085442,1.5358906958114646,1.4710316827313203,temp,All,Mon
17.25_105.75,0.0,0.27566110838936453,1.867031284100453,1.740231730760829,0.8968873861131714,,1.956587496527682,1.4892128906968938,1.3367566228521823,temp,All,Mon
17.25_106.25,0.0,0.3040797603221781,1.920985529378305,1.9331583605744982,0.8406501600254619,,2.098022889301766,1.4605964797976332,1.340755026067421,temp,All,Mon
17.75_101.25,0.0,0.5229276456024411,2.1405200186760527,1.465591857288421,1.674976654971353,,1.5549697399802047,1.6509284245082918,1.8049633824060818,temp,All,Mon
17.75_101.75,0.0,0.5341967061002916,2.2119112853609657,1.6258705378428784,1.756807836727807,,1.6179277319521013,2.0345488171127957,1.9157963611263829,temp,All,Mon
17.75_102.25,0.0,0.5753884268864894,2.3954366783324628,1.7053973985347828,1.7721003546473892,,1.7205308314054544,2.396890027498318,2.126987556854654,temp,All,Mon
17.75_102.75,0.0,0.528680943242439,2.474528764775574,1.6668225761289526,1.6834997059556946,,1.6572288822418335,2.3505521319391356,2.1346077699862773,temp,All,Mon
17.75_103.25,0.0,0.4459343848870569,2.5307385592064153,1.6243317366933636,1.6091969568504623,,1.6171583202013573,2.0683251662921287,2.0578241671651787,temp,All,Mon
17.75_103.75,0.0,0.4271033849885033,2.427877184985775,1.585763756408591,1.5336590136182775,,1.5806338323313274,1.9529811270109572,2.0124331947141196,temp,All,Mon
17.75_104.25,0.0,0.39634852444212393,2.275951925741167,1.5206708195222483,1.4263430463378253,,1.5819209873254545,1.819501538459908,1.9518291425258751,temp,All,Mon
17.75_104.75,0.0,0.5342771005211102,2.1819927191807427,1.5165542719976206,1.4045393068133567,,1.627082825974529,1.542794065388138,1.848142412424656,temp,All,Mon
17.75_105.25,0.0,0.37575111628119384,1.9929064623664845,1.5314134526892447,1.2699240686362783,,1.720028731319854,1.41126045822269,1.6676062922655972,temp,All,Mon
18.25_101.25,0.0,0.45836516048714077,2.0824983905996386,1.523806775205142,1.5868527683710372,,1.642541007407076,1.7150057770856761,1.7696941760858655,temp,All,Mon
18.25_101.75,0.0,0.480726589488885,2.1028899755701134,1.612140939779619,1.5938556387350185,,1.693314145840566,2.024520243663074,1.7888769370700037,temp,All,Mon
18.25_102.25,0.0,0.5165507675151639,2.273064949361577,1.6785768606673004,1.6042232459548758,,1.7165989641532602,2.1371746655664356,1.912409502354992,temp,All,Mon
18.25_102.75,0.0,0.47290405788700474,2.4277933630060087,1.5785826093546296,1.5422218562066103,,1.6314923331138211,2.002239757931798,1.930114542129697,temp,All,Mon
18.25_103.25,0.0,0.5045404283578016,2.451541936696984,1.5722848304058221,1.5423996580369415,,1.645103833676876,1.8844495865225694,1.9395300607849377,temp,All,Mon
18.25_103.75,0.0,0.543282765460075,2.4993405474640586,1.5770850473641551,1.5370524384016708,,1.6841705092317372,1.925267374315774,1.9631054847253933,temp,All,Mon
18.25_104.25,4.2146848510894035e-08,0.4933041700479057,2.363082612229454,1.6319071823660798,1.4242626767404467,,1.7402186841654463,1.7209169534547037,1.8917281669159542,temp,All,Mon
18.25_104.75,0.0,0.687707631123261,2.3529949467663815,1.5724672301538347,1.5484171902565516,,1.6626320020158871,1.6391198601231272,1.946443879895423,temp,All,Mon
18.25_105.25,0.0,0.4870279762177841,2.158022588985707,1.6780524051555084,1.4912393914565425,,1.7690087314554803,1.9039449916269084,1.8380335424924257,temp,All,Mon
18.75_101.25,0.0,0.5084881537610918,2.226709964866228,1.4963925538979304,1.400465701570144,,1.7586748244180552,1.4385009060901142,1.6916862467853993,temp,All,Mon
18.75_101.75,0.0,0.5683641818221422,2.0940438468633507,1.5381471905988502,1.3878634051038852,,1.744389530982275,1.6368090986082016,1.6640486987961105,temp,All,Mon
18.75_102.25,0.0,0.5994616059960152,2.117383978470425,1.4300548354813865,1.3355601618466337,,1.6318249276714976,1.5709379062779845,1.6349566714361314,temp,All,Mon
18.75_102.75,0.0,0.5827991431687695,2.1727630838162164,1.428649746039101,1.2803316170089292,,1.4852498772881306,1.417106700632457,1.5983913705620263,temp,All,Mon
18.75_103.25,4.2146848510894035e-08,0.5623749776853186,2.2162631819700005,1.2159643949704764,1.3882015953741256,,1.5269700925577046,1.477800618347122,1.6760892313729585,temp,All,Mon
18.75_103.75,4.2146848510894035e-08,0.5533304043374194,2.3943644339769934,1.4951211818551142,1.4405234983597925,,1.6826420940066422,1.6665590015856104,1.7574236212049883,temp,All,Mon
18.75_104.25,0.0,0.6776801372709425,2.475981269948235,1.5969150633875042,1.5036729679447574,,1.7429959210294343,1.8644205988807794,1.9071831390742804,temp,All,Mon
18.75_104.75,0.0,0.6810313082241335,2.571713230990134,1.8064547985902633,1.5388174732013606,,1.8442148025819451,2.2396289130253884,2.046140491811987,temp,All,Mon
19.25_101.25,4.2146848510894035e-08,0.5578563239548694,2.206836884399865,1.5750151610775847,1.248079739833767,,1.8618420947406427,1.4123047091824206,1.6858634137496242,temp,All,Mon
19.25_101.75,0.0,0.6765308304436818,2.083877620063495,1.5117681568823682,1.2656341528223443,,1.7503473085469246,1.4214976219730588,1.6203185490438246,temp,All,Mon
19.25_102.25,0.0,0.6275632050416573,2.197584611496112,1.4152630993567739,1.2484343081990883,,1.703957948999797,1.3052721411706933,1.6119369185368997,temp,All,Mon
19.25_102.75,0.0,0.6648050441024818,2.1095925509046283,1.376633072790859,1.2533904667093467,,1.6515178193090525,1.2644284269823198,1.6088164675936816,temp,All,Mon
19.25_103.25,0.0,0.6701512438005389,2.182089496125361,1.4597241527722835,1.424114810122723,,1.6033302039450854,1.430668447127536,1.6474757780780613,temp,All,Mon
19.25_99.75,5.960464477539063e-08,0.33049725323437834,2.270554066200486,1.6853621809641455,1.3585415778803174,,1.8998442827773252,1.6199155070373976,1.8340556349336081,temp,All,Mon
19.75_100.25,0.0,0.37383218801512264,2.440397476785723,1.839762929446158,1.2657056617594526,,2.1116653798002716,1.7096467303038607,1.9002075618926138,temp,All,Mon
19.75_100.75,5.960464477539063e-08,0.447541405018378,2.4811282555169325,1.879438945368397,1.2256988860521045,,2.175842798367942,1.5603611191948454,1.8037294541925306,temp,All,Mon
19.75_101.25,0.0,0.5891233394880107,2.3653815644461083,1.7709808372536067,1.2358236161457783,,2.0940009919813565,1.5248566192985258,1.722103502659187,temp,All,Mon
19.75_101.75,5.960464477539063e-08,0.6729791446603282,2.249506686978863,1.626737276167893,1.267666333520432,,1.9424094467061706,1.4286527964974387,1.6976494651913103,temp,All,Mon
19.75_102.25,5.960464477539063e-08,0.674042762070707,2.2467263518952922,1.6601769951773426,1.256785668365305,,1.898985348274546,1.3817564766911372,1.6963118385310065,temp,All,Mon
19.75_102.75,4.2146848510894035e-08,0.6622262058027373,2.2599817094074184,1.6841880395668156,1.2824340469484694,,1.9322315154044034,1.4350272011536036,1.6992058916615953,temp,All,Mon
19.75_103.25,0.0,0.6820118193619025,2.345359071211866,1.7178527646245287,1.4614747379159143,,1.8828028817800726,1.5682175761270536,1.710455351051099,temp,All,Mon
19.75_99.25,0.0,0.3914588629859234,2.355713439666202,1.7796672263344564,1.3688762288462948,,2.044130940197771,1.7423511453464946,1.769571389350363,temp,All,Mon
19.75_99.75,0.0,0.3080836652614773,2.399267077772826,1.8278067700996312,1.3364047817311844,,2.119275296079828,1.775489245545318,1.8848421792160912,temp,All,Mon
20.25_100.25,0.0,0.4288523467373253,2.4489083501328017,1.8798602264927589,1.2946907590496282,,2.1589109326840488,1.7388431179226866,1.8207166243347948,temp,All,Mon
20.25_100.75,0.0,0.47160808767329226,2.5638731220811026,1.9637503285009117,1.2608547221856476,,2.2755283410737874,1.6802773062354845,1.8213586777839812,temp,All,Mon
20.25_101.25,0.0,0.5218010457620355,2.5900929493822162,1.9273996454709046,1.2527359727940293,,2.305930222147329,1.6728674759252429,1.7863042538320326,temp,All,Mon
20.25_101.75,0.0,0.598362327970472,2.5064274100568724,1.8515508302613357,1.3661380653331463,,2.2224306285316793,1.6815518308229533,1.8056639498413738,temp,All,Mon
20.25_102.25,0.0,0.6489828758160923,2.382381623950177,1.8061236094158009,1.4671980008783845,,2.1440472033428564,1.7101986644546145,1.8214309004160067,temp,All,Mon
20.25_102.75,0.0,0.6291667971335758,2.4038150172981863,1.8028995182379168,1.499315369188214,,2.1649415060350474,1.716069551579699,1.8389329587886725,temp,All,Mon
20.25_103.25,0.0,0.5791321649497807,2.4807050120276624,1.8349257611417817,1.4906631351717154,,2.112822127092125,1.6915704376269312,1.7970405320894345,temp,All,Mon
20.25_99.25,0.0,0.3952026666908803,2.4171880048968593,1.7811401057160585,1.3031615048204117,,2.0868785873885956,1.6329039058593977,1.7055124235738182,temp,All,Mon
20.25_99.75,0.0,0.35980035462350046,2.4166957259284407,1.8264822948843378,1.322172155214181,,2.1418367591390264,1.6854890830068576,1.7424741432633244,temp,All,Mon
20.75_100.25,5.960464477539063e-08,0.3595640828447573,2.455894584954962,1.8860185980491926,1.2331304286494211,,2.259112329688374,1.6217183913443496,1.7494252934106898,temp,All,Mon
20.75_100.75,0.0,0.40110850164782536,2.6082739244467468,1.9807436560874552,1.254338976299755,,2.2683152991156095,1.7316396527006068,1.8125734428474531,temp,All,Mon
20.75_101.25,0.0,0.47448501644377833,2.7242174237750176,2.0623015475071833,1.306126912893781,,2.328058541525838,1.8127136724827175,1.8324898928418292,temp,All,Mon
20.75_101.75,0.0,0.5741684144045941,2.663083053942598,1.9587448301509034,1.4527985915204535,,2.3294715351645237,1.9192520828946484,1.8535064307985278,temp,All,Mon
20.75_102.25,0.0,0.6085428252928552,2.582037691266167,1.894143795873914,1.5969857847019018,,2.279208049933847,1.9842177634721416,1.9141949061641983,temp,All,Mon
20.75_102.75,0.0,0.6074541805503056,2.5883877063744376,1.8810100261997427,1.658533222735258,,2.2492847324732748,1.9532905286228979,1.9450476333664601,temp,All,Mon
20.75_103.25,0.0,0.5502995081082175,2.672062796458394,1.8871476810633285,1.6119295542736198,,2.2078734269742837,1.8993200982402427,1.9189849318126102,temp,All,Mon
20.75_99.75,0.0,0.34637888221483254,2.371393451479831,1.789098547870248,1.2657208890797804,,1.9723439326970302,1.4993856599512498,1.6674437276543739,temp,All,Mon
21.25_100.25,0.0,0.33109613459917975,2.439946653539481,1.7700542403335198,1.2270042457246366,,2.218886332555271,1.5810019610933985,1.6483147533982463,temp,All,Mon
21.25_100.75,0.0,0.35706533969911736,2.584641413452675,1.866732709782003,1.3036624165509212,,2.2058866959726933,1.7340371463041613,1.7495769511836532,temp,All,Mon
21.25_101.25,5.960464477539063e-08,0.38724084330662556,2.7314375182163535,2.056217110891967,1.347733348167604,,2.3571352624338364,1.856527494874988,1.831595073124994,temp,All,Mon
21.25_101.75,0.0,0.5118554644814334,2.7467019381072966,2.072603125555685,1.514261167814789,,2.4025899031595097,2.0028067752356997,1.8776277035669564,temp,All,Mon
21.25_102.25,0.0,0.7303937653097667,2.761053902867402,1.9664141083659812,1.758705167975733,,2.320117716453969,2.2020717202414906,1.9791903121675334,temp,All,Mon
21.25_102.75,5.960464477539063e-08,0.6739215023370101,2.740635634602486,1.9265338927127051,1.7623153830108442,,2.2315540511448964,2.181220928739155,2.0165606370325873,temp,All,Mon
21.25_99.75,0.0,0.3739808087649274,2.3168991606789104,1.5300468075780906,1.252715378363099,,1.685539202008069,1.3701558628296633,1.5587714066102643,temp,All,Mon
21.75_100.25,5.960464477539063e-08,0.3148362511641045,2.3898011478839694,1.7547383661698301,1.1998306014912068,,2.0859339814549345,1.4965095707043143,1.6365719014197797,temp,All,Mon
21.75_100.75,5.960464477539063e-08,0.29166081258623916,2.532770410540195,1.9298930884561742,1.323891111000791,,2.246367389034154,1.6768569064921064,1.7186402097926161,temp,All,Mon
21.75_101.25,0.0,0.2905701884868073,2.6615740761222666,2.0087180422433324,1.421167332436093,,2.377281252190952,1.8197408231684087,1.7937536417717945,temp,All,Mon
21.75_101.75,0.0,0.40085146479591305,2.735950794463373,2.083342749703078,1.5788897974363099,,2.432333420160586,1.939705502522994,1.8690620338001405,temp,All,Mon
21.75_102.25,5.960464477539063e-08,0.6433649549058313,2.7564262959041157,2.0257893937559484,1.808895441562521,,2.3508967679652835,2.1167026349145828,1.9547447205863278,temp,All,Mon
21.75_99.25,0.0,0.42017436213449033,2.1590206294257075,1.2452355973649119,1.1155093585079119,,1.5404453117554875,1.1435433391274645,1.5981830722532764,temp,All,Mon
21.75_99.75,0.0,0.37915597982788835,2.3359287043282353,1.5255696743001528,1.1247734310150006,,1.86342923070965,1.301376649914508,1.5692651962030368,temp,All,Mon
22.25_100.25,0.0,0.34147928216321227,2.298889815916795,1.7271160690577387,1.177479674742125,,2.0329957033271873,1.390610001258022,1.6010512708611715,temp,All,Mon
22.25_100.75,0.0,0.28616034716985783,2.4353314578679854,1.9466060890652908,1.3330862901127811,,2.2544190029694557,1.599261130636989,1.6343456092850277,temp,All,Mon
22.25_101.25,5.960464477539063e-08,0.23991157728868967,2.5451434395217953,1.9300501875694556,1.4530759622220806,,2.3002484266446177,1.75461980744766,1.7036072657147026,temp,All,Mon
22.25_101.75,0.0,0.2875560756200895,2.6381402698045906,2.009140249945684,1.5669426997998048,,2.3670490803521944,1.873242116194857,1.7768566713036,temp,All,Mon
22.25_102.25,0.0,0.4158975236771807,2.6251331656587578,1.989328158306426,1.6746516628280255,,2.3585031419605804,1.9627511256304213,1.8220236860904315,temp,All,Mon
22.25_99.75,0.0,0.43900699114781255,2.273574939054981,1.4971869539889562,1.0876055333138535,,1.855122235390402,1.3326326273747395,1.6133803146946442,temp,All,Mon
22.75_100.25,0.0,0.38935626831052733,2.0616373411154245,1.6381470980893558,1.2312680782914414,,1.858056155188499,1.2861135472235523,1.5267552819966865,temp,All,Mon
22.75_100.75,5.960464477539063e-08,0.3205993688270719,2.235517695524202,1.7053375909828508,1.359854547850228,,1.9298619908757968,1.4798403368516995,1.5560328153490142,temp,All,Mon
22.75_101.25,0.0,0.24617246763679443,2.306491460183246,1.710608456201872,1.4199032217045189,,1.9234418295787923,1.502188422744408,1.615647482597922,temp,All,Mon
22.75_99.75,0.0,0.4754119079060314,1.9381817156621624,1.4742779169841147,1.1218463141454498,,1.7930252441973566,1.1587447036162308,1.5600023222204964,temp,All,Mon
23.25_100.25,0.0,0.3105039711992163,1.8787062497019518,1.4309051875033814,1.2694223246083638,,1.705945331677045,1.1687810542845867,1.442909507007585,temp,All,Mon
23.25_100.75,5.960464477539063e-08,0.2602560927294871,1.9367881930877249,1.358992565755504,1.336958385858523,,1.6400726846714437,1.274391438311621,1.4687598636374868,temp,All,Mon
23.25_99.25,0.0,0.35543050411421856,1.952602195861616,1.5055655642129002,1.1049773046585274,,1.8011407581088403,1.1529961524480483,1.530906668062,temp,All,Mon
23.25_99.75,5.960464477539063e-08,0.3612064285084422,1.7093672765130106,1.3788520019762567,1.1558028588439457,,1.6969532117590156,1.0526586523202643,1.4885283041186825,temp,All,Mon
23.75_100.25,0.0,0.2988474870053004,1.5895446905737387,1.2784584554878766,1.4218838388063095,,1.515543074895123,1.007394929874675,1.328818941150439,temp,All,Mon
23.75_100.75,5.960464477539063e-08,0.27311541733222977,1.700996476536716,1.2960336381493864,1.421528954285913,,1.5666397730230732,1.1371936178280633,1.37228863851324,temp,All,Mon
24.25_100.25,0.0,0.2747701336062081,1.3994458050569178,1.2665667122780508,1.5574234898990909,,1.4414902910494898,0.9396946542479496,1.260592957293826,temp,All,Mon
24.25_100.75,0.0,0.30741698546137564,1.4326954266265963,1.3197219459843503,1.4912690902614567,,1.445828155122518,1.0484070377853456,1.3070819271928147,temp,All,Mon
24.25_99.75,0.0,0.31334540629428637,1.4993588065739036,1.1689749454061904,1.5035556312465461,,1.3251979672876426,0.9550616540145929,1.2826340689628417,temp,All,Mon
24.75_100.25,0.0,0.23004072972412304,1.2971836262070597,1.189665077962602,1.5322348902815581,,1.3701862431614213,0.927201988058612,1.184257127174918,temp,All,Mon
24.75_99.75,8.429369702178807e-08,0.21239582960244185,1.4214424509816017,1.2159579975962629,1.4720924467486474,,1.3995689835817693,0.9469110006277905,1.188084668908666,temp,All,Mon
25.25_99.75,8.429369702178807e-08,0.3708143436792608,1.3027724565540955,1.2347685807763904,1.5014607989089503,,1.3457079422452825,0.9335472771932998,1.1129177620421808,temp,All,Mon
25.75_100.25,8.429369702178807e-08,0.650960034688585,1.2062918413026786,1.0478914773187775,1.6566756805463652,,1.0660223894315306,0.9594004704215655,1.1581392736400948,temp,All,Mon
25.75_99.25,0.0,0.8246085376104528,1.2842861710365772,1.1327140679247454,1.6201216891983652,,1.1152763850000078,1.0086827835035002,1.0609929608454733,temp,All,Mon
25.75_99.75,0.0,0.7702287414135548,1.2181331796971562,1.0699880991852395,1.5595144673823234,,1.0472679048424838,0.9296125893381219,1.0772029944921693,temp,All,Mon
26.25_99.25,8.429369702178807e-08,0.8205368219486627,1.1480845083726785,0.8769340781807536,1.6610838655130462,,0.8257648353943228,0.8462867504146627,0.9653811599518975,temp,All,Mon
26.25_99.75,0.0,0.8777020817838247,1.140064723108747,0.8628585331127067,1.5726536314295436,,0.7870541359315535,0.8133531717555382,1.0205113309754634,temp,All,Mon
26.75_99.25,0.0,0.5691285606102421,1.0795062574874514,0.8728578773864116,1.576189295069371,,0.7985012864540815,0.7490165468893512,0.958414205494176,temp,All,Mon
27.25_99.25,0.0,0.4836974236850967,1.0300951089475785,0.8670202237879253,1.4289257682561058,,0.7630619230379693,0.7887991499162309,0.9891903151501121,temp,All,Mon
27.75_98.75,1.1920928955078125e-07,0.5217354580190366,1.1262562487581589,1.1935467157041009,1.432046019432021,,1.623199382068991,0.90372104511237,1.124014580988493,temp,All,Mon
28.25_98.75,0.0,0.4791491029085196,1.1939743481892597,1.131475730204004,1.51973267099572,,1.417815084130413,1.8388382075338252,1.2441937680527762,temp,All,Mon
28.75_98.75,0.0,0.4983119617062305,1.023022944110817,0.8636199761709565,1.490725388558407,,0.9951852219754931,1.6758392064754697,1.1793876215402872,temp,All,Mon
29.25_98.25,0.0,0.6375977402042455,1.2549238734275703,0.8984750273218292,1.7190231122077455,,0.9723048451899764,1.4684812421467883,1.0401893158087347,temp,All,Mon
29.75_98.25,0.0,0.6528191484694574,1.119851205445551,0.8201890984280945,1.720151343029193,,0.9149829916378209,1.6426145218619805,0.9428475598957106,temp,All,Mon
30.25_97.75,0.0,0.7145010672634969,1.0474851080886716,0.8779834618619498,1.6417101335144435,,0.8485385090611052,1.7142267926681722,0.9812745594501521,temp,All,Mon
30.25_98.25,0.0,0.6954874195090808,1.0362132426146866,0.8274072660198686,1.7728521662407513,,0.8719078367505926,1.5801082695610003,0.9364856585615414,temp,All,Mon
30.75_97.25,0.0,0.752053379398456,1.0143892505611807,0.9850836853549361,1.5541607905868218,,0.929553352589663,1.2477936992710985,1.0175553043134546,temp,All,Mon
30.75_97.75,0.0,0.7810564413138896,1.0230069611755799,0.8991415696349322,1.7589410925971776,,0.8970302538534018,1.3872109653105715,1.0229490774878185,temp,All,Mon
31.25_96.25,1.1920928955078125e-07,0.8681526894615147,1.1863091632569192,1.1561817819106393,1.4441230706071595,,1.1456458843651431,1.253887497855197,1.3683596438795904,temp,All,Mon
31.25_96.75,0.0,0.8726361826091825,1.1049447160194188,1.093107958147274,1.3895986204049624,,1.057096078738293,1.1573016754742336,1.10327377127529,temp,All,Mon
31.25_97.25,0.0,0.8429482652025628,1.177500366866154,1.0868688924312948,1.5175128319447353,,1.1045034857367502,1.373839477270943,1.0553809649864863,temp,All,Mon
31.75_95.75,1.1920928955078125e-07,0.922084101202814,1.3593273687973333,1.320653135541097,1.5417569576109873,,1.327149833190224,1.8256696002679846,1.587723306522316,temp,All,Mon
31.75_96.25,1.1920928955078125e-07,0.9346845294990194,1.212108801528569,1.0667787298937252,1.4921690070808042,,1.0789222620604473,1.280997989274654,1.409839490836332,temp,All,Mon
31.75_96.75,0.0,0.9374561177483829,1.2065376435169888,1.0839896296004483,1.5137550362382122,,1.0071242842257337,1.3476455158175822,1.2444693804419134,temp,All,Mon
31.75_97.25,0.0,0.9153792101675751,1.3426545976671456,1.0272048994911587,1.6254809289101089,,1.048579088793533,1.690674042500658,1.2143047029420624,temp,All,Mon
31.75_97.75,0.0,0.9305563966920081,1.5699729747643398,1.1099705048358965,1.8089792224722443,,1.0492731020383756,2.1651350831490146,1.3303570295336988,temp,All,Mon
32.25_94.75,0.0,0.9200197323944383,1.4422759924940396,1.2588962763469873,1.6221893027556578,,1.1752111235121285,2.04846635561348,1.6651038095648094,temp,All,Mon
32.25_95.25,1.1920928955078125e-07,0.9180650834991343,1.3625875633998528,1.2420746548015749,1.5066168790827383,,1.440490862385932,1.5487393161502574,1.6155086242479295,temp,All,Mon
32.25_95.75,1.1920928955078125e-07,0.9698596843091226,1.2790696343182966,1.1941483075594868,1.4963336462044652,,1.4608181896698245,1.2435554446106247,1.659025134537991,temp,All,Mon
32.25_96.25,0.0,1.1295113455759194,1.357232592752264,1.3134360865843984,1.5977971094725643,,1.3084027584195197,1.3410980685975635,1.6595759229279698,temp,All,Mon
32.25_96.75,0.0,1.0215919092284356,1.3057658484127828,1.3956166992972445,1.5474630361418944,,1.2505900077322514,1.559671060955791,1.5310034747964854,temp,All,Mon
32.25_97.25,0.0,0.9736117626523249,1.4485587353048537,1.2450574649369859,1.72066147047621,,1.2200867751825601,1.847857569158181,1.4835947227838253,temp,All,Mon
32.25_97.75,1.1920928955078125e-07,0.949142151136943,1.4093016151498923,1.0784252042320654,1.8963454018928154,,1.0712838769659434,1.9212765708686834,1.4549917793183667,temp,All,Mon
32.75_94.75,1.1920928955078125e-07,0.8845966816158369,1.346317198621981,1.3524367028217834,1.7553148279844684,,1.1061481031754843,1.6846316203250922,1.6435343084544503,temp,All,Mon
32.75_95.25,1.1920928955078125e-07,0.9169828692615446,1.2977550456227116,1.3401222700346305,1.5848368150301444,,1.2438961270842332,1.37198625613886,1.6337002701636516,temp,All,Mon
32.75_95.75,1.1920928955078125e-07,0.9473822020924411,1.2625178673389625,1.3039357952462232,1.497597766172682,,1.2404885971415898,1.2988275920449344,1.6480981048959984,temp,All,Mon
32.75_96.25,0.0,1.00513479178438,1.2628676565010928,1.3127969113063078,1.5353563097668455,,1.2366958825666547,1.3853100902032145,1.6708820548432066,temp,All,Mon
32.75_96.75,0.0,1.043473972096835,1.3136705103100064,1.4810486578293194,1.5323916685607653,,1.332791067793686,1.617912938703534,1.6843063389087412,temp,All,Mon
33.25_94.25,0.0,0.9017307102189163,1.274559564305671,1.248639586457133,1.8439576688846708,,1.061855165669004,1.664389512305489,1.4792784578220997,temp,All,Mon
33.25_94.75,0.0,0.8900941018687072,1.2810495071110344,1.2671423713335812,1.7790589240366517,,1.0052878813625594,1.6944531399171756,1.5166323412441938,temp,All,Mon
33.25_95.25,0.0,0.9032987486505674,1.310161991456285,1.4424982821257928,1.5898681669719998,,1.3341254295180927,1.69098553295301,1.5664713480269024,temp,All,Mon
33.25_95.75,0.0,0.9034320365684777,1.286947337851611,1.370015051777121,1.5201233472100946,,1.599444487473715,1.729087562857509,1.5992185748326453,temp,All,Mon
9.25_105.25,1.4901161193847656e-08,0.4007769009971054,0.9365368180212277,0.6830232290785924,0.9977108128251657,,0.5264480461173702,0.9432812012659261,1.0674087479204988,temp,All,Mon
9.25_105.75,2.1073424255447017e-08,0.3836427725356869,0.8398009698192597,0.4975093960943577,0.8122780662255688,,0.7973290731653183,0.8713429687512007,0.8955735589555248,temp,All,Mon
9.75_105.25,0.0,0.4558643361720187,0.9658213008412242,0.6443061128796591,1.0054696975575517,,0.9193260678098829,0.9984309049410536,1.1533487680360681,temp,All,Mon
9.75_105.75,1.4901161193847656e-08,0.46736778054605654,1.1621326086418633,0.757732868305456,0.9495156783859946,,0.9002024968113908,1.0526636636708564,1.1963929115511711,temp,All,Mon
9.75_106.25,0.0,0.3598956189364643,0.9686455508817062,0.6029192517154575,0.7664874321359556,,0.6778787071075537,0.9015984803826098,1.0168015768124723,temp,All,Mon
10.25_104.75,5.268356063861754e-09,0.2014023157370106,0.40991191881765626,0.22915406034520822,0.31532668308814416,,0.2556600247660786,0.32630766244601656,0.4258151084025706,temp,All,Yr
10.25_105.25,0.0,0.19452643776563147,0.517464668321456,0.23818223332092225,0.4192021051165754,,0.2751169205953714,0.3568384561594771,0.47184952735695757,temp,All,Yr
10.25_105.75,7.450580596923828e-09,0.20194577733256278,0.6098735558896513,0.2677424219396566,0.444470339246264,,0.3046542879527975,0.40133736680807264,0.5212701594222685,temp,All,Yr
10.25_106.25,0.0,0.16215517929580675,0.5497232429623415,0.1952490456305679,0.35949586530255945,,0.24197336775906297,0.35058322009093246,0.43729706882712877,temp,All,Yr
10.25_106.75,5.268356063861754e-09,0.13755788325981613,0.30588693436505304,0.16047582091109613,0.30244845629190864,,0.19003591167867845,0.29529921799906694,0.2618670726165936,temp,All,Yr
10.75_104.75,7.450580596923828e-09,0.23411564781783642,0.47396482417123675,0.2782596815350677,0.4226561051152884,,0.30509077164257115,0.3482714030525099,0.48286086130851835,temp,All,Yr
10.75_105.25,0.0,0.2208980853741505,0.5265266756587824,0.27986823442739356,0.44155242946592516,,0.30101717744238216,0.3888256900944926,0.4998775715302525,temp,All,Yr
10.75_105.75,0.0,0.20103448742521973,0.5558821216011146,0.2545125860222307,0.42200160175325135,,0.27375944831515464,0.3648103221133433,0.4823392016672092,temp,All,Yr
11.25_104.25,5.268356063861754e-09,0.23345445867547168,0.48217859158699844,0.30462247723975716,0.42848431552956917,,0.3183488870419491,0.2820000109334113,0.4645957934655616,temp,All,Yr
11.25_104.75,0.0,0.24575951763283863,0.537946179572962,0.3272811598250446,0.47562574740012314,,0.38049460695171367,0.3968717900969749,0.5470878362642216,temp,All,Yr
11.25_105.25,0.0,0.22489917760462644,0.5284319831158765,0.29821853424312744,0.455258363051852,,0.3412583651183137,0.40655752580996735,0.5267139750155486,temp,All,Yr
11.75_104.25,5.268356063861754e-09,0.20732633998813338,0.5055165032898213,0.287247695255896,0.39610559991122646,,0.31412076522462895,0.2803160681548115,0.48863990835301396,temp,All,Yr
11.75_104.75,0.0,0.24709793451337927,0.6026673320926493,0.335418289853607,0.47338541936059464,,0.3998989007420186,0.418454464946306,0.5924911287893462,temp,All,Yr
11.75_105.25,7.450580596923828e-09,0.2184294834787675,0.5605463276492569,0.28935774670279696,0.4429747715452576,,0.345080079678008,0.38292534778138015,0.5340687379324376,temp,All,Yr
12.25_103.25,0.0,0.16916745191867474,0.4427424981949462,0.27228917405240366,0.29748070981122327,,0.25423291423137734,0.1432853361458888,0.43503179649254003,temp,All,Yr
12.25_103.75,0.0,0.1595854796958665,0.4741979801651991,0.28645523596197375,0.3209058063096797,,0.29167057234557076,0.19224427239576783,0.46191181632505085,temp,All,Yr
12.25_104.25,5.268356063861754e-09,0.17922222176714883,0.5385092601291466,0.27735674622916817,0.37172349035262975,,0.29464659221947537,0.2572642766075586,0.5147524527578502,temp,All,Yr
12.25_104.75,0.0,0.19464266557975607,0.581646722072396,0.2724343736846713,0.4020960336612938,,0.30475975309508446,0.32988347167943566,0.5255453612959456,temp,All,Yr
12.25_105.25,0.0,0.21469688004348939,0.5666953512670516,0.27513636304535233,0.4060406562406603,,0.3168470641026744,0.33472885302924715,0.4450416449346827,temp,All,Yr
12.25_105.75,5.268356063861754e-09,0.22669585403873432,0.5558671199184755,0.2727080139474404,0.36451287592377707,,0.2886527588935727,0.3151390509937987,0.3894957504126073,temp,All,Yr
12.25_106.25,5.268356063861754e-09,0.21886100641619544,0.534494714860015,0.28422451522176784,0.320484424802829,,0.2763202172893402,0.30600751386624786,0.38126151539350595,temp,All,Yr
12.25_106.75,0.0,0.202082733198204,0.4969351805338214,0.28573399258798965,0.2729800255341565,,0.27088343344798915,0.29095375114798416,0.3537272102321239,temp,All,Yr
12.25_107.25,0.0,0.20246474322489205,0.3811712030612573,0.2916418348113833,0.22721349968763632,,0.26514490764912324,0.2569656852272316,0.31615404243119566,temp,All,Yr
12.25_107.75,5.268356063861754e-09,0.21688522047420233,0.3065973435223829,0.2887991192365579,0.2187094420410708,,0.25324437875394973,0.23661705096795338,0.2881286962347018,temp,All,Yr
12.25_108.25,5.268356063861754e-09,0.20487225897794922,0.2654198858271296,0.2650285610481304,0.21475936668371173,,0.22426717796410692,0.1930199577284887,0.2912992917219122,temp,All,Yr
12.75_102.75,5.268356063861754e-09,0.15242025346406607,0.5880699188862314,0.23653707385290262,0.2747541572508337,,0.19407611265361527,0.18158580586531708,0.3963897010349833,temp,All,Yr
12.75_103.25,0.0,0.14736694665884778,0.5646969578206832,0.25074205880982653,0.32554028858167655,,0.23559499477152543,0.19987626598479077,0.4549440798697635,temp,All,Yr
12.75_103.75,0.0,0.16241861982786135,0.5008585264182023,0.23582235727131018,0.34606151627076026,,0.2211805356798766,0.225280488501074,0.4519567781785831,temp,All,Yr
12.75_104.25,0.0,0.19685684392305747,0.5502911532045212,0.2404185332741194,0.3612492496855792,,0.23485961232725056,0.27763123188474503,0.4746503500095165,temp,All,Yr
12.75_104.75,0.0,0.2088139963890872,0.6071823266087019,0.262881161541734,0.3673392754886844,,0.2726421126520613,0.29080082913766303,0.47311065728484997,temp,All,Yr
12.75_105.25,5.268356063861754e-09,0.2750508073749725,0.6565981199338232,0.33735303473660316,0.3624564114017598,,0.3203274409874351,0.3158925511915081,0.4582452638497635,temp,All,Yr
12.75_105.75,5.268356063861754e-09,0.3122390008076945,0.6463897857293225,0.34079451990623055,0.3335253200349346,,0.3139536602398255,0.32858304396576515,0.4301571627474725,temp,All,Yr
12.75_106.25,5.268356063861754e-09,0.3034865674930278,0.5732258101290734,0.34184277224061244,0.31247476871659535,,0.2988387091226136,0.33047301149819647,0.40599742049931486,temp,All,Yr
12.75_106.75,5.268356063861754e-09,0.2942528134771809,0.5362679648353548,0.3518986360569734,0.2817647577570946,,0.29666104864412796,0.323888168915791,0.3598116344306176,temp,All,Yr
12.75_107.25,0.0,0.2785754163853526,0.461027410791564,0.3468608143360305,0.2530810220186517,,0.28262817310894356,0.3054710637609989,0.30511693204643875,temp,All,Yr
12.75_107.75,0.0,0.2884576956233542,0.4176899131922143,0.35491798338778247,0.27534296577631134,,0.2911180028467123,0.307594526659743,0.29210288474069107,temp,All,Yr
12.75_108.25,0.0,0.2574494876988114,0.3616506883862375,0.2988549211419601,0.2681316930432042,,0.2484052842021489,0.24654155770784142,0.3085494376075426,temp,All,Yr
13.25_102.75,0.0,0.15904576745101617,0.6161313455720215,0.24298277409025792,0.3102167336013878,,0.2313242338237364,0.23473547765004676,0.40902716282979046,temp,All,Yr
13.25_103.25,0.0,0.17817931434800205,0.6370496519770757,0.2455091648698153,0.34208377220036035,,0.22062394961157838,0.22629614655063404,0.4389131590423525,temp,All,Yr
13.25_103.75,0.0,0.18698168076542604,0.5960839966065354,0.24136403239229381,0.3842702579770662,,0.2280045118590819,0.2735147948636542,0.4338032106662538,temp,All,Yr
13.25_104.25,5.268356063861754e-09,0.2200952863426932,0.6258983227732591,0.24149855309014592,0.3502091760711233,,0.23454885540660111,0.25398958543326644,0.42917740120230347,temp,All,Yr
13.25_104.75,5.268356063861754e-09,0.23169246694211568,0.6593869584613771,0.27526144019762394,0.3349285462530615,,0.26632457895034867,0.2547682324343572,0.44028539199685496,temp,All,Yr
13.25_105.25,0.0,0.2875667125056718,0.6738832310480295,0.351803259711273,0.33754277344966355,,0.3154867833033024,0.2880568122225968,0.4619143539958594,temp,All,Yr
13.25_105.75,0.0,0.3633933734001765,0.6836682911099417,0.386172722888331,0.3370048002506574,,0.34376921705743957,0.3318143957319688,0.44922571173816256,temp,All,Yr
13.25_106.25,5.268356063861754e-09,0.37032734557277736,0.6513304077452455,0.40021083508790634,0.33208019268408345,,0.346869319659666,0.35613092946100794,0.4098596696028606,temp,All,Yr
13.25_106.75,0.0,0.37962426555212775,0.6393490038568689,0.42849677599622554,0.32919153695729014,,0.3562983734627387,0.38423840348518423,0.3719331275423185,temp,All,Yr
13.25_107.25,0.0,0.35734365509131605,0.5660866309429606,0.4179138329794755,0.30567311559545846,,0.3343109953666379,0.38446885797072006,0.32012405591634335,temp,All,Yr
13.25_107.75,7.450580596923828e-09,0.31681075018248145,0.5094501461371522,0.4037777044957256,0.29484787155178693,,0.32111630566014554,0.3552639106459224,0.29422205715525446,temp,All,Yr
13.25_108.25,0.0,0.2726635759444972,0.46742191879475475,0.35660026796403765,0.2737527393633811,,0.25566686357806695,0.2816524214428449,0.2961987684398069,temp,All,Yr
13.75_102.75,0.0,0.21333053967671609,0.5751950356185701,0.2852695605404323,0.3039213563498243,,0.22343648185143977,0.23440889681822075,0.392002960213268,temp,All,Yr
13.75_103.25,0.0,0.21625593645901428,0.6280773048333259,0.2679802193806472,0.317267673838826,,0.198495698666327,0.22814768163974258,0.4117030314221072,temp,All,Yr
13.75_103.75,0.0,0.22982301443967265,0.6657131002971888,0.2629782962276994,0.3311969649068524,,0.18356652643490276,0.22164364037933207,0.4137833473037017,temp,All,Yr
13.75_104.25,0.0,0.23969546827515748,0.6843739423597839,0.26004000283106915,0.31787102235941167,,0.2198029254650902,0.21172436248562224,0.4209317487958003,temp,All,Yr
13.75_104.75,0.0,0.2618844793013631,0.650603421325763,0.2993803827401102,0.3218820088990308,,0.252214634792455,0.22297521014103142,0.4251817198014924,temp,All,Yr
13.75_105.25,5.268356063861754e-09,0.30847108561238046,0.6859063185899259,0.36398880587545596,0.33441602433954926,,0.2989303155982439,0.2696357387219773,0.46165472531192847,temp,All,Yr
13.75_105.75,0.0,0.38668273416542803,0.7142515063762702,0.41248559915937727,0.3462225039335151,,0.3375630023334742,0.3169284542897758,0.45914784150325294,temp,All,Yr
13.75_106.25,0.0,0.41522176098541475,0.7275810502868354,0.4543336829384585,0.36566394408302894,,0.36809539576299277,0.36628596732597196,0.4238377104945013,temp,All,Yr
13.75_106.75,0.0,0.44245890049474396,0.7259380108391572,0.48417809253486943,0.3792018345581187,,0.3922715831821233,0.412701750285694,0.3976379611791361,temp,All,Yr
13.75_107.25,7.450580596923828e-09,0.42506000050833714,0.6914169631851849,0.4892608986384107,0.3699202947512486,,0.38422950757023544,0.4237312216179621,0.3652564680026476,temp,All,Yr
13.75_107.75,0.0,0.3773576340165519,0.5671545230479843,0.4542358403635411,0.3539704131395992,,0.35273209562529073,0.3861830602415342,0.3243908310158035,temp,All,Yr
14.25_102.25,0.0,0.2457404741690166,0.5012559412798725,0.369145250086708,0.3281253524352434,,0.2572250239751154,0.21103607700436297,0.42027442285308636,temp,All,Yr
14.25_102.75,0.0,0.24017493148515331,0.5367813547793742,0.3195781627378807,0.31663362254980554,,0.22227819689891173,0.21011835836620546,0.417208117604051,temp,All,Yr
14.25_103.25,0.0,0.20442209940589307,0.5933797918498205,0.2901533286811338,0.31269244447805006,,0.19278273121855655,0.22173823523696112,0.41426265261727035,temp,All,Yr
14.25_103.75,0.0,0.2209553387165131,0.636695075435685,0.2873078131929909,0.31081665781121975,,0.17717025662734825,0.18818212886437524,0.4096117293400487,temp,All,Yr
14.25_104.25,0.0,0.23681613789443812,0.6386230107324089,0.2867757046736149,0.3138163507266522,,0.197007627901926,0.18582104674952982,0.41812215076949283,temp,All,Yr
14.25_104.75,0.0,0.2963449534517565,0.6209258798741507,0.34927518406722746,0.3448411423301874,,0.25124105256943047,0.22729819534312573,0.439032090745855,temp,All,Yr
14.25_105.25,0.0,0.3262734323063485,0.6741005661950117,0.40020485656522825,0.36541639907894946,,0.29860654363135647,0.271538003140584,0.4750743173599254,temp,All,Yr
14.25_105.75,0.0,0.3750847018396051,0.7109757893758063,0.43636306375158396,0.37703291236352654,,0.341769204873552,0.31897173000078266,0.4672550196312975,temp,All,Yr
14.25_106.25,0.0,0.4537019915647054,0.7621997252752112,0.5251068983362567,0.42647017512303503,,0.4310898437163565,0.41041838127681285,0.4736495100798393,temp,All,Yr
14.25_106.75,0.0,0.4555990356483957,0.731659401224353,0.5481158443458166,0.4311458997804928,,0.4376156889156599,0.4365277192002448,0.45105831462848556,temp,All,Yr
14.25_107.25,0.0,0.43027497149297295,0.6795328068333032,0.5252268804545891,0.41064034178114767,,0.40856927892755746,0.42301527791200116,0.42026542512757953,temp,All,Yr
14.25_107.75,0.0,0.3883318144925351,0.577860773696524,0.475549034848344,0.3780694755502171,,0.36933663316990223,0.38506956537770687,0.38304507790479153,temp,All,Yr
14.25_108.25,5.268356063861754e-09,0.2750450781785223,0.39033850334735704,0.34779454094962453,0.2745932380972324,,0.2603939556264322,0.25582243689568834,0.32748809217577185,temp,All,Yr
14.75_101.75,0.0,0.22735376124978365,0.5222862421561876,0.4004425282360589,0.3771556029118332,,0.28216877793190814,0.2491119918186661,0.4640009397366726,temp,All,Yr
14.75_102.25,0.0,0.23182501294473642,0.5489650827146635,0.3565807551766374,0.36363114244865075,,0.2572663521765677,0.23715584659364639,0.48427341837503457,temp,All,Yr
14.75_102.75,7.450580596923828e-09,0.2607220959491064,0.5820310666064635,0.3315946521135639,0.3393275801795809,,0.23369724948654197,0.24026536015764452,0.48568980864632855,temp,All,Yr
14.75_103.25,0.0,0.2190012709102848,0.598956487585375,0.30296745322224994,0.3199278474830946,,0.1972028517380405,0.2240255874139464,0.4539654785252747,temp,All,Yr
14.75_103.75,0.0,0.21153268552038615,0.603491587108431,0.29112888416418053,0.3057827145734443,,0.18476886538716988,0.2002851635263722,0.4361540358988204,temp,All,Yr
14.75_104.25,0.0,0.2187861940522009,0.6241019617191609,0.29908536215448217,0.3076563342710359,,0.20775597396206844,0.18655880178277076,0.4398597863287635,temp,All,Yr
14.75_104.75,7.450580596923828e-09,0.2600781798921349,0.6182482017031116,0.3275650550544664,0.3221942635934422,,0.23059856328107364,0.20564121072875838,0.42865973346587255,temp,All,Yr
14.75_105.25,0.0,0.333963742586245,0.6906578400807581,0.41414584529115217,0.3982496176656744,,0.3125749643020859,0.2946008939625819,0.4940482237918758,temp,All,Yr
14.75_105.75,7.450580596923828e-09,0.40760816554810475,0.7269457090401215,0.49794116832294266,0.44928975416280303,,0.4022988236520344,0.3778065299942459,0.5079597835967484,temp,All,Yr
14.75_106.25,0.0,0.4591227714298006,0.7322661470261419,0.5715163868540262,0.47322476898735116,,0.4713901624352295,0.4363932455027918,0.5274721117154627,temp,All,Yr
14.75_106.75,0.0,0.5658744074108842,0.8119490101790542,0.653979139674269,0.5752795161421406,,0.5414602489891214,0.5472982832442476,0.6070392100644536,temp,All,Yr
14.75_107.25,0.0,0.46625289109547857,0.7194243705729962,0.5647169631392533,0.4801473634348966,,0.42101039659254813,0.45089279165751545,0.5043436058554149,temp,All,Yr
14.75_107.75,7.450580596923828e-09,0.3783001296771847,0.5451519822301716,0.4665082922100174,0.4055962123954904,,0.36616064582487823,0.364230415667118,0.4438409671599138,temp,All,Yr
14.75_108.25,0.0,0.28140847655935575,0.3935296039282827,0.3495023507187861,0.3292509431493118,,0.2741177622077486,0.24446635644798448,0.39142715114459986,temp,All,Yr
15.25_101.75,5.268356063861754e-09,0.19171780569888283,0.5944176632623859,0.3914937512218016,0.3824807406421902,,0.2763032247960797,0.2620955548662494,0.46835517881438604,temp,All,Yr
15.25_102.25,0.0,0.1865242439849493,0.5913734104484797,0.3512248925119604,0.37076204550104985,,0.2448361714429867,0.25358535017376266,0.4928612168868524,temp,All,Yr
15.25_102.75,0.0,0.22531604805175134,0.5882106510179216,0.3280260389350182,0.34997278109934365,,0.22575203455828924,0.2589864567048516,0.512669659904871,temp,All,Yr
15.25_103.25,0.0,0.21825972282554768,0.5901209347533652,0.31455911408701387,0.3334487513594636,,0.2068918881467689,0.23995833497514624,0.4956464590863046,temp,All,Yr
15.25_103.75,0.0,0.2124557443640159,0.6014060030537443,0.3067966371708952,0.31322271050727574,,0.20078953468624525,0.20918705087504824,0.47118217278242336,temp,All,Yr
15.25_104.25,0.0,0.21054916425348888,0.6383468454469275,0.3094538487912065,0.30736647628674324,,0.2180000781368935,0.18800905283295233,0.45429160579201305,temp,All,Yr
15.25_104.75,0.0,0.2400639113809909,0.6456488357530804,0.3219021838916006,0.3070180624998663,,0.24272234659567593,0.21763894724626065,0.4268786082958364,temp,All,Yr
15.25_105.25,0.0,0.31254183152077036,0.6727661648077089,0.4070011081561064,0.3687053282929703,,0.30877152264908914,0.2879291770856893,0.4635498417740139,temp,All,Yr
15.25_105.75,0.0,0.37749288832785166,0.6855498040905654,0.5189112342835501,0.4412722619282934,,0.39262890332598743,0.373175872188214,0.5033497091492274,temp,All,Yr
15.25_106.25,7.450580596923828e-09,0.39648053803820116,0.5892932061995553,0.507797092825623,0.4436945622444256,,0.4229226956077249,0.39639274496071597,0.4846545400554181,temp,All,Yr
15.25_106.75,0.0,0.4689275537945255,0.7201372858007749,0.5970814268061005,0.5219155636168072,,0.4779049510364128,0.47853528786012395,0.5589325005911727,temp,All,Yr
15.25_107.25,0.0,0.37152592412295865,0.5971428166415358,0.5202827695818039,0.42135379768735975,,0.37864083562434164,0.38148675819536415,0.47609206037629603,temp,All,Yr
15.75_101.75,0.0,0.14796396991556146,0.6414663448798738,0.38223539025393216,0.3817480318162554,,0.2488266008382106,0.2639219001861945,0.4458349333010092,temp,All,Yr
15.75_102.25,0.0,0.1368481734581052,0.6348719479377215,0.34578157323038855,0.37307251937634484,,0.2442935937241424,0.2734178599226552,0.49495067168606577,temp,All,Yr
15.75_102.75,0.0,0.1269475524209498,0.6294766588803187,0.3219518110272864,0.3640106274883284,,0.2514131979587083,0.28420911183005193,0.5366222390427327,temp,All,Yr
15.75_103.25,0.0,0.11942131699877609,0.6341187574897867,0.3147633941944634,0.36290688630124285,,0.23646488881912447,0.2579804870033965,0.5242956304023159,temp,All,Yr
15.75_103.75,0.0,0.1333125815338219,0.6406751974933053,0.31160692239488197,0.3402469251562178,,0.23614501317270847,0.22455542564235628,0.4847825392195873,temp,All,Yr
15.75_104.25,0.0,0.1424762601994402,0.6510110793766407,0.31135817656526216,0.33186090092061343,,0.2402375450704507,0.19338907789750515,0.4597937667668131,temp,All,Yr
15.75_104.75,0.0,0.17696481571778186,0.6332358964893252,0.3305308644237628,0.33037144572383714,,0.2515265948523657,0.19426774228335034,0.4475540541560442,temp,All,Yr
15.75_105.25,0.0,0.21218564524643785,0.6424597885465603,0.3688577739491407,0.3340914262646369,,0.2630357372423865,0.23042618961593495,0.43517620601396784,temp,All,Yr
15.75_105.75,0.0,0.31096713309953733,0.6865245825507432,0.459192563807126,0.3889584420123943,,0.3370917936123469,0.3154928015559443,0.45944200515627764,temp,All,Yr
15.75_106.25,0.0,0.38955027925922864,0.7365017444476067,0.5649481960745403,0.4465266242901449,,0.3852985453456326,0.41055808123186205,0.4935129090609525,temp,All,Yr
15.75_106.75,7.450580596923828e-09,0.3821110974168332,0.6627881965190751,0.529572718239388,0.43490273527209855,,0.38824525444510516,0.4059074730323511,0.49482213290166976,temp,All,Yr
16.25_101.75,0.0,0.1450304467926658,0.6440123876745397,0.35526408051769587,0.36394278096788674,,0.22392577223669832,0.24332948229110693,0.42810247384512734,temp,All,Yr
16.25_102.25,0.0,0.2050204891183507,0.667882427955698,0.3478234818811434,0.4113566370023771,,0.2897923431647445,0.337824218366373,0.5177886404029716,temp,All,Yr
16.25_102.75,0.0,0.14106287888208494,0.6750852836691217,0.3286915074884517,0.39031356466643374,,0.27469782336361603,0.30514860332385857,0.5505610317619853,temp,All,Yr
16.25_103.25,0.0,0.10731465455957523,0.6813004988856717,0.3226743430002493,0.3831471461433112,,0.27217453604977954,0.27266868645781356,0.5309034203609505,temp,All,Yr
16.25_103.75,0.0,0.1065503299862701,0.6502376845485528,0.3158089817063523,0.37002615436692576,,0.27445907974597383,0.2385354783231174,0.48527217050798893,temp,All,Yr
16.25_104.25,0.0,0.10360120007971654,0.6541790628212577,0.32749132898546357,0.3523701526383471,,0.2712629433603753,0.2130807869362314,0.4594184782673955,temp,All,Yr
16.25_104.75,0.0,0.07971116200976111,0.6721489722286057,0.35247419630358734,0.35712115587018584,,0.2916406558681806,0.24055898072066906,0.456180324911899,temp,All,Yr
16.25_105.25,0.0,0.16625929466608308,0.6882110825763392,0.3866770970533718,0.34291007957367053,,0.274273921603948,0.2445560579380212,0.42958395775062735,temp,All,Yr
16.25_105.75,0.0,0.24463125842108646,0.71661197373083,0.4347985041397052,0.3600980295138035,,0.30371318860873037,0.30096463196484224,0.4345207725980958,temp,All,Yr
16.25_106.25,0.0,0.2319151648741213,0.6873121468384826,0.43214553818792645,0.34221064833366793,,0.31606658677353494,0.29917881965012433,0.4325688696707044,temp,All,Yr
16.25_106.75,0.0,0.2339226047088833,0.5884012864113614,0.4081052668077788,0.318852941755312,,0.3211517539953568,0.28422492307233355,0.4499511872602378,temp,All,Yr
16.25_107.25,0.0,0.15940272720401663,0.46297982362243445,0.33364004688428406,0.2488624902222277,,0.305813109794802,0.22917079404343277,0.39475443630887586,temp,All,Yr
16.75_101.75,0.0,0.15672868143748142,0.6826560882643457,0.3390160263676893,0.35273900046006473,,0.20277003562994347,0.24773518259924607,0.4527478821653244,temp,All,Yr
16.75_102.25,0.0,0.1602506984588433,0.7155917889255246,0.32423201055600737,0.3927548814790615,,0.23125296662510095,0.2888506324227058,0.5338912466170955,temp,All,Yr
16.75_102.75,0.0,0.16893486900428759,0.7387679822701548,0.3288389772033253,0.4059872190730629,,0.2669231671766167,0.3018297155727327,0.5651392272981174,temp,All,Yr
16.75_103.25,0.0,0.1128090081982476,0.7241260963533069,0.3286616896451471,0.3969094348221698,,0.27638701004383753,0.26343064751588213,0.5515512985654484,temp,All,Yr
16.75_103.75,0.0,0.09903967083365744,0.6757473976139601,0.3295571141702189,0.3784347384228544,,0.27681126049198723,0.23281402681681376,0.488812180711646,temp,All,Yr
16.75_104.25,0.0,0.08960677596887127,0.673196463899446,0.3513233565160361,0.367518649606025,,0.2946891048858441,0.2473904127896168,0.44412367055971064,temp,All,Yr
16.75_104.75,7.450580596923828e-09,0.10287009704363381,0.6880907013254026,0.4082970506266856,0.37393527935202403,,0.3316257768900507,0.30671861518237786,0.44233258156658595,temp,All,Yr
16.75_105.25,0.0,0.10432072754827945,0.6945837218623828,0.3807161942707081,0.33473953800832845,,0.2852138012607844,0.2751883278941913,0.3866301312798572,temp,All,Yr
16.75_105.75,7.450580596923828e-09,0.17085580700813102,0.6980106000464331,0.41594740173217654,0.32360965798580593,,0.2940015336010687,0.28153335055223,0.3935766239296774,temp,All,Yr
16.75_106.25,0.0,0.14021818304202194,0.6538043015132441,0.3923428101926146,0.29066004909011495,,0.3019295739902805,0.28285684735321864,0.40115918726619226,temp,All,Yr
17.25_101.75,0.0,0.14226287834838122,0.7179004456640141,0.32981307612816557,0.3536142525028333,,0.20804843941781892,0.25068172223153673,0.5046907437574145,temp,All,Yr
17.25_102.25,0.0,0.14156303892323552,0.7604591255354933,0.33217541983505866,0.3819672988323743,,0.23278462935198893,0.286629881462611,0.5650899881204041,temp,All,Yr
17.25_102.75,7.450580596923828e-09,0.15393798164137049,0.7923722025102995,0.3291149432214704,0.40019465189457193,,0.2757800515640793,0.30644169108639524,0.5795530176139646,temp,All,Yr
17.25_103.25,0.0,0.1086594540717488,0.77558281350081,0.31052778404514914,0.3874916066241964,,0.2776696606155877,0.25785017804827615,0.5816071738621074,temp,All,Yr
17.25_103.75,0.0,0.09107780261092865,0.7394066842805135,0.3328289286388826,0.37947537968381895,,0.28834245973722794,0.25378089151288197,0.5225779474979292,temp,All,Yr
17.25_104.25,0.0,0.09636170803489627,0.7068749472071764,0.3620703598642158,0.3695172463691202,,0.29484228440174864,0.27419305250703907,0.4491032310394001,temp,All,Yr
17.25_104.75,7.450580596923828e-09,0.13264893714109585,0.6777690069650321,0.39993140983438225,0.35792563473970285,,0.29562147317116394,0.3203012854844673,0.39552105870303117,temp,All,Yr
17.25_105.25,7.450580596923828e-09,0.11781658717758699,0.6540452920872304,0.3984492149430597,0.3315010544370936,,0.27999750514691363,0.28765485303557303,0.3579037207133451,temp,All,Yr
17.25_105.75,0.0,0.11315736376027458,0.6260526576169535,0.39878820703836776,0.2967561656655047,,0.2750019181749889,0.2672754429609237,0.3615250594939577,temp,All,Yr
17.25_106.25,0.0,0.09563703123955207,0.6514233701345498,0.39699507102829273,0.2878655113904082,,0.3038751526985718,0.29983849348692426,0.39807946135814104,temp,All,Yr
17.75_101.25,0.0,0.15611213105932728,0.6868268466244858,0.3607759974726743,0.366176036477423,,0.2285312155438219,0.2255314354018358,0.5397770614099877,temp,All,Yr
17.75_101.75,0.0,0.1559111346978629,0.7277712592168597,0.3647509810903749,0.37108534378589697,,0.22122482824434092,0.26624730776130495,0.5837075795451451,temp,All,Yr
17.75_102.25,5.268356063861754e-09,0.15586800558985123,0.7695791425321185,0.33895866698448135,0.37410866622573813,,0.25021499077255893,0.2913755474862509,0.60907267130135,temp,All,Yr
17.75_102.75,0.0,0.12847805427996872,0.8208165941339701,0.33016470624115263,0.37161011945841305,,0.2698762138195431,0.2839522317617641,0.595021625976937,temp,All,Yr
17.75_103.25,0.0,0.14460796012222232,0.8281928869506779,0.33168066002225344,0.3735322783885914,,0.28926015896361457,0.2657323417076407,0.5881398326382121,temp,All,Yr
17.75_103.75,0.0,0.14335893926190377,0.788671765993924,0.35098050498624056,0.37813298426814423,,0.2987807455022112,0.2930267250443031,0.5338892852003966,temp,All,Yr
17.75_104.25,0.0,0.12057519986209549,0.7512035547571528,0.3852244536669369,0.3719696109743178,,0.3077284956143089,0.3102347187028841,0.47240769934510396,temp,All,Yr
17.75_104.75,0.0,0.15050869833287428,0.7249646458994303,0.412663417053245,0.3724503368853757,,0.30531749794989266,0.28803448126935544,0.4268640611815978,temp,All,Yr
17.75_105.25,0.0,0.12008284917038865,0.6287296451047961,0.4137483347170348,0.3417194381234525,,0.3080659616283426,0.273904592212207,0.39563354005835194,temp,All,Yr
18.25_101.25,0.0,0.20310821402124055,0.6778083180538107,0.38074944283763723,0.35422289816236896,,0.2654561139432468,0.28460047529187377,0.6038020147784517,temp,All,Yr
18.25_101.75,0.0,0.23312431066734082,0.7130026339000184,0.38374267667237794,0.3754335613160146,,0.2741528220146733,0.3199960340513128,0.6161060163603173,temp,All,Yr
18.25_102.25,5.268356063861754e-09,0.2769127529304385,0.7454337809929037,0.3868314395006272,0.4019697992656235,,0.3121590191921883,0.29910239711383607,0.6253155877693949,temp,All,Yr
18.25_102.75,7.450580596923828e-09,0.23317175900355747,0.7930224754576167,0.34065622195838785,0.35486547175221134,,0.284040489649059,0.2464903343141534,0.5570087769430263,temp,All,Yr
18.25_103.25,0.0,0.21629506014723404,0.7881492011926652,0.3395532557529161,0.36185652775316324,,0.28728985017069514,0.24580407408457075,0.4965763825646109,temp,All,Yr
18.25_103.75,0.0,0.24302498426628608,0.8086056271182744,0.38926171288976164,0.3887166340409477,,0.3225060369033993,0.30426642903791495,0.47760045400276635,temp,All,Yr
18.25_104.25,0.0,0.14379663856667207,0.7441777221803637,0.3633148086948266,0.3343534576720678,,0.27557300658843087,0.2654854602498201,0.4272038728628291,temp,All,Yr
18.25_104.75,0.0,0.15267862424334544,0.7406973113663453,0.4149974392999407,0.3542951255341609,,0.3345948465593338,0.29502864178882066,0.4461669833939853,temp,All,Yr
18.25_105.25,0.0,0.12876718487039768,0.6705304813203476,0.4421186140377973,0.3489250167961889,,0.3580397588282321,0.3589422927011983,0.4392731687102209,temp,All,Yr
18.75_101.25,5.268356063861754e-09,0.23757828382744203,0.6717521133542647,0.35205412312571766,0.3573117775498465,,0.28528586394893213,0.2931660739145999,0.5926527356690064,temp,All,Yr
18.75_101.75,0.0,0.2978641849054639,0.6913568847883719,0.39220531649603213,0.3838948844286002,,0.3012470377883556,0.35466015711861043,0.5940987339976788,temp,All,Yr
18.75_102.25,0.0,0.33585820373558367,0.6724514241072446,0.3771884316493007,0.39477096859009064,,0.31510725238756826,0.31962727213877146,0.5573341570005239,temp,All,Yr
18.75_102.75,7.450580596923828e-09,0.307736023385398,0.6475080570258286,0.33798446681670413,0.3427959400887796,,0.2493404188691612,0.26735482855655224,0.46841184950269765,temp,All,Yr
18.75_103.25,7.450580596923828e-09,0.243813383557101,0.5420152005646818,0.2387852033663293,0.26716525724641804,,0.20884925571683663,0.24518963017029727,0.41283897011121967,temp,All,Yr
18.75_103.75,0.0,0.20155021968304734,0.7150825065403829,0.3321245998047693,0.27540737173975904,,0.23451981116869972,0.21180308516669244,0.40951751549659254,temp,All,Yr
18.75_104.25,0.0,0.17134012810328772,0.6553396221619191,0.29891353665093556,0.2463537611823376,,0.22580473732549503,0.24339934738652347,0.397996614181181,temp,All,Yr
18.75_104.75,0.0,0.09598308296988559,0.6958386306211171,0.3695354660595807,0.2741958985837646,,0.30860062845015135,0.32551213242184696,0.4383924887830423,temp,All,Yr
19.25_101.25,0.0,0.2805100473468621,0.6414801822838943,0.3893374966224425,0.35590004097913813,,0.3249402908595381,0.3394939921340233,0.602256189773945,temp,All,Yr
19.25_101.75,0.0,0.39839773018962094,0.6247420886381533,0.4446722416533125,0.41144093285169714,,0.39239848180199394,0.48500642136617,0.6008219227645435,temp,All,Yr
19.25_102.25,5.268356063861754e-09,0.3679369227157015,0.6060766576244183,0.3510838922069412,0.36165115439887674,,0.31434242240745564,0.3705542633511714,0.5346124545299077,temp,All,Yr
19.25_102.75,0.0,0.43650195321471624,0.47852099018715066,0.36068060416826503,0.3885867114357974,,0.34444955931541493,0.41556172781690437,0.4977662419732583,temp,All,Yr
19.25_103.25,0.0,0.46553213107916713,0.4577405645368846,0.37779538262564283,0.39644033410034724,,0.36193214449198674,0.45399509749676936,0.46996161040994106,temp,All,Yr
19.25_99.75,0.0,0.16558935253020376,0.7913277139917654,0.41266835537719154,0.3319435348453962,,0.2910345204521586,0.3279455585364158,0.6207437248455161,temp,All,Yr
19.75_100.25,0.0,0.14374586508921308,0.8609736925119958,0.3956064946696157,0.3258149208033626,,0.29406034094363975,0.3310729756615352,0.6496488931780933,temp,All,Yr
19.75_100.75,5.268356063861754e-09,0.15804828443053587,0.8488427769092444,0.3988473812166766,0.2986939308892855,,0.2980052933776371,0.30992595377628257,0.6207211687841431,temp,All,Yr
19.75_101.25,0.0,0.25010544965601406,0.7751861927635627,0.4051100116876738,0.33990528219141725,,0.34741676500109236,0.3540548016813655,0.63763240809882,temp,All,Yr
19.75_101.75,0.0,0.27277230457666907,0.7824860950652617,0.3811358104128031,0.3650881914811425,,0.3826292478806847,0.4201755097423344,0.6791654263235872,temp,All,Yr
19.75_102.25,5.268356063861754e-09,0.25955159393173416,0.7327574233678029,0.33742507609694794,0.34310488525956656,,0.34193463720397016,0.3824786039234107,0.6631705421094255,temp,All,Yr
19.75_102.75,0.0,0.35500883815252404,0.6619085185256618,0.33154859664045516,0.36506145754749797,,0.37826379356213485,0.39711389006101494,0.6098257927915155,temp,All,Yr
19.75_103.25,7.450580596923828e-09,0.4139672640376856,0.626950730539172,0.3343479928353313,0.36970498190005346,,0.4093526060559397,0.4066860806206462,0.5627508011461935,temp,All,Yr
19.75_99.25,5.268356063861754e-09,0.1698063345365919,0.785782343513608,0.3888974002349869,0.2816636134261337,,0.27216433584281324,0.3460970419099201,0.5890552187464353,temp,All,Yr
19.75_99.75,0.0,0.15475441289709846,0.8265674081562806,0.39249615395186144,0.3138496767565262,,0.29389299880989767,0.36018613887916767,0.6227391382095836,temp,All,Yr
20.25_100.25,0.0,0.17649823895839997,0.9055016794945201,0.41236819668874186,0.3419358953769056,,0.3206486950618875,0.36380534182058094,0.6593337385770519,temp,All,Yr
20.25_100.75,0.0,0.19689909433732522,0.9521168059659081,0.42658463001513175,0.34962225357586646,,0.34878228257584065,0.36054021678638,0.6842703032562785,temp,All,Yr
20.25_101.25,0.0,0.1943973456445187,0.9382791942758685,0.39698757587536054,0.36834925607451713,,0.38695748224243054,0.3967616527148431,0.7098052943736853,temp,All,Yr
20.25_101.75,0.0,0.25087951835611944,0.878488286416441,0.3791210340254375,0.4224786995756474,,0.41069209085530156,0.43558304874452836,0.7547217935834909,temp,All,Yr
20.25_102.25,0.0,0.2761112985028237,0.842186319631883,0.3646051592078906,0.440421371968705,,0.4117166668750519,0.4537157828686888,0.7599462540779112,temp,All,Yr
20.25_102.75,7.450580596923828e-09,0.3191920694579146,0.7703428254941661,0.35679283412988244,0.4049403841982514,,0.41712685448823583,0.47470101221894656,0.7097883018811695,temp,All,Yr
20.25_103.25,0.0,0.32253951954147303,0.8040585498064531,0.3436514060229773,0.3623588246642227,,0.4195590410077289,0.3919638095800377,0.660957782522737,temp,All,Yr
20.25_99.25,0.0,0.14829414622034537,0.7785921471897954,0.3479705230939827,0.2867591610427881,,0.28010232749324127,0.3693386908413003,0.5833556759998968,temp,All,Yr
20.25_99.75,0.0,0.14449588976817995,0.8348560483230679,0.3733682005972659,0.2921508593921495,,0.29389576826335284,0.3797390045218578,0.5976780018590696,temp,All,Yr
20.75_100.25,0.0,0.11883645324447338,0.899383857536914,0.3528986036225823,0.3346249835186964,,0.31665639576369115,0.40406596568926895,0.6085381089954971,temp,All,Yr
20.75_100.75,0.0,0.16224882860992174,0.9763896110658052,0.3694261301072438,0.3774612168134509,,0.34674127050797654,0.4063286869045462,0.6744524716169554,temp,All,Yr
20.75_101.25,0.0,0.21508836066796547,0.9799233743324749,0.38045244613499507,0.4090791919640161,,0.4238752904257034,0.478119080549167,0.747132530616189,temp,All,Yr
20.75_101.75,0.0,0.2993668346223273,0.9480739497160312,0.3835566266581661,0.4560933116340778,,0.4564529670026089,0.4941409213121297,0.7923008346491245,temp,All,Yr
20.75_102.25,0.0,0.30218236135447174,0.8895460969448958,0.360573702751226,0.42074821990058275,,0.4541313015990979,0.5133167858388509,0.8011259466446106,temp,All,Yr
20.75_102.75,0.0,0.3114403162172053,0.8598516506514546,0.3912782504313487,0.39456700783301685,,0.46435977895096736,0.5357023060829429,0.783692173282687,temp,All,Yr
20.75_103.25,0.0,0.3121019661385425,0.9266403942983429,0.4247916163303409,0.38935934742134515,,0.49996222376996224,0.4904588754218589,0.7921146462396864,temp,All,Yr
20.75_99.75,5.268356063861754e-09,0.12869008264459797,0.8132779830491297,0.35241675666387196,0.31157346260953217,,0.29612395732652647,0.3817653204160484,0.5752362807669669,temp,All,Yr
21.25_100.25,0.0,0.1115850579507783,0.8422818180061482,0.3017565920899275,0.3463904774332357,,0.3358810802154306,0.4647096664225244,0.582097361587164,temp,All,Yr
21.25_100.75,7.450580596923828e-09,0.14284505752936288,0.9400438633976489,0.31047648479115886,0.3912615868865929,,0.3508413932814413,0.513478512641778,0.665949313970375,temp,All,Yr
21.25_101.25,0.0,0.19241365925268553,0.9668529592572865,0.3353896613145353,0.40145737036684936,,0.40086521753161936,0.5202664999314127,0.7336582683339686,temp,All,Yr
21.25_101.75,7.450580596923828e-09,0.2910015410803892,0.9413900851234952,0.41307629847264343,0.44244548214955487,,0.48738836156900067,0.5893955648641416,0.8076597877194637,temp,All,Yr
21.25_102.25,0.0,0.41749286392916013,0.976388180281024,0.5216672654510734,0.5252397740577279,,0.5984590676785432,0.7105104193036248,0.9045256496245782,temp,All,Yr
21.25_102.75,0.0,0.33839374293201835,0.9077685413132512,0.4586709329608917,0.41647924522511065,,0.5199367639445797,0.6029371080540954,0.8575339715027656,temp,All,Yr
21.25_99.75,0.0,0.14001141385840304,0.7040048844151066,0.28269199539630596,0.3386930820203967,,0.29588783300423116,0.453593487459856,0.5535180503572946,temp,All,Yr
21.75_100.25,7.450580596923828e-09,0.11691342493084242,0.7404808889670127,0.2818796787139514,0.3377340770404042,,0.31452122632072327,0.4371681971297388,0.6025161665785084,temp,All,Yr
21.75_100.75,0.0,0.1156777913692292,0.9039485632755372,0.30571629820589413,0.37240513844794726,,0.32711642172920646,0.48625795920498144,0.6707524163473177,temp,All,Yr
21.75_101.25,5.268356063861754e-09,0.1273410502550809,0.9532908758252366,0.3250706914298858,0.37579382332337463,,0.3848566604610548,0.5003975920563795,0.7274046474229915,temp,All,Yr
21.75_101.75,0.0,0.2225112168272235,0.917092958161424,0.39499934940649806,0.41971913853840187,,0.444834617973259,0.5448998607482731,0.790243966849861,temp,All,Yr
21.75_102.25,0.0,0.36253382561167613,0.9312296136901785,0.49536063568326205,0.49278312485601417,,0.5485049506464355,0.6660714019531767,0.8719509802148663,temp,All,Yr
21.75_99.25,0.0,0.15186766524198816,0.5591569922059713,0.2400171659384507,0.33980410754793017,,0.2736199137564027,0.3569719690915363,0.5612521627575572,temp,All,Yr
21.75_99.75,0.0,0.12425630341575299,0.6928754729804956,0.2561949467564823,0.32484473982482914,,0.27319060967321795,0.43129668006003996,0.5635453013882379,temp,All,Yr
22.25_100.25,0.0,0.0885499705039982,0.6740496620019142,0.26813707848810814,0.31721419711970605,,0.26844416672772176,0.3746469613485436,0.6182472943030035,temp,All,Yr
22.25_100.75,0.0,0.11663540869667756,0.8180458793847964,0.3218071915285072,0.34881165015133714,,0.3050160301833333,0.41162079185221895,0.6552731877655661,temp,All,Yr
22.25_101.25,0.0,0.09656041393087561,0.8669690355029747,0.3153924924464482,0.366871290463285,,0.35905774550517006,0.43003352704223796,0.7063876150338089,temp,All,Yr
22.25_101.75,0.0,0.16417255754198273,0.8980978627205081,0.36619443901180115,0.39878551996455497,,0.4184920519229523,0.5022381553623391,0.7531995794693902,temp,All,Yr
22.25_102.25,7.450580596923828e-09,0.24771414171438377,0.9047987962762524,0.44427904320192263,0.42792529609406676,,0.47720493160522126,0.5929198464071246,0.7852927119977421,temp,All,Yr
22.25_99.75,0.0,0.11805169580903369,0.5848873884756932,0.26409991633066515,0.349473518696074,,0.28761876814900744,0.3934839309266978,0.5968767353678821,temp,All,Yr
22.75_100.25,5.268356063861754e-09,0.08953287024677904,0.5519293120843725,0.2926309942454224,0.3351305701396417,,0.2715328519302857,0.3691554776593417,0.6421663791296571,temp,All,Yr
22.75_100.75,0.0,0.08619945396439962,0.6655793912117229,0.31664701248654054,0.3446166949882724,,0.3115547097587313,0.3593847479402238,0.674655748486994,temp,All,Yr
22.75_101.25,0.0,0.06639375526370844,0.7137165113853667,0.2980824890943493,0.3478432542411211,,0.31430506287689713,0.35377936497897416,0.6828034485841744,temp,All,Yr
22.75_99.75,0.0,0.11607022991173656,0.45828453510090994,0.2680013038393187,0.35708276334448874,,0.27150544407491695,0.34674565231018495,0.5979127670644669,temp,All,Yr
23.25_100.25,0.0,0.08951370310862605,0.48333964717892086,0.2827050611910628,0.32762960878022207,,0.2579270002653408,0.3412063630812685,0.6189868296404917,temp,All,Yr
23.25_100.75,0.0,0.06631891210467541,0.5189156072580908,0.29008945701366795,0.33590683675187605,,0.27678592308449074,0.33472127674744123,0.6578922769990195,temp,All,Yr
23.25_99.25,0.0,0.15109733813621312,0.4189728576929319,0.24107072847738917,0.3896740632205333,,0.2750437954983006,0.3179611114911819,0.5470127476207082,temp,All,Yr
23.25_99.75,0.0,0.11263747792935026,0.40499289282907946,0.25475775247692356,0.3505703580802128,,0.2518874116300535,0.3054985200812773,0.570495790284167,temp,All,Yr
23.75_100.25,0.0,0.08597567557216557,0.4204462406119455,0.2842509455990164,0.33836141632070676,,0.24949804237367543,0.30832138828066685,0.5639412134703231,temp,All,Yr
23.75_100.75,0.0,0.07157806947486255,0.4803176198563235,0.31466147305960507,0.343243697555797,,0.27795636614942715,0.3172368747059776,0.6022058914864242,temp,All,Yr
24.25_100.25,0.0,0.1203583505241451,0.3991487080557999,0.3157398001537367,0.39429869386562416,,0.2654003054527836,0.2781657631508321,0.5364713548275877,temp,All,Yr
24.25_100.75,7.450580596923828e-09,0.12948631819211706,0.44373807178161584,0.35166589259515846,0.3926843346003993,,0.2874420884285623,0.2993956125385525,0.5499996356991569,temp,All,Yr
24.25_99.75,0.0,0.10882726086741358,0.39920637035143036,0.25474457619454277,0.40340496773163537,,0.2044146964442928,0.2625226085621499,0.5129969399151288,temp,All,Yr
24.75_100.25,0.0,0.11707141960550166,0.3867660967945256,0.3395281261734588,0.4064910930333655,,0.2770858719522681,0.2876693130292753,0.5137693175404046,temp,All,Yr
24.75_99.75,0.0,0.08624012057845568,0.4188020344947324,0.29532403452898487,0.4133146320302358,,0.20629499647669564,0.3014274650444967,0.462883109698079,temp,All,Yr
25.25_99.75,0.0,0.2568750777105755,0.5105910819934962,0.39312623105536754,0.47823398694410296,,0.26616206908703105,0.4315732237351948,0.42771268712877225,temp,All,Yr
25.75_100.25,0.0,0.15967992103371495,0.395815525565355,0.312704676060337,0.42755547436197056,,0.1893515731470746,0.3639224896732284,0.4240828281607117,temp,All,Yr
25.75_99.25,0.0,0.5805586031940004,0.6600152264771112,0.5722863766782773,0.6446333437507664,,0.5133481701637078,0.6475812519573647,0.5485258786743429,temp,All,Yr
25.75_99.75,0.0,0.3644919867099942,0.489955094308358,0.39450823244931027,0.4950551268189453,,0.29469150291467755,0.47584658683534103,0.42176333214268075,temp,All,Yr
26.25_99.25,0.0,0.4958767789699766,0.5501407770721074,0.4787237448889305,0.5449844914256944,,0.4278093891306006,0.5110983913107622,0.45303094907401276,temp,All,Yr
26.25_99.75,0.0,0.37257385431753864,0.4449128023859595,0.3636583293721377,0.4740377588546129,,0.2861812668566347,0.4165576198887596,0.3835331708483093,temp,All,Yr
26.75_99.25,0.0,0.3323964201331732,0.41029932524862356,0.34678678294522425,0.43722332114244117,,0.26378515402594405,0.34217638095977176,0.34528234274877306,temp,All,Yr
27.25_99.25,1.0536712127723509e-08,0.2423717209531087,0.3884478110188274,0.32433196946775594,0.4423236521624711,,0.20813513787005194,0.23163521381675886,0.3412645626985989,temp,All,Yr
27.75_98.75,1.0536712127723509e-08,0.24666235803380723,0.4454924950098307,0.33601278845078103,0.40919327682880735,,0.3945965221745264,0.13322225317057865,0.3177900965549624,temp,All,Yr
28.25_98.75,0.0,0.3181065678746115,0.5281919080922656,0.4052576483731633,0.46301849991230926,,0.24432079319951072,0.5460710157792288,0.3286275494288223,temp,All,Yr
28.75_98.75,0.0,0.3661450300571582,0.49416024995226204,0.3841190097117528,0.4468378734759338,,0.2456541890379114,0.5128680941035241,0.3542664625342924,temp,All,Yr
29.25_98.25,0.0,0.3502875810503045,0.43109077351136205,0.3658200620476927,0.5307292238037153,,0.24497469247111803,0.4339867746514545,0.29364983866329925,temp,All,Yr
29.75_98.25,0.0,0.3401219610031316,0.42028687620667793,0.3481517213021467,0.5039181555376679,,0.2713882139207499,0.509643926623857,0.28211156605169635,temp,All,Yr
30.25_97.75,0.0,0.36833742468953723,0.4136577090066374,0.35532901369524234,0.4480899590694937,,0.2731883298426651,0.5843617032379731,0.30266713848301124,temp,All,Yr
30.25_98.25,1.4901161193847656e-08,0.3248304819820869,0.40197838069961583,0.32422945836380535,0.4653313968015828,,0.29472869509010147,0.5029825169957449,0.2976836884617356,temp,All,Yr
30.75_97.25,1.0536712127723509e-08,0.34949720846179566,0.37576168318729386,0.36953491629053614,0.44242789336427807,,0.2923864979802474,0.45727663692821524,0.34406089194355777,temp,All,Yr
30.75_97.75,0.0,0.35909221363970545,0.3939855086939226,0.3702557247361992,0.4696305012601723,,0.3167408983524624,0.47531920575036135,0.34880052953829815,temp,All,Yr
31.25_96.25,1.0536712127723509e-08,0.387508370882125,0.35035302456226985,0.3341421445927223,0.4199096424308869,,0.26287860718463235,0.38009672481979134,0.421371280639903,temp,All,Yr
31.25_96.75,0.0,0.39268603309175754,0.3387493075411506,0.32209741455162794,0.37680553448207305,,0.2720442569411133,0.39291920621980875,0.3146726572118661,temp,All,Yr
31.25_97.25,0.0,0.3414020982891374,0.36363094587850175,0.3654821678375677,0.44284636580826475,,0.3085915683152882,0.3862843258842647,0.31163931964430464,temp,All,Yr
31.75_95.75,1.0536712127723509e-08,0.4248569093685976,0.40981873647670575,0.3654362388185874,0.4672155791989384,,0.34046491949620383,0.45103469384940315,0.40547849965451704,temp,All,Yr
31.75_96.25,0.0,0.4225944388761745,0.4004394178382728,0.4010085904958861,0.45945064887556303,,0.3343027506025754,0.3644302333417048,0.42611307290587,temp,All,Yr
31.75_96.75,1.0536712127723509e-08,0.40856846156852394,0.3899513900522373,0.38085478181244586,0.44099173826739246,,0.34586484205093987,0.3582274736766598,0.37041534448391805,temp,All,Yr
31.75_97.25,0.0,0.39818127519119045,0.40585046119746604,0.36676354810481904,0.4638546720744912,,0.3313992935794041,0.407344350291354,0.33696958385619513,temp,All,Yr
31.75_97.75,0.0,0.3711690590737039,0.43517042490365937,0.35985839439509065,0.49271732982117306,,0.30691296381926086,0.4650595063329235,0.33041973402105884,temp,All,Yr
32.25_94.75,1.0536712127723509e-08,0.4140803869009869,0.4470405893244618,0.4570490136368494,0.4062886020178312,,0.3878047824554733,0.6712636047974182,0.5451123805519689,temp,All,Yr
32.25_95.25,0.0,0.4230194885733898,0.4456064248760191,0.4850042932340631,0.4239238128020598,,0.4268023565314887,0.5052184932539523,0.4554415172956592,temp,All,Yr
32.25_95.75,0.0,0.48944793954474963,0.4703178044704133,0.5221968451878425,0.5038001043436284,,0.45231650873220364,0.3995092412002388,0.5503686373577403,temp,All,Yr
32.25_96.25,0.0,0.6547614748319355,0.6201532272561548,0.6558180205956797,0.703547318840064,,0.6075516295051594,0.5311338325841063,0.6752655402539638,temp,All,Yr
32.25_96.75,1.0536712127723509e-08,0.4542128400027151,0.4363009388022988,0.4057662356158816,0.46259382380207953,,0.37002349159802983,0.35409761394220546,0.46144209291385696,temp,All,Yr
32.25_97.25,0.0,0.4158075165210229,0.4152842803294353,0.38668412463387297,0.4637094047311283,,0.3586844160353347,0.3960586382656564,0.43857100464002846,temp,All,Yr
32.25_97.75,0.0,0.39690541743234753,0.4227391013697354,0.38501816642505443,0.5010407019268197,,0.32248679828619764,0.41760889334942375,0.3909426289883709,temp,All,Yr
32.75_94.75,0.0,0.38758247048113503,0.4422126534483693,0.5164586519376914,0.4429178482405094,,0.3501766988328248,0.5793327959126954,0.5093353616794528,temp,All,Yr
32.75_95.25,0.0,0.40898979063530877,0.46083361567372266,0.4602514027258243,0.44053025954487746,,0.3125679913266294,0.47659590932891127,0.43808323254630027,temp,All,Yr
32.75_95.75,0.0,0.44695007997677577,0.46333310855967086,0.4560529308231238,0.4751106795197678,,0.41424079098861216,0.4070672608209849,0.44402791470198394,temp,All,Yr
32.75_96.25,0.0,0.4930012405951538,0.4863650207541751,0.4717009593705225,0.5012629801639195,,0.4068405349029261,0.3955121138935701,0.4878024753662399,temp,All,Yr
32.75_96.75,0.0,0.4701472622695064,0.4531880296631253,0.4036301732541557,0.43446279444952074,,0.4081881711462951,0.3892964465159683,0.5034867414351771,temp,All,Yr
33.25_94.25,0.0,0.3342176835005801,0.44653023067911773,0.5014073713218629,0.4964699082330532,,0.3257148457513853,0.5045117258901145,0.4943110724543163,temp,All,Yr
33.25_94.75,0.0,0.3476195200170885,0.4488057304761044,0.4566442792482628,0.49178424099253193,,0.34110878596628863,0.48354760772547933,0.44061578660085854,temp,All,Yr
33.25_95.25,1.0536712127723509e-08,0.39333937958385656,0.473373890815548,0.42711539061953374,0.4673245058746276,,0.3682471436295179,0.5800343279476886,0.40514801900485875,temp,All,Yr
33.25_95.75,1.0536712127723509e-08,0.4048469785407841,0.4653867216545981,0.4121218159925003,0.46986824858056747,,0.7269644044755222,0.5727878019680082,0.3982533382506455,temp,All,Yr
9.25_105.25,0.0,0.21792125431156373,0.46470717577699944,0.19962406135427918,0.3301528093282466,,0.23065996441600525,0.33613156418352674,0.4543762723940811,temp,All,Yr
9.25_105.75,0.0,0.1756019099180352,0.3944825049031913,0.17589300001421065,0.25254930374955553,,0.24411607359237147,0.32408025118028483,0.38624380414297377,temp,All,Yr
9.75_105.25,0.0,0.18065846267095573,0.5001428236980515,0.1989787846123046,0.3885441739864502,,0.2448940270001519,0.335404715985286,0.4505444653191345,temp,All,Yr
9.75_105.75,0.0,0.1971887831866021,0.5706554422631274,0.2424029429999076,0.3964853995527472,,0.29049148911192824,0.3841086753363003,0.49776448930420963,temp,All,Yr
9.75_106.25,5.268356063861754e-09,0.16537373329994434,0.4607861345095065,0.1761491693030428,0.30759166925221354,,0.2410151538715949,0.3354164400289308,0.4264342648704502,temp,All,Yr
10.25_104.75,0.0,2.466432960845647,2.7513990130382084,2.5950234482676287,2.8017025502920494,,2.608212557106222,2.6327256025755585,2.678135346764231,temp,JJASO,Day
10.25_105.25,0.0,2.4730814296016543,2.8314680482503105,2.6135612173861285,2.9499768602891256,,2.6244475475688356,2.638309670332446,2.7065931674254435,temp,JJASO,Day
10.25_105.75,4.2146848510894035e-08,2.475972586909937,2.9130781269384354,2.6427589880040925,2.9780203904668214,,2.6391760098423784,2.653872838825971,2.7330439166266784,temp,JJASO,Day
10.25_106.25,0.0,2.46112793198402,2.8791071876980343,2.637051491277463,2.928151256431778,,2.6136716936511957,2.6486730590818617,2.7203723551790366,temp,JJASO,Day
10.25_106.75,0.0,2.457756801066745,2.6845599439233934,2.585336305912993,2.8794316137984226,,2.571210946768353,2.6221586131192605,2.660774763625379,temp,JJASO,Day
10.75_104.75,0.0,2.484800830082752,2.8454415754159483,2.6555157853769966,2.9320828680715088,,2.6401508680542234,2.64184344916298,2.698646827341911,temp,JJASO,Day
10.75_105.25,0.0,2.484789571360857,2.895047834128244,2.6643119074610158,2.976130730026893,,2.6383872348324218,2.652796817399203,2.7123840613127412,temp,JJASO,Day
10.75_105.75,0.0,2.477545322788188,2.922999900374546,2.6583907943577607,2.984344493382606,,2.659517692842225,2.6517163743452685,2.713924557152699,temp,JJASO,Day
11.25_104.25,5.960464477539063e-08,2.4814386711861824,2.849404563390556,2.708363890622168,2.8658890784352806,,2.6338864219271505,2.6448835780457043,2.6942835877476172,temp,JJASO,Day
11.25_104.75,4.2146848510894035e-08,2.5076314459819824,2.8912491918752163,2.7382309268196408,2.9649097847445165,,2.673286838309548,2.664630518236585,2.744601984780038,temp,JJASO,Day
11.25_105.25,4.2146848510894035e-08,2.5024642722661405,2.9240104796522077,2.709079918362145,2.9575508071250263,,2.6619630244348738,2.6666615367853646,2.747246728002717,temp,JJASO,Day
11.75_104.25,4.2146848510894035e-08,2.4888284255796878,2.8689882824124413,2.7420325154068808,2.825595006973944,,2.6660614331457952,2.6542605555185252,2.7509580315559807,temp,JJASO,Day
11.75_104.75,0.0,2.529181970636024,2.9327032861922078,2.7567553444113413,2.946908022448421,,2.6952707146018207,2.684765856829927,2.8291939378548987,temp,JJASO,Day
11.75_105.25,0.0,2.5203556266612663,2.960059531965801,2.740865116452295,2.9138792816569454,,2.665410318380649,2.677374388859319,2.7960051832877557,temp,JJASO,Day
12.25_103.25,0.0,2.4391987162669593,2.7498507565416204,2.6771726240585694,2.721851687998352,,2.6072885726006194,2.5855099450329515,2.690199751142014,temp,JJASO,Day
12.25_103.75,4.2146848510894035e-08,2.476547020458709,2.8251554921985953,2.7268765325951527,2.751028544030208,,2.65788016571653,2.650557875323904,2.7388549312158994,temp,JJASO,Day
12.25_104.25,0.0,2.4914405558764634,2.9005366949839435,2.746533865168647,2.8038872806643345,,2.63618214954276,2.6404348710332433,2.8074087934518293,temp,JJASO,Day
12.25_104.75,0.0,2.5145414111820585,2.9391212022678532,2.751181287329327,2.8772986622145447,,2.6565255788794127,2.6758721423142697,2.8648847087239435,temp,JJASO,Day
12.25_105.25,0.0,2.521468730130162,2.9650327559464777,2.7431743544097373,2.8229830890506262,,2.65413276035078,2.6724285973107498,2.796667848159034,temp,JJASO,Day
12.25_105.75,4.2146848510894035e-08,2.521889656320267,2.964243955806199,2.733995457045776,2.778204522184647,,2.657043865300274,2.655238447250654,2.727058016816361,temp,JJASO,Day
12.25_106.25,0.0,2.5105287478774128,2.9547118577904734,2.741115085842197,2.7362627315213612,,2.6695555037768623,2.6364736565243527,2.688643644563556,temp,JJASO,Day
12.25_106.75,0.0,2.496501968596222,2.914777273332416,2.7671054885216084,2.6944185846269497,,2.6963695725410504,2.612835518099805,2.6710323516025047,temp,JJASO,Day
12.25_107.25,0.0,2.4483319283953824,2.793307527552605,2.7237095774699465,2.6315270949354796,,2.630219660985142,2.5381786356148437,2.613192261873909,temp,JJASO,Day
12.25_107.75,0.0,2.4090680793981267,2.75091746647024,2.753708447701634,2.6218725699696446,,2.636329833218248,2.5202008901666306,2.603223815362085,temp,JJASO,Day
12.25_108.25,0.0,2.3866387807876244,2.6876243548700365,2.667331658258587,2.6163912917718846,,2.5890192331726656,2.493706105459482,2.627134150680226,temp,JJASO,Day
12.75_102.75,0.0,2.4435321175300038,2.8949358235609024,2.7463874579502714,2.7766779386130986,,2.6691590688393574,2.702115699648968,2.749862833096316,temp,JJASO,Day
12.75_103.25,0.0,2.465376291017457,2.8805029476298745,2.76156558742054,2.7752629468689634,,2.7118399453540505,2.7655955007197366,2.7753290705343083,temp,JJASO,Day
12.75_103.75,0.0,2.4873657827041957,2.822621377928476,2.7523044786903,2.802790720995703,,2.681212088516926,2.725169364714754,2.7824431909285354,temp,JJASO,Day
12.75_104.25,0.0,2.510921288896497,2.878510882990615,2.7486999765763356,2.808202400386006,,2.6484797155750797,2.705174160057142,2.8253423212421707,temp,JJASO,Day
12.75_104.75,0.0,2.517156241015847,2.939541533177644,2.7667133832281525,2.7961387986110253,,2.6508328672132806,2.689796420339382,2.8219961112550016,temp,JJASO,Day
12.75_105.25,0.0,2.5259799723559526,2.9742811376592666,2.8053661753676455,2.7389326752696546,,2.6680084558916675,2.6638312012976764,2.766618671767416,temp,JJASO,Day
12.75_105.75,0.0,2.5333593274715573,2.961651912869377,2.7653156211008656,2.7133559870170476,,2.680065486985769,2.6472639564381835,2.7189999180423756,temp,JJASO,Day
12.75_106.25,0.0,2.527602506655385,2.9064103961084933,2.766902731530746,2.709414746820281,,2.6703378967199107,2.6387516277507426,2.6920678786533796,temp,JJASO,Day
12.75_106.75,4.2146848510894035e-08,2.511177185911131,2.9104118592870156,2.7756848626089754,2.6748498954707696,,2.6801757806301967,2.6191319922174445,2.669433975561125,temp,JJASO,Day
12.75_107.25,0.0,2.4930345561917897,2.9042438828001225,2.7628165441790324,2.6520418248976863,,2.642500063558756,2.6038664796378006,2.650368462044529,temp,JJASO,Day
12.75_107.75,0.0,2.47332424094572,2.8885830016997485,2.8149366484734806,2.670348808313387,,2.677980167481516,2.6258393518360172,2.6651358220693626,temp,JJASO,Day
12.75_108.25,0.0,2.4501673489283173,2.844363520636311,2.797267653209316,2.6647124953892676,,2.6174146550109527,2.587810429853221,2.701702530444764,temp,JJASO,Day
13.25_102.75,0.0,2.459430886591546,2.950129143981225,2.8472820503954224,2.7919285461349608,,2.7807822862359197,2.8601494576491295,2.792268035551097,temp,JJASO,Day
13.25_103.25,0.0,2.4713661430490386,2.949746632302524,2.8438675298662015,2.7962634473738226,,2.733453746284146,2.8260121376024006,2.811964611137865,temp,JJASO,Day
13.25_103.75,0.0,2.484973387955783,2.8571007541285307,2.787788239113318,2.7870998315147912,,2.679020897714712,2.7563526139114067,2.767724588412391,temp,JJASO,Day
13.25_104.25,0.0,2.508793711534431,2.914697831836382,2.7932331267646915,2.7599647981770614,,2.6807612873482825,2.7178085325811576,2.772543603608771,temp,JJASO,Day
13.25_104.75,4.2146848510894035e-08,2.521629409273964,2.971967338035032,2.827122810178211,2.7346617025698605,,2.682804303565378,2.685349367578958,2.7721276581063066,temp,JJASO,Day
13.25_105.25,0.0,2.5349436496302737,2.9702214921512673,2.8734638786901647,2.7128459774215314,,2.708852802734065,2.664435024936151,2.7512999110684664,temp,JJASO,Day
13.25_105.75,0.0,2.5406260472034234,2.9656858057295548,2.8192795366509182,2.698962354206139,,2.706208527121107,2.6544612806208465,2.724604198408872,temp,JJASO,Day
13.25_106.25,0.0,2.530178006532021,2.9364536942561212,2.805179893175419,2.689751688148715,,2.688693417821193,2.648334453463437,2.70696403078543,temp,JJASO,Day
13.25_106.75,5.960464477539063e-08,2.522155768353927,2.985475440559342,2.8376842861127964,2.678617698522011,,2.7051602645223087,2.6499214902893358,2.6880551547299874,temp,JJASO,Day
13.25_107.25,4.2146848510894035e-08,2.519045687627151,2.9801214649780166,2.867377007519698,2.668483548537262,,2.733547224433778,2.6863146981531094,2.6795983094794305,temp,JJASO,Day
13.25_107.75,0.0,2.486854469077498,2.9728392506762176,2.870940302539334,2.6652509636196053,,2.7556104030195843,2.694772590262314,2.683439817248108,temp,JJASO,Day
13.25_108.25,0.0,2.458634539447344,2.9388473132287447,2.8138114389254567,2.6497411626452174,,2.613446226709903,2.623317175123139,2.685922643055133,temp,JJASO,Day
13.75_102.75,0.0,2.46781996454708,2.9707257573763597,2.9312155960969464,2.7794752779426704,,2.7969367106056944,2.895246387140174,2.8148510029408214,temp,JJASO,Day
13.75_103.25,4.2146848510894035e-08,2.4767313845491405,2.976238260413356,2.906080842689632,2.7856697228602902,,2.755477558306431,2.8602896022679256,2.8097875283468663,temp,JJASO,Day
13.75_103.75,0.0,2.487562146406919,2.9864671969353895,2.892921809593789,2.761992848673156,,2.726163197265593,2.785198226567744,2.7994853658578376,temp,JJASO,Day
13.75_104.25,4.2146848510894035e-08,2.511415143473634,2.9756270958238282,2.883340860013757,2.733324532089864,,2.7281692573862,2.71892217139056,2.771995348457528,temp,JJASO,Day
13.75_104.75,0.0,2.5257424206477044,2.9548081352798756,2.9031970554009328,2.7192809780045777,,2.71925659437349,2.687184805954595,2.765336844698495,temp,JJASO,Day
13.75_105.25,5.960464477539063e-08,2.5408693818271924,2.9570138248001316,2.9248697892797884,2.7124049799688907,,2.7368339790788494,2.675998811775092,2.7672600283092423,temp,JJASO,Day
13.75_105.75,0.0,2.546677737723639,2.978079025235697,2.8703082271129445,2.708412885393227,,2.712120418164247,2.6703640550851007,2.7546118041117085,temp,JJASO,Day
13.75_106.25,0.0,2.532920449833151,2.995475605918387,2.8793287034620576,2.7012666802126533,,2.7129691205367847,2.6624941247954172,2.7353907507200956,temp,JJASO,Day
13.75_106.75,0.0,2.529860732596777,3.0449408089708703,2.9135022459895445,2.6972249664900034,,2.7589215728360887,2.6680334052007963,2.7244687986869525,temp,JJASO,Day
13.75_107.25,0.0,2.5198674932552154,3.0454878152488276,2.9399565931871607,2.6822240038045146,,2.8052009577902086,2.692598020330656,2.712651782921186,temp,JJASO,Day
13.75_107.75,4.2146848510894035e-08,2.471500268419699,2.9584567070117798,2.870123843728366,2.659249529524368,,2.737802856340929,2.664144955595304,2.698316583323338,temp,JJASO,Day
14.25_102.25,5.960464477539063e-08,2.4272216620511444,2.9568763880336304,2.9395874860861504,2.7265867928125713,,2.769393471399381,2.788480344674987,2.820455886641637,temp,JJASO,Day
14.25_102.75,0.0,2.446638327509316,2.9834958302001233,2.9500788337788797,2.7475395190510126,,2.773754185414736,2.869244022558467,2.8315152528512515,temp,JJASO,Day
14.25_103.25,0.0,2.4657541741570403,2.9967199146645895,2.9664970690053885,2.777061989961268,,2.7591363606839545,2.8684002515242133,2.8365847201702614,temp,JJASO,Day
14.25_103.75,0.0,2.4783271296562304,3.008675913026006,2.967631233141127,2.7651847842586394,,2.731533355822897,2.7918007974256636,2.831345902163931,temp,JJASO,Day
14.25_104.25,0.0,2.496465003902321,2.999383864364405,2.9302757049468995,2.749010692507447,,2.713959916977408,2.734155941611902,2.8216805145693606,temp,JJASO,Day
14.25_104.75,4.2146848510894035e-08,2.5153189873501813,2.9730135181115354,2.943407395892756,2.755243882408492,,2.731839745487185,2.7214533237282126,2.833823846744384,temp,JJASO,Day
14.25_105.25,0.0,2.5236894578375493,3.0002448393025425,2.932902651409069,2.739846050170153,,2.7211786762400987,2.711606690696657,2.82618324825655,temp,JJASO,Day
14.25_105.75,0.0,2.5314809633599995,2.9915132107078786,2.9221495079930597,2.740913388979099,,2.7348893158448906,2.6968903724008,2.800829625997869,temp,JJASO,Day
14.25_106.25,0.0,2.53325819300737,3.0396725694877857,2.959634634353383,2.731559256586428,,2.784071832161809,2.6781998924736388,2.779653325669074,temp,JJASO,Day
14.25_106.75,0.0,0.7644056787560178,1.7909999867164943,1.7720233334081683,1.26114166827812,,1.4087315061112795,1.1571010230575012,1.3880994281237,temp,JJASO,Day
14.25_107.25,0.0,0.7293540306515623,1.7357262007502232,1.741826447408005,1.2303367191773142,,1.4598121209907229,1.1422796573014449,1.3746257214450535,temp,JJASO,Day
14.25_107.75,0.0,0.6615366651537528,1.675559634380834,1.5858668262730975,1.169681413146863,,1.3086519381642414,1.0616194158049088,1.3876432481431353,temp,JJASO,Day
14.25_108.25,2.1073424255447017e-08,0.5927141904283668,1.4591732177414112,1.4107002451316173,1.1355864640147892,,1.0552953538188803,0.9534192599741493,1.4162921693485817,temp,JJASO,Day
14.75_101.75,0.0,2.453591199431481,2.940290597073827,2.963660122569634,2.796298527153612,,2.777056953446901,2.8238519410728227,2.8676188280153823,temp,JJASO,Day
14.75_102.25,0.0,2.457734894790371,2.9743893667877614,3.001897937469731,2.7952613302330764,,2.8140657251029793,2.9583369694350483,2.8984100981939913,temp,JJASO,Day
14.75_102.75,0.0,2.4559894682447694,3.0010764524873768,3.0189582983376506,2.7871185266849983,,2.8053483224909774,2.984423048015592,2.9034548752870477,temp,JJASO,Day
14.75_103.25,0.0,2.4673006062148133,3.0192840664332192,3.0224383256281744,2.7969626989244287,,2.774953298892184,2.9271702610347172,2.899474962673809,temp,JJASO,Day
14.75_103.75,4.2146848510894035e-08,2.4766673863338506,3.0109021125469764,3.0151115996009406,2.7963449612746647,,2.7483400907474373,2.8564860603037863,2.8894854715759433,temp,JJASO,Day
14.75_104.25,0.0,2.4934934029483355,3.014993629144709,2.9935208307902954,2.792399319402303,,2.7344569920393846,2.8031542210733953,2.8856204097073475,temp,JJASO,Day
14.75_104.75,0.0,2.5021445767040205,3.012547543286965,2.969761782219171,2.7938382089750364,,2.731368208171499,2.7733141642411003,2.885701604770787,temp,JJASO,Day
14.75_105.25,0.0,2.5198298056294335,3.0393774900302533,2.9490671865840206,2.782768921212229,,2.7227288726181023,2.754986192261366,2.8765728155838004,temp,JJASO,Day
14.75_105.75,4.2146848510894035e-08,2.533462556134564,3.047726486771824,2.958972965865705,2.769394293473839,,2.7542721895712954,2.712037435801784,2.846433709222823,temp,JJASO,Day
14.75_106.25,0.0,0.7859371539358724,1.829336938077967,1.7679137803539524,1.3191047427014955,,1.3910226894685729,1.1595386611227565,1.4731224171859725,temp,JJASO,Day
14.75_106.75,0.0,0.8612741417660645,1.8032591212777223,1.7824856640405309,1.3462992835986922,,1.3470514628994132,1.2009843336539159,1.5132711926655664,temp,JJASO,Day
14.75_107.25,0.0,0.759283892297168,1.7596206985913803,1.7620037375243975,1.252012506387698,,1.3637842638647022,1.1359154709442099,1.4860050580340334,temp,JJASO,Day
14.75_107.75,2.9802322387695312e-08,0.6543163976225821,1.5505812448928962,1.476102622141647,1.1483443754847242,,1.0804788307664144,1.0120378287599692,1.5325804938743666,temp,JJASO,Day
14.75_108.25,0.0,0.5741055772576045,1.3800247283518727,1.3654192388602417,1.1476394459886816,,0.9447090594758935,0.9718048883533477,1.57735011785767,temp,JJASO,Day
15.25_101.75,0.0,2.445280331735488,3.0226494537075648,3.018491267615175,2.8175992788858126,,2.8302306156550228,2.990548410675147,2.91570853881589,temp,JJASO,Day
15.25_102.25,0.0,2.4531993679426156,3.045424895697244,3.058685777653773,2.8203795176907036,,2.851393893054285,3.085114296480218,2.963973667143279,temp,JJASO,Day
15.25_102.75,4.2146848510894035e-08,2.4679522164258083,3.0778048122572073,3.0701141016419164,2.8129469868178663,,2.829405819481689,3.0932207215830045,3.005916354534431,temp,JJASO,Day
15.25_103.25,4.2146848510894035e-08,2.476844477923816,3.0940986099601,3.0769077058501226,2.8148942281434044,,2.814214875225404,3.0242918873173004,3.0137873170740237,temp,JJASO,Day
15.25_103.75,0.0,2.4818811016287103,3.0901941968307454,3.05978248792624,2.821560933739981,,2.7899076997220873,2.945739202475244,2.9724407790293257,temp,JJASO,Day
15.25_104.25,0.0,2.4853734250193398,3.105490395618346,3.050021472754416,2.82466562943829,,2.7543354712454136,2.864981541302189,2.94575679079456,temp,JJASO,Day
15.25_104.75,4.2146848510894035e-08,2.4902830155223636,3.0932384437575213,3.0042403757632936,2.829654713605844,,2.7406779434136954,2.803203849607834,2.9213041213873505,temp,JJASO,Day
15.25_105.25,4.2146848510894035e-08,2.5035096212432113,3.07536192260383,2.977464915630844,2.8146740586391306,,2.7270345187876974,2.778955565040399,2.908671229071521,temp,JJASO,Day
15.25_105.75,0.0,0.7192174650142907,1.8141146192886808,1.7758857543485564,1.3674686086925685,,1.2939193665457323,1.2711215972182792,1.574524291335719,temp,JJASO,Day
15.25_106.25,0.0,0.7617593914117514,1.6343056928194204,1.638100284643891,1.315042225225275,,1.2824926040617919,1.1946137409033049,1.5256728243815396,temp,JJASO,Day
15.25_106.75,2.9802322387695312e-08,0.7895192923168337,1.7712380375268404,1.6802459912196264,1.295329823727357,,1.2641081832987873,1.185543362816007,1.5551277711397986,temp,JJASO,Day
15.25_107.25,0.0,0.6988766907147554,1.6962341722258412,1.615035019382555,1.194517567706209,,1.2025385672043545,1.0777782509209906,1.5967954085252607,temp,JJASO,Day
15.75_101.75,0.0,2.442249022511073,3.108693505907881,3.070854471376133,2.821883809354527,,2.827534239090312,3.0526642964061184,2.9665359337760706,temp,JJASO,Day
15.75_102.25,4.2146848510894035e-08,2.453295442319128,3.135641077995371,3.1120301124882777,2.8450595321706924,,2.8518537545282987,3.202832063470661,3.0492164166417246,temp,JJASO,Day
15.75_102.75,0.0,2.468558405038256,3.156323401379565,3.126816760569578,2.838804784745763,,2.845026635790756,3.1564659420553607,3.098787185638903,temp,JJASO,Day
15.75_103.25,0.0,2.4740400949614663,3.1787011720836613,3.1349551245996947,2.8327917056435292,,2.8265069917868955,3.057307809346962,3.0815542423665865,temp,JJASO,Day
15.75_103.75,0.0,2.4789214439867067,3.183686459048781,3.121538914416364,2.8407100697626517,,2.820116773317881,2.98328616306134,3.0309881313063904,temp,JJASO,Day
15.75_104.25,0.0,2.4762023051000894,3.18132373831297,3.0924220512784024,2.8393553267642435,,2.782501106820456,2.8823580431796207,2.9932855011349155,temp,JJASO,Day
15.75_104.75,5.960464477539063e-08,2.479886336301975,3.15433407916362,3.0407413157968133,2.8342536513011667,,2.7468069819508227,2.809207557817613,2.964215698751416,temp,JJASO,Day
15.75_105.25,0.0,0.5008309103716502,2.0135844215984937,1.7721674137021874,1.4105615969607948,,1.2442930086986903,1.3710227382397464,1.6661485913277578,temp,JJASO,Day
15.75_105.75,0.0,0.595491509200735,2.0036323510258813,1.7856692469230997,1.3533408809087137,,1.2961047714314589,1.3191757074982202,1.5995894023993376,temp,JJASO,Day
15.75_106.25,0.0,0.7068269709792009,1.9541992063862317,1.894051204485883,1.3461355272661173,,1.3571231849130765,1.3221167735990513,1.6065561545402611,temp,JJASO,Day
15.75_106.75,0.0,0.6770879485969662,1.7717208823268558,1.6990969346189329,1.268900261194837,,1.3888878389828287,1.1708810285275055,1.630842350164739,temp,JJASO,Day
16.25_101.75,0.0,2.420459765081662,3.095303945009167,3.0767922658538507,2.8040004373302567,,2.7880780255474473,3.0015914499857113,3.0083318762069284,temp,JJASO,Day
16.25_102.25,0.0,2.4572372466357977,3.19440158481041,3.1300741816878386,2.853036071432834,,2.8324357947531476,3.3005732622369064,3.146611570853279,temp,JJASO,Day
16.25_102.75,4.2146848510894035e-08,2.477137042043573,3.244094084738306,3.1755759778188,2.8629909453286695,,2.8534691677585897,3.2387677658285527,3.2076858970352355,temp,JJASO,Day
16.25_103.25,0.0,2.4764903713691675,3.2564826352181586,3.1834229682999298,2.8580906510400372,,2.849536489594119,3.1014266178444614,3.167697984679049,temp,JJASO,Day
16.25_103.75,0.0,2.4796635424511178,3.2322489110907564,3.1624895646872067,2.86288584749561,,2.8298345178330764,2.985447871236824,3.1013062115870196,temp,JJASO,Day
16.25_104.25,0.0,2.474286417265308,3.2156490509058657,3.107191327653522,2.851590299836929,,2.7911750353404305,2.8867699604722823,3.0546178112452194,temp,JJASO,Day
16.25_104.75,0.0,0.4783389712793408,2.1707462905178816,1.908843966036965,1.4708934776878235,,1.3286155584786332,1.4931062713719694,1.8327975216684607,temp,JJASO,Day
16.25_105.25,0.0,0.4872414373839765,2.177257771475558,1.8688948012023472,1.439490210465903,,1.290533108599532,1.469095359686361,1.741059372405962,temp,JJASO,Day
16.25_105.75,0.0,0.543498738760439,2.1466576645026567,1.8811479595325973,1.3569939977264436,,1.340816765913221,1.398649619877149,1.6322189289431583,temp,JJASO,Day
16.25_106.25,0.0,0.5467398646289993,2.0412772675497393,1.8156707089455122,1.2777289834913597,,1.4223109529689875,1.2577613938632033,1.6582877108166312,temp,JJASO,Day
16.25_106.75,0.0,0.5361772300450287,1.8312067074814005,1.5724112816327702,1.2381074640819931,,1.0606156228490902,1.1486408457002368,1.7421582424432012,temp,JJASO,Day
16.25_107.25,0.0,0.5176165690775775,1.684594582197606,1.6135595343897562,1.2609714652807342,,1.095812448405526,1.2084540235737744,1.8082331493091905,temp,JJASO,Day
16.75_101.75,0.0,2.4273965195711473,3.1158344183473834,3.106147800815246,2.8223950863372202,,2.77110320856734,3.104662334078182,3.094972172258515,temp,JJASO,Day
16.75_102.25,0.0,2.4667591476676836,3.248979462247668,3.1703721249427987,2.8822375696599494,,2.838185236990316,3.399266137739391,3.2618184761252205,temp,JJASO,Day
16.75_102.75,4.2146848510894035e-08,2.486109826805271,3.329799408049066,3.228880018262178,2.8925178512186056,,2.8492532434320106,3.2765749313282444,3.3065494248454836,temp,JJASO,Day
16.75_103.25,0.0,2.4697179370023075,3.319653073335192,3.207527066568735,2.8745340274254616,,2.8291982330408483,3.078371695225957,3.267023334900318,temp,JJASO,Day
16.75_103.75,0.0,2.4655519506422454,3.289088526813527,3.1659575253422507,2.867461469343653,,2.798075835123837,2.9676611062611333,3.1702448311113063,temp,JJASO,Day
16.75_104.25,0.0,2.4651150560292625,3.2972066255283505,3.13952535585367,2.862667196396029,,2.787109501850625,2.9512594719026697,3.116185178554165,temp,JJASO,Day
16.75_104.75,0.0,0.5258507658934454,2.2973395308941202,2.0238526496818348,1.5214405603498518,,1.3775723825219057,1.6999677452615556,1.931126312546503,temp,JJASO,Day
16.75_105.25,0.0,0.475976837309449,2.305290413826222,1.950667011356681,1.4476412243201557,,1.3710023078364102,1.601171357302139,1.7862843443836316,temp,JJASO,Day
16.75_105.75,0.0,0.5277054917529052,2.2039868133440605,1.9499677184205944,1.360387942143777,,1.4489020869819171,1.415270793880425,1.7146671723529456,temp,JJASO,Day
16.75_106.25,2.9802322387695312e-08,0.4393080419973633,2.0732440693390335,1.828221333148139,1.3070599049662468,,1.253278207912858,1.2645424946771637,1.7669110580729694,temp,JJASO,Day
17.25_101.75,0.0,2.4472987010525062,3.1681723126471706,3.1201161371082407,2.860573955244768,,2.7947242469922076,3.2161070782607366,3.192935372627999,temp,JJASO,Day
17.25_102.25,5.960464477539063e-08,2.4665071483372745,3.315627170247836,3.278682026273365,2.9104186313085605,,2.8961363745768645,3.4615617556292375,3.34886886006945,temp,JJASO,Day
17.25_102.75,0.0,2.4822842048098925,3.418049079531802,3.299617992667111,2.9332274136891865,,2.870647128662354,3.3531078131567185,3.386105614010789,temp,JJASO,Day
17.25_103.25,0.0,2.4705530305732,3.4219453263860307,3.252027009463901,2.9198050498349986,,2.8436455512967505,3.1777822395211603,3.3599646422140093,temp,JJASO,Day
17.25_103.75,0.0,2.466438487773552,3.3976293445649373,3.2056147735357086,2.9045265431252356,,2.8154518549159486,3.0888197544281466,3.2552396328187445,temp,JJASO,Day
17.25_104.25,5.960464477539063e-08,2.479928769560831,3.3962092996103763,3.2132466053771087,2.9031360461263924,,2.830809194999525,3.094716275542675,3.1763244250240508,temp,JJASO,Day
17.25_104.75,0.0,0.5835203261132806,2.4164991253380723,2.115830639319139,1.5659847730356964,,1.416516075563121,1.8839473231138182,1.985517097227743,temp,JJASO,Day
17.25_105.25,0.0,0.49963577682016813,2.3377374161400435,2.0665256566674577,1.446407179286542,,1.4653028019498555,1.5736283491256786,1.8822329764946069,temp,JJASO,Day
17.25_105.75,0.0,0.4573649978403077,2.1945260629213323,1.9979753755258691,1.4030703028537743,,1.40106750311262,1.3559980686334516,1.8950292514758036,temp,JJASO,Day
17.25_106.25,2.9802322387695312e-08,0.43498235762349036,2.1076284032167814,1.910212063037902,1.445352088228402,,1.2591718779880747,1.2703024491397052,1.913089074815563,temp,JJASO,Day
17.75_101.25,0.0,2.437435476889773,3.1268252893147337,3.026457943714958,2.8162832913285807,,2.755268566261307,2.9193026604658074,3.09212195575416,temp,JJASO,Day
17.75_101.75,0.0,2.457542382669841,3.238589654807829,3.209712665980883,2.8727674909898986,,2.856293684026335,3.2032991458758415,3.258561972989388,temp,JJASO,Day
17.75_102.25,0.0,2.472062288002651,3.3803164501161613,3.3154469045312647,2.9210288909289854,,2.9007541330152073,3.4731196841212526,3.358247200260654,temp,JJASO,Day
17.75_102.75,5.960464477539063e-08,2.4943159460885864,3.508991870360102,3.3687160716496805,2.97001973189293,,2.9010103795215287,3.4808010942731897,3.3818141104214265,temp,JJASO,Day
17.75_103.25,5.960464477539063e-08,2.4831068075062386,3.5454715047538747,3.3076335176233944,2.9664135231911843,,2.873010414290742,3.3330704629442462,3.3527580770797503,temp,JJASO,Day
17.75_103.75,0.0,2.4827716520821053,3.508529787712711,3.2570429908808425,2.947197380709316,,2.860247206147372,3.2522766677965076,3.2641412596606196,temp,JJASO,Day
17.75_104.25,0.0,0.5157002491727194,2.490593120886359,2.1562663154171786,1.5797890274585182,,1.4902629433400165,1.9459868373670428,2.0906104728976076,temp,JJASO,Day
17.75_104.75,0.0,0.5809196706966417,2.431244919701499,2.0956337266449663,1.5484502042950563,,1.5302669947233585,1.619058268715035,2.068933175251574,temp,JJASO,Day
17.75_105.25,0.0,0.5164840990741585,2.246805351300002,1.984035858554581,1.470594773478015,,1.399697898896246,1.4236225434990377,2.0805942486883064,temp,JJASO,Day
18.25_101.25,0.0,0.5151174250277754,2.139274196913851,2.048436930817121,1.4835797360920053,,1.483865579289183,1.674843934980851,2.0698802125841174,temp,JJASO,Day
18.25_101.75,0.0,0.5174441151310122,2.2459771102632073,2.1884954471734916,1.51572886776536,,1.591711692183895,2.061946808373798,2.193975709066179,temp,JJASO,Day
18.25_102.25,0.0,0.5811344198252983,2.4137597420151518,2.324807642536999,1.5939470325597973,,1.6306568539978588,2.2656153545291344,2.227441853611016,temp,JJASO,Day
18.25_102.75,0.0,0.5846329159233264,2.6032048260774063,2.262383006730474,1.6244681458384593,,1.566434033335021,2.1404984051172034,2.186351379921533,temp,JJASO,Day
18.25_103.25,0.0,2.4962024849814854,3.5099424153103405,3.288785462484002,2.926794233711251,,2.8842711400978756,3.194000697823909,3.2034376120950525,temp,JJASO,Day
18.25_103.75,0.0,2.5135731724617307,3.525723010867861,3.2745622704625825,2.9405724138343925,,2.9250235263175366,3.2116078981746736,3.1945815526548804,temp,JJASO,Day
18.25_104.25,0.0,0.6177638923461126,2.500514358330724,2.145184465056715,1.5538307423784425,,1.5895030503375895,1.717489019373079,2.0991268840491304,temp,JJASO,Day
18.25_104.75,2.9802322387695312e-08,0.6565122970341979,2.4244164734844422,1.9442710576510782,1.543508108140567,,1.3388030094128356,1.5615632002743245,2.224186269817949,temp,JJASO,Day
18.25_105.25,2.9802322387695312e-08,0.5941225511528212,2.267241556588625,1.9360866444395615,1.5441575248025419,,1.2052091696457161,1.7299237641719878,2.281892307800394,temp,JJASO,Day
18.75_101.25,0.0,0.560594449222083,2.157653358858331,1.9414107260274576,1.4905707807159723,,1.4566511215389162,1.4666623949756148,2.0976516325378407,temp,JJASO,Day
18.75_101.75,0.0,0.5991232761575146,2.194129015561174,2.1430614577822635,1.5209966320484436,,1.5541513714772939,1.7786186046670975,2.147648626817218,temp,JJASO,Day
18.75_102.25,2.9802322387695312e-08,0.635754760228902,2.303092760938746,2.189385088966684,1.5329906490723735,,1.5968571676972612,1.73505624178962,2.1162237628164418,temp,JJASO,Day
18.75_102.75,2.1073424255447017e-08,0.6447751291037919,2.2496817053229172,2.0933115870603296,1.491768019822005,,1.472894111822023,1.5872699273969901,2.069898101629,temp,JJASO,Day
18.75_103.25,0.0,0.6345011298738791,2.0906540199203567,1.9506658876136724,1.4982099643930848,,1.4384584238832956,1.6103236063776625,2.0582443432709914,temp,JJASO,Day
18.75_103.75,0.0,0.677206191066177,2.4703983309560402,2.166092228124192,1.55208808728658,,1.5081406690697323,1.7115784910888066,2.1185361605839814,temp,JJASO,Day
18.75_104.25,0.0,0.6972905757659175,2.462387041924947,2.0035441587056493,1.5322659459260175,,1.392948566918376,1.6863533889797642,2.2337984131503985,temp,JJASO,Day
18.75_104.75,2.9802322387695312e-08,0.6683880909475144,2.4915672115288814,2.054851257395863,1.544720842385601,,1.2617659849424012,1.9048388606476938,2.385341276343906,temp,JJASO,Day
19.25_101.25,0.0,0.6318047652957661,2.069185250605732,2.0118832882809334,1.4962873284174012,,1.5224075770404795,1.434448695043748,2.129847220324869,temp,JJASO,Day
19.25_101.75,0.0,0.7209327223902116,2.192858788097507,2.145899827884498,1.5319339572028228,,1.631228095763574,1.6373987290314678,2.1839201526336827,temp,JJASO,Day
19.25_102.25,2.1073424255447017e-08,0.6715516569497231,2.189518712395305,1.9294893810630085,1.4782876945166543,,1.4786897708514388,1.4406306835353069,2.1516882918849016,temp,JJASO,Day
19.25_102.75,2.9802322387695312e-08,0.7065800290947989,1.9656929350253358,1.8234666658599223,1.453095802410879,,1.3697578744782335,1.3848173010775873,2.1104546161875537,temp,JJASO,Day
19.25_103.25,0.0,0.7313060467973149,2.041030957004354,1.8628066173384568,1.4878766308442457,,1.2993020662498775,1.4755802734867252,2.1167769209477183,temp,JJASO,Day
19.25_99.75,2.9802322387695312e-08,0.537961645370281,2.2280297384819296,2.151118396051367,1.5436555124956275,,1.6684999292715226,1.6965203811039131,2.052931123252949,temp,JJASO,Day
19.75_100.25,0.0,0.5715826218126067,2.4029702062505898,2.1411966296831126,1.5271352329554757,,1.6475546363599087,1.6558998652738872,2.145537656452175,temp,JJASO,Day
19.75_100.75,0.0,0.5977185880422567,2.415353932625777,2.11912219589371,1.4984946594369308,,1.5906074581296856,1.5153984249187211,2.135785908469852,temp,JJASO,Day
19.75_101.25,0.0,0.6705412824029218,2.2526994123730306,2.0793185177116555,1.5035449103007668,,1.553171726869103,1.5061689805756824,2.1476254592427395,temp,JJASO,Day
19.75_101.75,0.0,0.714181349080671,2.3040667575481573,2.124181893938073,1.5413531314356428,,1.621304620109153,1.5961802209469733,2.231821854167465,temp,JJASO,Day
19.75_102.25,0.0,0.7499436409804431,2.298483545802855,1.994340851294021,1.5547374499122475,,1.466868259703295,1.5566399958672616,2.2817583613643797,temp,JJASO,Day
19.75_102.75,0.0,0.734064801735974,2.242343466518132,1.9764896521914566,1.501149848043612,,1.4142632825487491,1.520048883778008,2.2278449509606606,temp,JJASO,Day
19.75_103.25,0.0,0.7527901823098047,2.251215386789266,2.0170218778619264,1.545860198935585,,1.4097690560464908,1.6087055762688791,2.2207833288369154,temp,JJASO,Day
19.75_99.25,2.1073424255447017e-08,0.5726419489089118,2.20581274028803,2.0848387272824973,1.4835685708171662,,1.6407526104728687,1.660641071449987,2.027835452328692,temp,JJASO,Day
19.75_99.75,0.0,0.5961882405551768,2.3145561002921546,2.18810988198557,1.542321104735409,,1.7155110621455982,1.75301498729003,2.1036719786896785,temp,JJASO,Day
20.25_100.25,0.0,0.619186179818871,2.462067234058445,2.2402882556205506,1.5422675628569191,,1.7755820317239193,1.7159754881296876,2.223749220754538,temp,JJASO,Day
20.25_100.75,0.0,0.6265967916589145,2.4908906927409604,2.2051183662934553,1.5172136568159618,,1.6224219519293677,1.589755571330585,2.2432416570895275,temp,JJASO,Day
20.25_101.25,0.0,0.6536943722172778,2.4304556015423078,2.1193513851517576,1.5222564558959348,,1.5885264413806388,1.5680794769922481,2.2295635701689935,temp,JJASO,Day
20.25_101.75,0.0,0.7007454409876069,2.416198602132481,2.1393599736298996,1.6020616018070837,,1.5898388754262667,1.6689941120499412,2.3252505281216225,temp,JJASO,Day
20.25_102.25,2.9802322387695312e-08,0.7244809343506634,2.481076493476018,2.192575683888413,1.6937527145448454,,1.577846737207223,1.7913842892146632,2.4104676580455537,temp,JJASO,Day
20.25_102.75,0.0,0.7140414056211302,2.4576286508617025,2.1363788604540503,1.6491609858873604,,1.511361182588139,1.7535859311261313,2.3854384437449268,temp,JJASO,Day
20.25_103.25,0.0,0.7096703976190989,2.4337855082506095,2.0976978247299574,1.590145830434574,,1.386486561012786,1.6224096982137197,2.336675333005958,temp,JJASO,Day
20.25_99.25,0.0,0.6092720501482706,2.2866096920436987,1.9801533190089353,1.473412840626326,,1.5443045574611143,1.5172656735315004,2.09183689722657,temp,JJASO,Day
20.25_99.75,0.0,0.6210346197185079,2.3636398987363645,2.185606065675425,1.5349962017703345,,1.6877298893175867,1.6778307431366863,2.1451620333970625,temp,JJASO,Day
20.75_100.25,2.9802322387695312e-08,0.5976333851445038,2.404807723640104,2.2291942396908095,1.4984184428831528,,1.8120528210986717,1.590904684961038,2.256510889126177,temp,JJASO,Day
20.75_100.75,0.0,0.6145870834362422,2.4726463404483767,2.1681244235115624,1.5267211969314551,,1.6194625003367118,1.5719905763343613,2.340681329647816,temp,JJASO,Day
20.75_101.25,0.0,0.6938415142143691,2.4669310867125436,2.1389631909273867,1.59743144274369,,1.5866275735198208,1.6280243273619606,2.3694187664698942,temp,JJASO,Day
20.75_101.75,0.0,0.7575152461567777,2.5042916457790776,2.2172630901382444,1.678386176571409,,1.6142150107264797,1.7866293272331184,2.422183451114938,temp,JJASO,Day
20.75_102.25,2.9802322387695312e-08,0.7472595157514632,2.5731630629518842,2.170361493790181,1.708958429172055,,1.6150628181725653,1.9155632082794616,2.487134003364196,temp,JJASO,Day
20.75_102.75,0.0,0.7272022448498511,2.5895905505810095,2.250019436220238,1.6925976733858363,,1.5962874439083712,1.9021765912852715,2.5062862069412257,temp,JJASO,Day
20.75_103.25,0.0,0.7167527567093919,2.5596960269318787,2.132390260936931,1.625171384174112,,1.4469732549475613,1.7711538700795868,2.4950412547982928,temp,JJASO,Day
20.75_99.75,0.0,0.6234311116196483,2.2756654822835873,2.1235739917712224,1.4949483646118202,,1.5150755544768222,1.4699411433586422,2.1769392005268657,temp,JJASO,Day
21.25_100.25,2.9802322387695312e-08,0.6031988146470952,2.3256970749898502,2.2076699131809523,1.5342777822157723,,1.864406026631595,1.5214241495823577,2.255423626027316,temp,JJASO,Day
21.25_100.75,0.0,0.6166847081641975,2.4439963207596493,2.1121276244821727,1.5928227501641596,,1.619100398754082,1.5845173148409348,2.3882141783671864,temp,JJASO,Day
21.25_101.25,0.0,0.6653571763023974,2.4760021125710026,2.148001582429649,1.6533948936437,,1.5865848584258695,1.6071389694276472,2.446553160580564,temp,JJASO,Day
21.25_101.75,2.9802322387695312e-08,0.737465876698989,2.5185524601180163,2.1772778464285905,1.727341264734781,,1.5937969426517389,1.7614213791869415,2.4753288357813394,temp,JJASO,Day
21.25_102.25,0.0,0.8854884644067176,2.6740382256917408,2.233623824077679,1.8045012629870585,,1.6160682131884152,2.0498004799828844,2.5674357047514564,temp,JJASO,Day
21.25_102.75,2.9802322387695312e-08,0.767210692980585,2.6812666694458747,2.2720405495756495,1.6959075549107925,,1.5504520392016712,2.0321762933115246,2.5820464753644115,temp,JJASO,Day
21.25_99.75,2.9802322387695312e-08,0.7383373605632699,2.218509547072464,1.8524148437276393,1.5509712355976373,,1.4314450761954798,1.4305830293466004,2.195342979586258,temp,JJASO,Day
21.75_100.25,0.0,0.564576934414055,2.2791604780908385,2.0287807808978733,1.5681369000198866,,1.6120864185918926,1.3980478372984229,2.3147167325699685,temp,JJASO,Day
21.75_100.75,0.0,0.5746109731835557,2.477863270455168,2.168464241073055,1.656572656537863,,1.605271307757488,1.6166393980272935,2.461462930738895,temp,JJASO,Day
21.75_101.25,2.9802322387695312e-08,0.5589874425344424,2.5739767614271236,2.239091854815217,1.7029984063127825,,1.6754501859245863,1.5988775189002902,2.487543799643219,temp,JJASO,Day
21.75_101.75,0.0,0.6010697125809307,2.5565610417723525,2.1763887114112137,1.7471483328434112,,1.554789618779339,1.669586541188558,2.513148481149594,temp,JJASO,Day
21.75_102.25,0.0,0.7647834277320776,2.7007274784321296,2.282822141312839,1.8051553543313115,,1.6286024934884216,1.948809254610807,2.5803405638894663,temp,JJASO,Day
21.75_99.25,0.0,0.6139210724183505,2.163945819361497,1.6385203417065313,1.5231406344316591,,1.32664192172616,1.2516603690745731,2.1859974175619037,temp,JJASO,Day
21.75_99.75,2.9802322387695312e-08,0.6232472230818791,2.2285732769922535,1.8920694979660893,1.5282330850469392,,1.4383336206886037,1.3269989507823954,2.211644795253526,temp,JJASO,Day
22.25_100.25,0.0,0.5148303186713433,2.2766518393842086,1.8737330827797225,1.6340670060442757,,1.4488768889533272,1.3492187495063048,2.3268646337726056,temp,JJASO,Day
22.25_100.75,0.0,0.5410057815955808,2.5113006639771456,2.2863993553646837,1.7265320307687206,,1.6655922040480469,1.5925759343214674,2.432051605167607,temp,JJASO,Day
22.25_101.25,2.9802322387695312e-08,0.5037799296288059,2.5830054570119514,2.2276030509869007,1.7472023337663523,,1.686367753536103,1.5593360317601959,2.481012049879921,temp,JJASO,Day
22.25_101.75,0.0,0.5128815003054761,2.6281592497906523,2.1922208758958135,1.7501060360213125,,1.5616822163301138,1.6619035379224618,2.4940970450030107,temp,JJASO,Day
22.25_102.25,2.9802322387695312e-08,0.599617903703003,2.6951939492218173,2.289422692780268,1.7499090589555402,,1.637155161245346,1.8117936045488383,2.534535944920266,temp,JJASO,Day
22.25_99.75,0.0,0.5487871042330453,2.2301493753842614,1.783941227735958,1.5815395404791934,,1.52096298937008,1.2526728795460635,2.283613302584811,temp,JJASO,Day
22.75_100.25,2.9802322387695312e-08,0.4960426000542697,2.2591498437538715,1.9761485680269597,1.7202668135710015,,1.6079636228652483,1.3785441159718406,2.3986799840318676,temp,JJASO,Day
22.75_100.75,2.9802322387695312e-08,0.4881018510446093,2.422999499728774,2.172199801584344,1.7628537440281722,,1.699894586611517,1.4415748491757043,2.4840280144926683,temp,JJASO,Day
22.75_101.25,0.0,0.4976359962064774,2.436691671026579,1.9868208346530762,1.761671374261989,,1.4345292840859833,1.456036350864511,2.4957026730438514,temp,JJASO,Day
22.75_99.75,0.0,0.5159589327450668,2.1351625296806156,1.816807991676338,1.6655225333437007,,1.4332512407423517,1.2222284701424002,2.293132614152128,temp,JJASO,Day
23.25_100.25,0.0,0.4951103673952168,2.2361206633511825,1.9371320095203675,1.7891273121090956,,1.515243535630187,1.367247640077893,2.4521045317805523,temp,JJASO,Day
23.25_100.75,2.9802322387695312e-08,0.47665246971418956,2.3012393212408684,1.9740300536181188,1.7960977833340899,,1.4781303704930708,1.3996359990795983,2.5627527881516783,temp,JJASO,Day
23.25_99.25,0.0,0.5060067941624059,2.174813395261538,1.75218086994791,1.7100601490277567,,1.4248524965151608,1.2095384762551984,2.239061549703472,temp,JJASO,Day
23.25_99.75,0.0,0.5081153432076642,2.0896388056425326,1.743631316546111,1.73557145427996,,1.3983618824197273,1.1925060771590383,2.3261245490641533,temp,JJASO,Day
23.75_100.25,0.0,0.5671690955512964,2.1351044367703604,1.8878171490649391,1.8804049157508713,,1.5359162270944164,1.379975749690524,2.421973055198345,temp,JJASO,Day
23.75_100.75,0.0,0.5192379199649877,2.2354987324569984,1.9719292877004804,1.8609800375152092,,1.5562832237451236,1.427045201921265,2.554735570204728,temp,JJASO,Day
24.25_100.25,0.0,0.5471834600617611,2.0405316355249923,1.9557578121615622,1.967755085977451,,1.5777537318611212,1.3566726794844128,2.4211043575922644,temp,JJASO,Day
24.25_100.75,0.0,0.6032544065411962,2.1305488494879405,2.115476289859267,1.9359857943230727,,1.6548335621163022,1.4583939044633862,2.5119509220151874,temp,JJASO,Day
24.25_99.75,2.9802322387695312e-08,0.5184758107539149,2.0299489513703235,1.7237272761392104,2.0025231405937935,,1.3957132806075696,1.2524440189730504,2.3911393384196935,temp,JJASO,Day
24.75_100.25,0.0,0.46882939661741474,2.0152411639093004,1.974518009466834,2.011751035917425,,1.61487322077288,1.3846376303264352,2.4162244593290487,temp,JJASO,Day
24.75_99.75,0.0,0.4682088899051522,2.024521245157042,1.8154368972048216,2.044476990835227,,1.5016614373535941,1.3180285928913031,2.4005412894050084,temp,JJASO,Day
25.25_99.75,4.2146848510894035e-08,0.5343599934570814,2.0357369911995775,1.9889573516348562,2.1315770666102756,,1.6047786239620807,1.4425649830121379,2.393272566722674,temp,JJASO,Day
25.75_100.25,4.2146848510894035e-08,0.5545780434644363,2.1344512240999824,2.1237059072344016,2.240758550808706,,1.7648997694564443,1.6345340751104587,2.527850591876537,temp,JJASO,Day
25.75_99.25,0.0,0.7401755315434624,1.974797661660781,1.8570833565999967,2.2363461590564717,,1.5430396079462472,1.5703875455648284,2.20033836561564,temp,JJASO,Day
25.75_99.75,0.0,0.6097894061508476,2.011421478522839,1.905548723419605,2.1866260472172745,,1.5814663940098943,1.5363597445234554,2.343438342741563,temp,JJASO,Day
26.25_99.25,0.0,0.7033583900261507,1.8235352857009843,1.7364685647287712,2.217373297211848,,1.4394891654683206,1.4818230495634204,2.0816765275014233,temp,JJASO,Day
26.25_99.75,0.0,0.6388425301117848,1.9609553337942276,1.8166858940465882,2.171420995407336,,1.5672605876893952,1.5095665582313886,2.2938277189649416,temp,JJASO,Day
26.75_99.25,0.0,0.7473304531280155,1.8168826792240047,1.737050899692137,2.1547899596521876,,1.4539845469434594,1.4507179731530098,2.0607814786594933,temp,JJASO,Day
27.25_99.25,0.0,0.9388769871617594,1.8781326883598028,1.825621849737285,2.131237271104264,,1.5401528516104512,1.4970827866006058,2.0495638417535016,temp,JJASO,Day
27.75_98.75,0.0,0.7459074402391584,1.8304930408359674,1.7842640323736083,2.0512420025340723,,1.9204265491293324,1.3687867411833257,1.9561497495366111,temp,JJASO,Day
28.25_98.75,0.0,0.7323114249517706,1.9507729990070464,1.87975164095313,2.056592411614788,,1.7622382253564006,1.410060581326099,1.9733805971121614,temp,JJASO,Day
28.75_98.75,0.0,0.7835304723591436,2.0993226717302957,1.9111336249211792,2.0902722304277557,,1.7854590018531633,1.5132799757175444,1.9516561952959999,temp,JJASO,Day
29.25_98.25,0.0,0.9673589280994447,2.3311714775267944,2.0026155928791582,2.3417711951764923,,1.8941258482826036,1.6131935313900425,1.930529566564474,temp,JJASO,Day
29.75_98.25,5.960464477539063e-08,1.014222939325513,2.317242683361955,2.0142736465406315,2.4360685934733666,,1.8793137710865306,1.7362993344043318,2.0114182422711226,temp,JJASO,Day
30.25_97.75,5.960464477539063e-08,1.0809960528323104,2.2285014026899987,2.0858215263494584,2.4237404215466953,,1.9237135747881613,1.8656492026170555,1.9629470012540151,temp,JJASO,Day
30.25_98.25,0.0,1.0617221051916628,2.259798461985967,2.033232702330205,2.384056162729082,,1.9215665873056078,1.761472221350561,2.001754239014759,temp,JJASO,Day
30.75_97.25,0.0,1.1132148567654057,2.049505748997435,2.2008709045879686,2.2463390110700727,,2.047832186607735,1.8043939505114086,1.9160757359481686,temp,JJASO,Day
30.75_97.75,0.0,1.1051496213458551,2.1297721932350324,2.0900112705910807,2.321334887321765,,1.9199217004680662,1.785362582347753,1.921585076160084,temp,JJASO,Day
31.25_96.25,0.0,1.2326789144939647,2.0983426098047846,2.0721025640553132,2.127108432838232,,1.9817566607050643,1.7500673719747915,1.9502166866126887,temp,JJASO,Day
31.25_96.75,0.0,1.2303643997851499,2.0833696429127784,2.078638222056743,2.167560266688204,,1.98345692412475,1.7898860526356262,1.9944272633977913,temp,JJASO,Day
31.25_97.25,0.0,1.2063625390755637,2.0675701259799864,2.168298908067797,2.218291164869397,,2.0852889396341463,1.81484446309788,1.9926239335596292,temp,JJASO,Day
31.75_95.75,0.0,1.316648424304053,2.182171495629727,2.053101425752518,2.2022110047635297,,2.0009950247591104,2.0779439071455568,1.9661499429905034,temp,JJASO,Day
31.75_96.25,5.960464477539063e-08,1.3007486834973108,2.1781335413724383,2.0938168182418027,2.1613156562242333,,1.9434713897216465,1.8254169778703455,1.9942687331622766,temp,JJASO,Day
31.75_96.75,0.0,1.2867421477689667,2.136726148050764,2.0521557134541335,2.183212804540748,,1.9608828837007906,1.781825037917907,2.0302395938511153,temp,JJASO,Day
31.75_97.25,0.0,1.2682171105813111,2.091249678559379,2.051116511078454,2.2173607178786603,,1.948058055346205,1.792284802448408,1.9774912758921979,temp,JJASO,Day
31.75_97.75,0.0,1.2940925909895282,2.1076790289227874,2.1282099172736006,2.2441391064212945,,1.9496662339644952,1.9068298070224545,1.9200969011942106,temp,JJASO,Day
32.25_94.75,5.960464477539063e-08,1.3949454648592965,2.225080198403472,2.0824222973744493,2.3330169578491486,,2.160865601142282,2.155528523210345,1.924886990790788,temp,JJASO,Day
32.25_95.25,0.0,1.3301538967485704,2.2313369028445282,2.1246241614795607,2.318498396348114,,2.0945134398732135,1.966451115992592,1.969910767074405,temp,JJASO,Day
32.25_95.75,0.0,1.3393414281030134,2.2556382505544224,2.1395338182195545,2.303813118564309,,2.0966446810655515,1.8561143681014753,2.0220191358722053,temp,JJASO,Day
32.25_96.25,5.960464477539063e-08,1.4674795212097325,2.3179405520190044,2.2390683035988292,2.3513833009474183,,2.1635489835443713,1.9002199517952048,2.1222176259743764,temp,JJASO,Day
32.25_96.75,0.0,1.3884511858940687,2.2057333050910874,2.148196138188244,2.2715393186078816,,2.031923710153414,1.7681581670656703,2.0517148341141582,temp,JJASO,Day
32.25_97.25,0.0,1.366297422077119,2.1553718975938545,2.0470678360120873,2.3179676265261846,,1.9716060042856305,1.8116548368007994,1.9981171462158456,temp,JJASO,Day
32.25_97.75,0.0,1.335802955406079,2.111985342281928,2.1095273443921623,2.3230532594836033,,1.9411690055116702,1.852597817564361,1.965113493806485,temp,JJASO,Day
32.75_94.75,8.429369702178807e-08,1.3195685268983801,2.2796341495349357,2.1030414650081313,2.379703116438715,,2.1100955340153824,2.093193588892271,2.001162395533343,temp,JJASO,Day
32.75_95.25,0.0,1.3324983563806088,2.299023063936058,2.0927389012875537,2.382662999702406,,2.0940200374555245,1.9978372071484867,2.037239413844064,temp,JJASO,Day
32.75_95.75,8.429369702178807e-08,1.3097519227355165,2.272323259014303,2.1729496134848976,2.3555093545106067,,2.0402752688985153,1.8383187689647575,2.0479361875105946,temp,JJASO,Day
32.75_96.25,0.0,1.3468298638176515,2.257393960458888,2.263262193618922,2.3218200758904994,,2.103319739758556,1.7796784451324037,2.0601470874601038,temp,JJASO,Day
32.75_96.75,0.0,1.3922100917486648,2.2362667509113314,2.35212114059745,2.321271820345596,,2.16443631112124,1.7790309262111996,2.050248812432985,temp,JJASO,Day
33.25_94.25,0.0,1.265234415606197,2.278779728085938,2.1831948040018756,2.29083225238225,,2.1322883396656644,2.0588303793963427,2.052717169783193,temp,JJASO,Day
33.25_94.75,8.429369702178807e-08,1.3042630017214585,2.3002016650999226,2.1249689197529986,2.3633836387351943,,2.0374125584434415,2.0723196936602877,2.1052489716047007,temp,JJASO,Day
33.25_95.25,0.0,1.3382409121564187,2.316849484999609,2.2868528355432107,2.424993333207032,,2.1151349287456376,2.0955498528916103,2.119363425302657,temp,JJASO,Day
33.25_95.75,0.0,1.339246577406264,2.317910354098274,2.344720177308672,2.4071107769566216,,2.5970138565887644,2.0491129783685023,2.108556333695514,temp,JJASO,Day
9.25_105.25,0.0,2.4819128355098825,2.830912581748826,2.6171415415281554,2.8540226852945128,,2.596116612284969,2.6582786819336777,2.7723037819498337,temp,JJASO,Day
9.25_105.75,0.0,2.4589825034975257,2.7367856552282093,2.589103359700139,2.7540694599337256,,2.6025251513678542,2.650109792426845,2.7251186781103045,temp,JJASO,Day
9.75_105.25,4.2146848510894035e-08,2.4654477859044612,2.8091343482708284,2.593791435226738,2.90722871102694,,2.602986247718848,2.6385307249038608,2.7360013274113264,temp,JJASO,Day
9.75_105.75,0.0,2.4676810103137967,2.865556558281417,2.620752721412781,2.9361649943776635,,2.6240307165069474,2.659473963517448,2.758509742642148,temp,JJASO,Day
9.75_106.25,0.0,2.4533593807343346,2.8001760582490784,2.616535246947175,2.8625670959066922,,2.595738119253543,2.6439111394577695,2.7206108918423015,temp,JJASO,Day
10.25_104.75,1.4901161193847656e-08,0.5170883835453134,0.7735007244704951,0.5521205218490421,0.8247388128069357,,0.5743511257180542,0.7632492124850042,0.6407469131727782,temp,JJASO,Mon
10.25_105.25,0.0,0.5202070348002333,0.8954686132567603,0.5747900691351022,0.9200338379378639,,0.606988779528529,0.731691112144313,0.6706617831797477,temp,JJASO,Mon
10.25_105.75,0.0,0.5259150808624304,1.017018028000661,0.6116592632482929,0.9277847048021751,,0.6684197158481253,0.7658033919796834,0.6977715757546017,temp,JJASO,Mon
10.25_106.25,0.0,0.48334667075375776,0.9605041436427951,0.5785367897664564,0.8524524770063175,,0.6138831394038967,0.7708937523603335,0.6433739253991715,temp,JJASO,Mon
10.25_106.75,0.0,0.4754945313821471,0.7027477003346533,0.5357260291335348,0.7940755973538536,,0.5513223954412706,0.7581390452784402,0.604064678528289,temp,JJASO,Mon
10.75_104.75,0.0,0.5389661710632698,0.9067360299364529,0.6148437891375143,0.8845964608671776,,0.624924483473158,0.7377639411874611,0.6334901773215106,temp,JJASO,Mon
10.75_105.25,1.0536712127723509e-08,0.5245692472240117,0.9831902131915441,0.6182415119710726,0.8821094041800523,,0.6193447110841523,0.7388758048942714,0.6405955324935584,temp,JJASO,Mon
10.75_105.75,0.0,0.5050838120719062,1.0377329908611925,0.6057210087989539,0.890021713884146,,0.6236476405998711,0.7116340145997614,0.6343146729016156,temp,JJASO,Mon
11.25_104.25,0.0,0.5651742133444811,0.9170227042062989,0.6743903066613449,0.8005529368185456,,0.6381742053619429,0.707957236807715,0.6302726427571642,temp,JJASO,Mon
11.25_104.75,0.0,0.5627401573532664,0.9812931383524282,0.6891828864352315,0.855471937907029,,0.6863035634174819,0.7475015422341658,0.6868752679519476,temp,JJASO,Mon
11.25_105.25,1.4901161193847656e-08,0.5420223336339893,1.0438250270295726,0.6464003411431095,0.8282970229443181,,0.6337208895193569,0.7390605755415328,0.6789267955206465,temp,JJASO,Mon
11.75_104.25,1.4901161193847656e-08,0.5645829555902547,0.9355908890729008,0.6955517582480741,0.7249484065714953,,0.683966057675366,0.7243070179739239,0.7151575464283266,temp,JJASO,Mon
11.75_104.75,0.0,0.5861365970815477,1.0364323683910468,0.6957940643971767,0.8253099572166421,,0.7022310210203215,0.7460652944900257,0.8241106460294686,temp,JJASO,Mon
11.75_105.25,0.0,0.5646656704506684,1.1196638666866965,0.6859261827376286,0.7847523651548186,,0.643479830467761,0.7378192134513815,0.7559284717119207,temp,JJASO,Mon
12.25_103.25,0.0,0.5181859982380849,0.7779109428097325,0.6826640944455435,0.6894034296772109,,0.6093215318722333,0.5923182431116096,0.6526478516972664,temp,JJASO,Mon
12.25_103.75,0.0,0.5468416825547487,0.8642503357508604,0.6901682539516786,0.655090743334316,,0.6762847968578097,0.708138947917667,0.7042152649287765,temp,JJASO,Mon
12.25_104.25,0.0,0.5604087642155902,0.9823041961965174,0.6924773646161525,0.6880916408463573,,0.6130995027403355,0.6708038940578499,0.8301891478338866,temp,JJASO,Mon
12.25_104.75,0.0,0.5498590476855795,1.0178859630448291,0.6806447395146419,0.7525849815989529,,0.6062279456864818,0.7131238516961739,0.8777559856450532,temp,JJASO,Mon
12.25_105.25,0.0,0.5642293895888846,1.0308413658562197,0.7033551174512602,0.7109845016400396,,0.6351537901536737,0.7221599226324305,0.7589841930845964,temp,JJASO,Mon
12.25_105.75,0.0,0.5727783264887953,1.0247947269585862,0.768686576007683,0.665928242625309,,0.6489892787876034,0.6978069055157385,0.6594133242111542,temp,JJASO,Mon
12.25_106.25,0.0,0.5720472227646363,1.0250056985933942,0.8215143384525052,0.6413901211918048,,0.7177009411729761,0.6744356804493559,0.6289949567660164,temp,JJASO,Mon
12.25_106.75,0.0,0.5740732320613883,1.0323094299459432,0.9020863730513435,0.6320112299223591,,0.8220671088864647,0.6722006272172583,0.6421930942888674,temp,JJASO,Mon
12.25_107.25,1.4901161193847656e-08,0.5416902364048907,0.9107079476817532,0.9061862468501014,0.6252612581937042,,0.8021995896789191,0.6208677330830253,0.6376794458589627,temp,JJASO,Mon
12.25_107.75,0.0,0.4991417677564254,0.8294166148910712,0.8566698152602128,0.6644365628305787,,0.7986390704375067,0.6198881570638523,0.6212891013769701,temp,JJASO,Mon
12.25_108.25,0.0,0.5073402416262672,0.767554481512572,0.7460574164330391,0.6927838585286727,,0.7308545696124783,0.6095422807449508,0.6541343027051931,temp,JJASO,Mon
12.75_102.75,0.0,0.48887431158580796,0.8967535301799879,0.7476033575608247,0.7120240415289155,,0.6213990300300136,0.7799055265195984,0.6865751937679178,temp,JJASO,Mon
12.75_103.25,0.0,0.49780586119970927,0.9013107380845325,0.7230678835555026,0.6737721846783171,,0.722424329841245,0.9313946445557247,0.7038063079758524,temp,JJASO,Mon
12.75_103.75,1.4901161193847656e-08,0.5232909432081607,0.8581963146682665,0.6894102932411039,0.6809782796149104,,0.6538072282927796,0.8292081933765542,0.7392439071177056,temp,JJASO,Mon
12.75_104.25,0.0,0.5515130509706213,0.9332913147792565,0.687578985545199,0.6976918123612484,,0.5808824421967398,0.7619241085329235,0.8236112206360617,temp,JJASO,Mon
12.75_104.75,0.0,0.5662715707201433,1.0082259968417513,0.7378584431096169,0.6942952025441825,,0.6114036980396992,0.7264185054701617,0.8112489890990875,temp,JJASO,Mon
12.75_105.25,1.4901161193847656e-08,0.6020246452277422,1.0440492158341461,0.8377007679384993,0.6486903299746222,,0.6598325471090767,0.6849943564731393,0.7291696056918036,temp,JJASO,Mon
12.75_105.75,0.0,0.6160205142287281,1.031935642473278,0.8242626636479723,0.6209285798479927,,0.6876338761537348,0.6677715969880259,0.6620843909142982,temp,JJASO,Mon
12.75_106.25,0.0,0.6030416391008787,0.9850548083572173,0.8492381020799261,0.6044047044431986,,0.7014817338409165,0.6565678785938396,0.6394597147953377,temp,JJASO,Mon
12.75_106.75,1.4901161193847656e-08,0.6022262140873506,1.022745996230694,0.9071523539738212,0.6117924793609424,,0.7664623502193477,0.659912238585488,0.6479617175531964,temp,JJASO,Mon
12.75_107.25,1.0536712127723509e-08,0.5792265581946052,1.0218063413938565,0.8841214916595755,0.6363182912945412,,0.7769046316690258,0.7016828231948612,0.6543518708135023,temp,JJASO,Mon
12.75_107.75,0.0,0.5371187080563963,1.023269295922843,0.8979118728387329,0.6785346191710878,,0.8106206616625165,0.7310766654828003,0.6585324000423534,temp,JJASO,Mon
12.75_108.25,0.0,0.5251400373227583,0.9631305904487458,0.8366108718032621,0.6946336456186842,,0.7046910211386105,0.6485022005722366,0.7053709301927831,temp,JJASO,Mon
13.25_102.75,1.4901161193847656e-08,0.49764622640253225,0.9660122737668958,0.8323292993928955,0.6750058694504983,,0.7841649165606867,1.0848981801337745,0.7088806083439466,temp,JJASO,Mon
13.25_103.25,0.0,0.49092542193173005,0.9806101793327562,0.8061901968485221,0.6686492875730804,,0.7026529463926661,0.9872019131008024,0.7187911995300843,temp,JJASO,Mon
13.25_103.75,0.0,0.487503883189849,0.8780711998455834,0.742955103656352,0.6716203430459374,,0.613257440176419,0.8319173625399608,0.6740111614926557,temp,JJASO,Mon
13.25_104.25,0.0,0.534920929268043,0.9513898113774871,0.7824609222203042,0.6647437496275291,,0.6229451913237805,0.7470157472177941,0.6983922918575916,temp,JJASO,Mon
13.25_104.75,0.0,0.5773528217950205,1.0316104215134725,0.8460864422589895,0.6512518747720396,,0.6603940954698039,0.6976664569636234,0.709606383820537,temp,JJASO,Mon
13.25_105.25,1.4901161193847656e-08,0.6087318263355708,1.0342376742544006,0.9181688220269093,0.6351371396847907,,0.692100152492068,0.663604869972208,0.6986740693901806,temp,JJASO,Mon
13.25_105.75,0.0,0.6319885843317836,1.0267664419856852,0.8885353340780348,0.6322805428488179,,0.711814578321539,0.6650298812527293,0.6764668514818734,temp,JJASO,Mon
13.25_106.25,0.0,0.6138250474457186,1.010189380147285,0.8837198331835436,0.6145872247154991,,0.7173562602432658,0.6568491535379983,0.674224569968055,temp,JJASO,Mon
13.25_106.75,0.0,0.6189363565448979,1.0833576440387553,0.9562840777412918,0.6279465701827378,,0.7976871606724637,0.6856477870326559,0.6791287846464389,temp,JJASO,Mon
13.25_107.25,0.0,0.6090463671978672,1.1423836580822817,0.9910894311870911,0.6365178780180841,,0.8724316433762337,0.7968322359876078,0.6738123594707068,temp,JJASO,Mon
13.25_107.75,0.0,0.5532980556429637,1.1456065383258989,0.9906807088058927,0.645480734107515,,0.8984236703300359,0.8126135306997073,0.6728931404202505,temp,JJASO,Mon
13.25_108.25,0.0,0.5350641809257152,1.0983623193878422,0.9211953197636114,0.6463948768348834,,0.696042451762711,0.6756516815350638,0.6912965533463059,temp,JJASO,Mon
13.75_102.75,0.0,0.5165232834778578,0.9869944876028707,0.9291598801507979,0.6611201116859312,,0.7774676255981655,1.1248886097708977,0.7181192549145309,temp,JJASO,Mon
13.75_103.25,0.0,0.4997468604690143,0.9918288616539396,0.8871578503085538,0.6564472197676733,,0.7172863981817452,1.0231990998804608,0.6951251501291608,temp,JJASO,Mon
13.75_103.75,0.0,0.49892449714377857,0.98932363429936,0.8753835437500022,0.6432989154852847,,0.6607465988072014,0.8312593759557607,0.6708385193577594,temp,JJASO,Mon
13.75_104.25,0.0,0.5377825887040174,1.013883694336976,0.8924678600300604,0.6389494988125521,,0.6830206075999729,0.7312532095132842,0.6640254491875777,temp,JJASO,Mon
13.75_104.75,1.4901161193847656e-08,0.5718103825067334,1.0174122230981344,0.924586065316816,0.624296407352062,,0.6721509915837915,0.6975413590477655,0.6878898298583975,temp,JJASO,Mon
13.75_105.25,1.4901161193847656e-08,0.6037203690495646,1.03914128087376,0.9581445213624755,0.6335388954409831,,0.693433203023022,0.6747464524313809,0.7072725225807445,temp,JJASO,Mon
13.75_105.75,0.0,0.6301441364313891,1.0371552697336321,0.92963422628105,0.6465035726870703,,0.6925531356974723,0.6763591939131923,0.7075789603380203,temp,JJASO,Mon
13.75_106.25,0.0,0.6169673802110839,1.0535877644394465,0.9665397351328769,0.6327157809036414,,0.7353203962339533,0.6540004526616924,0.690019265342856,temp,JJASO,Mon
13.75_106.75,0.0,0.63427797044574,1.1255656916744197,1.0372489893750065,0.6368140949972002,,0.8725820546464242,0.6734724680667449,0.6900652795914769,temp,JJASO,Mon
13.75_107.25,0.0,0.6351896353266532,1.197434660407529,1.1096118253225418,0.6386374355478048,,0.9840851088027925,0.7545181389764805,0.7052133834953032,temp,JJASO,Mon
13.75_107.75,0.0,0.5740789171764212,1.141427964105644,1.0214573156700009,0.6398240937587539,,0.8827862865763856,0.7408072358512867,0.7041967299543561,temp,JJASO,Mon
14.25_102.25,1.4901161193847656e-08,0.5174027182018334,0.9164019597035554,0.9681869231458196,0.6710319677191072,,0.7892805662678332,0.9500107210655961,0.7622242416360129,temp,JJASO,Mon
14.25_102.75,0.0,0.5046887480397111,0.9595262644537059,0.9322241822109749,0.650480781856181,,0.743156794443699,1.0933344250091659,0.7432543705811128,temp,JJASO,Mon
14.25_103.25,0.0,0.49107944560573985,0.9813853420419755,0.9291099587003018,0.6584405744822291,,0.7109387743739041,1.0392659363684473,0.7213400234417628,temp,JJASO,Mon
14.25_103.75,1.4901161193847656e-08,0.4964597817281547,0.9767831975717642,0.9344026342257191,0.6452383549460116,,0.661203302187035,0.8479538433102871,0.7041468895098786,temp,JJASO,Mon
14.25_104.25,0.0,0.5272400161599199,0.9719991663926429,0.9177813130404435,0.628170885955684,,0.644872978292132,0.7650962004651812,0.7100101111741799,temp,JJASO,Mon
14.25_104.75,0.0,0.5722129764719823,0.9862832873261291,0.9522536139694204,0.6238450753834219,,0.6526029127352023,0.7642712763885628,0.7644029203130225,temp,JJASO,Mon
14.25_105.25,1.4901161193847656e-08,0.6087886694465785,1.0476562936003895,0.9547378252011615,0.6345255185539705,,0.6370204547595663,0.7471386651733433,0.7731649283199985,temp,JJASO,Mon
14.25_105.75,0.0,0.6047545533835822,1.049692660159715,0.9543271583968721,0.6413672234236307,,0.6820181451708316,0.7030241075243083,0.7402674954322677,temp,JJASO,Mon
14.25_106.25,1.4901161193847656e-08,0.6145406022486184,1.0872305157121498,1.0351815834251417,0.6508714375086638,,0.830113997356901,0.6448930977559684,0.7099847964953454,temp,JJASO,Mon
14.25_106.75,0.0,0.38015780429029394,0.9986661429038816,1.046095089966295,0.4712141281194394,,0.8432942732472125,0.484463904247765,0.5364211021787232,temp,JJASO,Mon
14.25_107.25,0.0,0.36202239912700324,1.0203904174734144,1.0714946913674526,0.4874247771491086,,0.9270477330773055,0.5042395157125318,0.5696646154232754,temp,JJASO,Mon
14.25_107.75,0.0,0.3431886643844507,0.9814301086617094,0.9135402803088218,0.4391022474892893,,0.7562884395393906,0.46145434698646265,0.5768538161747231,temp,JJASO,Mon
14.25_108.25,1.0536712127723509e-08,0.2881502835046911,0.8031125470843159,0.714729724066471,0.40761240452738834,,0.4392489669209858,0.4136701051489677,0.616184062971718,temp,JJASO,Mon
14.75_101.75,1.4901161193847656e-08,0.5676749612937751,0.9236340486123814,1.0103540392445582,0.7678663343600134,,0.8166735487978937,0.9746313464125952,0.8349088015281448,temp,JJASO,Mon
14.75_102.25,0.0,0.5290205748161693,0.9777372335297826,0.9599267962980289,0.7239435797014571,,0.7855355023645125,1.2381127793155808,0.8336029719622987,temp,JJASO,Mon
14.75_102.75,0.0,0.5105977198730489,1.0290418573015672,0.9669867408394373,0.6926090773094218,,0.7627588377159698,1.2768497436082318,0.8306100521343609,temp,JJASO,Mon
14.75_103.25,0.0,0.4954701509959644,1.0324739669838565,0.961890031433658,0.6816332992179128,,0.7068494999705727,1.1536788323455913,0.8068864040845861,temp,JJASO,Mon
14.75_103.75,0.0,0.496899500715129,1.0031274100916847,0.9747143629923672,0.6662914324930678,,0.6741825868473482,1.0222903448923275,0.7857102175723311,temp,JJASO,Mon
14.75_104.25,0.0,0.5171713565708705,1.0265730850557098,0.974845183606793,0.6587889403552898,,0.6586684379664342,0.9313888737298804,0.7928023418990411,temp,JJASO,Mon
14.75_104.75,0.0,0.5503640340517117,1.038196488277932,0.9671649063422927,0.6598532741294929,,0.6217518476714949,0.8800661522382645,0.8206686729057925,temp,JJASO,Mon
14.75_105.25,0.0,0.6139886792007626,1.1032678904979327,0.9712484249012117,0.6703525067263016,,0.6150959156914007,0.8543261008306481,0.8380819668068336,temp,JJASO,Mon
14.75_105.75,1.4901161193847656e-08,0.624838465918581,1.1034462568321737,0.9860942397775867,0.6776483586640315,,0.6940607872967709,0.7292009325406943,0.7838793491043536,temp,JJASO,Mon
14.75_106.25,0.0,0.39705641606000747,0.9763106160150387,0.9830378882661713,0.48860882477111606,,0.7751675454047477,0.4597200844433076,0.5605030823634713,temp,JJASO,Mon
14.75_106.75,1.0536712127723509e-08,0.428727994298238,1.0255864458512547,0.9656070710148335,0.5228652446267923,,0.7376339458054073,0.49638822403492333,0.5981330535045295,temp,JJASO,Mon
14.75_107.25,1.0536712127723509e-08,0.36526054803880936,1.0380175640996716,0.9904375307353892,0.4852323195336666,,0.7667821680447987,0.4651456611890177,0.6132941691822679,temp,JJASO,Mon
14.75_107.75,0.0,0.34153604131944465,0.8734402859835653,0.7513839531341638,0.4176979737137406,,0.5112807662715101,0.4241146049389451,0.6823672297787052,temp,JJASO,Mon
14.75_108.25,1.4901161193847656e-08,0.2671762986857621,0.7473322347128285,0.6522260919747483,0.4137173305749661,,0.3760415983781328,0.43520056504912713,0.7568962879516181,temp,JJASO,Mon
15.25_101.75,0.0,0.48138187992772535,1.074497376987061,1.0292945161945668,0.7696376811914053,,0.8128863314876964,1.2888195585299869,0.8851251569842873,temp,JJASO,Mon
15.25_102.25,0.0,0.48448854262669194,1.1220624106887438,1.023607683629485,0.7500802475764178,,0.7909348313977035,1.4602013578555038,0.9303933371688836,temp,JJASO,Mon
15.25_102.75,0.0,0.5329934404751301,1.1790301604368498,1.0275038063792017,0.727118946899626,,0.7500389150625935,1.467407561006671,0.9739795898400563,temp,JJASO,Mon
15.25_103.25,0.0,0.5154264916129879,1.2012614474666188,1.0245604957059393,0.7070144515458305,,0.7071701004574119,1.3388384709690067,0.9514725652495859,temp,JJASO,Mon
15.25_103.75,0.0,0.5026161932825662,1.2011010488635088,1.0065576444470534,0.6908930622275591,,0.677131621135126,1.2012818357777246,0.8838429048544568,temp,JJASO,Mon
15.25_104.25,1.4901161193847656e-08,0.5001114981284291,1.2437425211750455,1.013772971440404,0.6880056601414911,,0.6602129851178252,1.0532334777263244,0.8510144966880278,temp,JJASO,Mon
15.25_104.75,0.0,0.5207698839402738,1.1983069924115424,0.9918786101328729,0.6876686311996341,,0.6509248447633529,0.9141535475436193,0.8243188995236248,temp,JJASO,Mon
15.25_105.25,0.0,0.5735546974475825,1.1515678833058383,1.0011903919967016,0.6981586972306346,,0.6339125205769462,0.8880593215607239,0.8480162765078371,temp,JJASO,Mon
15.25_105.75,0.0,0.3739512572995241,0.9994593006790962,0.9559909980384053,0.5026254642193614,,0.5856646972969618,0.6143305004589391,0.6358873093224644,temp,JJASO,Mon
15.25_106.25,0.0,0.3752537865147553,0.8226083743897492,0.8616008132692101,0.4796311278525163,,0.6698493401461034,0.5323116818731457,0.5894213960958811,temp,JJASO,Mon
15.25_106.75,0.0,0.36399819444175413,0.9723295628185649,0.8697154273699811,0.46260806654373543,,0.6570753955466598,0.49733765855367473,0.6278123324534709,temp,JJASO,Mon
15.25_107.25,0.0,0.32390957025179123,0.9578504555573476,0.8154850509401437,0.41736934298858014,,0.5798077275274319,0.41625792089985336,0.7129173024326682,temp,JJASO,Mon
15.75_101.75,0.0,0.46368240933467125,1.2264817977238511,1.0868395892401248,0.7996031156310334,,0.7937476176247743,1.4181635822283187,0.9646241055428095,temp,JJASO,Mon
15.75_102.25,0.0,0.47077124141378496,1.29164294535087,1.1000221651008062,0.8051674886506901,,0.7759896743031722,1.679856450394263,1.0601942134721394,temp,JJASO,Mon
15.75_102.75,0.0,0.509298211330448,1.319410855922421,1.0870683575324955,0.7742555966969237,,0.732870748299743,1.5903527951011243,1.1072756227575853,temp,JJASO,Mon
15.75_103.25,0.0,0.493852675257669,1.3499573101704334,1.075974623722333,0.7398852779639203,,0.6947493219248408,1.4094475986762538,1.052868802045374,temp,JJASO,Mon
15.75_103.75,0.0,0.4811508056289829,1.358273732458986,1.0598497498116335,0.719638464302973,,0.6830599154008649,1.2702571400811886,0.9487580561417813,temp,JJASO,Mon
15.75_104.25,0.0,0.46728300426130087,1.3594990659762065,1.0515082989005178,0.7133530309958754,,0.6790545189453745,1.0786246333612954,0.8989499113047476,temp,JJASO,Mon
15.75_104.75,0.0,0.48818170017737683,1.2720921065051707,1.0433091548921798,0.7090413514137773,,0.6701461803556606,0.9200637933136222,0.8792136093110533,temp,JJASO,Mon
15.75_105.25,1.0536712127723509e-08,0.24475549884227318,1.1416342328231497,0.9179229234845948,0.5266246369015948,,0.5140629360932182,0.7641202496957249,0.7237127734596956,temp,JJASO,Mon
15.75_105.75,1.0536712127723509e-08,0.28769057030176975,1.1449729225672223,0.9455733576017019,0.4992171018295961,,0.6329283397229211,0.6750252654786383,0.6411773714817897,temp,JJASO,Mon
15.75_106.25,0.0,0.31013114772754014,1.1397235551785099,1.0422365693231792,0.47430899032023105,,0.7239861360301243,0.6529617523312748,0.6349877636975826,temp,JJASO,Mon
15.75_106.75,0.0,0.29570614346979607,0.9840350687199848,0.8919591509468827,0.42356363073493,,0.7874847474880544,0.4630820801132544,0.6966719691492421,temp,JJASO,Mon
16.25_101.75,0.0,0.4634409774960475,1.262015517112109,1.0986900074710515,0.8296838355844187,,0.7474655126477882,1.3824447597269132,1.0463526237043308,temp,JJASO,Mon
16.25_102.25,1.4901161193847656e-08,0.4764587595001593,1.3886301623159294,1.131090987273623,0.8489704801594429,,0.7644274669098992,1.8582334243593208,1.1989257294921267,temp,JJASO,Mon
16.25_102.75,0.0,0.507499115062523,1.4188259932192713,1.1582317477220516,0.8182227952868415,,0.7231903996676291,1.7285539261075566,1.2523547572448919,temp,JJASO,Mon
16.25_103.25,0.0,0.4837653062902077,1.434078678481194,1.1362719331179156,0.78098021012008,,0.7005487927167713,1.489027420140486,1.163776110125311,temp,JJASO,Mon
16.25_103.75,0.0,0.4689745628543198,1.3918625294780276,1.1104147097280177,0.7614832206222333,,0.6894728863144192,1.2696272328893619,1.0384692088324914,temp,JJASO,Mon
16.25_104.25,0.0,0.46243107393774874,1.3582466265850566,1.0739244726434432,0.7408513049403,,0.6884857203754776,1.086414043066283,0.9918156957066068,temp,JJASO,Mon
16.25_104.75,1.4901161193847656e-08,0.2214024559940746,1.2542560701713048,0.9704986695861468,0.5787908119077539,,0.56394209034544,0.893503053731505,0.8493722723783627,temp,JJASO,Mon
16.25_105.25,0.0,0.22686501160487302,1.2619688326096403,0.9760421337151675,0.5621965862507462,,0.5509024871439053,0.856788237799873,0.7603427671964427,temp,JJASO,Mon
16.25_105.75,0.0,0.27251312882737966,1.2616845954563045,1.0128914997968113,0.4969193702906868,,0.7041855444481577,0.7403258518496484,0.6731407372806241,temp,JJASO,Mon
16.25_106.25,0.0,0.2475264007749996,1.2011490780686374,1.020614494089547,0.44717381513803944,,0.8727492551395806,0.5494041689861311,0.7404919518831395,temp,JJASO,Mon
16.25_106.75,0.0,0.2321248031113218,1.0287494194969846,0.8070632452124724,0.420128908102603,,0.483151287056106,0.48919248586104674,0.7987229314796019,temp,JJASO,Mon
16.25_107.25,0.0,0.21300063491961216,0.9145515189730724,0.8514607780088512,0.4394706646437935,,0.5144385707144995,0.610780420172752,0.8665668106899567,temp,JJASO,Mon
16.75_101.75,1.4901161193847656e-08,0.4888847863184599,1.3004683818660001,1.112338799695836,0.8791582213128067,,0.7146456654505083,1.576721480798051,1.1699866165292465,temp,JJASO,Mon
16.75_102.25,0.0,0.4981174980758162,1.4472876817008709,1.1892433640667301,0.8905454363964022,,0.7614259698228086,1.9895882010402774,1.3681324528334298,temp,JJASO,Mon
16.75_102.75,0.0,0.515180872642768,1.5092088569480389,1.2231650108616356,0.8570855315123415,,0.7311489114004093,1.779466607132359,1.3948559323669152,temp,JJASO,Mon
16.75_103.25,0.0,0.46907719140722726,1.500566502464058,1.1825840410841821,0.8126707781271922,,0.6839279342849574,1.4361694736621844,1.3135461332223317,temp,JJASO,Mon
16.75_103.75,0.0,0.45731481088092885,1.4424953816658062,1.1192888637615384,0.7849071487231493,,0.6709940883730412,1.247900257432707,1.150751377691774,temp,JJASO,Mon
16.75_104.25,0.0,0.4587243340953137,1.4200562272940045,1.0910326601302278,0.7769862108821975,,0.6743457811047494,1.2201325166624397,1.0848218205913183,temp,JJASO,Mon
16.75_104.75,1.4901161193847656e-08,0.26942001433852447,1.3716275684106525,1.0542909737336996,0.636920499855308,,0.5706444847778062,1.1402251936579602,0.9214028031411243,temp,JJASO,Mon
16.75_105.25,0.0,0.21860334388040406,1.372658490683498,0.9965407545696889,0.5788047486240948,,0.6239047745892565,0.9977898871286078,0.7781628377943695,temp,JJASO,Mon
16.75_105.75,0.0,0.27292683454054373,1.330355315677949,1.0399871559243181,0.5153325890598573,,0.8304876435317756,0.7289290812912995,0.7623936670101541,temp,JJASO,Mon
16.75_106.25,0.0,0.186548989513099,1.2286151086800658,0.9828237293663094,0.5308989782146116,,0.7061423853468113,0.5744430712479451,0.8491400059653192,temp,JJASO,Mon
17.25_101.75,0.0,0.47932832479021514,1.2868701179553417,1.1283900147509975,0.8889031420673783,,0.6974881001977283,1.7194174539783977,1.276495655511963,temp,JJASO,Mon
17.25_102.25,1.4901161193847656e-08,0.4841449559202419,1.4880381040087387,1.3193858573147637,0.9157029914415951,,0.8146778993745367,2.055125431189482,1.460840170388076,temp,JJASO,Mon
17.25_102.75,1.4901161193847656e-08,0.4939732254947179,1.5918206246389415,1.2894916047175007,0.8988646287520496,,0.7517791086760568,1.861677315745102,1.4694810091238837,temp,JJASO,Mon
17.25_103.25,0.0,0.4639389478261225,1.5968737000268396,1.2132693376490837,0.8683309460603541,,0.7018769418494042,1.5847239911463893,1.4210559616606695,temp,JJASO,Mon
17.25_103.75,0.0,0.45220865157418905,1.554400570089494,1.146295109936748,0.8400266530543992,,0.6782179170819277,1.4459989187246838,1.2560061228586714,temp,JJASO,Mon
17.25_104.25,0.0,0.464486063782692,1.5578180538267292,1.155756023084902,0.8247851950345763,,0.6822707892289731,1.4368536679907522,1.117923583818743,temp,JJASO,Mon
17.25_104.75,0.0,0.2964214095121364,1.517565822218817,1.082177291789135,0.6904690480478252,,0.5523038725383075,1.3374043058534677,0.926039014559959,temp,JJASO,Mon
17.25_105.25,0.0,0.22256784502554552,1.4379762612292502,1.0521375676272313,0.5743669314686347,,0.7266689170776017,0.9435008750993961,0.8321010976758613,temp,JJASO,Mon
17.25_105.75,0.0,0.18206031541327414,1.3173332396914788,1.0417391431824155,0.55842077680497,,0.7584331822427405,0.6511150828216876,0.8805148124506368,temp,JJASO,Mon
17.25_106.25,0.0,0.18696551167122005,1.2015515360517195,1.0159391291244044,0.7042599895321571,,0.6614345877746229,0.540370162204248,0.9512765242123392,temp,JJASO,Mon
17.75_101.25,0.0,0.49659288697882353,1.1646064503631677,1.025121186791055,0.8702342406388288,,0.6574527510433131,1.1870702040213024,1.1775978523776363,temp,JJASO,Mon
17.75_101.75,0.0,0.47940257984960954,1.3067394026788781,1.2136195462325268,0.8830632531877559,,0.7221374124669382,1.6578809353766997,1.343628095411793,temp,JJASO,Mon
17.75_102.25,1.4901161193847656e-08,0.49266433896566414,1.5227090947864241,1.3306825613520727,0.9212291780367744,,0.7792642714211251,2.0523497499112,1.4359224326317486,temp,JJASO,Mon
17.75_102.75,0.0,0.5145114170914832,1.69415966033695,1.3637000567996245,0.9463887028819624,,0.7658652696573605,2.0325025268818555,1.4171693400534355,temp,JJASO,Mon
17.75_103.25,0.0,0.48077072299565143,1.7540626953109457,1.2745839525917135,0.9274580735441612,,0.718570302776556,1.8101302419620628,1.3665510286608817,temp,JJASO,Mon
17.75_103.75,0.0,0.47182166738632764,1.7112723565740802,1.1794995158779413,0.8966094467923417,,0.7010184593180872,1.6733090353495539,1.2211588893240226,temp,JJASO,Mon
17.75_104.25,0.0,0.2253293271241016,1.604447379084764,1.057156162332044,0.7174439925038055,,0.6225657936899385,1.4067606214709778,0.9860863200866452,temp,JJASO,Mon
17.75_104.75,0.0,0.28517742490940284,1.5467763339987153,1.03646318157857,0.6932149866165449,,0.7279631477184028,1.023752251800159,0.9489597388777818,temp,JJASO,Mon
17.75_105.25,0.0,0.2206836717464546,1.381126976316145,0.9926023334246685,0.5895637559513109,,0.6647112199812213,0.8010982940468785,0.9824775313052346,temp,JJASO,Mon
18.25_101.25,0.0,0.21998803481381804,1.1566160503776568,1.0069033085326176,0.7235067254462715,,0.5647336361487931,1.1206542975914926,1.1365043061668059,temp,JJASO,Mon
18.25_101.75,0.0,0.20600712340774002,1.2614431247567524,1.100262172629099,0.7121470522371355,,0.6004952363004774,1.542715507087099,1.1979698238242316,temp,JJASO,Mon
18.25_102.25,0.0,0.2480675415216443,1.4505946629293722,1.218682320024751,0.7503879039622102,,0.6257335710897152,1.7476015004738583,1.167608360371642,temp,JJASO,Mon
18.25_102.75,1.0536712127723509e-08,0.24718070869321496,1.6615671476181095,1.1509428827103185,0.7652343562204603,,0.5782070297227008,1.6126802205961128,1.0966519730137874,temp,JJASO,Mon
18.25_103.25,0.0,0.4922806256658224,1.7182214336165766,1.215027178545374,0.9119722296707634,,0.7212776071746416,1.5904223143704033,1.1192620938306261,temp,JJASO,Mon
18.25_103.75,0.0,0.5089961457328868,1.741490762016845,1.150989702137977,0.9266604721488798,,0.79640679489604,1.5865527347114063,1.0733322477739022,temp,JJASO,Mon
18.25_104.25,0.0,0.2612305220248996,1.6076822446616599,1.0348578449922778,0.717091553634125,,0.7973212750294429,1.1513622897011355,0.9816497723073953,temp,JJASO,Mon
18.25_104.75,0.0,0.38025685156706635,1.563548365175017,0.9549065125855861,0.7307880969852254,,0.5526198281565204,0.991543994350697,1.081737110265926,temp,JJASO,Mon
18.25_105.25,0.0,0.276632614298554,1.3988910128359209,0.9692215822090304,0.6547385194655723,,0.4204509221381625,1.2317377768914042,1.1394903569240498,temp,JJASO,Mon
18.75_101.25,1.4901161193847656e-08,0.25816066964331924,1.1236824679230923,0.9223124019578368,0.718463096291358,,0.625449765629335,0.7807556066433938,1.16926951561647,temp,JJASO,Mon
18.75_101.75,0.0,0.26880271536673334,1.244525981530565,1.030667526671585,0.7200720445246952,,0.5938214710833091,1.1995793405527486,1.1666774556491324,temp,JJASO,Mon
18.75_102.25,1.0536712127723509e-08,0.28843642153461363,1.3641575992693957,1.0684624593709806,0.7025126874916956,,0.6105319114522347,1.1424822779914594,1.0811304263144157,temp,JJASO,Mon
18.75_102.75,0.0,0.2920528437395229,1.3426115812055812,0.972876353527949,0.6548859795098287,,0.6004643877170402,0.9959843335379301,1.0147316840353817,temp,JJASO,Mon
18.75_103.25,1.4901161193847656e-08,0.286939468486989,1.2296992703651208,0.8426534639551779,0.6795842077684786,,0.5991467045037007,1.0560380119081085,0.9838280642857267,temp,JJASO,Mon
18.75_103.75,0.0,0.3222175826454826,1.601112792599869,1.017826384467495,0.7453814452373004,,0.6183494919651003,1.1669033321564741,1.0024649684177296,temp,JJASO,Mon
18.75_104.25,1.4901161193847656e-08,0.39177213587410376,1.5881548923002735,0.9758946034878176,0.7456560308293623,,0.5292878010241757,1.1611432280160534,1.1188909244194085,temp,JJASO,Mon
18.75_104.75,2.1073424255447017e-08,0.41232960374387106,1.6429129353020284,1.1203749581555955,0.7215163018273557,,0.47448707850001753,1.4311358487666852,1.2582137367581832,temp,JJASO,Mon
19.25_101.25,1.4901161193847656e-08,0.3042760632883764,1.062967011858708,0.9803149803454491,0.7017792654957852,,0.6800053527192763,0.7552425899022067,1.2041794835295265,temp,JJASO,Mon
19.25_101.75,1.4901161193847656e-08,0.36710585820940345,1.2427337349191985,1.0374658393446414,0.7360475770189165,,0.7176530214094534,1.0067727411468756,1.2211648244034403,temp,JJASO,Mon
19.25_102.25,0.0,0.3304723981714271,1.2303576554064573,0.8961014676717011,0.686515345522037,,0.6918653569106108,0.7811305744426038,1.1597204521717337,temp,JJASO,Mon
19.25_102.75,0.0,0.3803878000876354,1.078187057540637,0.8379070916297018,0.6790247758131521,,0.6511860738129168,0.7872248514811231,1.0952635036556089,temp,JJASO,Mon
19.25_103.25,0.0,0.4241553547197959,1.202201851770019,0.8921699259503096,0.76079826335932,,0.5746709645891139,0.9488783015512545,1.0762668040280094,temp,JJASO,Mon
19.25_99.75,0.0,0.2640025264088942,1.1718067403715702,1.0242550506272539,0.7802642131343963,,0.6985240520117648,1.122065534569016,1.1242110932896516,temp,JJASO,Mon
19.75_100.25,0.0,0.25655389413675794,1.3630173323123058,1.006936510359194,0.7488878758773931,,0.6432860994836723,1.009381296024793,1.1759436565158914,temp,JJASO,Mon
19.75_100.75,0.0,0.26562365735863935,1.3637609829099464,1.0263291746738166,0.7228471755426089,,0.6638386988408346,0.8229550555635401,1.19348150250223,temp,JJASO,Mon
19.75_101.25,0.0,0.3111237681936736,1.2689434830032915,1.0150535094059443,0.7269122447483922,,0.6730204183155998,0.8500807237170984,1.209964119518918,temp,JJASO,Mon
19.75_101.75,0.0,0.33086859216804687,1.3665409293883102,1.0164889402390358,0.7536382614878101,,0.6981918807825281,0.9486608204493314,1.2567615431054555,temp,JJASO,Mon
19.75_102.25,0.0,0.34351038839718906,1.3642506698773125,0.930386676211568,0.7534513430233561,,0.6379310835606561,0.8914445166635506,1.25345477147713,temp,JJASO,Mon
19.75_102.75,0.0,0.39180396031862136,1.3566986590209618,0.9483153142631251,0.7702471653142012,,0.6181552293806875,0.9398106004876767,1.2032250793551147,temp,JJASO,Mon
19.75_103.25,0.0,0.43351574105413526,1.4065495010562847,1.0151854050802502,0.8547928207382394,,0.6320821280016127,1.0785612230277326,1.1785847202357804,temp,JJASO,Mon
19.75_99.25,0.0,0.26255362301321045,1.1884730448627598,0.970575127903972,0.7367635814640764,,0.6702579245886005,1.1348647860278813,1.0920831021626414,temp,JJASO,Mon
19.75_99.75,0.0,0.2690933169237548,1.2897143196335388,1.0408504604337803,0.7641685231591258,,0.6993457903458772,1.1767477087130376,1.123013506164529,temp,JJASO,Mon
20.25_100.25,0.0,0.26051250913106067,1.4472187429321062,1.0330090918077193,0.7757791913575106,,0.6904579374123125,1.066662298581801,1.2307070790026584,temp,JJASO,Mon
20.25_100.75,0.0,0.2674690108597996,1.472097914455302,1.0382016104001346,0.7537677229020264,,0.6421897901412822,0.9012488133872029,1.2833150704953684,temp,JJASO,Mon
20.25_101.25,0.0,0.28265670594379194,1.4488937271806939,1.0060402187965556,0.7525750726571948,,0.646085292904411,0.893503211495671,1.2726937954717805,temp,JJASO,Mon
20.25_101.75,0.0,0.34412675825052974,1.43082606957266,1.010467692345741,0.8020097921179936,,0.667113124116611,1.023704862671075,1.3271821062673628,temp,JJASO,Mon
20.25_102.25,2.1073424255447017e-08,0.3703777734895412,1.54438776196302,1.0417088102129353,0.891361915425183,,0.6661015882599357,1.163059743601049,1.3632234385492483,temp,JJASO,Mon
20.25_102.75,0.0,0.3970282860964824,1.5608795914684253,1.0383693112364778,0.9251986353646402,,0.6550655060646777,1.1605561678945573,1.3444216943586675,temp,JJASO,Mon
20.25_103.25,2.1073424255447017e-08,0.40041791703029095,1.5645813278782448,1.0355721696960942,0.8847146673722414,,0.583625644160902,1.0552138890091796,1.2847365036803873,temp,JJASO,Mon
20.25_99.25,1.4901161193847656e-08,0.2627268282342821,1.242086646645977,0.9132638741121191,0.7127162269643975,,0.596582462442965,0.9456253898958796,1.1426069839611985,temp,JJASO,Mon
20.25_99.75,1.4901161193847656e-08,0.2578820927277584,1.3388377266572167,1.009980978100405,0.7617909002547336,,0.6443615728496732,1.0791105003089605,1.1536277701983886,temp,JJASO,Mon
20.75_100.25,0.0,0.239409099427186,1.3830878867159577,0.9859713807848582,0.7238937896795428,,0.6720883500387014,0.9360812082930823,1.2974038712735796,temp,JJASO,Mon
20.75_100.75,0.0,0.24547131175352874,1.4633595908651706,0.9655813713604625,0.7545096453643045,,0.5992697650402066,0.8700736604106339,1.3634557471288675,temp,JJASO,Mon
20.75_101.25,2.1073424255447017e-08,0.31618301806755034,1.4600590659730217,0.9931963197698489,0.8207192995318972,,0.6189071940630523,0.9403799136685073,1.365500392601055,temp,JJASO,Mon
20.75_101.75,2.9802322387695312e-08,0.39150476427217007,1.5036681779458736,1.04380912524874,0.8870036286331158,,0.6623027657579788,1.127401589400061,1.3886329661598706,temp,JJASO,Mon
20.75_102.25,0.0,0.40807088119430884,1.585875054443174,1.0426609329628345,0.9479585284581422,,0.6670941183573925,1.2916827898268417,1.4290850191645212,temp,JJASO,Mon
20.75_102.75,2.1073424255447017e-08,0.4219549678056788,1.6622220645323371,1.1192165583464164,0.9952261362244799,,0.6822476940409926,1.3188633217820716,1.4473984683252725,temp,JJASO,Mon
20.75_103.25,2.9802322387695312e-08,0.4159883654453612,1.6204355163844106,1.043920533873195,0.9129366610599563,,0.6197923097355299,1.2109387745551103,1.430904288946558,temp,JJASO,Mon
20.75_99.75,0.0,0.2503610683673333,1.2486535757519341,0.9399179493318058,0.725237845406897,,0.5548197515016654,0.8351387985095822,1.2281072590423476,temp,JJASO,Mon
21.25_100.25,0.0,0.2142966656425348,1.3250526381402448,0.9967713141910175,0.7309192084344438,,0.7342136351502023,0.8937134282068661,1.2776583907238885,temp,JJASO,Mon
21.25_100.75,2.1073424255447017e-08,0.22986289690665096,1.432887355998332,0.9212745926366988,0.8003484705994549,,0.5797910499010931,0.9154519933713933,1.3800014960594078,temp,JJASO,Mon
21.25_101.25,2.9802322387695312e-08,0.27482874392334405,1.4673290996394637,0.9561283728359297,0.8600064244547474,,0.5763382966996534,0.906181745872669,1.4047947349984777,temp,JJASO,Mon
21.25_101.75,2.1073424255447017e-08,0.4319276084538666,1.5137518037246342,1.044970699144059,0.9765410404515525,,0.6698194084806154,1.108928574283235,1.4382575597736813,temp,JJASO,Mon
21.25_102.25,2.9802322387695312e-08,0.6349830227057377,1.6923848053178696,1.1811330823233823,1.127732214752547,,0.8190464541081309,1.461298801082008,1.544076810649591,temp,JJASO,Mon
21.25_102.75,2.1073424255447017e-08,0.48605457376259437,1.7073363702500135,1.183810648204339,1.023923543468222,,0.7172803328561578,1.4679336572141324,1.5246218071093531,temp,JJASO,Mon
21.25_99.75,0.0,0.27918075265105136,1.179858595571528,0.7459038933076094,0.7335414323988222,,0.5097156446813944,0.7564223959132687,1.2204665797957008,temp,JJASO,Mon
21.75_100.25,0.0,0.19050836975290839,1.2474915849212609,0.8657358131087296,0.7545790376300409,,0.6058016576340944,0.7456726497702557,1.3136300003941794,temp,JJASO,Mon
21.75_100.75,2.1073424255447017e-08,0.18984237466813828,1.455400394179092,0.9581737805762777,0.8474492381034467,,0.5653444591049938,0.9612615092533576,1.4188122419026499,temp,JJASO,Mon
21.75_101.25,0.0,0.2033013856231287,1.5805445155413311,0.9986953071029313,0.9185589655119945,,0.6056339523067326,0.8881085101622715,1.4252019903828597,temp,JJASO,Mon
21.75_101.75,0.0,0.3179320189808985,1.5278383621825355,1.0019929186426146,0.9915704321758512,,0.6122930476166317,0.9854439773162291,1.4615002950568685,temp,JJASO,Mon
21.75_102.25,2.1073424255447017e-08,0.5265749603608569,1.6955511106556358,1.163311506052243,1.104031112516489,,0.766066265924814,1.344060583059775,1.5339989035052637,temp,JJASO,Mon
21.75_99.25,0.0,0.2503283554302606,1.1299354510974438,0.6176794897398374,0.7128854592722853,,0.483973365264359,0.545508194081774,1.2327764694053418,temp,JJASO,Mon
21.75_99.75,0.0,0.22814682894682278,1.2523855482500283,0.7523660371969204,0.7105768338867733,,0.49862421547923624,0.6674466594648277,1.236355332375229,temp,JJASO,Mon
22.25_100.25,0.0,0.17585019649822928,1.2652670347094475,0.7470617025826558,0.8289144851359442,,0.4772778439463747,0.6953941215266164,1.3035235758665968,temp,JJASO,Mon
22.25_100.75,2.1073424255447017e-08,0.18476542478220317,1.5027827403824128,1.0048125744987266,0.9195885210495396,,0.5809663162128607,0.9291403551079741,1.3768955605035373,temp,JJASO,Mon
22.25_101.25,0.0,0.1667811600901253,1.5662255211094678,0.9796821917526405,0.9623208108249794,,0.6034646703029621,0.8576216964008544,1.4090466920887683,temp,JJASO,Mon
22.25_101.75,2.1073424255447017e-08,0.22011496741987685,1.6009663173855135,0.9641731672013282,0.980986042033928,,0.5710196061755048,1.0018463480652005,1.4249587036746802,temp,JJASO,Mon
22.25_102.25,2.9802322387695312e-08,0.3441619515515506,1.6710167156752926,1.0661200628339513,1.0000354007755476,,0.651710273146493,1.1827662205070388,1.4618842445848161,temp,JJASO,Mon
22.25_99.75,0.0,0.19530605820489164,1.2525110326686302,0.6843494820306779,0.7744561121896401,,0.5760976973177605,0.575947646342421,1.2876823913189506,temp,JJASO,Mon
22.75_100.25,0.0,0.18531661778138864,1.2524706919553343,0.7881950062283131,0.9443686027777897,,0.6046508777830293,0.7356434620500706,1.3552116797883633,temp,JJASO,Mon
22.75_100.75,2.1073424255447017e-08,0.1646041719723464,1.430047252727666,0.9045870605284354,0.9734391155129495,,0.6528131694798781,0.7464987772846708,1.4197813816882154,temp,JJASO,Mon
22.75_101.25,0.0,0.14151905856881727,1.3848745855102873,0.8210153607507987,0.9645902279939276,,0.4690011772891722,0.7420788923157687,1.4247115760272706,temp,JJASO,Mon
22.75_99.75,0.0,0.17982872068661626,1.1469868633010845,0.6679223662968097,0.884649875497939,,0.49872815597285636,0.543391190680907,1.2741487304244927,temp,JJASO,Mon
23.25_100.25,2.1073424255447017e-08,0.16152818285776485,1.2345421965106536,0.7480018274216309,1.0297594926812221,,0.5334173495467537,0.7059350883011765,1.40082019254231,temp,JJASO,Mon
23.25_100.75,0.0,0.12769808017089987,1.2962620091269437,0.7781361875194323,1.0115863330291344,,0.4986009297525196,0.7023904990795854,1.4911335630502678,temp,JJASO,Mon
23.25_99.25,0.0,0.17417821051505875,1.2145919154906886,0.6083180511179715,0.9469723523788578,,0.5014400712959332,0.4464243679340097,1.2267596677605261,temp,JJASO,Mon
23.25_99.75,2.1073424255447017e-08,0.15670781577799847,1.0870802946578593,0.6028138920056374,0.9758535718964939,,0.46859795458308917,0.48368647850766644,1.303476814431839,temp,JJASO,Mon
23.75_100.25,0.0,0.16813994781082348,1.1256878943410156,0.6773843144312317,1.1223486791055863,,0.5195995259413233,0.705386061220851,1.349576910147475,temp,JJASO,Mon
23.75_100.75,0.0,0.14636965989856532,1.195303571770698,0.7402976180822416,1.0677381690178083,,0.5212448614249118,0.7220458724311316,1.4664136395889096,temp,JJASO,Mon
24.25_100.25,0.0,0.1555999293579578,0.9834426989619895,0.6954709251389596,1.2105492901202517,,0.528235593427484,0.6503259044921357,1.3347577645318,temp,JJASO,Mon
24.25_100.75,0.0,0.2099326039242994,1.0347048270525139,0.789328782006382,1.1133597339652845,,0.5504190668977968,0.7149156098573775,1.4059998921487786,temp,JJASO,Mon
24.25_99.75,0.0,0.1478424617329685,1.0108497612067353,0.5728294256598094,1.2887083484481612,,0.46397440148328095,0.5240674621838236,1.3086371655772748,temp,JJASO,Mon
24.75_100.25,0.0,0.14302677682082918,0.9271616274419303,0.7174870879256025,1.2557413196215705,,0.5485898127046288,0.6447307338075511,1.3304069345427945,temp,JJASO,Mon
24.75_99.75,0.0,0.14012128644096267,1.0074542915947746,0.643157685752552,1.3291296548519662,,0.5251150835387678,0.6131017434162104,1.2964663661634666,temp,JJASO,Mon
25.25_99.75,0.0,0.277927292769622,1.0327011700701716,0.7758484299921073,1.400344249239141,,0.6276159123608495,0.7700879430979654,1.2732473278746126,temp,JJASO,Mon
25.75_100.25,0.0,0.22394929348386938,0.988583378781981,0.7953759521099393,1.4015905271466509,,0.6258474102043075,0.8100710908398949,1.3608461547287087,temp,JJASO,Mon
25.75_99.25,0.0,0.549980012526102,1.0932966210051607,0.8889971675968841,1.5563495153283498,,0.7705212247869044,0.9314190142500629,1.1192451453933163,temp,JJASO,Mon
25.75_99.75,2.9802322387695312e-08,0.36023636253917246,1.00728785869234,0.7649819932492092,1.4402180748216995,,0.6560966951966168,0.8400264857663634,1.2211873050188649,temp,JJASO,Mon
26.25_99.25,0.0,0.464387609073134,0.9660640571466963,0.8274977513891286,1.5460540860185445,,0.6849413114818109,0.7864466549639966,1.0057040647637814,temp,JJASO,Mon
26.25_99.75,0.0,0.35976237773004077,0.9445100543045164,0.7334268367330468,1.405960361129927,,0.6366822789222577,0.7338779684340095,1.1570463516402234,temp,JJASO,Mon
26.75_99.25,2.9802322387695312e-08,0.3717457689752344,0.872634949380212,0.7999010400396742,1.4022422268487855,,0.6357256876022365,0.6393937553181562,0.9572475852435607,temp,JJASO,Mon
27.25_99.25,5.960464477539063e-08,0.517091692596369,0.8872371438074765,0.8414477131889446,1.2762574778118725,,0.6524173980270498,0.5876780960534931,0.95610535534325,temp,JJASO,Mon
27.75_98.75,4.2146848510894035e-08,0.33757196750839696,0.8809572234728962,0.7856414762031158,1.2311365340929343,,1.275853821670838,0.5357199944518282,0.8291720312527048,temp,JJASO,Mon
28.25_98.75,0.0,0.3828505078993882,0.9754767533319095,0.912009929387981,1.1755452601912697,,0.9197427041337332,0.6045181334335556,0.8556453206653305,temp,JJASO,Mon
28.75_98.75,0.0,0.41090464133722054,1.0825499031246537,0.8941471988589481,1.156565205676226,,0.8710313486134956,0.7007724539657522,0.8546955305155272,temp,JJASO,Mon
29.25_98.25,4.2146848510894035e-08,0.48758410142869796,1.2475477698310076,0.9149292871325035,1.3394425665022858,,0.9411224616933249,0.7581741203630267,0.8298588608952914,temp,JJASO,Mon
29.75_98.25,4.2146848510894035e-08,0.5066085723036605,1.1649878397287865,0.9189845606365803,1.3882411497222027,,0.8138710065645458,0.8310353530392355,0.8738580362301392,temp,JJASO,Mon
30.25_97.75,4.2146848510894035e-08,0.5679373572621449,1.065975721401945,1.0115562632620798,1.3169925072937045,,0.8663042668136641,0.8993653861757264,0.8760045957318553,temp,JJASO,Mon
30.25_98.25,4.2146848510894035e-08,0.5561094668231683,1.0526076633977517,0.9741279853972332,1.306476263654391,,0.8344607437554573,0.8275792641084959,0.8849231045439809,temp,JJASO,Mon
30.75_97.25,0.0,0.5862757806326275,0.9027462982079448,1.0879698602123964,1.0943482999186607,,0.938980774351825,0.8531827302086403,0.8974904854673597,temp,JJASO,Mon
30.75_97.75,0.0,0.620524539412103,0.9459889627138157,1.039454383902285,1.173251594608417,,0.7769219558992453,0.8298732986687137,0.8749787989556146,temp,JJASO,Mon
31.25_96.25,0.0,0.6103141536625974,0.9000401678807755,0.9915732233613473,0.8904884971948144,,0.8523297312988413,0.7354021068191505,0.8872179470348409,temp,JJASO,Mon
31.25_96.75,0.0,0.5880834508205369,0.8728762809583875,0.9773177553151321,0.893833535450719,,0.8460148477397521,0.7772423382259692,0.8774944082979582,temp,JJASO,Mon
31.25_97.25,0.0,0.627656393302706,0.8980518861404566,1.043835531020327,0.9620650667759362,,0.9377939123243687,0.7870162183477457,0.9116883299758337,temp,JJASO,Mon
31.75_95.75,0.0,0.6686552648327765,1.0377671412012208,1.0121678936698728,0.9563033741221917,,0.8949995261990499,1.002409317269318,0.9624394597801842,temp,JJASO,Mon
31.75_96.25,5.960464477539063e-08,0.6671796471645076,0.9924858902351346,1.0452726632601181,0.9548085245988547,,0.8227229680337184,0.8050098755882625,0.9496182777250547,temp,JJASO,Mon
31.75_96.75,0.0,0.6617827150567255,0.9646021820586916,0.9558875275558537,0.9385979965008536,,0.8263906090958238,0.7700815704726234,0.9469243672573447,temp,JJASO,Mon
31.75_97.25,5.960464477539063e-08,0.7000291312977087,0.9495629896688197,0.9691736949582683,0.9594292929772587,,0.8181746842858741,0.7744437372376519,0.9201107372118159,temp,JJASO,Mon
31.75_97.75,0.0,0.7442827565874331,0.9555965490461028,1.0069466978386628,0.9867001158088313,,0.8016578601468479,0.860503933276875,0.8899053269055586,temp,JJASO,Mon
32.25_94.75,0.0,0.7249273499332644,1.118882340001737,1.0253657560387235,1.0182205881484063,,1.0127721409384345,1.1322123830394468,0.9635299092886513,temp,JJASO,Mon
32.25_95.25,0.0,0.6991622486502148,1.1041617429603048,1.0215234804627993,1.019085355782816,,0.7305547388227731,0.9577344928000079,0.9889077267690425,temp,JJASO,Mon
32.25_95.75,0.0,0.7375307963232066,1.0988796020937934,1.0331835148025243,1.0317015474881774,,0.7571297954915238,0.881245133717965,1.0116005506305175,temp,JJASO,Mon
32.25_96.25,0.0,0.8728136821280682,1.1480572253387649,1.1618969070527738,1.1319362345234731,,0.9691163847676416,0.942448587159168,1.0656318006096408,temp,JJASO,Mon
32.25_96.75,0.0,0.7757084244562232,1.0422599180994256,0.9938549200478074,0.9882560450738358,,0.8150869632247553,0.7593866788877015,0.9610674364369477,temp,JJASO,Mon
32.25_97.25,0.0,0.819377297203808,1.0165663814089143,1.012226192630907,0.9709799902417602,,0.8014736375547863,0.7893353080788262,0.9386347828775775,temp,JJASO,Mon
32.25_97.75,0.0,0.8114216757214301,0.9638589965395912,1.014331610370219,0.9869190111504389,,0.7803173569498055,0.7975728698667975,0.9262188675748598,temp,JJASO,Mon
32.75_94.75,0.0,0.6291341066702754,1.1474041345210029,1.0394058330071978,1.0501077866296322,,0.8815519455742107,1.0720724011731801,1.0412264060365355,temp,JJASO,Mon
32.75_95.25,0.0,0.6293683966896242,1.1245772630327067,1.0417267081017976,1.0397266898484059,,0.8775713167935835,0.9929616643563306,1.0276492405581683,temp,JJASO,Mon
32.75_95.75,0.0,0.6572375971013427,1.1151866713310434,1.1018294718416797,1.0434133712814087,,0.947471523140755,0.8912844919537866,1.029431912878779,temp,JJASO,Mon
32.75_96.25,5.960464477539063e-08,0.7192146521380469,1.1017753788477005,1.179720212912414,1.0474402117690973,,0.9721565742668679,0.8499536122723147,1.0266497985657157,temp,JJASO,Mon
32.75_96.75,0.0,0.7575557224884908,1.0858289875000895,1.2227340125644033,1.0310283523757862,,0.9301763335467202,0.8122475458817183,0.9917675291091078,temp,JJASO,Mon
33.25_94.25,0.0,0.5617750818359971,1.1766177173538783,1.1737702007369508,1.0380687258408912,,1.0047771913916697,1.1351782074931347,1.14256331307049,temp,JJASO,Mon
33.25_94.75,0.0,0.5770025163379263,1.1510636980445987,1.1234457176844048,1.0557774771478972,,0.8631123795908139,1.1243635025909902,1.1494532206355528,temp,JJASO,Mon
33.25_95.25,5.960464477539063e-08,0.5685950455160291,1.1476878242742028,1.2010124440334606,1.0813650016907455,,0.9572394133399346,1.1574683414394336,1.138790055893388,temp,JJASO,Mon
33.25_95.75,0.0,0.598433468130431,1.1419908515589983,1.2139389630643842,1.0728974713746533,,1.3222080041264344,1.0931340086936627,1.1248402495442538,temp,JJASO,Mon
9.25_105.25,0.0,0.5158803385300711,0.866272852563664,0.5532455999121946,0.9212798094030555,,0.5319838588395469,0.7437179707568626,0.7202330948800989,temp,JJASO,Mon
9.25_105.75,0.0,0.49873815295625273,0.776500647679743,0.5496433309276937,0.7818716696854126,,0.5808845069546802,0.7871683260655081,0.7092262685375555,temp,JJASO,Mon
9.75_105.25,1.0536712127723509e-08,0.5131534165464461,0.856649379124175,0.5571411271783997,0.9466571726784181,,0.5745784542361607,0.7135875891638344,0.6985533438951226,temp,JJASO,Mon
9.75_105.75,1.0536712127723509e-08,0.5258849045444323,0.942701575278385,0.5982584782272073,0.9341539476073925,,0.64037112124116,0.7803848625765417,0.7403947196684982,temp,JJASO,Mon
9.75_106.25,1.0536712127723509e-08,0.4818406895619152,0.8735757493120619,0.5756177569679681,0.8324681119177055,,0.5959254541057785,0.8190552339576775,0.6751997270562459,temp,JJASO,Mon
10.25_104.75,0.0,0.2855008162308959,0.562172709677194,0.3204177323724179,0.4306044428944568,,0.33562197783622716,0.3852914056803225,0.3076434686199935,temp,JJASO,Yr
10.25_105.25,7.450580596923828e-09,0.27411294406490694,0.6561879768325656,0.3320105692218217,0.5514003441913142,,0.3528118651027436,0.3746245447839781,0.3281765277274377,temp,JJASO,Yr
10.25_105.75,0.0,0.26715736575981314,0.7446032397176486,0.35863574369574525,0.5613207243345624,,0.37115579887638683,0.39108420175601183,0.3628176830473912,temp,JJASO,Yr
10.25_106.25,0.0,0.24802743977974726,0.6946435224060996,0.3122452654778596,0.5002319629520406,,0.3179884257771368,0.36428443671378724,0.33877262126402785,temp,JJASO,Yr
10.25_106.75,0.0,0.23930845494065148,0.4690154827752328,0.2737735715701514,0.4619437554604137,,0.2781166989675002,0.3580049576385112,0.28732172427171515,temp,JJASO,Yr
10.75_104.75,0.0,0.3166899582655916,0.6639092138064555,0.37334051554996295,0.5312574449236912,,0.38202957621028194,0.3677781054307952,0.3215839150484281,temp,JJASO,Yr
10.75_105.25,0.0,0.2978444153176772,0.6987523422139263,0.36947276884516833,0.5648841516499657,,0.376597183249537,0.40299233668374634,0.3270821397581043,temp,JJASO,Yr
10.75_105.75,0.0,0.2826607142758166,0.7719198303890603,0.35423636714849516,0.5585943303031276,,0.3595416793024022,0.38337280348370806,0.32447770372297124,temp,JJASO,Yr
11.25_104.25,0.0,0.34285443837958074,0.6704586221527259,0.42393793662293094,0.47611507223947896,,0.41240790573846847,0.3090940174998592,0.3211921194821832,temp,JJASO,Yr
11.25_104.75,0.0,0.3305796480592698,0.7152175302451991,0.4253450292632682,0.563072597716404,,0.45873809844338687,0.4302174755712801,0.3785799494699116,temp,JJASO,Yr
11.25_105.25,0.0,0.3072581603749644,0.752413981790427,0.3872029951978918,0.5476908240413645,,0.4178315792562021,0.44993006471628044,0.3516732900666068,temp,JJASO,Yr
11.75_104.25,0.0,0.31505671657440215,0.6434372285905314,0.3824777090713214,0.448598969154167,,0.40342460243530165,0.3285361777668031,0.3413174260208138,temp,JJASO,Yr
11.75_104.75,0.0,0.3291354896647474,0.7441930385696073,0.4162113846140835,0.5509944933101175,,0.47292299659636866,0.4635251568492468,0.44725457693869747,temp,JJASO,Yr
11.75_105.25,0.0,0.3274350260301491,0.8490304604925302,0.40928009622998496,0.5228829271133889,,0.4360050819824547,0.46785057596838703,0.3722390146369466,temp,JJASO,Yr
12.25_103.25,0.0,0.2563865908267347,0.542586958502366,0.3875236557205252,0.29744152598950924,,0.3797798020000879,0.19460882885732614,0.2555646261079808,temp,JJASO,Yr
12.25_103.75,0.0,0.2557574877781536,0.583019763065312,0.3541965606403316,0.3475473328433696,,0.38698651219117014,0.25546556878562676,0.28762948199634214,temp,JJASO,Yr
12.25_104.25,0.0,0.2770710233803564,0.6455681460589645,0.34018536598816945,0.4008860274570548,,0.37123266059358706,0.32654348271459754,0.3948089145251978,temp,JJASO,Yr
12.25_104.75,0.0,0.28420907685149316,0.6933980092695373,0.3581246761948227,0.4588958031189436,,0.3906522853101467,0.4170215070860028,0.4445149996561787,temp,JJASO,Yr
12.25_105.25,7.450580596923828e-09,0.32524005916900584,0.724906551370696,0.40314279880406156,0.4535726913462691,,0.41394754375346915,0.44089797080998316,0.3396732725339397,temp,JJASO,Yr
12.25_105.75,0.0,0.3291511539836182,0.7362757873784769,0.41248212721863065,0.39686335210904294,,0.3776104177345339,0.4172148374908814,0.2599459081443627,temp,JJASO,Yr
12.25_106.25,0.0,0.3046306633723189,0.7574604580391779,0.4029389836141726,0.35471066465190604,,0.35585151562175726,0.4008904571790655,0.2510102878872644,temp,JJASO,Yr
12.25_106.75,0.0,0.30838661281720275,0.7721417808996016,0.43536990525424685,0.33944012393783013,,0.38184713902071626,0.4086611781494659,0.2652915291417972,temp,JJASO,Yr
12.25_107.25,0.0,0.30656891351709736,0.6446861688445209,0.4232543437848623,0.3029346306174855,,0.3808033211704947,0.36141369121043604,0.25929616797305444,temp,JJASO,Yr
12.25_107.75,5.268356063861754e-09,0.29289014884692716,0.5453582188717022,0.4813048806228059,0.3025937689362011,,0.42054115286217214,0.33038348846881765,0.27530597340520013,temp,JJASO,Yr
12.25_108.25,0.0,0.2794195542191278,0.4687560171798464,0.4414116454709689,0.3156367814529066,,0.41030804115653613,0.2991609616657129,0.2934759366268176,temp,JJASO,Yr
12.75_102.75,0.0,0.22292853784151803,0.6401315904357305,0.4258356731136311,0.31798300462030343,,0.37239268563926703,0.27697667067268783,0.2689664858922603,temp,JJASO,Yr
12.75_103.25,0.0,0.2317822853260583,0.6441972145447044,0.4131327706472219,0.3271519531826943,,0.38747991002731613,0.2958942123335037,0.27678197826453943,temp,JJASO,Yr
12.75_103.75,5.268356063861754e-09,0.24875561786747147,0.6064313842395295,0.35632586305931585,0.35104322816982575,,0.33315896122757754,0.34876409121644836,0.30879228366212685,temp,JJASO,Yr
12.75_104.25,0.0,0.2787130955490709,0.6516113533826011,0.36072812964476414,0.3553230882006419,,0.3465258084158704,0.4145986433802963,0.3896088960973151,temp,JJASO,Yr
12.75_104.75,0.0,0.31415535160165214,0.7127707178974975,0.39481175807587165,0.38520824851001645,,0.38234513792490565,0.4086396175022332,0.3869060625170681,temp,JJASO,Yr
12.75_105.25,0.0,0.36536281513462654,0.7507593366302153,0.46007252879290983,0.36650075921447717,,0.3893092533757203,0.3950141339532251,0.31891579479078397,temp,JJASO,Yr
12.75_105.75,0.0,0.37680279750562495,0.7617559289947737,0.4605680916568121,0.330062294926705,,0.3695424232058554,0.3907466000506551,0.274342907153118,temp,JJASO,Yr
12.75_106.25,0.0,0.3490100612874442,0.7403276279979121,0.45101627206395295,0.31838072516906046,,0.3438214033616458,0.38734087765934755,0.2558414943889759,temp,JJASO,Yr
12.75_106.75,0.0,0.3508051047700442,0.7684858871365431,0.48869600443755534,0.3209076870918057,,0.35451132517075185,0.4045415460466229,0.28043878441963255,temp,JJASO,Yr
12.75_107.25,0.0,0.3440318214094454,0.7668788655380641,0.4986167399010596,0.3061593180085846,,0.40478184295837655,0.4058759539180857,0.2877854598325539,temp,JJASO,Yr
12.75_107.75,0.0,0.34304825502621383,0.7777195686562864,0.5294602734596898,0.31784773346634754,,0.4573988307698552,0.39928026938624955,0.3114195157403736,temp,JJASO,Yr
12.75_108.25,0.0,0.32303842893487894,0.688946330090151,0.4709856315062974,0.3297520121749623,,0.40588635948016094,0.3493350789807468,0.3359054168393212,temp,JJASO,Yr
13.25_102.75,0.0,0.23791372531802357,0.691514440465732,0.4937913671372867,0.3169947621621827,,0.460070796291636,0.3630969996399148,0.2742770676188643,temp,JJASO,Yr
13.25_103.25,0.0,0.23394085362605999,0.7222273290811322,0.4625117105742718,0.31377479413577836,,0.41849026495271346,0.37934753394832915,0.28173812616009153,temp,JJASO,Yr
13.25_103.75,5.268356063861754e-09,0.21397601767188368,0.6536670449537143,0.4040496403504688,0.31009400729555203,,0.33892749422577567,0.39586890425741095,0.2473777250929945,temp,JJASO,Yr
13.25_104.25,5.268356063861754e-09,0.2775486772989099,0.708541437174747,0.4074896275495366,0.3102702699213925,,0.35228785509345556,0.3801248110834338,0.27984548755367905,temp,JJASO,Yr
13.25_104.75,5.268356063861754e-09,0.321565146679004,0.7592357880359278,0.43257455564352065,0.32035069622202184,,0.3641538192934566,0.36466190336498105,0.2892102403283498,temp,JJASO,Yr
13.25_105.25,7.450580596923828e-09,0.346834177928532,0.7464577572127258,0.47611778940169214,0.3117555192522287,,0.35771257123235584,0.34231393589708015,0.2737743126956985,temp,JJASO,Yr
13.25_105.75,7.450580596923828e-09,0.38769827588762223,0.7509930806546914,0.5020683333943025,0.3094719710823494,,0.3682434219127342,0.35580798166519795,0.26880986532031387,temp,JJASO,Yr
13.25_106.25,0.0,0.3766466568944121,0.754583629668459,0.5097509620373467,0.31029547759009446,,0.35935548965854053,0.36580730825575236,0.274812196630156,temp,JJASO,Yr
13.25_106.75,0.0,0.3844861561697451,0.8274088095993362,0.5442209389930377,0.3279277943244734,,0.38549700005291604,0.4141136299822502,0.3018997803670868,temp,JJASO,Yr
13.25_107.25,0.0,0.3731827735048218,0.9123454278088814,0.573047866184138,0.32337627573794914,,0.44095414793874166,0.46397496864699966,0.3053584564830337,temp,JJASO,Yr
13.25_107.75,5.268356063861754e-09,0.3494871056227683,0.9232833376595653,0.5900641885771817,0.3216635323048146,,0.495887218301513,0.4723846413966608,0.31466031521427273,temp,JJASO,Yr
13.25_108.25,0.0,0.3280975557497159,0.8571381567490123,0.54594598239131,0.322885156081236,,0.37766266255824593,0.38547909275654124,0.31678978757050963,temp,JJASO,Yr
13.75_102.75,0.0,0.29304197264666204,0.7003146196245411,0.5909715341901405,0.2991152035585021,,0.469122714418059,0.4202835025991693,0.29023035499555117,temp,JJASO,Yr
13.75_103.25,0.0,0.2737294767550766,0.7141564480096767,0.530018524999408,0.2786607256803301,,0.42445334379461486,0.4133195243757254,0.25773717959757175,temp,JJASO,Yr
13.75_103.75,3.725290298461914e-09,0.26444139031868263,0.7355303920531668,0.48675681751019156,0.24952246462364425,,0.3446403325063899,0.3551934430043109,0.22902699872572038,temp,JJASO,Yr
13.75_104.25,5.268356063861754e-09,0.3044967944666212,0.7743154645498145,0.4609358033310878,0.2627205657073258,,0.3445838743642568,0.3215464205092361,0.21981605480279776,temp,JJASO,Yr
13.75_104.75,0.0,0.32739459588806763,0.7648058168580528,0.46969575563484867,0.2727540663169858,,0.3390798188252277,0.301634946344266,0.23748161199573506,temp,JJASO,Yr
13.75_105.25,0.0,0.34400545917491687,0.7599526487490017,0.4912518152993035,0.28500137329482966,,0.33784670825955826,0.2911266651994422,0.2390374273742528,temp,JJASO,Yr
13.75_105.75,5.268356063861754e-09,0.3762704166434851,0.7459573098534316,0.5140635508429404,0.29448994482429774,,0.337785132809112,0.30007279214130045,0.24549242614621122,temp,JJASO,Yr
13.75_106.25,0.0,0.38078958948964525,0.7838498475754783,0.5558205110818776,0.30499464398283227,,0.35395581864839815,0.34199800817317194,0.27284430971942614,temp,JJASO,Yr
13.75_106.75,0.0,0.40169781760371936,0.8527013136624889,0.5988785692555073,0.3216353301218321,,0.39664026708923394,0.40523449237261133,0.3044747192749545,temp,JJASO,Yr
13.75_107.25,7.450580596923828e-09,0.3904474794494416,0.9403753832622936,0.6343563166876891,0.32609511651632517,,0.438894998281655,0.4733309211943646,0.32225388770973656,temp,JJASO,Yr
13.75_107.75,0.0,0.36919215682686857,0.8962971247601658,0.6225964963059873,0.33122396952451866,,0.44419356667461474,0.4594398754002478,0.3396439314571311,temp,JJASO,Yr
14.25_102.25,7.450580596923828e-09,0.3133319601211889,0.5802965341573685,0.6551141915852261,0.3202915195313499,,0.5100466602891361,0.3403254973377548,0.37976456946126663,temp,JJASO,Yr
14.25_102.75,0.0,0.296914376544006,0.605878858446869,0.5989789980997178,0.28406244841119654,,0.4480619976164519,0.373001017301771,0.335925938762082,temp,JJASO,Yr
14.25_103.25,0.0,0.2693932627060779,0.6517282139712595,0.559007348851335,0.25731731810243424,,0.39389452821343457,0.3964967012983723,0.28460339300443616,temp,JJASO,Yr
14.25_103.75,5.268356063861754e-09,0.27206711764416774,0.6865028120792819,0.5362407988027243,0.2284926353206073,,0.3434793465557569,0.32083883306018623,0.2568108315675751,temp,JJASO,Yr
14.25_104.25,5.268356063861754e-09,0.2913738068167529,0.6916521417503682,0.5080625438215515,0.22887302745224258,,0.31880603331601515,0.26160674685973284,0.2445637965280777,temp,JJASO,Yr
14.25_104.75,0.0,0.31779070918637886,0.699226830910059,0.5143888776124372,0.24590003375778705,,0.3048027358504777,0.2497020102997203,0.2461811633795854,temp,JJASO,Yr
14.25_105.25,0.0,0.31972645601618366,0.7400676669511147,0.5030298519447467,0.25469357165195805,,0.29177867471134517,0.24610503841553588,0.23008230572464583,temp,JJASO,Yr
14.25_105.75,0.0,0.3401672661131374,0.7567400395918127,0.531745396979106,0.28902942912175333,,0.30839939240039055,0.2775489564635227,0.24049463728908785,temp,JJASO,Yr
14.25_106.25,0.0,0.3746769460716589,0.8030785365192261,0.6050747204526596,0.324350370064001,,0.37637681976320797,0.34691362642046464,0.2815108893606907,temp,JJASO,Yr
14.25_106.75,0.0,0.2746404513096785,0.7795142988134054,0.5970066415272197,0.23594881816184884,,0.31454226347545416,0.3067087062051935,0.2681474177747183,temp,JJASO,Yr
14.25_107.25,0.0,0.2576700382655228,0.8018458818124169,0.5920341465017291,0.23796459290170965,,0.32579369972910277,0.33666197414490356,0.28965482029728185,temp,JJASO,Yr
14.25_107.75,0.0,0.2515864564226792,0.7324518617305845,0.5603220425017167,0.23736399267477373,,0.329430904662793,0.3089997683013974,0.3188172286782402,temp,JJASO,Yr
14.25_108.25,0.0,0.20593625464809562,0.5423218232218578,0.45738216251456365,0.21748935130647207,,0.25854118312615176,0.22289211208186996,0.3312537621719377,temp,JJASO,Yr
14.75_101.75,0.0,0.3016016036042175,0.6559442845498502,0.7045155997016115,0.3594768838049055,,0.5363192141216963,0.3886172732982655,0.42088562993445505,temp,JJASO,Yr
14.75_102.25,5.268356063861754e-09,0.29625544012108684,0.6704917761018137,0.6360800578318468,0.33469268825713566,,0.49953534658350185,0.3886867615743402,0.42487990854169133,temp,JJASO,Yr
14.75_102.75,7.450580596923828e-09,0.30898525447877856,0.6623017051342175,0.5961621195014832,0.3005852616832008,,0.4452299144839274,0.44255598226909154,0.42090832602375006,temp,JJASO,Yr
14.75_103.25,0.0,0.27684515478749955,0.6535356523049565,0.5684693218573256,0.2607160804434234,,0.3858916104116957,0.41833478275705877,0.37695957812506165,temp,JJASO,Yr
14.75_103.75,5.268356063861754e-09,0.26689901755051315,0.643470912933426,0.5542207337540866,0.2379833364159331,,0.34390852407440764,0.3560314805081795,0.3268682416687622,temp,JJASO,Yr
14.75_104.25,0.0,0.2790395459298316,0.6928284039974909,0.5405631224887192,0.2464742274915332,,0.32348266746047677,0.28867007837088404,0.29861220130973387,temp,JJASO,Yr
14.75_104.75,0.0,0.3034700255478591,0.7164124945013923,0.5326661305948349,0.26496454703111594,,0.31119414619865216,0.2722424753401943,0.2719282005493041,temp,JJASO,Yr
14.75_105.25,0.0,0.33748572411448263,0.7794665304677199,0.5439135755020718,0.30065763672886525,,0.30630633807368035,0.2895900779354713,0.26418506862683605,temp,JJASO,Yr
14.75_105.75,0.0,0.37241411384692363,0.7900468864926253,0.5964852768377561,0.3389501455636466,,0.3515483804685325,0.3318268370140548,0.29536733446255614,temp,JJASO,Yr
14.75_106.25,0.0,0.2896559111589096,0.7331519373595375,0.6049803791734778,0.2639958665561222,,0.3140463630039693,0.2798554997222659,0.27534067148643093,temp,JJASO,Yr
14.75_106.75,0.0,0.3146225629325423,0.7993751127102446,0.6060463020452646,0.30024288108999225,,0.31643382495330313,0.32506500384523357,0.3192474759335299,temp,JJASO,Yr
14.75_107.25,0.0,0.26170195299364307,0.7914217926980952,0.6051062174126849,0.2620584526478628,,0.32757599128693987,0.31322455007576794,0.3115008743435948,temp,JJASO,Yr
14.75_107.75,0.0,0.2361979686875395,0.6036440643252522,0.5062209502359422,0.24488794658611834,,0.27924765293828413,0.27194815971028585,0.34601732659067047,temp,JJASO,Yr
14.75_108.25,0.0,0.20248383076826856,0.4721132686005885,0.40306434812215064,0.24632982225219968,,0.22323908092886952,0.20387165319271672,0.3664967516854829,temp,JJASO,Yr
15.25_101.75,0.0,0.25883476565055397,0.7428368651890538,0.7317675004031367,0.3348270662143035,,0.5324337206102236,0.4065718063169679,0.42983190617723266,temp,JJASO,Yr
15.25_102.25,5.268356063861754e-09,0.2674705678248727,0.7600119156506014,0.6584146588423984,0.3151711622499294,,0.4807016731700149,0.3997586615282635,0.4728998304355457,temp,JJASO,Yr
15.25_102.75,0.0,0.30745176814906044,0.7162989586936922,0.6173624708878654,0.28973204774648254,,0.42398942342526685,0.47575362883015054,0.5526093192360729,temp,JJASO,Yr
15.25_103.25,0.0,0.2806421525628218,0.6645890210026923,0.5803699192384577,0.26111506290980846,,0.3787694486827218,0.4667541948509315,0.5473945810260739,temp,JJASO,Yr
15.25_103.75,0.0,0.2643917602793429,0.6585938004851809,0.5547148202794723,0.24363095349293312,,0.3423672360529455,0.405415043138881,0.4579857650652179,temp,JJASO,Yr
15.25_104.25,0.0,0.27368092967837976,0.7556054244168917,0.5677917280610822,0.25565827110578204,,0.3363507309209645,0.3285633618035938,0.38309996565421467,temp,JJASO,Yr
15.25_104.75,0.0,0.3132250682580723,0.8094662706655108,0.5731629869663006,0.2884988182422027,,0.34200764977619574,0.32591642521957537,0.3215712405498834,temp,JJASO,Yr
15.25_105.25,7.450580596923828e-09,0.3428608707470172,0.8006784084468446,0.5928050898005314,0.3164581542589199,,0.34204749505796866,0.3212249698238415,0.2984444093290202,temp,JJASO,Yr
15.25_105.75,5.268356063861754e-09,0.2912408152130148,0.7621331937740781,0.6195399299354283,0.25684526716546563,,0.29401258663033114,0.267411255620591,0.2821829584446671,temp,JJASO,Yr
15.25_106.25,0.0,0.24514227519557522,0.5909292122674653,0.5365629837726241,0.2241660201912772,,0.2783349679547732,0.2539113216684169,0.2659655378604506,temp,JJASO,Yr
15.25_106.75,0.0,0.24610288102008934,0.6966425151862755,0.5681340433995279,0.2442610545832477,,0.2879283192130678,0.2775229168157946,0.28966660439506975,temp,JJASO,Yr
15.25_107.25,5.268356063861754e-09,0.2105226599642161,0.6429047124156335,0.5587066227939406,0.22740090988675174,,0.2943222503580395,0.25997379192857706,0.313481353006147,temp,JJASO,Yr
15.75_101.75,5.268356063861754e-09,0.2250508213166569,0.7848773747442906,0.7430981112067547,0.31818452458204655,,0.490000321047192,0.4043891788480171,0.4563407440862413,temp,JJASO,Yr
15.75_102.25,0.0,0.2157750734516526,0.8153298888925636,0.6730050792405414,0.29814621678431624,,0.4408519267818287,0.40212960288368815,0.54217550636831,temp,JJASO,Yr
15.75_102.75,0.0,0.24303621441725318,0.7835701933466502,0.6173300980435018,0.28174383471098696,,0.3985149373318037,0.4625101275654732,0.6259426635901972,temp,JJASO,Yr
15.75_103.25,0.0,0.2377142523188943,0.7422740479479938,0.5907422244428535,0.2612975587835176,,0.3732571314052099,0.45219777785206167,0.611629632361532,temp,JJASO,Yr
15.75_103.75,5.268356063861754e-09,0.23509797099208082,0.7348953904192038,0.5825343185165542,0.25435164509815383,,0.3470308643483122,0.4057151690989719,0.5104858547594403,temp,JJASO,Yr
15.75_104.25,0.0,0.22770151463640068,0.7837453634839436,0.573211844161988,0.2587935004331446,,0.3314682880612478,0.3303979389105082,0.4262483033321716,temp,JJASO,Yr
15.75_104.75,5.268356063861754e-09,0.2554743066592415,0.7907419124373452,0.5902999124497518,0.2770190689590691,,0.3280493227615772,0.29270142963874535,0.359541934196752,temp,JJASO,Yr
15.75_105.25,0.0,0.17115408417875452,0.7827920687094677,0.5560468652049506,0.18756328457464985,,0.24646384108537644,0.20996684444112929,0.28365673337570035,temp,JJASO,Yr
15.75_105.75,0.0,0.21018215697642634,0.8434603711112997,0.5985824596395801,0.19521462640232193,,0.269154538674392,0.21793337774031524,0.26807282035280766,temp,JJASO,Yr
15.75_106.25,0.0,0.21126877071198313,0.855877298912573,0.6921259052187996,0.1926754126189584,,0.330844319482996,0.2537334471648039,0.2461687425072497,temp,JJASO,Yr
15.75_106.75,5.268356063861754e-09,0.2005567982066995,0.7142431158529423,0.5894414218065397,0.20152986803802975,,0.3197542961856074,0.24510995505095637,0.27879311761400577,temp,JJASO,Yr
16.25_101.75,0.0,0.20390653896605312,0.7531300835519237,0.700385116047301,0.2895611420653495,,0.44307008701751516,0.36088650170136793,0.5065575890655707,temp,JJASO,Yr
16.25_102.25,0.0,0.17950316550336415,0.8207755643034902,0.632495926324755,0.26949155878908987,,0.41194267597777706,0.38682172589678704,0.6312384944813055,temp,JJASO,Yr
16.25_102.75,0.0,0.2176604581917249,0.8491470928843304,0.6362134813552216,0.2722915149797483,,0.38658510187501977,0.4662494675395062,0.7183404755762979,temp,JJASO,Yr
16.25_103.25,0.0,0.2148178703362922,0.8226730976158617,0.6177597862952338,0.2675107771321846,,0.3693190390811575,0.4523624675136144,0.6862601908695389,temp,JJASO,Yr
16.25_103.75,0.0,0.20418083879825907,0.7961448306369783,0.5994061544212143,0.26272302110623286,,0.34699018994285385,0.3775037569555053,0.5522070951067257,temp,JJASO,Yr
16.25_104.25,5.268356063861754e-09,0.20406766347254798,0.803573664837602,0.5801677915418157,0.27312861650301273,,0.3231817289057538,0.2947598137406297,0.48076493422599986,temp,JJASO,Yr
16.25_104.75,0.0,0.13681487777437953,0.8171453058702018,0.552374733900135,0.23435303607780913,,0.2786014008356096,0.2270821656553277,0.41056465396770714,temp,JJASO,Yr
16.25_105.25,0.0,0.1550385280534858,0.8481001584481213,0.5827310063502095,0.21280925911460022,,0.24423106620170784,0.22492781457339345,0.32908773556612614,temp,JJASO,Yr
16.25_105.75,5.268356063861754e-09,0.1804476280067229,0.92993607873912,0.6165707748382435,0.19792891726325193,,0.2642513981171977,0.24810762050012686,0.28737295090424675,temp,JJASO,Yr
16.25_106.25,0.0,0.14428570991690018,0.8811617507828005,0.595969809935894,0.17964121744874662,,0.3215693028990409,0.22529552464722974,0.2972002021489145,temp,JJASO,Yr
16.25_106.75,5.268356063861754e-09,0.13348585367935256,0.680769303990647,0.4783623156938431,0.1768551923204183,,0.23905471838460687,0.1930251523106315,0.3579713828327209,temp,JJASO,Yr
16.25_107.25,3.725290298461914e-09,0.14187885704245526,0.567926989509657,0.382680471269135,0.19924967712111324,,0.24968355263572165,0.19701439602258689,0.3989922721192746,temp,JJASO,Yr
16.75_101.75,0.0,0.2144166387950114,0.780517469452636,0.6621002221557049,0.27899903719290936,,0.4061118616496598,0.36831217405289246,0.6356539366669783,temp,JJASO,Yr
16.75_102.25,0.0,0.1950041734882513,0.8705262725980673,0.6234371018996949,0.2745014472860015,,0.3708717280166587,0.3968137843524323,0.7742962216737052,temp,JJASO,Yr
16.75_102.75,0.0,0.1940085071617564,0.8793747971578731,0.6261445001659663,0.2700990661601979,,0.3552336124633497,0.44058274865914887,0.801980930812334,temp,JJASO,Yr
16.75_103.25,0.0,0.18787173845449767,0.8551690616259191,0.6174373352700296,0.26494323817360693,,0.34400604059983897,0.3658123466123269,0.7996167852442926,temp,JJASO,Yr
16.75_103.75,5.268356063861754e-09,0.18492599868837029,0.8156120048878974,0.5963098320056541,0.26662409744958987,,0.3176118430845661,0.29417626207433584,0.6420519885386486,temp,JJASO,Yr
16.75_104.25,0.0,0.18325154958136822,0.8182701663941196,0.5729268146919675,0.27913024363263345,,0.30951704460222423,0.2708116091918156,0.5213865597517495,temp,JJASO,Yr
16.75_104.75,0.0,0.1781557437613206,0.8671250758552053,0.6022760882760089,0.28007266514362344,,0.3070099038730799,0.2750562228935261,0.4488050731654066,temp,JJASO,Yr
16.75_105.25,0.0,0.13814354837697188,0.911834922529352,0.5881318993406746,0.23546941700944926,,0.2627757868114845,0.27467335414512756,0.3564148280908269,temp,JJASO,Yr
16.75_105.75,5.268356063861754e-09,0.14879991333063727,0.9608950901290979,0.6240251537085014,0.21401408495747282,,0.27348750753272777,0.2543650963874513,0.3230001628798505,temp,JJASO,Yr
16.75_106.25,5.268356063861754e-09,0.12169346039575647,0.858068155448855,0.5682637941014674,0.2129144170999646,,0.28272421978217144,0.22877385430180067,0.352593877515251,temp,JJASO,Yr
17.25_101.75,0.0,0.22171653421247522,0.7843385087251274,0.6103201724097501,0.28753894768683613,,0.3694183262319692,0.37701368868920904,0.7430807981284869,temp,JJASO,Yr
17.25_102.25,0.0,0.20015797665137236,0.8884639053652894,0.6262567626705684,0.2833705286110761,,0.3557360319069176,0.4263420452465698,0.838977770330039,temp,JJASO,Yr
17.25_102.75,0.0,0.18174924103451348,0.8991332001789454,0.5918757469026115,0.2820268317061922,,0.3299657161141968,0.4087083915717952,0.8234427991502937,temp,JJASO,Yr
17.25_103.25,5.268356063861754e-09,0.17815286892380372,0.8731437366465606,0.5808527067180482,0.2885910484927599,,0.3199760128964878,0.3524096690833514,0.8588231145031583,temp,JJASO,Yr
17.25_103.75,0.0,0.1695084645193547,0.8381298071395373,0.5825375214842483,0.2802825123045223,,0.2908237967053871,0.30380257095127583,0.7218234170036417,temp,JJASO,Yr
17.25_104.25,0.0,0.17370319629594067,0.8675246103758728,0.6054802654498344,0.28014464803647365,,0.28900917336734927,0.33191933360410886,0.5371761892195585,temp,JJASO,Yr
17.25_104.75,7.450580596923828e-09,0.1642687982925111,0.9121332578645516,0.6102322839120813,0.2610417438085606,,0.2784782162366194,0.3330014153780887,0.4247481137595291,temp,JJASO,Yr
17.25_105.25,7.450580596923828e-09,0.14911899487644775,0.9646944871584175,0.6272082140360368,0.24538090866457074,,0.26734809383078456,0.2840013248779179,0.40151791967466316,temp,JJASO,Yr
17.25_105.75,5.268356063861754e-09,0.1277093828300589,0.896421332659003,0.601553435983676,0.23599280685176785,,0.2706323469548713,0.22823139539294715,0.41200283868309684,temp,JJASO,Yr
17.25_106.25,0.0,0.10038364213499332,0.8364454653626993,0.5445344488338445,0.23394109640711563,,0.22443525120616994,0.22505092599112755,0.4132314140944169,temp,JJASO,Yr
17.75_101.25,0.0,0.2385389186498697,0.7403823364367552,0.6604749807681115,0.30790693824458765,,0.3892686293222376,0.36095934468351115,0.6911819231558409,temp,JJASO,Yr
17.75_101.75,5.268356063861754e-09,0.22446169176241346,0.8204974975752893,0.6407778965785713,0.28761206961679703,,0.36565203933052826,0.4213343510674503,0.8372932065149068,temp,JJASO,Yr
17.75_102.25,5.268356063861754e-09,0.21718809317501309,0.9067287320318065,0.6090339619858027,0.2966670092379891,,0.35802950749247875,0.4708477578330854,0.8559604637392233,temp,JJASO,Yr
17.75_102.75,0.0,0.19678540316201845,0.9633285410552996,0.6017502366054798,0.31026829528815775,,0.3274894984275245,0.4544451032420461,0.7911900515842727,temp,JJASO,Yr
17.75_103.25,0.0,0.18594618273770153,0.9407227158961365,0.5901828776227168,0.31366310691497373,,0.30858491851315606,0.40889898253813733,0.809342008656321,temp,JJASO,Yr
17.75_103.75,0.0,0.18153351139015594,0.9117162787072547,0.5792376253966789,0.3021088639822513,,0.29411258212380154,0.40051277007434516,0.6630682740133121,temp,JJASO,Yr
17.75_104.25,0.0,0.1410870544096542,0.9097903745756135,0.5829055187728989,0.25676709953880866,,0.2806576600736287,0.35313442663436023,0.5181838550982653,temp,JJASO,Yr
17.75_104.75,0.0,0.160117356663804,0.8953226360367326,0.5810429103650618,0.2595938047572798,,0.2552504046534412,0.2565317744289454,0.471661583095971,temp,JJASO,Yr
17.75_105.25,0.0,0.14406778199667483,0.7917040773034771,0.5420577193518242,0.24187219737096427,,0.22390450313804372,0.2066154604646451,0.4924695150935448,temp,JJASO,Yr
18.25_101.25,5.268356063861754e-09,0.14034288903189082,0.7711290170898167,0.6403116619939704,0.2329868657447345,,0.3919423193330774,0.3299805746761607,0.7232563429946754,temp,JJASO,Yr
18.25_101.75,0.0,0.15109253240244874,0.8425364262781861,0.6214563718345466,0.22623041633420732,,0.3763501152021248,0.39897687888704286,0.7918555466574728,temp,JJASO,Yr
18.25_102.25,0.0,0.17837749337572512,0.9095908521149381,0.6307156094902212,0.2608851755513225,,0.36473341347831084,0.3966799855040609,0.7657083136326883,temp,JJASO,Yr
18.25_102.75,0.0,0.15083231158382304,0.9573823811348504,0.588507682435169,0.2749363984088341,,0.32655942563436563,0.3294840296951468,0.6669176302542918,temp,JJASO,Yr
18.25_103.25,0.0,0.21682247419514772,0.9691439969806611,0.6072257185627874,0.3256496887660785,,0.3227314791415339,0.38253301549551916,0.5722739355165636,temp,JJASO,Yr
18.25_103.75,0.0,0.21852914646036908,0.9704414970650163,0.6013949365917926,0.3201421371606267,,0.35163883490758835,0.4232759508243726,0.49524234702741876,temp,JJASO,Yr
18.25_104.25,0.0,0.150568713762505,0.8992139341134903,0.5459431985623867,0.24687070051250043,,0.2923523157267994,0.2695367562077283,0.5100409238000108,temp,JJASO,Yr
18.25_104.75,0.0,0.16122126542212906,0.7617222711044735,0.46618769970465135,0.24321711529169768,,0.22647187517144732,0.20202609045690412,0.5630923370972915,temp,JJASO,Yr
18.25_105.25,0.0,0.1364246896100495,0.6626811405550078,0.44012471305606493,0.22632493784168747,,0.1770170796723293,0.22309100756102085,0.5840250596066795,temp,JJASO,Yr
18.75_101.25,0.0,0.17725318836750378,0.6718500732593787,0.5639120510601033,0.2564756381230782,,0.38521698613693367,0.29851196728012314,0.6697562514788478,temp,JJASO,Yr
18.75_101.75,0.0,0.20492265738816579,0.8123618826858933,0.6140374900811693,0.26543477855228287,,0.40316510717004794,0.3970269059755526,0.7144969296692457,temp,JJASO,Yr
18.75_102.25,0.0,0.22241583481566354,0.8538982902002579,0.6207944569739793,0.2915967774969578,,0.4197706719620988,0.34762579836243823,0.679468853053726,temp,JJASO,Yr
18.75_102.75,0.0,0.21692505243174684,0.7886336068396814,0.5878281908894225,0.29143313287803435,,0.366609745720586,0.2848369223491794,0.6219352677964441,temp,JJASO,Yr
18.75_103.25,0.0,0.21055256226967786,0.5823710042089993,0.4419956801561657,0.27927050732497205,,0.3453216604713014,0.29440469695451343,0.5897316358874545,temp,JJASO,Yr
18.75_103.75,0.0,0.1884489808317946,0.8727862163756466,0.5661989177035401,0.2584604619453262,,0.32378420499760824,0.2828544536990071,0.5718609778394432,temp,JJASO,Yr
18.75_104.25,5.268356063861754e-09,0.17516023456554355,0.7495547984177046,0.46501008805817345,0.23843516294824382,,0.2791021536619674,0.2559991028093647,0.6503939268763428,temp,JJASO,Yr
18.75_104.75,0.0,0.12604004535203464,0.662956598395027,0.38003154983055104,0.22702239726452872,,0.1980199903955944,0.2573228617669389,0.706280916182521,temp,JJASO,Yr
19.25_101.25,0.0,0.22227382327306694,0.6163905751531044,0.5962844554188926,0.3084924827794006,,0.44260461271167856,0.3399580102035394,0.6673914285485288,temp,JJASO,Yr
19.25_101.75,5.268356063861754e-09,0.30596728170467824,0.770513257183807,0.6588719674709336,0.3565631883310311,,0.5610411182034271,0.5295185170027127,0.7490891884541022,temp,JJASO,Yr
19.25_102.25,5.268356063861754e-09,0.2685500787441339,0.7048286088019021,0.5386815608823741,0.3253342915984855,,0.460679658122595,0.38297519333428304,0.7206838051121162,temp,JJASO,Yr
19.25_102.75,0.0,0.3262309771661349,0.5496635177016257,0.5092487335044769,0.36628812200266514,,0.4737679227901222,0.40335960539107035,0.7175060548257113,temp,JJASO,Yr
19.25_103.25,0.0,0.37693546473375483,0.5260654190331999,0.48405639672126416,0.3906964816639026,,0.4818307300358289,0.43487429846127895,0.7162334564925682,temp,JJASO,Yr
19.25_99.75,5.268356063861754e-09,0.17267385504984584,0.7158638000283211,0.6567819063525907,0.2980373526695749,,0.47317224609772346,0.35824106531795724,0.6006813301717985,temp,JJASO,Yr
19.75_100.25,0.0,0.1619839044663567,0.7950936170355024,0.5918538931938926,0.2808179693807837,,0.43295509008363114,0.3470025673195607,0.6435913837325423,temp,JJASO,Yr
19.75_100.75,0.0,0.16690697956742634,0.7791185619287936,0.5955601410136647,0.2795592284477235,,0.4294312237620894,0.3247814446137976,0.6375189483588533,temp,JJASO,Yr
19.75_101.25,0.0,0.21330348043391723,0.718493033109904,0.5934771787590648,0.3087500205512662,,0.4637380536049391,0.36449695870803084,0.6867436355976082,temp,JJASO,Yr
19.75_101.75,0.0,0.22613176419502437,0.8428645076981851,0.5789106726887524,0.32308697036846623,,0.528429469388905,0.4835857511792312,0.7660636047607552,temp,JJASO,Yr
19.75_102.25,0.0,0.23014355294580954,0.8174308012281838,0.500249461412779,0.3188519852333349,,0.4443730510596242,0.45475894610441375,0.81437796126352,temp,JJASO,Yr
19.75_102.75,0.0,0.3119386009416771,0.742990284055582,0.48312852830582315,0.380782636224605,,0.4859559679066305,0.44474325110734564,0.8254379250875576,temp,JJASO,Yr
19.75_103.25,0.0,0.36128818344011915,0.6760042129154814,0.45473665496579235,0.3843217964648863,,0.5218088918891917,0.44203431327394166,0.8088124291754321,temp,JJASO,Yr
19.75_99.25,0.0,0.1787156693597372,0.6694014768250015,0.6006901342429182,0.259531103178155,,0.4528060358105546,0.3152663591935584,0.6029423358224415,temp,JJASO,Yr
19.75_99.75,0.0,0.18228869251352633,0.7545602130082435,0.6219416044323121,0.27112901854186033,,0.4643871212901645,0.3793040843196859,0.6215210580123303,temp,JJASO,Yr
20.25_100.25,0.0,0.1441815134584894,0.8482731664694376,0.565285182666642,0.29054746429913936,,0.4637934558232059,0.40643722308978775,0.6511999418504056,temp,JJASO,Yr
20.25_100.75,0.0,0.16339902712982274,0.8625630336891076,0.5682548027318703,0.3022602623490215,,0.4243979369675442,0.3584687531807297,0.6869357573171166,temp,JJASO,Yr
20.25_101.25,0.0,0.17358233460766892,0.8396680555947996,0.5161621579663251,0.32305846050347137,,0.43341438483587486,0.3868941716724916,0.7266059977610301,temp,JJASO,Yr
20.25_101.75,0.0,0.24576461555005655,0.8370361075007946,0.5178129697956206,0.3714782533876304,,0.4826928185556478,0.46807334817479845,0.848087896727194,temp,JJASO,Yr
20.25_102.25,0.0,0.2721567664827808,0.9316851054007479,0.5222859857892386,0.4202022874444184,,0.5075213772952731,0.5278805376245067,0.9342847904016707,temp,JJASO,Yr
20.25_102.75,0.0,0.3144533726357901,0.8722193151646381,0.49623301839575135,0.46086736256748057,,0.5096360438677201,0.5658126571532415,0.9508417448309933,temp,JJASO,Yr
20.25_103.25,7.450580596923828e-09,0.32812223325214873,0.8377018098651576,0.4377992362703484,0.40123631941183224,,0.4648020639402526,0.4509135142888036,0.8990561509498136,temp,JJASO,Yr
20.25_99.25,0.0,0.17697928355980322,0.6730604800317347,0.5265033061094836,0.2584971793704477,,0.3972536949014353,0.32938396542350384,0.6231582146628813,temp,JJASO,Yr
20.25_99.75,0.0,0.14798403920426464,0.785222574277452,0.5557055502227015,0.2595775275394617,,0.4190502352465452,0.3859827657897401,0.6011490997449361,temp,JJASO,Yr
20.75_100.25,3.725290298461914e-09,0.11122462228974445,0.8366308873629157,0.4675808071238678,0.2939111281156278,,0.44767877190767014,0.4420522893673279,0.6546324981032068,temp,JJASO,Yr
20.75_100.75,0.0,0.12906750466126915,0.8734362311823797,0.44963420329965753,0.3326066788983871,,0.40242206041476636,0.3850702083670949,0.7335593705254029,temp,JJASO,Yr
20.75_101.25,0.0,0.22634125205258807,0.8367772591545535,0.4516025344029758,0.4141658920529155,,0.4478181527609462,0.46340806296219617,0.819935136715093,temp,JJASO,Yr
20.75_101.75,0.0,0.3134852241211922,0.8467346527437746,0.4988994411780033,0.45549918232004966,,0.5160666895602485,0.5175179361965178,0.9360094701099847,temp,JJASO,Yr
20.75_102.25,0.0,0.31886628712610576,0.869800105831947,0.48091103132712154,0.4807420105913956,,0.528393745790632,0.5807685971673585,1.0127084326375402,temp,JJASO,Yr
20.75_102.75,0.0,0.3397787059239514,0.8621871270111321,0.5190845390423615,0.5047481193115615,,0.5422132718135384,0.6292374318402575,1.0451068237557803,temp,JJASO,Yr
20.75_103.25,0.0,0.3472353300624454,0.8359609443288504,0.44838491980317524,0.4575540218359923,,0.5032782702702012,0.5359334180765358,1.030116997821776,temp,JJASO,Yr
20.75_99.75,0.0,0.1303087172804856,0.7395472285097361,0.48041238916540235,0.2651948136243583,,0.35181729615534607,0.36392245400211565,0.6081217074775659,temp,JJASO,Yr
21.25_100.25,5.268356063861754e-09,0.09280868358493537,0.7628329816840909,0.4365379567584561,0.3066304979773418,,0.46668442201444954,0.4782174241736214,0.673648507868167,temp,JJASO,Yr
21.25_100.75,0.0,0.12379734562845338,0.8322706281928505,0.3869550730319611,0.3698999702310352,,0.40683101833090185,0.5259229463581434,0.7945884524300161,temp,JJASO,Yr
21.25_101.25,0.0,0.20300132341236166,0.8128472996346734,0.4014209515922058,0.4209824972422715,,0.42695580918476084,0.49626254837614747,0.8770221494917916,temp,JJASO,Yr
21.25_101.75,1.0536712127723509e-08,0.3558945419924842,0.7879060479403365,0.493550591718929,0.5397289101032872,,0.5322297402088784,0.5907986286104703,0.9878348663548658,temp,JJASO,Yr
21.25_102.25,0.0,0.5389916302968087,0.8568549735693552,0.6345181843496315,0.6973468183278704,,0.6852721395619229,0.7925866717969396,1.1492960369557337,temp,JJASO,Yr
21.25_102.75,1.0536712127723509e-08,0.41936659136398446,0.7887900660997752,0.5407793008133039,0.5689127706426294,,0.5885714259710072,0.685482304461698,1.137259230579127,temp,JJASO,Yr
21.25_99.75,5.268356063861754e-09,0.16425124279022202,0.6194099357090274,0.36238460084193946,0.2990279513276158,,0.3551393190986677,0.4152959814444119,0.6185961922967862,temp,JJASO,Yr
21.75_100.25,0.0,0.09674991719527311,0.6390519461013159,0.3714133131729132,0.3071388081677319,,0.3939609466464534,0.39635554853377714,0.7404503303171093,temp,JJASO,Yr
21.75_100.75,0.0,0.07757083499421598,0.8126462041669942,0.374566976890628,0.33375764076118436,,0.36445355098485754,0.5342063892468574,0.8548672670569855,temp,JJASO,Yr
21.75_101.25,0.0,0.11326776523241283,0.8783485918685267,0.39763643312849856,0.3660213191655034,,0.4115942827669261,0.5028683544896245,0.9068674696871103,temp,JJASO,Yr
21.75_101.75,0.0,0.24759539789072962,0.7402500543263894,0.4164757140107441,0.48232209670844717,,0.45424851386448134,0.502450407651672,1.001708086376415,temp,JJASO,Yr
21.75_102.25,0.0,0.4564934784104565,0.7853938697242253,0.554148556869014,0.6478895781786613,,0.6230442616706935,0.7203666304246052,1.1284780582242204,temp,JJASO,Yr
21.75_99.25,0.0,0.16865247064584768,0.5482136644153699,0.3201210478057267,0.29937830997101417,,0.32777341710123103,0.3207976364892772,0.6465456973399818,temp,JJASO,Yr
21.75_99.75,0.0,0.13756177202513573,0.6508483890314507,0.3666680251090548,0.294701547441013,,0.33824606647486877,0.4232142814080927,0.6540408324904748,temp,JJASO,Yr
22.25_100.25,3.725290298461914e-09,0.08968239563148091,0.6231098217009081,0.3219255304186918,0.3005775248708246,,0.28112366122378846,0.3414011106212759,0.7679048832244696,temp,JJASO,Yr
22.25_100.75,0.0,0.10042878943881803,0.8141681249493647,0.42046504945560154,0.30812609108172717,,0.32399585340279197,0.47545182566665384,0.8411998282286475,temp,JJASO,Yr
22.25_101.25,5.268356063861754e-09,0.07714621733492764,0.8065697524700624,0.3715586496285665,0.33650567040193213,,0.35164929472192474,0.403926880197736,0.8955186859091361,temp,JJASO,Yr
22.25_101.75,0.0,0.16446193524482702,0.7846847818872524,0.3538525427070446,0.4229163396371437,,0.369644379797896,0.4563914735564457,0.9495444460631087,temp,JJASO,Yr
22.25_102.25,0.0,0.2991308477155973,0.8107225171566856,0.44910320532992326,0.545800063389043,,0.4827238799835734,0.6098012324482492,1.003518318756389,temp,JJASO,Yr
22.25_99.75,0.0,0.11543589048117671,0.5991075543180846,0.35766463490495926,0.3259151664333879,,0.36368266470801186,0.35585126858726523,0.729789480567718,temp,JJASO,Yr
22.75_100.25,0.0,0.07963653632665729,0.5955804571050042,0.34364727767008163,0.30883611521575666,,0.30283541236447475,0.3877895683071184,0.8542993482810125,temp,JJASO,Yr
22.75_100.75,0.0,0.0732674919888651,0.7197687031879911,0.38053910315170125,0.3027515331371724,,0.3042761051848262,0.3431540000481556,0.9063088182182346,temp,JJASO,Yr
22.75_101.25,0.0,0.06511015256927435,0.6916757968721908,0.2921379622289517,0.29770549930947837,,0.23995055958194442,0.29045323886808894,0.8964593830351774,temp,JJASO,Yr
22.75_99.75,5.268356063861754e-09,0.10265610124897405,0.5358656364548732,0.3387346803156103,0.33014735074136353,,0.30075274981238975,0.2934911482877412,0.7549829056298538,temp,JJASO,Yr
23.25_100.25,0.0,0.08255087280111925,0.598651811344829,0.3244987164564345,0.32014472985781145,,0.2680736261186648,0.37028515618889,0.9063597897941669,temp,JJASO,Yr
23.25_100.75,0.0,0.06470956758269791,0.6404321130014802,0.3310298303521735,0.320111474291358,,0.2532685487496304,0.3342529090521349,0.9757035531908137,temp,JJASO,Yr
23.25_99.25,0.0,0.11759416593626641,0.6210418189127602,0.2814223418262071,0.3594767311809605,,0.28973123512513255,0.2458935939936024,0.703567738478005,temp,JJASO,Yr
23.25_99.75,7.450580596923828e-09,0.09649565161664633,0.5396660841361449,0.2860970389668809,0.3278357964506896,,0.26384416301212704,0.2568623160260681,0.7868332851785083,temp,JJASO,Yr
23.75_100.25,0.0,0.08895246399151592,0.5702785810291491,0.2954271375289228,0.3492300688465009,,0.2600100495367225,0.33882894805172975,0.8599243771210067,temp,JJASO,Yr
23.75_100.75,0.0,0.06818585219974563,0.6202034699990993,0.336610904869572,0.34755016891262863,,0.2670419080603083,0.3340141480837752,0.9530109463375154,temp,JJASO,Yr
24.25_100.25,0.0,0.0824329494509397,0.5259632084837828,0.3225117586676618,0.38733994960710144,,0.2573592260311114,0.28916498449804745,0.8430003860174792,temp,JJASO,Yr
24.25_100.75,0.0,0.09047026768542361,0.5673741889890107,0.38520193851735945,0.4088313180858216,,0.28241403318643377,0.3290571069555907,0.880025218493292,temp,JJASO,Yr
24.25_99.75,0.0,0.0729368792238426,0.5731878559836162,0.26996787817089085,0.41323020454130444,,0.2250343633538865,0.2652412957002289,0.8084022027291454,temp,JJASO,Yr
24.75_100.25,5.268356063861754e-09,0.08841734846755352,0.5309631954470221,0.347153201721138,0.3689478062989907,,0.24724961740499785,0.3064490190011354,0.8150586538304753,temp,JJASO,Yr
24.75_99.75,0.0,0.09039285978888807,0.6239020018697692,0.2993939418844313,0.4324558457590189,,0.22142506288564656,0.33470579370389025,0.7554626572454779,temp,JJASO,Yr
25.25_99.75,0.0,0.2622653635675172,0.6995082470603607,0.41150276848759404,0.5166529015079163,,0.34802834224416934,0.46888261028898653,0.6930986007733149,temp,JJASO,Yr
25.75_100.25,0.0,0.12369681829730782,0.5831352501682541,0.3463910296639233,0.39527045425044355,,0.2840691457472852,0.38069672984978176,0.7092476091000385,temp,JJASO,Yr
25.75_99.25,0.0,0.5436148363027836,0.8216102050765387,0.6399538205929411,0.7079325262124371,,0.6150382257665142,0.6642436967628365,0.6514876469973874,temp,JJASO,Yr
25.75_99.75,0.0,0.32953867057933617,0.6673882558154022,0.43168422553925473,0.5135515808646409,,0.4113230141182904,0.4942629934938213,0.6351269084685349,temp,JJASO,Yr
26.25_99.25,1.0536712127723509e-08,0.4399422131888774,0.7125461652965899,0.5478042790191926,0.5957029249754864,,0.4967911241213055,0.5091721375603278,0.5319909537665745,temp,JJASO,Yr
26.25_99.75,0.0,0.30650034388908665,0.6044098606729703,0.38213555641174135,0.47116476991542877,,0.3960290225064015,0.409934698688129,0.5504306778656018,temp,JJASO,Yr
26.75_99.25,0.0,0.28044172127244016,0.578256884739184,0.43171277570195105,0.4875571270149808,,0.3204953128039034,0.32983734467345643,0.46008712378379674,temp,JJASO,Yr
27.25_99.25,7.450580596923828e-09,0.2569726588836455,0.5191004784904019,0.42468678439899615,0.49727328574550184,,0.2574332616360541,0.24659927836367543,0.47020196148926113,temp,JJASO,Yr
27.75_98.75,0.0,0.21732380513491895,0.5155476656098028,0.4391834397168594,0.4557347348201218,,0.48034574329033136,0.2015458708959759,0.41822353397169265,temp,JJASO,Yr
28.25_98.75,0.0,0.2980608640358596,0.5873997336103033,0.5146262347644105,0.4292974421738099,,0.3139129930604832,0.2731427436258626,0.43006565281542464,temp,JJASO,Yr
28.75_98.75,0.0,0.34417917926866864,0.6389531468286321,0.5008869339810754,0.4266990958447441,,0.361873085938406,0.28359578850330414,0.36427298142611164,temp,JJASO,Yr
29.25_98.25,1.0536712127723509e-08,0.28809268440880187,0.6483348988087634,0.4876895582103724,0.4809464706581625,,0.3249645009296788,0.27647465526256043,0.3918626570255516,temp,JJASO,Yr
29.75_98.25,0.0,0.28163359194627496,0.6086957726338066,0.4850772734668425,0.4982562792281835,,0.2999219741747517,0.33324635183791435,0.4194216661753897,temp,JJASO,Yr
30.25_97.75,0.0,0.32029563096795344,0.5675360682241101,0.5301667599233393,0.5606224678777153,,0.38572913550600196,0.42797089132673116,0.4624361921795315,temp,JJASO,Yr
30.25_98.25,0.0,0.30831722392317157,0.5741990856470522,0.5463463979832536,0.5289407679057665,,0.393709125579303,0.39613764136948887,0.46332994045684833,temp,JJASO,Yr
30.75_97.25,0.0,0.32544862324820456,0.4873853093358697,0.5257403701132074,0.5383134396457722,,0.44535702341160727,0.4829921519179384,0.4845782820418653,temp,JJASO,Yr
30.75_97.75,0.0,0.3523521201970937,0.5195485334249311,0.5598292111549708,0.5795752999880538,,0.4076584476295553,0.4937066928411126,0.46148240763242115,temp,JJASO,Yr
31.25_96.25,0.0,0.28329236491241705,0.4375818681154798,0.4612844572901098,0.47035018381034727,,0.42502931497709534,0.34372440420324535,0.3811716389001235,temp,JJASO,Yr
31.25_96.75,1.4901161193847656e-08,0.3082841735677261,0.4201461754312583,0.4546909123711615,0.4455970575108309,,0.4239880761500325,0.3685130092346021,0.3621181562821953,temp,JJASO,Yr
31.25_97.25,1.0536712127723509e-08,0.35410644683223425,0.45877128456998706,0.5193318330750906,0.49917342709076734,,0.4980381324371973,0.4539993091762581,0.4481171695941808,temp,JJASO,Yr
31.75_95.75,0.0,0.3440322868456508,0.48755895911588043,0.4816298838442028,0.49065726185254155,,0.4544794285098648,0.49560115278293154,0.43151208530566343,temp,JJASO,Yr
31.75_96.25,0.0,0.33780051478332435,0.47798884937635533,0.5063375804152691,0.5240702018221142,,0.46022084891100834,0.4060567335952348,0.4216064900002974,temp,JJASO,Yr
31.75_96.75,0.0,0.34366777185249237,0.470323246430584,0.4994312099974165,0.5247435714343536,,0.4754839656775298,0.4076626246550788,0.4088340453198045,temp,JJASO,Yr
31.75_97.25,0.0,0.36986787752239764,0.4817331574290235,0.495483573921755,0.5497612219421749,,0.4880719900234383,0.43604024800574226,0.4034870654992314,temp,JJASO,Yr
31.75_97.75,0.0,0.364976259349445,0.5011317766117868,0.4985761026075714,0.5706282716226427,,0.4583194729984637,0.4409197740503875,0.4098435932695362,temp,JJASO,Yr
32.25_94.75,0.0,0.33783730957393565,0.4954199402680304,0.501965419277602,0.48044861927496013,,0.5423484394786126,0.6390014891725858,0.41510613843925814,temp,JJASO,Yr
32.25_95.25,0.0,0.34793529737162865,0.5061364407849198,0.5222690183846758,0.5082653264668009,,0.4464508179858416,0.5295250140494807,0.43537565121858607,temp,JJASO,Yr
32.25_95.75,0.0,0.4350199780023047,0.5315331599876923,0.5760631276387574,0.5619723837895663,,0.5266305490408952,0.46646013357942423,0.44768886591388535,temp,JJASO,Yr
32.25_96.25,1.4901161193847656e-08,0.593315067878649,0.6298466574449318,0.6954403538622358,0.7074545181009956,,0.6931225548837265,0.6114761117482191,0.5532626246371906,temp,JJASO,Yr
32.25_96.75,0.0,0.396020440120415,0.5055732021686313,0.5215610513023813,0.532435309671537,,0.5171685079953007,0.3959496232695425,0.38537005024250415,temp,JJASO,Yr
32.25_97.25,0.0,0.38520269170074406,0.4905928887019888,0.5189815519244737,0.525094296283158,,0.49859574869437134,0.3975604547086416,0.39182155595907503,temp,JJASO,Yr
32.25_97.75,0.0,0.36623150117831077,0.4745069743064238,0.47660910891363467,0.5444489094011102,,0.44706365913636537,0.3928820036334482,0.3897281549896159,temp,JJASO,Yr
32.75_94.75,1.0536712127723509e-08,0.3278601868085068,0.4986136525723077,0.49743236961704135,0.49392249708456093,,0.37182179085458306,0.5329516718414034,0.4324457484668325,temp,JJASO,Yr
32.75_95.25,0.0,0.33022978518307405,0.4878157399927092,0.4986857599928899,0.49041070458814234,,0.390577062941762,0.47052854143070344,0.40442893128727436,temp,JJASO,Yr
32.75_95.75,0.0,0.3834945263911366,0.49611887115968817,0.5561259569688457,0.5157336323139813,,0.48193312327148,0.4309781291284207,0.36656967524015366,temp,JJASO,Yr
32.75_96.25,1.4901161193847656e-08,0.42568871644478196,0.5207704492141929,0.5576566115859644,0.5503897490601556,,0.5053143993519204,0.44274582048713107,0.3735388521166559,temp,JJASO,Yr
32.75_96.75,0.0,0.4060623505175152,0.5107702071658832,0.5363247408873619,0.543690431685163,,0.49574634960392283,0.40895892055207905,0.3643012136668839,temp,JJASO,Yr
33.25_94.25,0.0,0.3430039637348208,0.5004281955691661,0.5455482078112689,0.48123960675262306,,0.3994262291717291,0.530785261941344,0.39610419256190127,temp,JJASO,Yr
33.25_94.75,0.0,0.335599324103115,0.48330997669966747,0.5133020621603067,0.4990843263458023,,0.37332478532209223,0.5314282248227837,0.40713278013511056,temp,JJASO,Yr
33.25_95.25,1.0536712127723509e-08,0.316861502739354,0.4675345113177457,0.5770527937360123,0.5179799638961412,,0.3911355505792185,0.5624446265858293,0.4004022517233808,temp,JJASO,Yr
33.25_95.75,1.0536712127723509e-08,0.3396534438297377,0.4703385685839845,0.602294091697125,0.5070255916981383,,0.7076684764772092,0.49761063755290874,0.37263849974837304,temp,JJASO,Yr
9.25_105.25,0.0,0.2640368143496124,0.611851556719276,0.26794629353707616,0.3917965069630265,,0.26160421211777635,0.3405083150499187,0.3279950163707138,temp,JJASO,Yr
9.25_105.75,5.268356063861754e-09,0.2331448982349486,0.5146580356030883,0.2739363510615124,0.34528308378850464,,0.29054916975772394,0.34877829833918245,0.3188279428385105,temp,JJASO,Yr
9.75_105.25,0.0,0.25642786186054783,0.6402070701105801,0.2991830189341452,0.4874084585287455,,0.30355841290119134,0.350684731157949,0.33048763931105996,temp,JJASO,Yr
9.75_105.75,0.0,0.25559226763442056,0.6736729546773272,0.33285866569760947,0.5021250695983744,,0.3389770313610186,0.36934412365244385,0.3692061400504229,temp,JJASO,Yr
9.75_106.25,0.0,0.23514193220746957,0.6088816624314363,0.28687118622180285,0.4414311826267054,,0.29531155089918837,0.3671748189923147,0.3376851496934014,temp,JJASO,Yr
