Coord,ERA-I,HIRHAM (EAS),HadRM3P (EAS),RegCM4-1 (WAS),RegCM4-4 (WAS),HadRM3P (WAS),RCA4 (WAS),CCLM (EAS),Var,Season,TScale
10.25_104.75,1.6395304624208906,0.061637676290914566,1.593310874178868,10.438547552795427,5.011306345506696,1.6943416825097977,0.5651318382464862,115.63086721054795,preci,All,Day
10.25_105.25,1.335631324577733,-0.14350729400150805,0.7492004125646621,9.732926150246472,1.5980471547114714,0.7159411951076515,2.4655613259023426,105.36089973339713,preci,All,Day
10.25_105.75,1.3057947549791495,-0.8285849721750527,0.27371596377187146,8.068114217959453,0.7516486302833099,0.11018551998965655,2.5004243483846977,95.46524311072541,preci,All,Day
10.25_106.25,1.4502570553536607,-0.8237247020547263,0.39969173449980877,7.233584891968703,0.9180296682200633,0.344474725928541,1.7388246331323396,96.96467086791243,preci,All,Day
10.25_106.75,1.4648960702584963,0.49838232833017554,-1.0723706273567022,8.12671331569162,0.49646093235713223,-0.08462492828925432,0.6576934723033769,115.22911542122796,preci,All,Day
10.75_104.75,2.224287149503392,-0.6109861989600877,1.4019703236886347,11.555187642107503,4.178771195407575,1.537786188497041,1.520403408869349,86.39113603091734,preci,All,Day
10.75_105.25,1.7047504669440867,-0.1813399708642774,1.127142385065502,8.918872658867079,1.9026704687703013,1.212455109948071,3.3552618824396108,83.04500870992499,preci,All,Day
10.75_105.75,1.192604746201859,-0.3087662214496168,0.4723553573196745,6.9463090896939335,1.2432351662781496,0.5076129268366796,3.0897131984210526,89.99359078114948,preci,All,Day
11.25_104.25,2.4203910862103504,-0.1223524129796424,1.0416364779919283,11.567676462844002,2.7886688065237495,1.411488899347664,1.4668474044903559,73.63838974857016,preci,All,Day
11.25_104.75,2.045568624090916,-0.615855066695426,0.7831187285400201,8.492261731606959,2.8670263487737353,1.197906523149586,2.3462681780672345,63.388488635392164,preci,All,Day
11.25_105.25,1.8181281218549965,0.3248546795695845,1.3671997064551022,7.216061072478533,2.834938738747343,1.3508027400527636,4.070007906288439,68.2300200717668,preci,All,Day
11.75_104.25,2.265829079049875,0.24479671358409927,-0.31956871948775767,8.87324037408281,3.349525209776749,-0.04241030527091168,2.686207134375555,55.49353275703824,preci,All,Day
11.75_104.75,1.8427594545115593,-0.26304682571902727,0.346075053983201,5.863274970251947,3.3977629697266525,0.5668452772737075,2.7409271689036965,49.74869969029651,preci,All,Day
11.75_105.25,1.7984716818029476,0.7938914510199009,1.3197396141045294,6.479863753769361,3.315940534047013,1.380063528254421,4.517995158986706,61.121673660250615,preci,All,Day
12.25_103.25,1.9360928978583816,4.4792679184508915,0.8106938008957937,17.434757557395624,1.7307981095435994,1.922191754435536,5.34613345009066,108.28334879149813,preci,All,Day
12.25_103.75,2.104610297499117,1.4951907959464237,-0.3857504333644114,11.058164428610093,2.410391910694426,-0.2897917426436578,2.5916680437376938,68.14904337066888,preci,All,Day
12.25_104.25,1.4906617545322383,0.1718885324042805,0.5615133867568429,6.681963934666183,2.3942152883134526,0.8983750363674592,3.8985542797148613,53.19872610263693,preci,All,Day
12.25_104.75,1.327452964963076,0.022774782422005025,0.7216826004444576,4.706528327139618,2.472966905158766,0.994355860129457,3.064462791711591,55.21259291705958,preci,All,Day
12.25_105.25,1.4397260588624048,1.1706082589588327,1.505483553998064,6.382825402544095,2.6628354979213165,1.2835430828421057,4.364080021914375,71.87168739426329,preci,All,Day
12.25_105.75,1.6687986725616146,0.7124204289534876,1.3601296081053271,7.882211614504291,2.868679409625122,1.3371934940678551,4.657128575828567,98.95155279629321,preci,All,Day
12.25_106.25,1.6696477263632599,0.1221138135769767,1.5854639834483073,7.315533398742336,3.033927028240338,1.7746340878473434,3.948010996834469,142.3780100241382,preci,All,Day
12.25_106.75,1.160848806132217,-0.03413939460233742,1.1617795449436685,7.438940650920312,2.434503744616404,0.44434491311316227,2.5164429906562216,207.4488108474637,preci,All,Day
12.25_107.25,-0.14712641643790114,4.0330317645303,3.7549291442873547,6.687554393672672,0.8971078186453695,1.5523231073814585,6.132986010643748,258.5752084967757,preci,All,Day
12.25_107.75,-0.395620970786118,3.0961413294752758,-0.7020768910461153,5.443305976410033,0.2092694746453696,-1.0732117687406375,0.08532845402470338,171.90252577500343,preci,All,Day
12.25_108.25,0.24232631315881578,6.994497348001524,-1.1803176510759519,6.888601502701072,0.6873026536776726,-1.616481371320841,3.341550004024034,105.33937707984116,preci,All,Day
12.75_102.75,2.4108535945896272,0.5090283992272979,1.5861191520402351,16.257056666049174,1.7460605919318872,2.4118897305822733,1.7360941936591117,102.79806118236166,preci,All,Day
12.75_103.25,1.9602341241108177,-0.2868775490142422,-0.13447842922663641,10.200236403176792,2.050889243752095,-0.4349543621051861,0.025675759539108618,72.47582208105467,preci,All,Day
12.75_103.75,1.5550317751811784,-1.1219077488016136,-0.32055826000364973,5.871276233244759,1.7185450670686953,-0.19482323331777657,0.10995526640979617,57.892164702277135,preci,All,Day
12.75_104.25,1.2777472788782192,-0.6676464365359619,0.4388964207007013,4.8811683271297035,2.7014756720212048,0.4829184231540696,1.1789367959556434,57.97650621270735,preci,All,Day
12.75_104.75,1.441900705088271,-0.26263181554974185,1.1364642511996446,4.666411031353961,1.4760491108470986,0.9576966892954558,2.246530051487025,71.2574765321137,preci,All,Day
12.75_105.25,1.5635975256885917,0.6408564023204854,1.2836471927628745,7.180191438897468,1.9478399815683516,1.363069046606965,4.186624542366078,87.77810255169936,preci,All,Day
12.75_105.75,1.7106259633013998,0.693769630824467,1.4356076499260926,8.102877473995706,2.2906384353873905,1.2331594228306642,3.756376522205628,105.06020288026197,preci,All,Day
12.75_106.25,1.4528321732382736,-0.5152319232931251,1.264993008094106,5.280165713509185,2.4218223326550805,1.0870764907844612,2.742314332039961,128.743684393904,preci,All,Day
12.75_106.75,0.9109767369484283,-0.5278796822772617,1.6168856595170298,5.581787947973418,1.9345232338556344,1.4851660578458443,2.373007285966383,157.2126207002224,preci,All,Day
12.75_107.25,-0.23363501428199182,-1.0992074945143526,0.4712062451453949,5.362806949041059,0.6445992920823951,1.3782566316742275,1.4778730423490114,171.43155251130077,preci,All,Day
12.75_107.75,-0.31596559913872224,-2.0726671051331045,-1.0878562733616306,4.325234332456143,0.14632817192370418,-0.6597278313994414,-1.5575003679259354,134.0264227457856,preci,All,Day
12.75_108.25,0.1169442360297271,-0.2828937757121954,-1.5759194370534815,4.255136725404599,0.5049095523984461,-0.2737851518185749,1.1855518794155766,89.90236669594154,preci,All,Day
13.25_102.75,2.3451171752587996,-0.10285127946737153,0.48140818196254015,8.580388903749302,1.6370509457792282,-0.13895073853376907,0.1330724532905689,79.31388312748726,preci,All,Day
13.25_103.25,1.8315957765727893,-0.339924033227513,0.599178601571017,4.995279294843532,1.4982511122622533,0.9072561519932134,1.14361193701582,69.2478223532524,preci,All,Day
13.25_103.75,1.4491890188556242,0.177457993997001,1.2946658411838552,4.132912793610795,1.9022377692048373,1.2933701108272064,2.024559747891101,69.32416819891472,preci,All,Day
13.25_104.25,1.473980839064111,0.4296164332727676,1.8015343201900986,4.752945527557739,1.4633630992144966,1.7913941101646904,3.2228802379882873,83.060601494259,preci,All,Day
13.25_104.75,1.759884246198634,0.38584206019459766,1.855835897032397,5.9388308252222926,1.2172648849707253,1.845636027418226,2.9316418174656222,99.15078942791061,preci,All,Day
13.25_105.25,1.7104643384526081,0.569438181947072,1.270713359891174,6.9366259446149545,1.4712160660601488,1.4498221437059988,4.054083303863067,105.37356387619879,preci,All,Day
13.25_105.75,1.5423110852014998,0.8404977462027161,1.3355740450661815,7.609562340670903,1.5057543136669433,0.9857583998360947,3.700350137348099,107.52248035856364,preci,All,Day
13.25_106.25,1.2375415273671186,-0.21484814905517308,1.770691030725562,5.637454867670136,1.476296059484155,1.7998995698200888,3.2496644227523577,120.48346242342996,preci,All,Day
13.25_106.75,0.6530632445190534,-0.5484903884433714,1.334658293747656,4.0789366961239315,0.9061416487586963,1.7627714360152082,1.9849046158310009,142.43601195373944,preci,All,Day
13.25_107.25,-0.15681632417337518,-2.2566964510833163,-0.33200729559978204,3.3492546662651788,-0.16178034988984266,0.15195285900411984,-1.2494523858293276,155.54964772137825,preci,All,Day
13.25_107.75,-0.2909103148738134,-2.3814726375772635,-0.905168397524856,3.2666798429589097,-0.677734565999368,-1.223486722242462,-1.8292574667315484,124.30039700765305,preci,All,Day
13.25_108.25,-0.019351974374130228,-1.1381910062298457,-0.18429377694809623,3.9039891140239433,-0.4451136508072371,0.5683983700180013,0.6312720116907257,87.23704008695121,preci,All,Day
13.75_102.75,1.6672833843589527,-0.6244635340457368,0.6643085221808992,4.450987974457933,1.358553610269399,0.5361000508863666,0.6741366154370246,85.86304781187826,preci,All,Day
13.75_103.25,2.053411387376089,0.013348433095805539,1.3148761634205994,3.8949422769660886,1.4746641982678768,1.1898302578707758,1.605145749348266,86.89692691663272,preci,All,Day
13.75_103.75,1.8912084015642,0.33950585719475435,1.5809749425146176,4.945364742098783,1.3905238201333587,1.398044837738146,2.6164366199145115,97.64804008412607,preci,All,Day
13.75_104.25,1.9042951538213428,0.23718256147172154,1.6418689693145392,5.244351592108605,1.0566303169328999,1.5453133624802369,3.263785688837055,109.95037394242446,preci,All,Day
13.75_104.75,1.8868691462758305,-0.20527439341735848,1.4458056362009661,4.299973242013126,0.9445062216917082,1.2799623228506012,1.8723023560958318,113.94766412825427,preci,All,Day
13.75_105.25,1.7070259052010974,-0.35199298684054575,0.8212732620723531,4.626213509914993,0.9448683377441188,0.8918320876219566,2.9272288944873743,113.44488392705588,preci,All,Day
13.75_105.75,1.3799537746929291,0.23920329569201215,1.165370070602275,5.301531845792943,0.9194742631621721,1.2177513936734048,2.2879575500911167,118.3755997630784,preci,All,Day
13.75_106.25,1.1516244459330196,-0.24575181252687928,1.7219621343967504,4.761478026743056,0.855530310816769,1.0999904985912716,2.061100911330697,140.79841376175006,preci,All,Day
13.75_106.75,0.5254949938486168,-0.7337387749167505,0.6369035897964263,3.9476106323308118,0.1289589018769217,0.7578995888102699,2.1417383394047764,182.42064554433017,preci,All,Day
13.75_107.25,-0.006116841470178737,-1.6107230069298324,0.6448963707050677,3.5613019931522727,-0.7213911664550811,0.1498389986027511,-0.5612400375352905,213.47341354903023,preci,All,Day
13.75_107.75,-0.4814730408472547,-1.6435877974613715,-0.33196012986590473,2.430762422427735,-1.3201328825006236,0.13770708596338047,0.4661922921339671,161.11401765690127,preci,All,Day
14.25_102.25,2.264514670439434,4.106426179156642,1.673085761877667,6.709356302532333,1.157181953085275,1.0147315754328434,3.849165609415774,92.59538040980851,preci,All,Day
14.25_102.75,1.9120234310262676,2.066953844309839,0.8840867797630958,5.831880002706716,1.1160814479760834,0.9855892743572904,2.728202455958716,85.64722226446526,preci,All,Day
14.25_103.25,1.8032155539239425,0.5380247020318386,0.8459517774180222,4.341435805340035,1.0122520881794337,0.7392292822501088,1.982962172445543,90.32189038954296,preci,All,Day
14.25_103.75,1.6514156535744038,0.630807651756709,1.1314622790828042,4.460730627001546,0.8681672177995311,1.0807950126397448,3.3565713335896414,99.52102402537146,preci,All,Day
14.25_104.25,1.7428145456933075,1.3281006972652247,1.710509537530309,5.064802597238365,0.8156240821095765,1.6375747001838363,5.305887343372573,104.91319844729269,preci,All,Day
14.25_104.75,1.415844325781173,-0.17648004081163818,0.5344765333949155,3.357647677236045,0.4272577563870067,0.363098538633624,2.565085087353666,106.06409099985156,preci,All,Day
14.25_105.25,1.1343053769482958,1.1215347365213366,1.5626929335065878,3.6154731118273173,0.13984628599376622,1.0414137771027165,5.436407794508823,114.76519994478721,preci,All,Day
14.25_105.75,0.9757276156860717,-1.4127332498470786,0.4788897045633631,2.246617663188752,-0.07576537743058791,0.5911654067331802,0.2612190337823243,144.34117454429634,preci,All,Day
14.25_106.25,0.7110722445883622,-0.8227914340155453,0.537279072212727,2.574676532486016,-0.1662757633523271,0.8528135717609389,1.2090694770218284,190.17075067285737,preci,All,Day
14.25_106.75,0.07318435011288306,-0.581540162681461,1.0141376986221933,2.4218654732578133,-0.7926868418370121,1.0925137219626593,2.368990252697262,237.84516725951656,preci,All,Day
14.25_107.25,-0.41221553857046633,-0.9701601404002366,0.6602046024837009,1.9544626950832602,-1.3430286276237557,0.7197388352108706,1.1219446073332218,232.82444621504243,preci,All,Day
14.25_107.75,-0.16885736639922894,-0.32432629682270403,-0.9863913869651674,2.1346962272824297,-1.1471790536996422,-1.1511696297553171,-0.24322208620514146,141.39035170508487,preci,All,Day
14.25_108.25,0.6768537648596308,3.785294697134842,-0.6350097000383856,4.189084496721527,0.1099833760646744,-0.6294958214935887,2.2468473820785517,89.39416599576462,preci,All,Day
14.75_101.75,2.6298285239295747,2.0643938136930364,0.678224869242761,4.203000345923765,1.4623252003586367,0.8450036479296208,2.5424139409123363,97.53170101029232,preci,All,Day
14.75_102.25,2.2219061141068424,-0.3051580222897369,-0.3185612894726392,3.2838329639093287,1.0902790974874466,-0.016668880040210488,0.28664357989291145,77.24715525503069,preci,All,Day
14.75_102.75,1.607829742043226,-0.17830971145538782,0.15936447748337376,2.6766289736409012,0.6903307361974116,0.25211834886965073,0.9766697978007302,70.5207480795778,preci,All,Day
14.75_103.25,1.3984957552831274,-0.04153337916218457,0.4424950848773787,2.274430747557745,0.5151971232884599,0.5414305617995783,1.6682263751060997,74.9310543856942,preci,All,Day
14.75_103.75,1.3396847898915794,0.006918377676941295,0.44621463243242604,1.9866828294226533,0.43599669714573813,0.5015815908261873,1.97845571775143,81.97128106603924,preci,All,Day
14.75_104.25,1.483113712326944,0.24471490089463038,0.5286917103580682,1.9457316100319721,0.3631566453568175,0.5675036940150776,2.057673135813599,88.68643176357791,preci,All,Day
14.75_104.75,1.1518971546807248,-0.2351068142365884,0.4101807270432263,1.2263775175323763,0.0261477543457256,0.5300922534868668,1.5832268314627929,97.90788167395631,preci,All,Day
14.75_105.25,0.684058029884218,-0.3340044555950429,0.8060712856128017,0.8228258713809565,-0.48200953514138756,0.9358347654540647,1.360121079511089,122.83257362672008,preci,All,Day
14.75_105.75,0.08915059153158598,-2.067277703782597,0.5451658293251422,0.9366375113453589,-1.3501168624434101,0.10027835725612606,0.5446298944406602,174.4560448781926,preci,All,Day
14.75_106.25,-0.16006448611093813,-0.35664815625137136,-0.07050372315941247,1.6667542138784397,-1.480077833028621,-0.09966437456079956,6.274446093451963,217.6312648970579,preci,All,Day
14.75_106.75,-0.3343143474064724,-0.1400380900052554,0.6048470207148898,0.7443705060965212,-1.6057174124243885,0.8401401694826794,0.6435438257993916,210.86769753696302,preci,All,Day
14.75_107.25,-0.5448126800934622,-1.2949853066767252,-1.5831242037250708,0.9912265962243162,-1.5470766016627,-2.0041894694364535,-1.571058660418771,152.94672009470938,preci,All,Day
14.75_107.75,0.15261893651157132,3.255066988579867,-0.6207558299696405,2.4040460292991197,-0.7319367912931585,-1.1025935356909244,0.9718764350675387,94.91337024788574,preci,All,Day
14.75_108.25,0.8669210729613159,6.65173478872819,0.1009887710820592,5.552752972964726,0.26104960285781487,-0.4482676719298602,4.9180814023028745,89.09525547390862,preci,All,Day
15.25_101.75,2.1300351448555515,0.23904030564775788,0.4574616708342164,2.804753491761552,1.41092371294857,0.4702375164624178,0.43856302163492544,87.20436796530188,preci,All,Day
15.25_102.25,1.6742942058123693,-0.7958002582360516,0.07576399601132072,1.8896971251540475,0.9526844153126012,0.020068082222712655,-0.11807663445759049,65.59855013831847,preci,All,Day
15.25_102.75,1.318368374770253,-0.5063463740406318,0.5857646784343519,1.5861634707573862,0.5956255855110656,0.5604266851146,0.5474204761996502,58.103141367964355,preci,All,Day
15.25_103.25,1.2077434351038072,-0.3743489656952578,0.6357776490928769,1.747798438973475,0.33944936163817796,0.5404977333033261,1.0202152291175846,62.68314044104714,preci,All,Day
15.25_103.75,1.0626107962411258,-0.572756421505579,0.623007625946263,1.5126189743678873,0.11755027317331365,0.5776740956145892,1.0220032883506238,72.23110386552065,preci,All,Day
15.25_104.25,1.3182508760884997,-0.30341957549234444,0.8742761905076359,1.6901440494681548,0.20113477342380703,0.8365465751891581,1.5566493301346214,82.53508170495877,preci,All,Day
15.25_104.75,0.9879710544646277,-0.5887100030807246,0.6323499712176945,1.062690641520768,-0.16947121119844108,0.5930141209759158,1.7356046296965317,97.57395059526753,preci,All,Day
15.25_105.25,0.6366605983721578,-1.5660511923353615,0.04381805753627095,0.18380142861314008,-0.5923135141135326,0.21048820502285517,1.183322687678278,126.81910075781964,preci,All,Day
15.25_105.75,0.5774710758592572,0.20431156023551278,0.38069198622488104,0.8782244145252206,-1.1182522484482031,-0.16256666063043645,1.2858320552975662,176.9322551461486,preci,All,Day
15.25_106.25,-0.8396789657588646,4.05454599278347,2.427290834394446,0.25518914427414846,-2.357123443285987,1.3863302072148012,8.807918574125084,193.42646697801493,preci,All,Day
15.25_106.75,-0.22832864139777034,-1.303022003603996,-0.39586271945728796,0.6408979298890201,-1.7280324900099553,-0.8690122480082717,-1.437274915887268,144.86803729006286,preci,All,Day
15.25_107.25,-1.115987458517432,-1.9600229684489605,-3.438246437719265,0.6484983319115133,-2.126504261322827,-3.5233865279732113,-0.3159778151400365,92.17679648834114,preci,All,Day
15.75_101.75,2.4776415153691005,0.512077343601971,0.7096977273828942,2.0392994858159743,0.9252992101300197,0.6814640241823171,0.2141377866457256,88.25289861906643,preci,All,Day
15.75_102.25,2.0404415092758823,-0.6137976048603624,0.37064776252618026,1.4650146138232754,0.6495761100631839,0.4658208078135278,-0.08800416734901124,59.7828862050819,preci,All,Day
15.75_102.75,1.58579252062883,-0.4265595025493323,0.7098755109668454,1.3212245961360296,0.48730803155699676,0.7334383444040674,0.7058575157195467,52.739756864094645,preci,All,Day
15.75_103.25,1.3522547518189059,-0.21403672918673927,0.8042004543361877,1.4949314172234307,0.20991083943133154,0.8373232605261642,1.6203854876218438,61.557421893659175,preci,All,Day
15.75_103.75,1.3141073790331712,-0.3842840602025592,0.8380800722848804,1.3910307593523568,0.06995678625101358,0.8485300333910327,1.6633162364828111,73.09709709819508,preci,All,Day
15.75_104.25,1.2690252130731556,-0.48735169954273716,0.7211030418401845,1.2602839763846976,-0.1330729625423565,0.895264030592571,1.9824781657477488,80.74300795590145,preci,All,Day
15.75_104.75,0.8783495191995252,-0.5363090375007814,0.534676491979471,0.7505614504213532,-0.6877087739661194,0.6900166839457696,2.5946624266640557,89.48480866969349,preci,All,Day
15.75_105.25,0.6195293773688078,-0.7978352656414018,1.188263794367087,-0.016408165814494707,-0.8839996044365597,0.8781817544085613,2.162587859848357,114.6606741355394,preci,All,Day
15.75_105.75,0.4403666616333118,-1.6264719362354212,0.8472481807183325,0.9398350547996788,-1.2052423868608737,0.9065503177859044,1.403205120106191,153.72755452458915,preci,All,Day
15.75_106.25,0.2574627601362601,-2.1325918202160814,-1.7363979269776577,0.8052570569516411,-1.3889039757876218,-0.3323175827716407,0.9304669788415424,149.62954058351698,preci,All,Day
15.75_106.75,-0.7591508447222715,-1.565152333442492,-2.211657839417973,0.23343365302025337,-2.3358389810413867,-2.8301661148733324,-1.9456299279642684,96.47143772468672,preci,All,Day
16.25_101.75,2.9488522798492873,2.0624177678664295,1.1710327318573008,1.9127007554434226,0.9067528243393277,1.1247992940399165,1.9970333604888348,80.9843871553502,preci,All,Day
16.25_102.25,2.471555076050193,-0.24256264597898178,1.200930656138033,1.5122962320561275,0.7626983796982716,1.3122447946673979,0.20812020296832978,54.05925706458447,preci,All,Day
16.25_102.75,1.5301377173670005,-0.5292463591938863,0.4804209699058446,1.118171236638445,0.2746830790180009,0.5151993757850598,0.41903500843611197,50.37869021434933,preci,All,Day
16.25_103.25,1.29349660585547,-0.4462236099556773,0.5171628970361294,1.3691593029007356,-0.04950189572261883,0.5513097238705179,1.1885624696153028,61.34356209494994,preci,All,Day
16.25_103.75,1.2738854637482626,-0.6250106431069857,0.5478915298022693,1.4620872642620362,-0.24448098657959647,0.7628579377738532,1.6735944810771677,72.86572431430147,preci,All,Day
16.25_104.25,1.1198703383931168,-0.08020483675291487,0.8759107696863089,1.243255735562266,-0.6266145036672207,1.0496425794453552,2.9004286726735624,75.51021591310729,preci,All,Day
16.25_104.75,0.7674498593156258,-0.2738602066749078,0.9465726016142295,0.6213546902686062,-1.2035860387140171,0.7758593597619186,3.0825970409277152,81.25254410593693,preci,All,Day
16.25_105.25,0.5124706809885294,-0.8964019129591041,0.01374557584850997,-0.2978339081411891,-1.5002794895199785,0.3769144424086425,2.100490776316778,106.32038639987306,preci,All,Day
16.25_105.75,0.6477600312586189,-1.522284130840035,0.34841607871771413,0.5965375635766486,-1.371481685999825,0.5044691600286013,0.5350471378319592,129.73383978673726,preci,All,Day
16.25_106.25,0.20690722997764965,-2.0496262918858954,-0.2240913551471929,0.556094593501209,-1.7345441060960924,-0.7996492944828073,-0.0929322068372528,103.03353587357925,preci,All,Day
16.25_106.75,-0.5022120520347749,0.4494976592660626,-0.698040959530685,1.009698655682984,-2.065385863822983,-0.3703646556518368,0.6724786578128994,78.17437463203709,preci,All,Day
16.25_107.25,-0.11579522278001574,2.3872121612213366,-1.353526404150306,3.5609206844362373,-1.5863281218955814,-1.8503810536191891,2.2158756094157286,98.78331932616088,preci,All,Day
16.75_101.75,3.2304512668375445,0.755841734156436,1.5960195927494913,1.385679269307532,0.5399068335932221,2.029722220106602,1.2350607458083511,64.54206684340573,preci,All,Day
16.75_102.25,2.593059196460458,-0.7046172519426386,0.9370961243442341,1.1158605407574287,0.4165236125470439,0.8190378195945054,-0.24401038497281716,48.593624938170564,preci,All,Day
16.75_102.75,1.749385503003025,-0.19173737947119002,0.4352933881835001,1.1791073342184721,0.12902839462692897,0.5815524146742795,0.9728866373246121,48.6662297698665,preci,All,Day
16.75_103.25,1.5437677166487789,-0.07018840679191053,0.4109946529951642,1.7559469166189339,-0.12544914560078096,0.6627058590174211,2.5113051893415883,59.07623414452435,preci,All,Day
16.75_103.75,1.2830093842832837,0.36730898386737654,0.9372528846235347,1.8756552613401956,-0.4964070570725909,1.1079437688956795,3.5341742106324614,67.62529436486261,preci,All,Day
16.75_104.25,1.1330183942979568,0.7672044454172278,1.098450030683583,1.2572642017803288,-0.8794628456908279,1.2147352656279853,4.39047050512055,71.36503159259392,preci,All,Day
16.75_104.75,1.1576336679032868,-0.4321954180960351,0.2976939920728591,0.5970460976808551,-1.0869918261707319,0.8185279450529983,2.394109013294235,83.58448049012388,preci,All,Day
16.75_105.25,0.8099595145609885,-0.8034630923492341,0.19783352750825625,-0.010481346828026965,-1.5718221821039204,0.6959184814376549,1.6840589166710984,108.1168728822484,preci,All,Day
16.75_105.75,0.4894684230447989,-1.8874430982882309,-0.3545804345305247,0.128885488485261,-1.80206898602164,0.12533131143535972,0.361705451711728,107.92761109552774,preci,All,Day
16.75_106.25,0.6642336549031727,-1.3063578894037586,-0.4444341867496282,1.2431510832744486,-1.321963891364605,-0.011511492071909643,0.5154209880914968,76.57452634295878,preci,All,Day
17.25_101.75,3.160238124284009,-0.28204217531121645,1.0067870234312175,0.818316236932301,0.1463806069983647,1.3975859101397392,0.023809080543611184,54.04196680031676,preci,All,Day
17.25_102.25,2.518809320485705,-0.9047131808404907,-0.3044660930635268,0.6676604877872423,-0.09300266715957067,-0.3612981719636447,-0.4389886682835108,45.476267969490664,preci,All,Day
17.25_102.75,1.7506367095126458,-0.38679179092853583,0.05629425690439818,0.6730123390208459,-0.49390114890777254,0.435683018865352,1.4406785827111956,47.690656023964884,preci,All,Day
17.25_103.25,1.602081502327025,0.028519537856250422,0.29329646485117633,1.0174169223819933,-0.6194764820576782,0.695912807966363,2.393351889727198,56.40734636438431,preci,All,Day
17.25_103.75,1.2582943653738479,0.29612549722716014,0.6867412754526019,0.8323158849407051,-0.8880178768656556,1.36212531826111,3.754685355727259,64.88973584796281,preci,All,Day
17.25_104.25,0.45604353907320627,-0.9247623118145144,-0.23737036157477012,-0.21773089567941475,-1.6082787318244522,0.19769344601532493,1.6758187633664436,74.74080288392315,preci,All,Day
17.25_104.75,0.16543771010065556,-2.409109515857792,-0.8365698196618304,-0.8681094934318382,-2.1415350060151592,-0.4547263741583589,-0.7572515238681928,90.31018825232744,preci,All,Day
17.25_105.25,0.032323465729393194,-2.743766878098692,-0.9426907932865359,-0.6372086621103711,-2.499726416937436,-0.5429327772427438,-1.2194158138608304,96.55058689372873,preci,All,Day
17.25_105.75,0.7588467118024951,-1.4284916481420427,-0.1492722844358034,0.6047247904852653,-1.8957803111196276,-0.2824979236462552,0.1868940787601156,79.04439026971886,preci,All,Day
17.25_106.25,0.935779841785512,-0.12567766895661905,0.3630072548795364,2.5609477560627734,-1.3761191353224886,1.799125550309817,2.738707711870855,65.11638754913267,preci,All,Day
17.75_101.25,4.09388548660939,-0.04537750089818104,0.3015889661221139,0.6161465681191599,0.1869956399914812,0.5004848771615263,1.357681182954822,59.71964961755669,preci,All,Day
17.75_101.75,3.1748237731403113,-1.00245628036596,-0.4446454193827234,0.3472305148481628,-0.0374036821980969,-0.19948138732422718,-0.850935457867265,49.53378605378863,preci,All,Day
17.75_102.25,2.322512547061136,-1.540808268309319,0.04877186065668993,-0.026082963288046254,-0.5674981753140961,0.3847775063060758,-0.7888642352944782,47.161533326227485,preci,All,Day
17.75_102.75,1.5748292572971643,-1.668674221813593,-0.5878159123218375,-0.12059882659478319,-0.9673108778004981,0.22550669626094466,-0.5153688841486158,53.28590508149653,preci,All,Day
17.75_103.25,1.0318485484469795,-1.363149717846044,-0.2776527581653926,-0.4161360996650342,-1.4048797038581409,0.193986853139919,0.0012224238238059124,62.77879199537998,preci,All,Day
17.75_103.75,0.43449798811551815,-2.050359210777497,-0.0498191422328159,-0.9124642387161457,-1.9119988706845712,0.5982905488335856,-0.7365103744678583,75.17859676124887,preci,All,Day
17.75_104.25,-1.0312076084257429,-3.759481719552112,-2.005862029799018,-1.892170279567928,-3.1775383357086406,-1.4033636699531575,-2.1852083707307575,85.81812995475977,preci,All,Day
17.75_104.75,-1.3655878165910489,-3.260949497944535,-2.0196540598848935,-2.3508715776738507,-3.7349633578636676,-0.8073435992711877,0.011866688332567672,83.91118054248103,preci,All,Day
17.75_105.25,-0.3250107251558361,-0.5571547141341185,-0.7186300272435214,-0.46762481932821776,-2.7092225370360716,-0.04926123631470461,3.685636774037587,71.77821451170459,preci,All,Day
18.25_101.25,4.133145942199133,-0.4540793027674641,0.7709854840871635,0.17371445922084164,0.2994696273062171,0.12481034023857267,0.8788402515742775,53.179206680097316,preci,All,Day
18.25_101.75,3.430659419247761,-1.45171135258908,0.20522217113079952,-0.09333095517378709,0.04383870327056809,0.05109526517558952,-1.5285583297324308,51.087712810303195,preci,All,Day
18.25_102.25,2.322674686682114,-2.9033036113914763,-0.6363059100177976,-0.7108021515159898,-0.8813234083395256,-0.1429360458342474,-2.1988843480404627,56.15946429988725,preci,All,Day
18.25_102.75,1.3672241869994022,-2.1794848217041807,0.020541191484113663,-1.165178325590639,-1.7282379088874467,0.42781926954543464,-1.0724754769635991,66.46921988652014,preci,All,Day
18.25_103.25,-0.3054295846977311,-4.1204584525767975,-0.8645361239911179,-2.3594344754156626,-2.974647578624539,0.2967642479604209,-1.5108498971153486,77.84526760958937,preci,All,Day
18.25_103.75,-1.6272792389325648,-5.617634497330777,-3.1678738270860696,-3.4469259028337236,-4.084021812544339,-2.0704591670415167,-4.3536424022913,85.43454524434368,preci,All,Day
18.25_104.25,-1.5634398859257048,-3.9401060658557525,-1.367651908598497,-2.322686766178869,-3.7358236532635085,-0.8399328422745996,-0.8963665767015667,79.46400293661333,preci,All,Day
18.25_104.75,-0.4901687145462915,-0.5267328403902107,0.03335249385172562,-1.181825410307306,-2.9168095852397227,0.16774046140841892,3.839011205555902,65.64475697967241,preci,All,Day
18.25_105.25,0.5508185205925806,2.0229396279222938,0.962934369750415,0.2662468439973648,-1.7142736908865779,2.7571200964999045,4.84186804637983,62.974781761219184,preci,All,Day
18.75_101.25,4.55999191508903,3.049960846030145,3.6734340149856477,0.22387477617834312,0.2989245580170213,3.2683525131230815,5.357227546986887,59.82306160082561,preci,All,Day
18.75_101.75,4.005445957323914,-0.8168732442642581,0.5996905762104631,-0.06225238967567357,0.15661874265009781,0.6819552283752844,-1.6306984669628233,59.49281210861145,preci,All,Day
18.75_102.25,2.118011290469697,-3.4594368453012754,-2.1610214550594624,-1.538249622114163,-1.407630589643072,-1.3813875618225249,-2.3851034648343474,66.08254212174255,preci,All,Day
18.75_102.75,1.008230430771136,-2.008731861959033,-0.37716400864599986,-1.822564254393229,-2.1823489985168187,0.5753729042701288,0.12050440164055369,81.85683133518057,preci,All,Day
18.75_103.25,0.6615684545330236,2.985895546519548,1.859277040643708,-1.4267512430348024,-2.0527484791858694,1.559565293186621,1.8590520892408275,93.68738555775705,preci,All,Day
18.75_103.75,-1.020580456953869,-4.565517493330895,-2.983371909883674,-2.8707641242800888,-3.4661966195408342,-2.038980185006346,-3.404441455039945,89.90205719915687,preci,All,Day
18.75_104.25,-0.26133243679026885,-1.421319297543006,0.8569167492842018,-1.1525010505495064,-2.304420431043944,0.1447124943806889,0.5986280573221783,69.24031612690786,preci,All,Day
18.75_104.75,0.5802557978468548,1.5799164228967324,1.9716533111582804,0.36622856055930425,-1.6378242275415869,2.5585655846798083,2.650909410477928,59.450434367708084,preci,All,Day
19.25_101.25,4.588387083651312,3.8026995367767644,1.5143853643768834,0.12205784077796486,0.12798052791123454,1.6741836526708829,6.589101458110754,65.32207489188282,preci,All,Day
19.25_101.75,4.207413649597786,-0.44338706605166767,-0.28577009670873044,-0.021067971872360657,0.14265211355781893,-0.4103535259297111,-1.3779139523264377,65.30958589941875,preci,All,Day
19.25_102.25,2.9203894971042677,0.15861791826792349,0.7236147444847891,-1.0398662889333248,-0.7807082274674358,1.8061059685467524,1.3753685269809857,68.32955707535193,preci,All,Day
19.25_102.75,2.2420286960785996,2.559972861811304,0.2336073561785207,-1.000492318224863,-0.9682241719645264,0.7559197499830768,2.501541079012352,77.23999482968976,preci,All,Day
19.25_103.25,2.103263555816996,2.2827323458979785,0.8585701884697216,-0.5711716194940056,-0.6217282708645337,1.3244441692781066,2.945178253518862,85.09297649228469,preci,All,Day
19.25_99.75,4.966389621580106,-0.4883259216152287,-0.3513156350005656,-0.04229560153937661,0.3990500885703547,-0.05553635720238862,-0.29407701856995744,65.0618839291743,preci,All,Day
19.75_100.25,4.712077524672371,-1.3241220120563661,0.20332006270319497,-0.811000553906211,-0.0673991767157067,0.2380951005101033,-0.37483688011180405,59.284753318822965,preci,All,Day
19.75_100.75,4.685092677254657,-0.29693794023738573,0.9630519521175944,-0.46795568969661777,-0.1202934254743179,0.9654752175239045,1.021447286765896,62.53875170954693,preci,All,Day
19.75_101.25,4.646769466274606,1.4013023545955512,0.7338007096471614,-0.3815077933491065,-0.0998413825824765,1.2088907539619929,1.7844965818848189,64.55570129393153,preci,All,Day
19.75_101.75,4.103018126741652,-0.7751937455329259,-0.45545894431588035,-0.5873792268024406,-0.07438733794334824,-0.5247145587475953,-0.8796817393595681,61.34498883843884,preci,All,Day
19.75_102.25,3.3569956386958384,0.07424022476960065,1.399710847852418,-1.1362861214982687,-0.4668966882748186,1.7101043663345936,0.1818568809018862,56.49471238968747,preci,All,Day
19.75_102.75,2.3900640091314274,-0.9668407230678052,-0.7410394965259445,-1.1305484031952637,-0.893330624101373,-0.6177865206531731,0.08451038277181319,57.902496662373004,preci,All,Day
19.75_103.25,1.9155416046815001,-0.9288399647485968,-0.9174962465326072,-0.9241148984552644,-0.8330539677942077,-1.1470631245384377,-0.9587044467565561,62.48429078671273,preci,All,Day
19.75_99.25,4.82605540297687,-0.45143610836182074,-0.22033979376736287,0.007059082461398038,0.39941366788889776,-0.05135164675102091,-0.17889322980392453,72.65027533078903,preci,All,Day
19.75_99.75,4.46520407984127,-1.878576367787661,-1.2405156168374216,-1.0803869729581363,-0.21712278080110378,-0.9531977727496144,-1.6330589267913749,65.19261499003863,preci,All,Day
20.25_100.25,4.023579215912269,-2.693480617469352,-1.0577735982978562,-1.5079484414450424,-0.7138571534029141,-1.1781610391846111,-2.5207419839814422,64.44432773419742,preci,All,Day
20.25_100.75,4.210003044517172,-1.2977013267715485,-0.38515842807567907,-1.1747475475444031,-0.6215273952693402,0.42726630631004453,-0.16018901764931548,60.62378533906221,preci,All,Day
20.25_101.25,4.3926822287397815,-0.5874692197206548,0.2868014190378999,-0.9252905612940129,-0.47665020707145356,0.27695349326377294,0.3236439788722239,60.912034304418775,preci,All,Day
20.25_101.75,3.9957866417426793,0.22771687630309811,0.24095957782061572,-1.203723616232618,-0.47091704140423357,0.4230034845283102,0.03958837210164284,55.18756586497767,preci,All,Day
20.25_102.25,3.6208102602869645,-1.3650712640375096,-0.534848883918079,-1.5953566494879323,-0.6218746986260851,-0.14856346151128924,-1.289894242948433,47.630948844903756,preci,All,Day
20.25_102.75,2.7194445029138277,-1.622624563649363,-0.3549256334782599,-1.5430309749028661,-1.034015989108357,-0.2369808216468589,-1.5741584365608914,45.46090996143247,preci,All,Day
20.25_103.25,2.125970441516323,-1.3357299608790145,-0.6586911342598102,-1.2141630315549747,-1.0497861525299303,0.22780094482814925,0.14389601871083055,50.50109003172234,preci,All,Day
20.25_99.25,4.349933657554703,0.13709780150860698,0.6795511333117528,0.05977292197536324,0.1482599108813952,0.9290027366473534,0.7052659083603894,72.96258932437709,preci,All,Day
20.25_99.75,4.18586377980136,-2.0179016251752486,-1.0817696077534806,-1.2556713375967918,-0.49425318317157607,-0.378247511653053,-1.5007660023917706,71.99884532453164,preci,All,Day
20.75_100.25,4.06722354009162,-1.8216165790276782,-0.21665029476709136,-1.1987410640375038,-0.38876931238780726,-0.47701454388635695,-2.106660994064253,72.06066605999513,preci,All,Day
20.75_100.75,3.9348405848337675,-1.5523472764403043,0.0906209021006141,-1.411368950461168,-0.5985428091967396,1.0968131325640906,0.13043646274125345,58.674236911499385,preci,All,Day
20.75_101.25,3.941466606403606,-0.32745358835817356,0.32019439126661864,-1.4124945679423282,-0.7935215369293945,1.0008965111509167,0.7566869375727108,54.53023759469789,preci,All,Day
20.75_101.75,3.73895910299852,-0.4690238804882451,-0.621888833856141,-1.3716967449072555,-0.8250372615969374,0.13563473107097895,-0.3417826669501217,54.11967523591078,preci,All,Day
20.75_102.25,3.4823850935539893,-1.0570927154271352,0.7008343493248363,-1.3644012106204835,-0.9858595758999052,-0.16297209120018297,-0.9810311240064497,49.69030921569741,preci,All,Day
20.75_102.75,2.947116051614655,-1.421798543562552,-0.23460321130728035,-1.2497683161675064,-1.128713285298165,-0.5258083167789647,-1.1336821899154548,45.00405223371502,preci,All,Day
20.75_103.25,2.2755488645165416,-0.3888268974066786,0.9756696144947761,-1.4238865836929007,-1.3990208207328232,0.6652645013869607,0.7374560463565714,44.95537880653624,preci,All,Day
20.75_99.75,4.3962989963035755,-0.3801408286056224,0.05126992909821989,-0.6665190487958723,-0.10349135965445783,1.8476041300034436,0.7516376603185732,77.71116264505113,preci,All,Day
21.25_100.25,4.102752874455874,-0.8907854406411109,-1.4275375501111223,-0.947734041967753,0.0719691693949448,-0.641468829893347,-1.2040128551469425,71.98188376127872,preci,All,Day
21.25_100.75,3.8884245192006417,-1.2309454839103686,0.7742715854177534,-1.3290142102421745,-0.26321880791380986,1.0441559846313644,-0.954539169837481,56.67210378561005,preci,All,Day
21.25_101.25,3.6555058307435417,-0.7472107716520889,0.026571707563382927,-1.5029482460011834,-0.7196241463468604,0.6510568341468481,0.17456231480511103,50.8827138857858,preci,All,Day
21.25_101.75,3.4822838822498934,0.5261355947300673,-0.08343460415480039,-1.4495860929586628,-1.0088270469584906,0.10478710044726093,0.4274415252441588,53.11935597703006,preci,All,Day
21.25_102.25,3.3073054888148166,-1.000273980450198,0.5856909828910632,-1.2999547703222831,-1.2480577166296298,0.6932078441921448,-0.5479963617029207,52.503077814546266,preci,All,Day
21.25_102.75,2.6712981191257152,-1.5396283281051144,-0.19923353716054557,-1.4306360523919075,-1.584706738180099,0.13880750811339704,-1.0231744039646182,48.867403846947425,preci,All,Day
21.25_99.75,4.245664626478754,0.6991942843086454,2.1939268281555306,-0.48088835717928596,0.21877594833272107,2.4714430393280455,1.0258577908055522,76.02193734887068,preci,All,Day
21.75_100.25,3.236397411542803,0.8304767891447107,0.45539925384760954,-0.9841914646774669,-0.02531261080617433,0.5293250104397597,-0.16807747209431093,62.21180541934648,preci,All,Day
21.75_100.75,3.361115685957541,-0.8362095963139416,0.7309754023737237,-1.144288293906305,-0.0915522564525741,0.9033494102700359,-1.281295822620657,54.63364923262842,preci,All,Day
21.75_101.25,3.3193547738879032,-1.2597780387555015,-0.5319918595786763,-1.2168408773094526,-0.3749153612869749,-0.4805104040141649,-0.9918697004212047,49.41726609150329,preci,All,Day
21.75_101.75,3.0099443009134492,0.26927480032796347,0.5229667356614053,-1.4933574171341568,-1.0106451285056854,0.7100214476347038,0.629273520623015,50.729498998992,preci,All,Day
21.75_102.25,2.850935932802723,-1.5554651488075195,-0.6147157380437274,-1.7385951755799112,-1.4250949381017672,-0.32737468779560064,-1.219375557850776,52.05208149674653,preci,All,Day
21.75_99.25,3.4435073900193607,1.2123091811641862,3.539263348155037,-0.3105844879082292,0.1188603566384514,2.392112699457461,1.7628318057914512,57.881108754264176,preci,All,Day
21.75_99.75,3.3890625321307475,-0.32666544048465995,0.10495742689939798,-0.4475156535344716,0.20192374349283304,0.13158863699904583,-0.8144214966316551,63.496274191414074,preci,All,Day
22.25_100.25,2.439146545753687,-0.26936507433886125,1.6708819407032565,-1.2484813279171834,-0.43234697623986057,2.3291406426795733,-0.44880621610678434,53.74056433055793,preci,All,Day
22.25_100.75,2.6750384235489384,-1.4061563862244035,-0.5249895985135167,-1.1895035981747692,-0.3733056021472871,0.16722321967252207,-1.6960362703802252,53.685488191268604,preci,All,Day
22.25_101.25,2.583178848379994,-1.297477110686027,0.06999590782047521,-1.3763473148250143,-0.7024198622896016,-0.3528887492674235,-1.2126882023027534,53.03907280630072,preci,All,Day
22.25_101.75,2.1517586608040156,-1.7587839903904217,0.11407491180992917,-2.0208334268205568,-1.552665717093897,0.18518463544537322,-1.5041271280614543,53.448239982933025,preci,All,Day
22.25_102.25,2.098829542291305,-2.5825395503298814,-1.1358806470198244,-2.2349090720672153,-1.8918600900572675,-1.569098291125149,-2.387563772901126,53.52342601536301,preci,All,Day
22.25_99.75,2.586530892874699,-0.6940292585080143,0.6914933414544597,-0.969688177778313,-0.23846169686760685,-0.8478073989399142,-0.9131392155661697,55.24474984907141,preci,All,Day
22.75_100.25,1.5281245037358822,-0.46720152658875397,0.018944283906722297,-1.7498322337535615,-0.5948717777255921,-0.5181425523988474,-1.604721718900943,50.22546754272116,preci,All,Day
22.75_100.75,1.571502873594016,-1.3973466945139432,-0.5791600260252903,-1.697730238061858,-0.6507227282449347,-1.2561579139072234,-1.385392722924399,52.2176895834547,preci,All,Day
22.75_101.25,1.4620985724645097,-0.48710975241062654,2.3802435332450096,-1.8147530731439174,-1.0786234023907277,4.202786120266063,-0.164895701106906,55.64060379851475,preci,All,Day
22.75_99.75,1.8765229991823282,0.6717537929734243,0.1397494899182727,-1.415298305460714,-0.48872316830181345,0.592262581172677,-0.21904903447718282,53.84381334126012,preci,All,Day
23.25_100.25,1.4171380987142503,-0.7706224909874264,-0.4881016366340528,-1.3573547900534293,-0.16908466678136808,-0.4384521091507588,-1.5534648257990415,55.602730488491595,preci,All,Day
23.25_100.75,1.4434379643038215,-0.8622676235471084,0.07440352859572841,-1.331675956935718,-0.209211351577578,0.956908014213063,-1.0196107479126255,54.63776439114861,preci,All,Day
23.25_99.25,2.081627747047835,-0.4290567676696377,-0.011450132765486069,-0.8569076646675529,-0.048101480537815454,-0.43308384231311126,-0.3775777112671889,64.31098851004442,preci,All,Day
23.25_99.75,1.6447378256226908,0.7439434260020682,0.290048529714311,-1.1179750369637673,-0.16830125263618487,-0.044304354099480026,-0.25195463014035596,61.85003428250273,preci,All,Day
23.75_100.25,1.5635673746992789,1.393171205925625,0.44224985670887335,-0.9149035669991568,0.2501657334699465,0.6804462871265711,-0.24622958796397934,64.056068987521,preci,All,Day
23.75_100.75,1.5508959808014031,-0.21245312614732195,0.22542528199257986,-0.9841771660398418,0.2374624690004971,0.48417641106045145,-0.509704090096258,60.489087928929955,preci,All,Day
24.25_100.25,1.6035475173172429,0.7051017329303244,-0.25940177904248274,-0.8387695663679738,0.4482971173361923,-0.27662802668260794,0.07889541369998479,68.65942755609312,preci,All,Day
24.25_100.75,1.5253290455659358,0.23349776613983905,-0.6316832834088163,-0.9924881314054851,0.3646882057122281,-0.27372539995713496,-0.5790105143089442,68.64479587498859,preci,All,Day
24.25_99.75,1.8211949239693193,0.16368956674586935,0.8993777919395065,-0.6999467632914278,0.5289894329784378,1.9636368392723005,-0.006141291437937323,63.70302044328913,preci,All,Day
24.75_100.25,1.209029769397534,0.5343565446634875,0.5994483613059705,-0.41739771552588584,0.7345720245371639,0.2399606220499421,-0.14269561686286886,63.885545544921726,preci,All,Day
24.75_99.75,1.4396916054281712,0.1963667619873552,1.5347978231983737,-0.2811702662398088,0.9056887921430185,1.1967448066369468,-0.16936431174861577,61.10479543714317,preci,All,Day
25.25_99.75,1.2394552320411236,0.4124109815026438,0.7670144428196041,-0.04712895874902016,1.0169260908883078,1.1523188087238503,-0.29801583780223606,67.26314991675835,preci,All,Day
25.75_100.25,0.30066538159850464,0.5889314616246245,0.9117471957559564,-0.7050141238367462,0.49513761595993594,0.42730902181319685,-0.5578649810952236,65.97887137742318,preci,All,Day
25.75_99.25,2.160750347700685,2.013107698362132,1.8978150972161076,-0.29007565027875326,1.3499850645409615,1.7097304049359556,-0.14483186683413446,99.65155531410281,preci,All,Day
25.75_99.75,0.8413151772509164,1.1595978155948063,2.476367645825513,-0.48268971707439573,0.9141363142478748,1.4832553284516297,-0.3041077025220566,78.0162167991204,preci,All,Day
26.25_99.25,2.3655618335635653,4.184492080363933,2.2024805304437174,-0.49835804392434513,1.6279345921609627,2.4910775136319523,0.4408633079878765,117.06457381879441,preci,All,Day
26.25_99.75,0.8073309488485348,2.212124300846137,2.3759382594053133,-0.6458049910401121,0.9810837077147371,1.7754687724222886,0.10520124238854578,91.25454546756359,preci,All,Day
26.75_99.25,2.4419921225032297,4.5039965690765555,4.963047624529637,0.0769763673768449,1.9071102460523746,5.2029485275000775,0.3664897477196684,124.95840925983431,preci,All,Day
27.25_99.25,2.658002200754706,4.402837682086002,2.9210064573836996,0.3469577452968086,2.1249228633664354,3.826378697674728,-0.22736327147350166,130.1114782355918,preci,All,Day
27.75_98.75,1.5234796021285542,6.859468288092505,6.332034592202299,0.24519534548425936,2.108734741699594,7.087297002334607,-0.08087814471615457,134.94124998248918,preci,All,Day
28.25_98.75,1.6837726202386454,10.844896746134717,3.0005793406047583,0.6890675688353691,2.2947573032376622,4.022468762827169,2.004472098058488,111.08278336290408,preci,All,Day
28.75_98.75,1.8791553254026856,5.437621293468412,0.8623284960975373,0.17716727571451904,2.597534445105642,0.872001233028347,0.7340334670643748,94.44207919584619,preci,All,Day
29.25_98.25,1.349085412848566,4.22738598253151,0.46617685248291757,-0.21305357395981,1.8061703024810556,2.1317221642791853,0.4798716135065257,62.326481895959674,preci,All,Day
29.75_98.25,1.3651249874383191,3.2073708871423596,0.5355858250764984,-0.2567641280225946,1.289613755355637,0.24000658164135286,0.7085285625058686,47.30285158340958,preci,All,Day
30.25_97.75,1.1782738991926227,3.800540382953049,1.4788416294800313,-0.029555644778878322,0.6665669313684417,2.851080123334503,1.2259477583475813,53.680507459600996,preci,All,Day
30.25_98.25,1.212296396925191,2.769748826798955,2.1930630112233622,0.24083599106137993,0.5886609688688256,2.2799808648252284,0.6204740973964207,47.20223564707027,preci,All,Day
30.75_97.25,1.2254981923914132,1.1028718089450014,2.214088602998099,-0.12124819252715882,0.2661636885987602,2.065107138647644,0.30073615338974446,58.74986738881449,preci,All,Day
30.75_97.75,1.2459662009928298,1.8677655122632582,1.797353450533531,0.014582188944344245,0.19702034320403208,0.8826208034082776,0.37879556547865834,65.90082267815704,preci,All,Day
31.25_96.25,1.3366873068756713,1.4630157646261306,1.9642736096442364,-0.3008627670342338,-0.13786687019960395,1.6879761587277715,0.03191189412867357,57.91416432203092,preci,All,Day
31.25_96.75,1.0325310433818407,0.5732298124040368,1.5903725360817242,-0.36066238421892266,-0.10423893646954695,1.4768012945703244,-0.0911842834509279,49.09750790983631,preci,All,Day
31.25_97.25,1.1871006418278773,0.5436461292384053,2.1730421786661887,-0.31775916215777594,-0.08676141962884758,2.255866525501782,-0.13172971488545784,52.49457352751225,preci,All,Day
31.75_95.75,1.5147186269058965,1.6077502977004847,2.7309705946074163,0.08830932692901641,-0.3355343349636669,4.1375863428508675,0.9629189824792973,66.42280738129836,preci,All,Day
31.75_96.25,1.3354347937260376,1.1827373280978453,1.987389430396395,-0.020969871477507472,-0.3206432009905578,2.254976792153164,0.4326964775882111,58.52761467187302,preci,All,Day
31.75_96.75,1.0785999632849848,0.4378956535110271,0.9709755937402033,0.02227568653895972,-0.3108105389450375,0.9554896733677656,-0.15212009453892608,49.25357829921214,preci,All,Day
31.75_97.25,1.2600082583770875,0.7615777523601173,1.2079122527070296,0.10626686766086235,-0.3319257631910755,1.4263854527437663,-0.028422703949634923,48.90899481600593,preci,All,Day
31.75_97.75,1.2946365190621583,1.7141733844343277,2.4906523202977415,0.008222135100370155,-0.34897148238755993,2.2817463245196374,0.26301203942759355,58.15853294471741,preci,All,Day
32.25_94.75,1.542450262652088,0.5488131680842836,1.2412492746423882,0.2677437742298657,-0.4311048465158354,1.8369309202089752,0.3664966242836629,68.89395014163696,preci,All,Day
32.25_95.25,1.6304177756280414,1.0070004479865973,1.1237322648915242,0.2698924624095432,-0.4256633743509538,-0.0264263578879784,0.18201824002503803,69.04915592571366,preci,All,Day
32.25_95.75,1.457573127350061,0.647946801039694,0.7124980703683612,0.2638998320662472,-0.40608429379262984,0.23563418264606328,-0.031206174393884997,63.860418984446184,preci,All,Day
32.25_96.25,1.3453263183432875,0.2441754823944962,1.64377287128514,0.145288613863805,-0.4126794210143473,0.8224758636423766,-0.15821724405825982,56.34118172397467,preci,All,Day
32.25_96.75,1.2616063878294452,0.6809242480118499,1.9238913316918314,0.2705488724954151,-0.36456785791978324,1.8363803129484393,-0.023752399747550963,51.459252370170155,preci,All,Day
32.25_97.25,1.3797391346607741,1.586914704054987,2.603599331334384,0.47084842673282234,-0.3704941996182564,2.5089653923863557,0.3011943914537876,53.35271617959603,preci,All,Day
32.25_97.75,1.3501500215995341,0.9198303642345574,1.5128646748880974,0.2565997219686956,-0.416946861092638,1.724579266308593,0.1543837798216763,59.862503764810256,preci,All,Day
32.75_94.75,1.5071719263890233,0.5037277017374239,0.27039977785293323,0.10380049463766351,-0.3248003350612716,0.4106647316479867,-0.041853259838530575,70.11246559607503,preci,All,Day
32.75_95.25,1.5616158228733565,-0.04443150753593272,1.4298404664523876,0.16638676120700047,-0.35002604759187284,1.9298901645618043,-0.32890086083687253,70.52000245442791,preci,All,Day
32.75_95.75,1.4791254470724544,0.15884113918346734,2.980110445166855,0.25212452187368584,-0.34711342343682533,4.125043597400479,-0.15216360727080924,65.63976938607293,preci,All,Day
32.75_96.25,1.4273169599368625,0.25976977876915297,2.5301860796714877,0.196002417541517,-0.32235083186555075,2.1581458272703986,-0.11439140200821417,61.806243013873555,preci,All,Day
32.75_96.75,1.3397845414391802,0.8967017647922426,4.351464570985934,0.1990262185538349,-0.31593090447520644,3.6803549494010777,0.10676200046880134,59.790180640040596,preci,All,Day
33.25_94.25,1.2843443435094946,0.13705081443359954,1.2463282083096532,0.008191675109799582,-0.21092642895696187,1.1682226110120213,-0.10697334848209612,65.17423470038624,preci,All,Day
33.25_94.75,1.3554725163778918,-0.10567337860045115,1.1941297476514217,0.18823551272763672,-0.22823917794067217,1.5908974222032095,-0.13163420085634317,69.0142304037405,preci,All,Day
33.25_95.25,1.4543528047906205,0.5651429660138172,2.954214678980012,0.39861069875850375,-0.24514787521135598,2.884437688372772,-0.03616956208144204,70.87370546468918,preci,All,Day
33.25_95.75,1.4608762327114528,1.2268847955961968,3.980930660134282,0.35309673544458026,-0.25471833348190487,6.674109885264762,0.34269109458915425,69.88191020663919,preci,All,Day
9.25_105.25,0.4972734737037038,-2.751464714893633,-0.04861158044434152,3.357463846419598,-0.34160690576832975,-0.6492317789843527,0.353613701184819,98.19705180795528,preci,All,Day
9.25_105.75,1.003800329676152,-1.302263088868892,-0.4055879203001712,4.860939440172083,-0.46609526935067674,0.1667271994395945,-0.08178880584031031,100.69155520049661,preci,All,Day
9.75_105.25,0.6935702144846964,-1.1797651599898715,-0.23998454037730152,7.627126929838151,0.3080249668049149,0.1420177336305572,1.345095152129069,109.41366866750423,preci,All,Day
9.75_105.75,1.094533100001606,-1.7426332369570867,0.24114234908660315,7.511199674446125,0.029730232551067094,0.04188249437205759,1.6278530448667325,95.72482288386051,preci,All,Day
9.75_106.25,1.3498865160464975,-1.2543746968316454,0.508528665713384,6.8099854270021964,0.31747056192097683,0.31927023381858805,0.449022751470718,96.54473446516205,preci,All,Day
10.25_104.75,1.6365792581804368,0.0673935352327283,1.5901258699112353,10.377866659454027,4.991825548103911,1.6869659677783517,0.5731461677875568,115.07371010673657,preci,All,Mon
10.25_105.25,1.3326050162484966,-0.13886884217646514,0.7488933944826074,9.675515296878277,1.593251946305922,0.7140546218323605,2.46312698123841,104.82825850065777,preci,All,Mon
10.25_105.75,1.301132659321689,-0.8233234515670742,0.27307453578624125,8.014906357869494,0.74699656084415,0.1098941573485017,2.4933376839431842,94.96315665112797,preci,All,Mon
10.25_106.25,1.4445263467165033,-0.8185504322344141,0.397985232036157,7.199424593073324,0.9123453501101049,0.34210402296716286,1.7315566884880533,96.47340791254229,preci,All,Mon
10.25_106.75,1.4599599258704106,0.5005932237994168,-1.0651334429532002,8.103444520131635,0.4955132976537348,-0.08202562677583171,0.6559719290723453,114.68175417593702,preci,All,Mon
10.75_104.75,2.2186497808981525,-0.6030156668662513,1.4005471852735853,11.489943089588017,4.161826320199404,1.5324776755399239,1.525518918689693,86.04474356629528,preci,All,Mon
10.75_105.25,1.7001148215396638,-0.17682581849419957,1.1262341504750393,8.855442984145633,1.894184718288891,1.208578261109193,3.348174671405684,82.72332799540511,preci,All,Mon
10.75_105.75,1.1875957689563492,-0.30715819905662417,0.47069665515876874,6.896292254424918,1.2346135664558802,0.504212314869722,3.0809892777819865,89.59426030606541,preci,All,Mon
11.25_104.25,2.4150069609414477,-0.1177481323168511,1.0427264597123038,11.491686527933895,2.774255119462396,1.405227713589129,1.4768610244672584,73.38825209269501,preci,All,Mon
11.25_104.75,2.039657895287806,-0.6095351443442731,0.785127439875526,8.436196036538835,2.851313398841595,1.1933038011281583,2.3453501009881776,63.18853452938021,preci,All,Mon
11.25_105.25,1.8127037870691753,0.32618080292663293,1.3665779766798352,7.166654063600448,2.818369468486783,1.345621319068999,4.059158228186584,68.02891921291301,preci,All,Mon
11.75_104.25,2.260490496560023,0.24658312782207994,-0.3131023889435215,8.809662948419485,3.3319381677128086,-0.041148265758414286,2.691183561269747,55.31001284584912,preci,All,Mon
11.75_104.75,1.8376629972982863,-0.26039718303749165,0.35011251948344324,5.823734167399746,3.3798453048232626,0.5662671579475783,2.737459273427231,49.596530579845584,preci,All,Mon
11.75_105.25,1.79347461160564,0.7920347912240997,1.3196080746543628,6.436698979224128,3.2982454047696574,1.374612667108182,4.507129688028332,60.935454256551424,preci,All,Mon
12.25_103.25,1.9347236402546717,4.467876893352856,0.807602211713525,17.296585254251593,1.713701228009286,1.911017930346863,5.346127916835916,107.9177263867766,preci,All,Mon
12.25_103.75,2.100551913921695,1.493462402172769,-0.38044471656719925,10.964887421463109,2.3924640523389473,-0.28945314436398883,2.594698231876423,67.92321247897797,preci,All,Mon
12.25_104.25,1.4875526046761198,0.17374218143930206,0.5652618836324541,6.633629101386028,2.3786491754125136,0.8952930157902832,3.8933706784893665,53.03477345148619,preci,All,Mon
12.25_104.75,1.325326177974419,0.025672695144584937,0.725063819926971,4.673409709228532,2.4596489694973003,0.9924826192180922,3.060442096276413,55.06394088720695,preci,All,Mon
12.25_105.25,1.4365901858937575,1.1665823754742024,1.5039594309375968,6.33892309196588,2.648918481391144,1.2793458533731454,4.355318328057619,71.66183563100572,preci,All,Mon
12.25_105.75,1.6646399197684514,0.7092737808570663,1.3570747534993235,7.827637689056865,2.85370630987507,1.3321710081631362,4.645114117193322,98.58868063015792,preci,All,Mon
12.25_106.25,1.6661481378612166,0.12124986995693642,1.5824805708216347,7.26780689660642,3.017768014179072,1.7680370420043134,3.936580593051459,141.78765921742112,preci,All,Mon
12.25_106.75,1.1598507679237706,-0.03448383690104788,1.1591781097598837,7.393540807063041,2.4189215180892516,0.44197863787550196,2.5099905319770324,206.47427439954424,preci,All,Mon
12.25_107.25,-0.14326609758421116,4.011207303413713,3.742121635745761,6.645558777468019,0.8868143305819357,1.54375650376291,6.109251023117866,257.2628895864314,preci,All,Mon
12.25_107.75,-0.3909642733254017,3.0852680172310327,-0.6957301874177374,5.4080783240046735,0.20473905521466682,-1.067816359634957,0.08860837966259562,171.12717322728528,preci,All,Mon
12.25_108.25,0.24362699882765032,6.967162400131859,-1.171942346134517,6.8474771597939235,0.6816686566902492,-1.60855776293607,3.332681842877516,105.04012465918362,preci,All,Mon
12.75_102.75,2.4091762389976763,0.5069559131421552,1.58067646455257,16.122484192028814,1.7262981341112,2.3997487070667387,1.7428445606919558,102.4456197713984,preci,All,Mon
12.75_103.25,1.958144036473006,-0.2843880112704768,-0.13241173404037657,10.113321461662316,2.031204938603425,-0.4338831012897046,0.033359581601032764,72.25180213893145,preci,All,Mon
12.75_103.75,1.553662288329269,-1.115733642800016,-0.3174112685589075,5.822073967883882,1.7029283544157796,-0.1935721356183071,0.11331756151079729,57.74545127452387,preci,All,Mon
12.75_104.25,1.275879965174445,-0.6632080723939153,0.4396081577337767,4.844205976507614,2.6817710471157437,0.48093324179412134,1.1763820074874927,57.84361999636791,preci,All,Mon
12.75_104.75,1.4391854387986296,-0.2598415761449198,1.1356381834606208,4.630639518285399,1.4640663360613966,0.9536088190395283,2.2419151903793586,71.07570397555041,preci,All,Mon
12.75_105.25,1.560850233186054,0.6387602773511353,1.2823600057754505,7.130947724184924,1.9346911478290012,1.3583597523195148,4.176794019127602,87.52638620233789,preci,All,Mon
12.75_105.75,1.7081969023937835,0.691320889353974,1.4329126662993534,8.049357565344767,2.2784231673784427,1.2293327773328708,3.748353117151566,104.69376786782033,preci,All,Mon
12.75_106.25,1.4509165520472804,-0.5123594531600941,1.2624247902624763,5.246755404090836,2.410262851368059,1.0845960612947183,2.737156116399392,128.2149457055491,preci,All,Mon
12.75_106.75,0.9110908837118468,-0.5254837096465339,1.613102990399746,5.546607382018431,1.9240354129943862,1.478812822943134,2.3678989536461774,156.49504640166742,preci,All,Mon
12.75_107.25,-0.22912463624705512,-1.0940490605919742,0.4744610066276565,5.326839251770461,0.6391084214345097,1.3724748067732817,1.478496443570371,170.6049952766432,preci,All,Mon
12.75_107.75,-0.31075791500316075,-2.0612555374231767,-1.0786203058718087,4.29502840859686,0.14452777977670428,-0.6550939174824131,-1.5466921304672132,133.4443246764133,preci,All,Mon
12.75_108.25,0.11966329757347659,-0.27743944790551506,-1.5670641467653292,4.2277508336828316,0.5034031371822125,-0.2720055055300841,1.1835642420390482,89.66080298210092,preci,All,Mon
13.25_102.75,2.343053503502042,-0.10324510041585393,0.4820972064086533,8.502517586085641,1.620070418183286,-0.13952442070459087,0.1408759281448624,79.02898145830328,preci,All,Mon
13.25_103.25,1.8309861329821018,-0.3378541899757432,0.6002773111961608,4.952607630806283,1.4830062985479362,0.9040277416962766,1.1449329195885605,69.05999376556152,preci,All,Mon
13.25_103.75,1.4490367541634905,0.17810721534243606,1.2928247178458019,4.098549842073197,1.8853472387729113,1.288138658247142,2.0201288354025877,69.17657216144123,preci,All,Mon
13.25_104.25,1.471634725327049,0.42957347540630786,1.7969722867092566,4.716085323782152,1.4488104132502044,1.7826965929618197,3.212707182979682,82.86212480634467,preci,All,Mon
13.25_104.75,1.7563517584087454,0.3854366109039809,1.8515989259942431,5.89430981859207,1.2051731481476635,1.8373096627951266,2.9248441918059966,98.87200465728462,preci,All,Mon
13.25_105.25,1.70797210634495,0.567875181997327,1.2692360841361088,6.889412583806815,1.4593705707515938,1.444241138343966,4.0445928522504815,105.06471692767408,preci,All,Mon
13.25_105.75,1.5410172628760104,0.8373128581213983,1.3338369131376182,7.560409181201076,1.496679729839208,0.9830217913498546,3.692519986672696,107.13764910362876,preci,All,Mon
13.25_106.25,1.2365293307118113,-0.21310566114859164,1.766436287581433,5.598454819366765,1.4695441532238775,1.7928512211996732,3.2422725607154974,119.99298903052346,preci,All,Mon
13.25_106.75,0.6538715946618092,-0.5461538554839266,1.3318789399760325,4.049722144268692,0.9025262291735542,1.7559611544302487,1.9815706196041023,141.7777097646079,preci,All,Mon
13.25_107.25,-0.15276735791238155,-2.244648987685263,-0.3268455246863621,3.3249741781266473,-0.15849981246801328,0.15285495855512973,-1.2385378613005675,154.75744334002593,preci,All,Mon
13.25_107.75,-0.28500516265415404,-2.3676253692457183,-0.897921821195312,3.2435995373205344,-0.6705108105442021,-1.2164910633912343,-1.8175472971323747,123.69896290992116,preci,All,Mon
13.25_108.25,-0.015826944126831024,-1.1312748983189824,-0.1808958828164148,3.876109263921907,-0.43979134096746725,0.5671672913652929,0.6307777050265755,86.89868302097442,preci,All,Mon
13.75_102.75,1.665403624608813,-0.6233956564359309,0.6637726793010623,4.41053507387374,1.3436251491269646,0.5316088644892051,0.6762822859075782,85.5453148269113,preci,All,Mon
13.75_103.25,2.051613388834645,0.012812363746305431,1.3124331006513952,3.861748123843045,1.460917431398004,1.1837963637491304,1.6034091125913363,86.60989239544334,preci,All,Mon
13.75_103.75,1.8900058805934545,0.3389346565230345,1.576932482540073,4.904643397015756,1.3769472501995093,1.3909205813839531,2.609182439018101,97.32661743202037,preci,All,Mon
13.75_104.25,1.9019361325647428,0.23698559791698154,1.6376923304574773,5.203517139194984,1.044368507427454,1.5371617346543247,3.254704784780243,109.57049554122405,preci,All,Mon
13.75_104.75,1.8840866708661652,-0.20402070863130947,1.4432759602624374,4.265888662957797,0.9346254115753722,1.27370078925727,1.8698868517840888,113.57150133671485,preci,All,Mon
13.75_105.25,1.7052407786335744,-0.3492071692791362,0.8213368705069158,4.593221317103312,0.9376627998761451,0.8879514434790214,2.920296061499687,113.08209495672688,preci,All,Mon
13.75_105.75,1.378262224677116,0.23929130005956778,1.1633900835859456,5.266828530608401,0.9151917897568823,1.2124771046405203,2.283991089981072,117.92795005398499,preci,All,Mon
13.75_106.25,1.1494824252370304,-0.24314140798271391,1.716558426082672,4.728546199627651,0.8514956618947986,1.0957446347265356,2.056622085979112,140.19245515499824,preci,All,Mon
13.75_106.75,0.5263087553768686,-0.7288993004511958,0.6363817184433984,3.919535221838966,0.12897153394938884,0.7551442156143873,2.135677608508882,181.4945540352299,preci,All,Mon
13.75_107.25,-0.0032209988178797814,-1.601366186543785,0.6444193744295065,3.538950119581492,-0.7140470390702942,0.14906451897860046,-0.5555325544949342,212.2806097027061,preci,All,Mon
13.75_107.75,-0.4738557431143292,-1.6321497323093879,-0.3262246275214127,2.4177849478875384,-1.3095078849381365,0.1367962908162013,0.4670697879553052,160.2986151110255,preci,All,Mon
14.25_102.25,2.2640197265706514,4.087715263563099,1.6684601759405655,6.6554821733820875,1.1422145647731226,1.008592066940806,3.8415337965974805,92.24314799670577,preci,All,Mon
14.25_102.75,1.9123022283485307,2.0565019119557366,0.8819296759920505,5.78282763244182,1.102337049237084,0.9787155904314595,2.724258785746803,85.34833189033725,preci,All,Mon
14.25_103.25,1.8048457705313157,0.5348684988408691,0.8448093772048163,4.302877267394641,1.00106930669745,0.7348655456588155,1.9795222468683558,89.99058559941106,preci,All,Mon
14.25_103.75,1.6540027626029454,0.6281775954746567,1.1301784390471405,4.423009437730371,0.8583456081238511,1.076414943636063,3.347762446174721,99.12318752064549,preci,All,Mon
14.25_104.25,1.7436756892098506,1.322354570449141,1.7067568689224126,5.02409897161599,0.8064782728427297,1.6307570062667065,5.292783141531014,104.50600775292558,preci,All,Mon
14.25_104.75,1.4162249493339596,-0.17696622317861802,0.5345848576438271,3.3274410335047855,0.4220960561889501,0.36108543188632863,2.5613220375729195,105.68580426460454,preci,All,Mon
14.25_105.25,1.1368479182169298,1.1178287301529808,1.5602044122767833,3.5878728272422458,0.140434841234736,1.038554314803979,5.420956433444213,114.33898076610406,preci,All,Mon
14.25_105.75,0.9771140568291765,-1.4014867328646758,0.47972334504674746,2.2294193649526863,-0.07179953761442195,0.589845936703078,0.26575422921134945,143.71562174711647,preci,All,Mon
14.25_106.25,0.7120584565895115,-0.8143831967689623,0.5368827758029335,2.5575753666385634,-0.16319442383494587,0.8490956892780863,1.2064541551553094,189.20580685797492,preci,All,Mon
14.25_106.75,0.07838359564398759,-0.5743864411761526,1.0140041390432568,2.4090979859316404,-0.7868564417033389,1.0889530577810826,2.360588484939402,236.46813633424077,preci,All,Mon
14.25_107.25,-0.40431545118340867,-0.9604366081618785,0.6627418887835136,1.9470690739800844,-1.3333773432582399,0.7169879513468085,1.1202032140081382,231.50020005336103,preci,All,Mon
14.25_107.75,-0.1592374200124508,-0.3151222305756616,-0.9750978720019056,2.12821942773746,-1.1401002297444567,-1.1449668564668825,-0.23727325959040801,140.77746489981453,preci,All,Mon
14.25_108.25,0.6816072224399012,3.7720626345429054,-0.6242404442104713,4.167679034770813,0.11097559143528184,-0.6254899629357774,2.243784509712203,89.13280511298609,preci,All,Mon
14.75_101.75,2.628208960179798,2.053214556476331,0.676136722416494,4.168146428639987,1.4467063163983458,0.8403685482706107,2.538894682505693,97.11198641201298,preci,All,Mon
14.75_102.25,2.222137887547282,-0.30645840946597563,-0.31657284341764613,3.2550175016407668,1.077200896095311,-0.01806115794272025,0.28981172293037555,76.95902517699848,preci,All,Mon
14.75_102.75,1.6112647663405189,-0.1794850920642744,0.16026758474050265,2.6509781889283883,0.6803090739402,0.24940561856688676,0.9761914554968304,70.28825517874074,preci,All,Mon
14.75_103.25,1.4032825938112476,-0.04091084386904513,0.4440181438276393,2.251905090666421,0.5070086098320533,0.5388801979755483,1.6661114614216639,74.66840135509626,preci,All,Mon
14.75_103.75,1.344998452758766,0.00833139483621884,0.4489524298721774,1.9677390668373136,0.42908381658113653,0.5002029763920435,1.976519329830679,81.675248508048,preci,All,Mon
14.75_104.25,1.4860809319832047,0.24427128471221438,0.5302872518285975,1.9279880059197518,0.3578867547173513,0.5653601236754374,2.0566075542338904,88.34861056943781,preci,All,Mon
14.75_104.75,1.1542979140581537,-0.23426566738958599,0.412529060357625,1.212662922811658,0.024262972848402405,0.527727914612583,1.582764592398217,97.52415161236885,preci,All,Mon
14.75_105.25,0.6896078058601437,-0.3297498713507902,0.8077325072591949,0.81378123560564,-0.4773293232444216,0.9333851509139078,1.3628509629507746,122.3035932408951,preci,All,Mon
14.75_105.75,0.10040047315322233,-2.047969726266745,0.5514336363636837,0.9335956484797251,-1.3345314337162772,0.10520629814355582,0.5507805606501355,173.59690577120716,preci,All,Mon
14.75_106.25,-0.15063102983655657,-0.34776352119538256,-0.0632827620647676,1.660927229208282,-1.4663376235433334,-0.09632151051275128,6.2512388466262205,216.42447215673187,preci,All,Mon
14.75_106.75,-0.32602807402302786,-0.13468001709933908,0.6095387373962893,0.7433452950646031,-1.5944885679422443,0.8389559835259179,0.6446179237591259,209.67423285471136,preci,All,Mon
14.75_107.25,-0.5349622667351535,-1.2834250722221823,-1.5678441086559696,0.9901257374212737,-1.53631776401236,-1.9922433169048601,-1.5594935075822125,152.2440668033158,preci,All,Mon
14.75_107.75,0.16324103270490736,3.2511937871025536,-0.6041494251171972,2.3980692104344747,-0.7239183489634577,-1.0944765647893193,0.976309969013119,94.64822755566867,preci,All,Mon
14.75_108.25,0.8726996573569948,6.631083623312057,0.11409334267998014,5.528263138333286,0.26452624585251233,-0.44310941861794245,4.90862067028233,88.86221091557344,preci,All,Mon
15.25_101.75,2.1315983841424253,0.23623539284459677,0.4574162284385117,2.781688813326456,1.3987909419550082,0.46789890289227515,0.44176113414977863,86.82114824580627,preci,All,Mon
15.25_102.25,1.677873709840223,-0.7942856272383297,0.07699932217857307,1.8724476092931324,0.943498540560163,0.01967126387136545,-0.11391025325830519,65.36797565846021,preci,All,Mon
15.25_102.75,1.3239301462178938,-0.5059445401397681,0.5862451722978114,1.570159266323527,0.5895480642615889,0.5577075970885785,0.548427002769871,57.93282554136587,preci,All,Mon
15.25_103.25,1.2121292539180981,-0.3741346649839739,0.6355064807845527,1.7291646466032364,0.33333423899761805,0.537067692368491,1.0187016254250307,62.49106655426239,preci,All,Mon
15.25_103.75,1.0676330310496656,-0.5699014465580707,0.6240451792027217,1.495970801013333,0.11318443045911233,0.5748585936121613,1.022116249891372,71.98211102885547,preci,All,Mon
15.25_104.25,1.321100602685311,-0.3011182732554674,0.8754407101809544,1.674301152002265,0.19780879130069107,0.8330058635136366,1.5552192538326326,82.23615006006601,preci,All,Mon
15.25_104.75,0.9904254401612229,-0.5862099902340387,0.6341597812984323,1.0506484176521187,-0.17066292968232133,0.5894429811586277,1.7334534462992848,97.19712718140606,preci,All,Mon
15.25_105.25,0.6415425583623242,-1.556913583017278,0.04858869042251081,0.18101319394586005,-0.5880503396896026,0.21003363045289977,1.1852408762934898,126.25519212374736,preci,All,Mon
15.25_105.75,0.5840873246760321,0.2072208035752413,0.38729625575563076,0.8770184477065422,-1.1062084299199606,-0.1593411580986529,1.286373043100536,176.01609509924583,preci,All,Mon
15.25_106.25,-0.8223996730038948,4.042342235899277,2.4311378232896734,0.26380544189856575,-2.335351550512011,1.3859197032184922,8.777963251245628,192.35412167050362,preci,All,Mon
15.25_106.75,-0.21767083618940453,-1.290077240431103,-0.3830782626082004,0.6437583836697308,-1.7140005894614494,-0.8604445109537203,-1.4245759462844259,144.17824314948282,preci,All,Mon
15.25_107.25,-1.0977584624755918,-1.9422977530205918,-3.408533524599988,0.651781004197692,-2.1083399380681036,-3.499502603235561,-0.3054881026620702,91.88562157955897,preci,All,Mon
15.75_101.75,2.477297626701991,0.5083431368582341,0.7090203027517407,2.021057624279083,0.9162960427804205,0.6780229741872483,0.21839700638290832,87.9173826891418,preci,All,Mon
15.75_102.25,2.041274558832632,-0.6141308786484592,0.36987718030329997,1.45035864057124,0.6416420752490829,0.4623345016853576,-0.08525505815635587,59.61810919228537,preci,All,Mon
15.75_102.75,1.5882016003294608,-0.4282739812099908,0.7080864158307648,1.3065870464693075,0.47995561820073196,0.7282823673560609,0.7042160418510216,52.59591104739074,preci,All,Mon
15.75_103.25,1.3542833853786578,-0.2156730478246913,0.802270858927079,1.4777222207725529,0.20362659749277767,0.8313338962238623,1.6150909065293926,61.36931345963183,preci,All,Mon
15.75_103.75,1.3163611970402838,-0.3833902421086983,0.8372760834002713,1.3756844900508147,0.065700118321648,0.8432133396999726,1.6591748151605286,72.8399402694979,preci,All,Mon
15.75_104.25,1.2707053198387375,-0.48508393866491817,0.7217342536999674,1.246584051706816,-0.13449427171595785,0.8898651050574145,1.977814465958964,80.45777178721826,preci,All,Mon
15.75_104.75,0.8810725314874082,-0.5335307708253643,0.5369158441395522,0.7408100616646048,-0.685001745282383,0.6859205473433655,2.588142102298885,89.15800376810004,preci,All,Mon
15.75_105.25,0.6237678325167632,-0.7931170367224197,1.1885022200418258,-0.018832959550150075,-0.8780589341223499,0.8736476784495167,2.158236002946724,114.15345058541149,preci,All,Mon
15.75_105.75,0.44489410778287025,-1.6168448499406607,0.8500303434387209,0.9344119867072318,-1.1955914062279347,0.9017347336801781,1.40110838387415,152.9302739979042,preci,All,Mon
15.75_106.25,0.2654041067253856,-2.1184058346695527,-1.7206118866601738,0.8059166431385226,-1.376681963033989,-0.3274204618679072,0.9328163108793329,148.85278276544236,preci,All,Mon
15.75_106.75,-0.7408978560766657,-1.5499445528845237,-2.1845649234870193,0.24193031303896942,-2.314649024533575,-2.8078338375028897,-1.9257707575141791,96.1421204811658,preci,All,Mon
16.25_101.75,2.946655095484251,2.0527081128808984,1.1692185874948207,1.8965098620334762,0.8983263263658151,1.1201592085704606,1.9959454684783309,80.76314028645476,preci,All,Mon
16.25_102.25,2.4705883543823157,-0.2440413783323162,1.1973512743352448,1.49721778776895,0.7537640646623521,1.3053168539986006,0.2099642695200654,53.96596002702274,preci,All,Mon
16.25_102.75,1.5312489137563272,-0.5316342304240089,0.47822023102340705,1.1030478072869494,0.266474927179527,0.5093635838119633,0.4165228282365638,50.26689421563147,preci,All,Mon
16.25_103.25,1.2948676026687762,-0.44805547224908937,0.5158851267446235,1.3528856830590852,-0.05506650711605537,0.5454829910516413,1.18319589869614,61.162584271062705,preci,All,Mon
16.25_103.75,1.2753554186912792,-0.62487851213626,0.5473086271490097,1.4463821029955597,-0.24731953675865842,0.7568058751109625,1.6679615962800975,72.60608692206806,preci,All,Mon
16.25_104.25,1.1218141800631454,-0.08208657946304336,0.8754114642597818,1.2291659562279273,-0.6249781894012868,1.042988057726519,2.8907286312318687,75.24613889332423,preci,All,Mon
16.25_104.75,0.7699690115677112,-0.2747899219139893,0.9461709751476552,0.6119665813186188,-1.1974864206013351,0.7702536992402421,3.071845725826256,80.9526610485584,preci,All,Mon
16.25_105.25,0.5167404669627447,-0.8934653613662749,0.01930744997074246,-0.2996915404473051,-1.4906424506030584,0.3741929288141219,2.094632094590458,105.85202105490188,preci,All,Mon
16.25_105.75,0.6504747733855024,-1.5145555328645233,0.35292553343277466,0.5919094272269327,-1.3613267907624287,0.5013848725687255,0.5359946018717433,129.1196418081962,preci,All,Mon
16.25_106.25,0.21437096638419526,-2.0374617721632866,-0.2137421456675142,0.5553387343939568,-1.7207860491229436,-0.7928425329462009,-0.08692781096991735,102.62149645233028,preci,All,Mon
16.25_106.75,-0.4878765692049616,0.45289299250304293,-0.6770105166812926,1.0085542986332936,-2.046657732747652,-0.3580489854934445,0.681179621380473,78.04217286284249,preci,All,Mon
16.25_107.25,-0.10572487693617189,2.377704616920308,-1.335240360516922,3.5404029148162177,-1.5736588534546159,-1.8380861347484894,2.216262852978759,98.61117109266235,preci,All,Mon
16.75_101.75,3.2250891908844777,0.7486432144077994,1.5910249714561686,1.3702408886178465,0.531393801831009,2.019461247058028,1.2336378221414723,64.44443416119451,preci,All,Mon
16.75_102.25,2.590346264642293,-0.7062584372108162,0.9330107555296547,1.1007968561278445,0.40833288501194065,0.812851137576905,-0.24208216046114137,48.52688772221047,preci,All,Mon
16.75_102.75,1.7492468936999064,-0.1963684512691005,0.43222220215411733,1.1636853196137553,0.12310740764814165,0.5756568936030699,0.9684504611977266,48.573626344795095,preci,All,Mon
16.75_103.25,1.5439034342386821,-0.07431724511871478,0.40951030341892436,1.738117191629313,-0.12801458722180092,0.6571820471367533,2.501533708170651,58.90784687466267,preci,All,Mon
16.75_103.75,1.2843567534936813,0.3614405333518285,0.9345940638859718,1.856838352732095,-0.49527860457452677,1.1007307279801077,3.5202811556492213,67.38417672630291,preci,All,Mon
16.75_104.25,1.134844668075694,0.7602203660304279,1.0964192065306837,1.2426902754468785,-0.8748186104065475,1.2075139440109068,4.37409029506344,71.08556340026698,preci,All,Mon
16.75_104.75,1.159170990615732,-0.4328953548537083,0.3005751119627316,0.5890164769251625,-1.079981043995166,0.8131522051212293,2.3848307363532943,83.23687824219078,preci,All,Mon
16.75_105.25,0.8132466771290211,-0.8011761272587568,0.20296533112154766,-0.012994322130337061,-1.5613537940043927,0.6913493192095288,1.6782920265312435,107.64478382325909,preci,All,Mon
16.75_105.75,0.4937570688125873,-1.8772253534749916,-0.3446775141084433,0.12871898234346357,-1.788970219184245,0.12542525801922294,0.3638783485369125,107.4785423351561,preci,All,Mon
16.75_106.25,0.6690275072709423,-1.2995614769908552,-0.43189108321197917,1.2340944913219454,-1.3101786377535762,-0.009028757847190318,0.5192104345467291,76.39299354119663,preci,All,Mon
17.25_101.75,3.1535421867803106,-0.28600356457740067,1.004074109162499,0.8055196906306579,0.1401379760127402,1.3903341156628508,0.02613288397085502,53.985068140379724,preci,All,Mon
17.25_102.25,2.51575512428979,-0.905965926257673,-0.3033839012363067,0.6552597760167345,-0.09671614001765873,-0.3610668636526228,-0.43593624003351333,45.40892235250705,preci,All,Mon
17.25_102.75,1.749780903583096,-0.38982213412249117,0.05604923206159244,0.6613145707449477,-0.4932985709293541,0.43208829875047633,1.4371000365089854,47.59946022584772,preci,All,Mon
17.25_103.25,1.600992238212746,0.024466860158755276,0.2923566372581525,1.004203733904314,-0.6174059855220262,0.6908998026676636,2.3854388103995365,56.24826676846719,preci,All,Mon
17.25_103.75,1.2592448659382833,0.2918263447798528,0.6859098399317703,0.8205138133141042,-0.8826232619789262,1.3546396863484036,3.7408335258978127,64.65591228631041,preci,All,Mon
17.25_104.25,0.4601171661511656,-0.9230418737085152,-0.233485297171296,-0.22300901092919848,-1.5991022784569098,0.19506473888740655,1.6703854822810718,74.3997125163845,preci,All,Mon
17.25_104.75,0.17193174054449226,-2.3979984018026785,-0.8270829602666924,-0.8656964915949495,-2.128313657335283,-0.4529067926354387,-0.7517795120029349,89.92315396533687,preci,All,Mon
17.25_105.25,0.04054107137602605,-2.7300915040306375,-0.9313829844116966,-0.6347090063068981,-2.4838472317571814,-0.5397746621071075,-1.2108865404439184,96.19051239825046,preci,All,Mon
17.25_105.75,0.7642676758756942,-1.4224064439901074,-0.13932686306018832,0.5985648769996149,-1.884452412094984,-0.28040419888571855,0.19011701258506297,78.83044248562081,preci,All,Mon
17.25_106.25,0.9383880013043968,-0.12905974611131238,0.36975040125422026,2.5385338480163444,-1.368833887457951,1.7903195207616567,2.7325309417819716,65.01504527880047,preci,All,Mon
17.75_101.25,4.0814978764142,-0.04878486735038234,0.3026204694062708,0.6068651040861585,0.1843082517977993,0.49786758490533534,1.356757375083378,59.60022067338827,preci,All,Mon
17.75_101.75,3.1686093701115388,-1.0015978285656342,-0.4401837657013878,0.3383885198167879,-0.040416292163084545,-0.1988779791227771,-0.8451214681669664,49.465999354152196,preci,All,Mon
17.75_102.25,2.3207789221907067,-1.5369376567523076,0.051008332185727215,-0.03297743358056636,-0.5664421369410947,0.38263194536830175,-0.7821181570293376,47.08439942607264,preci,All,Mon
17.75_102.75,1.5748187889461507,-1.6638938505545768,-0.5838762647753603,-0.12662311716663907,-0.9624513044932059,0.22328064655456553,-0.5101415770736316,53.175112280316725,preci,All,Mon
17.75_103.25,1.0329405313811655,-1.36053396042132,-0.27584839998602273,-0.4210193474820433,-1.398639349705464,0.19150861932794,0.0033769189047849046,62.60253939642461,preci,All,Mon
17.75_103.75,0.4384213641717021,-2.0431739712816137,-0.04735220690024297,-0.9142357557122885,-1.9020073631826864,0.5937604013733401,-0.7312977253318905,74.89000768241597,preci,All,Mon
17.75_104.25,-1.0187611410018014,-3.7412105887641074,-1.9906644384738952,-1.8853642358114604,-3.1588727379297477,-1.3959252197428862,-2.1723974571484934,85.45607461604605,preci,All,Mon
17.75_104.75,-1.3484234561418293,-3.2428570069173372,-2.0002465279923576,-2.3374732357267756,-3.7108990928858607,-0.8005747766803769,0.015221770361324603,83.6088194546894,preci,All,Mon
17.75_105.25,-0.31403878279385516,-0.554571603703129,-0.704584485964395,-0.4659488775867705,-2.6920664451823964,-0.046813493453963566,3.6717329995062946,71.5917621726033,preci,All,Mon
18.25_101.25,4.1204757790448205,-0.4548522869851132,0.7724815407855314,0.1684127641340979,0.29874080216353743,0.12373548378702882,0.8816962899204678,53.09118969847342,preci,All,Mon
18.25_101.75,3.4226664845293815,-1.4463301979781407,0.21011118725774572,-0.09766114616020005,0.04484470311811019,0.050423930937662696,-1.5179071644801094,51.01183858748852,preci,All,Mon
18.25_102.25,2.320707589485462,-2.8896554602871256,-0.6275414726783856,-0.7112567916238121,-0.8763678929196674,-0.1418679049418166,-2.183782554560258,56.073390694219434,preci,All,Mon
18.25_102.75,1.3685401708173213,-2.16875776791927,0.02551946078661247,-1.1632710525538312,-1.719297181360341,0.4264537005129301,-1.0633804129609379,66.31617124627805,preci,All,Mon
18.25_103.25,-0.29919138300273995,-4.103082254201152,-0.8564657295660858,-2.353621769767234,-2.9614753682444706,0.29470173251277154,-1.5019672395050543,77.6055338295822,preci,All,Mon
18.25_103.75,-1.6149315782402984,-5.592284337711522,-3.1489429160948026,-3.4349098958874382,-4.063914193515991,-2.0594308600712643,-4.332009240082278,85.12131957223905,preci,All,Mon
18.25_104.25,-1.5489780616722637,-3.919995922337805,-1.3515877449014342,-2.3127965655051135,-3.7130711814966526,-0.831986685940164,-0.891232394429896,79.17250815399282,preci,All,Mon
18.25_104.75,-0.47672089550124247,-0.5232630624774278,0.046556244960367206,-1.1768425094973467,-2.8971771482441544,0.17053478438790287,3.8227582692152655,65.47497895366644,preci,All,Mon
18.25_105.25,0.5569696486964654,2.0107433255421947,0.9706314727573456,0.25954279873778874,-1.705579851160384,2.750274788721355,4.833122549727938,62.8432180469818,preci,All,Mon
18.75_101.25,4.547573977264723,3.034063525923483,3.6672450605173554,0.22238195920354886,0.30101000000024347,3.2533156299830606,5.341016341316141,59.725869282933225,preci,All,Mon
18.75_101.75,3.9943891232728554,-0.8149222483831733,0.6045172510095218,-0.06420188698158504,0.15756777075835465,0.6781880301280554,-1.6185897049181461,59.38146166401046,preci,All,Mon
18.75_102.25,2.117057561333001,-3.4434418020355197,-2.143870859521671,-1.5323478686314462,-1.399491627262051,-1.3739195750711255,-2.369536071257181,65.93022768056592,preci,All,Mon
18.75_102.75,1.0152041580490045,-1.999299646566156,-0.3637367048855629,-1.8128074875407822,-2.169466486972294,0.5768518887485337,0.12727952376178062,81.60005045158506,preci,All,Mon
18.75_103.25,0.6693631841164712,2.9722616527407544,1.8671912815378227,-1.4203090366389188,-2.0396122983334903,1.5565655404894132,1.8580194562609935,93.35057685895123,preci,All,Mon
18.75_103.75,-1.0047474382192438,-4.54120648954612,-2.9587632962183346,-2.8569177161442267,-3.4443647452458865,-2.0244685030818568,-3.384556773260052,89.55712623708108,preci,All,Mon
18.75_104.25,-0.25057022900146597,-1.41394979942728,0.8677508551999931,-1.1479242801735392,-2.288388490095077,0.14854838340263077,0.5984518572404731,69.03798592758768,preci,All,Mon
18.75_104.75,0.5875684088963954,1.571541858382725,1.9790728773118251,0.3601344439344152,-1.6274939993524855,2.5534535655702224,2.647448609115208,59.339334706632066,preci,All,Mon
19.25_101.25,4.578203314761655,3.785209940928325,1.517070929907489,0.1250377221827343,0.1309867623419295,1.6677691555684524,6.571638821367762,65.1739437960083,preci,All,Mon
19.25_101.75,4.195747231838278,-0.44397090667142686,-0.27796754931386874,-0.02124487436223204,0.14177597423063032,-0.4090792615696597,-1.3681802707396387,65.16864993414686,preci,All,Mon
19.25_102.25,2.9160983813658086,0.15475412606146613,0.7295317465052351,-1.0353601336390201,-0.7754395009467138,1.79729864183998,1.3714245248805907,68.14559445216004,preci,All,Mon
19.25_102.75,2.2432999414284005,2.5470996448830188,0.243574696557361,-0.995406758723451,-0.9595564263110141,0.7549905851294128,2.4955943959925855,76.99422710961525,preci,All,Mon
19.25_103.25,2.1053149095304744,2.2733334536315275,0.8671492557709103,-0.5678965525533007,-0.6149084799625297,1.3213850688531912,2.9400311806213124,84.78100775737468,preci,All,Mon
19.25_99.75,4.953150601000203,-0.48496234247293174,-0.3452128506546849,-0.04248161418928947,0.3994807211462823,-0.05200404459528411,-0.28634612706966006,64.87417550276724,preci,All,Mon
19.75_100.25,4.7009547725424445,-1.3164771279195548,0.20858592987178745,-0.8040545530627348,-0.06393214168318172,0.23989855932447912,-0.36983008234400044,59.0972688434902,preci,All,Mon
19.75_100.75,4.675148817333611,-0.2952402572796395,0.965735275771946,-0.46186296108141417,-0.11571670965853063,0.9637764707581491,1.0205925834183471,62.33796817782689,preci,All,Mon
19.75_101.25,4.637454639782734,1.3950413703090494,0.7381906524936331,-0.3760623058476313,-0.09630521556146686,1.2051353935957498,1.7844949171795847,64.3691313933943,preci,All,Mon
19.75_101.75,4.095048137905236,-0.7721263914637249,-0.4468940096636573,-0.5823218352373689,-0.07278934247537804,-0.5208284198222309,-0.8715622366464423,61.18250493158679,preci,All,Mon
19.75_102.25,3.35255283736869,0.07104062749128037,1.399805129158112,-1.129978387762237,-0.4626617380348038,1.701749981351273,0.18231921689726588,56.32739936889417,preci,All,Mon
19.75_102.75,2.39167428835615,-0.9630927735648674,-0.7301647682718525,-1.1241236638369758,-0.8851246327001069,-0.613505971137589,0.08774613242041782,57.725871341245245,preci,All,Mon
19.75_103.25,1.9192640773273153,-0.9235264024619759,-0.905007535423569,-0.9180654174136949,-0.825660190455198,-1.1400330910740548,-0.9482571062178103,62.26909432821727,preci,All,Mon
19.75_99.25,4.812384555920585,-0.44801812236638794,-0.2140764507314249,0.0089026072366978,0.4004377611139785,-0.04574986084594452,-0.17114838151040704,72.49288960054216,preci,All,Mon
19.75_99.75,4.455718941548454,-1.867301979146119,-1.2284908069962885,-1.072664077163053,-0.21253568495801536,-0.9434785054050482,-1.6192499785581782,65.00885518304271,preci,All,Mon
20.25_100.25,4.0153617518344795,-2.679885329366913,-1.047185629315013,-1.4969257939309653,-0.7078933811557199,-1.1691505430930855,-2.506020498962932,64.18098653807697,preci,All,Mon
20.25_100.75,4.202107398968961,-1.2914975973198979,-0.37776533008248053,-1.1648654992872696,-0.6144164323594088,0.4278064065843921,-0.15768215390466914,60.40155364412852,preci,All,Mon
20.25_101.25,4.384762204246662,-0.5853581228484843,0.29110633106966466,-0.9169602163189464,-0.4721360024340804,0.27789804093508624,0.3248817381147712,60.71483529541114,preci,All,Mon
20.25_101.75,3.9899466011340974,0.22676861774065227,0.24503249937489016,-1.194833006049006,-0.4674592872409698,0.4223664131564888,0.042859945974635306,55.02983232716676,preci,All,Mon
20.25_102.25,3.6164080214765053,-1.3589341287221084,-0.5278895797750051,-1.586081090765701,-0.6170076123413564,-0.14728239077084168,-1.2807985950467284,47.48015934339888,preci,All,Mon
20.25_102.75,2.719023910747138,-1.6163142976875675,-0.34859186150620414,-1.5343338573575271,-1.0266641819850333,-0.23524746270155478,-1.5648803146154224,45.30583650078567,preci,All,Mon
20.25_103.25,2.1282215813699312,-1.3308418287575097,-0.6500320079516908,-1.206858988286835,-1.0418820806777986,0.22665104019187407,0.14377012059990169,50.313982765607825,preci,All,Mon
20.25_99.25,4.337152864624124,0.13821569960578023,0.6832897699857265,0.06307648469124605,0.1516185997915501,0.9300126683559043,0.7094127745253653,72.78665600390127,preci,All,Mon
20.25_99.75,4.176812436258339,-2.0065932823953663,-1.070048406304087,-1.2459520012815612,-0.4883231806522317,-0.37173709856259457,-1.4867810686722907,71.74511724583421,preci,All,Mon
20.75_100.25,4.0591560140836105,-1.81121021359321,-0.20938952519280574,-1.1874382152392233,-0.38244450003651637,-0.470606437756172,-2.0923481957906103,71.77096598420563,preci,All,Mon
20.75_100.75,3.928607671564507,-1.5438123021193502,0.09623271968714803,-1.3990704524093556,-0.5910971136918132,1.093900660840788,0.13145247354037323,58.463757983627524,preci,All,Mon
20.75_101.25,3.936606822935285,-0.32494971477588025,0.32387464281389033,-1.4006039201911153,-0.785918360015192,0.9984061351611109,0.7556375662804472,54.346114695325106,preci,All,Mon
20.75_101.75,3.7354392246011408,-0.46585010227088763,-0.6144422357617467,-1.3613866145804532,-0.8184754229736029,0.13703607868701637,-0.33673330602983664,53.971948774629126,preci,All,Mon
20.75_102.25,3.4801714599606632,-1.0508803315131876,0.7021994570006959,-1.3552485919013593,-0.9781252779259846,-0.1603049135178434,-0.9735153658444017,49.54083236676452,preci,All,Mon
20.75_102.75,2.946447048352932,-1.4155189043237626,-0.22938286034496952,-1.2427811124812294,-1.1207130999281583,-0.5222610422904521,-1.1280980296777348,44.85370497817335,preci,All,Mon
20.75_103.25,2.2778376494753347,-0.38914527273911426,0.9766542146622353,-1.416374088217353,-1.3895959519982954,0.6621720151932924,0.7328180630754637,44.79621135199886,preci,All,Mon
20.75_99.75,4.385107889641343,-0.3764497832501383,0.057959686961249056,-0.6587361021846703,-0.09794520180494029,1.842911269154224,0.7572318287804592,77.41264641093076,preci,All,Mon
21.25_100.25,4.093421197068964,-0.8833511568968618,-1.4158557766047954,-0.9370346868091564,0.07799940558009105,-0.6336499668649771,-1.1929475265346658,71.73444901574017,preci,All,Mon
21.25_100.75,3.8825937694788792,-1.2222348267025853,0.7752619290770288,-1.316494558423294,-0.2553458444431284,1.0421037597236986,-0.9468572588135543,56.50023028720289,preci,All,Mon
21.25_101.25,3.65295300446458,-0.7420827385772355,0.03074245299520122,-1.4899904256338516,-0.7106248429822917,0.6503379396046342,0.1759202219125976,50.72442656833434,preci,All,Mon
21.25_101.75,3.482199257416683,0.5261714402209253,-0.07849976597117053,-1.437628469466696,-0.9984710826824551,0.1067578333893823,0.42823517087508084,52.968450053033955,preci,All,Mon
21.25_102.25,3.309267179207888,-0.9915514563351147,0.5891629971023994,-1.2890250601810773,-1.2354493265817992,0.6928199780248583,-0.540623611443851,52.33146755939885,preci,All,Mon
21.25_102.75,2.6757410498310588,-1.5299476674578008,-0.19205580763607774,-1.4209344299813393,-1.5710346148026864,0.14138140768639207,-1.0176481073690726,48.6718369315579,preci,All,Mon
21.25_99.75,4.231047829426329,0.6985910264133701,2.1892240333468207,-0.4731397072754732,0.22287235328506128,2.461549784426674,1.028970148073,75.72932902739979,preci,All,Mon
21.75_100.25,3.2282115513931804,0.8300145923042312,0.45705401877695817,-0.9721399886581419,-0.01656346270352429,0.5308354170234538,-0.16288691583856507,61.96347885272736,preci,All,Mon
21.75_100.75,3.353575180436027,-0.8293355788876441,0.7300795478776023,-1.132451587184915,-0.08322038470123999,0.9012930814486426,-1.2712938160952965,54.41296077663696,preci,All,Mon
21.75_101.25,3.3137335993571604,-1.253147587259923,-0.5275062185624553,-1.20603855461198,-0.3664887644222774,-0.47683277523448553,-0.9870637933982371,49.22245695938005,preci,All,Mon
21.75_101.75,3.0083090490341817,0.26900581666775303,0.523307793178891,-1.4818951336409072,-0.9991538838782316,0.7074942709433331,0.6254096084489512,50.55254094668183,preci,All,Mon
21.75_102.25,2.854190508362967,-1.5432621120945225,-0.6056354245222015,-1.7244528598446065,-1.4094139095957545,-0.32183544566012223,-1.2097333801927155,51.845993345427296,preci,All,Mon
21.75_99.25,3.4285895535330826,1.2079896550933868,3.521550694601303,-0.3024127090556695,0.12600433557759713,2.3801707771269225,1.755375908878089,57.64114231221798,preci,All,Mon
21.75_99.75,3.3759451791896264,-0.32375750825424315,0.10694657875483744,-0.4386034561028727,0.2085262445713625,0.13350004441243343,-0.8071418101163863,63.22845054010992,preci,All,Mon
22.25_100.25,2.433234602724031,-0.26513733358837993,1.666780778681277,-1.2337983952785505,-0.4195230733558944,2.320750829916894,-0.4424530374095564,53.50320122165673,preci,All,Mon
22.25_100.75,2.6688810102344513,-1.397509931514588,-0.5208290837850765,-1.1756812527111757,-0.36108997008159444,0.1684096018757439,-1.685027081443549,53.445681108806625,preci,All,Mon
22.25_101.25,2.5792629841551182,-1.2909970474463994,0.07269716043953493,-1.3629249843345992,-0.6890152733192406,-0.34879488062164293,-1.2067692719401066,52.805256699386106,preci,All,Mon
22.25_101.75,2.1524902707906772,-1.7493308811838235,0.11744265030194098,-2.006139541783661,-1.5361941658833216,0.18627737771524633,-1.4957020771360856,53.21687121200553,preci,All,Mon
22.25_102.25,2.1028417185548136,-2.566310953519155,-1.1243168062916258,-2.2192782303002363,-1.873690015368462,-1.5585248076229024,-2.37398609593937,53.275153059139015,preci,All,Mon
22.25_99.75,2.5767074443518214,-0.6901878790652755,0.6912909510857467,-0.9568170697942315,-0.22643422408944355,-0.8407620964075373,-0.9070755478158795,55.01833893349797,preci,All,Mon
22.75_100.25,1.5251930270316918,-0.4613522676984695,0.023389948448825918,-1.7318332910076615,-0.5784445291560496,-0.5120512549705638,-1.5927071552027559,50.00844921997984,preci,All,Mon
22.75_100.75,1.5690045436225093,-1.3884272531485815,-0.5731596056430378,-1.6813252445860472,-0.6342904853196741,-1.2462394786294897,-1.3785541340287397,51.998344209277825,preci,All,Mon
22.75_101.25,1.461822339648174,-0.48314894262836683,2.374307508096972,-1.7984370458236696,-1.0607443176694356,4.186319618671214,-0.16183904151566755,55.40771754248171,preci,All,Mon
22.75_99.75,1.8701120973868295,0.6685557260136729,0.14463912758575567,-1.3987484164131614,-0.4726324342064242,0.5931170787139309,-0.21300346323957509,53.63508419624722,preci,All,Mon
23.25_100.25,1.4147761545745594,-0.7652145544724315,-0.48158036277284355,-1.3419898301810802,-0.15430639320200684,-0.43263880704843,-1.5429835932335527,55.37367254114993,preci,All,Mon
23.25_100.75,1.4414503776477903,-0.8576098393772033,0.07776922116702271,-1.3176323483233716,-0.19573452543648232,0.9567330333688852,-1.0155593049915732,54.42053068946548,preci,All,Mon
23.25_99.25,2.073210742628654,-0.43009203193717876,-0.007044243339114577,-0.8442657857863447,-0.03180707124963383,-0.4287195800933276,-0.3758932684868353,64.11102008136429,preci,All,Mon
23.25_99.75,1.6396415339400296,0.7396842257060465,0.2941635237239794,-1.1035856600526115,-0.15201697506929274,-0.04059775464185657,-0.2481376466315284,61.604861214737944,preci,All,Mon
23.75_100.25,1.5601674073746243,1.3885815122003509,0.4450153273974695,-0.9006318731450298,0.26250394785525666,0.681048268275502,-0.2428500314645947,63.789257806179776,preci,All,Mon
23.75_100.75,1.5476588960956268,-0.21115393399163634,0.22832558936959085,-0.9705095475650768,0.24776894767314003,0.48578228443340205,-0.5091732975720109,60.23743707085302,preci,All,Mon
24.25_100.25,1.598885589865685,0.7026670013090376,-0.2540588659428082,-0.824054910439656,0.46053178631571895,-0.27194562502851793,0.07779212312699357,68.38178901490875,preci,All,Mon
24.25_100.75,1.5216277691167932,0.23401187036784796,-0.6246446445359038,-0.9780233859133546,0.37745253094788545,-0.26859262545280804,-0.5770226451058911,68.35054841963445,preci,All,Mon
24.25_99.75,1.81324331779636,0.1614774099421732,0.9002299259779366,-0.686624945725851,0.5425772155146357,1.9581631563473871,-0.008620633229435763,63.45941397527012,preci,All,Mon
24.75_100.25,1.203986418000737,0.5339631532819572,0.600568351488251,-0.40600930609191216,0.7460896172060278,0.2416811121895952,-0.14329761066678043,63.60484470219716,preci,All,Mon
24.75_99.75,1.4322430943096296,0.1964405848975288,1.5318322322316422,-0.2713369781601387,0.9174896494417918,1.1942525432746132,-0.17078309355733265,60.89222687936182,preci,All,Mon
25.25_99.75,1.2319536517997238,0.41342008208968867,0.766650777730001,-0.04081438565196552,1.0269652271771286,1.1503344538855989,-0.29922953518304535,67.03935265183833,preci,All,Mon
25.75_100.25,0.3000345823606428,0.5939541694662602,0.9114318074611153,-0.6936174427009708,0.5084126037072341,0.42912673827569386,-0.5553512704067733,65.73034922915369,preci,All,Mon
25.75_99.25,2.1521155068138373,2.0074411142088473,1.8942431052099058,-0.28167135188614345,1.3617985883736796,1.709022979704906,-0.14512241901110998,99.34640401192884,preci,All,Mon
25.75_99.75,0.8361573141474051,1.160608559890459,2.4692550969180576,-0.47482439763531337,0.9253157842572015,1.4804271090372025,-0.3046148171420231,77.7574796834434,preci,All,Mon
26.25_99.25,2.3601049157847362,4.1788939083943335,2.2036431023665872,-0.4878418871000403,1.641075333445144,2.4933047632336347,0.4388176298263738,116.71627206825627,preci,All,Mon
26.25_99.75,0.8058383901157454,2.216226545838823,2.3744102522799717,-0.6357626417724362,0.994816894917849,1.7752675536011415,0.10446959999800214,90.9491978963605,preci,All,Mon
26.75_99.25,2.437680104238017,4.508961145188175,4.966944060336187,0.09009369996767695,1.921448959809842,5.210755914374441,0.3645973705799251,124.62542446276692,preci,All,Mon
27.25_99.25,2.6537272593068955,4.4053648334717295,2.9293625180886615,0.35986606268971616,2.138613665544931,3.8354827703308434,-0.22942559127543816,129.81703691107694,preci,All,Mon
27.75_98.75,1.5165191147497628,6.857670424477192,6.349001435934473,0.2566119884275697,2.121524636254867,7.1079667273139595,-0.08957718633065885,134.7630161133598,preci,All,Mon
28.25_98.75,1.679427735626324,10.836417552363285,3.0040806575251913,0.6967344257088974,2.3075073633819407,4.033478872172537,1.9933973359581532,110.99449992569582,preci,All,Mon
28.75_98.75,1.8760931415016255,5.430308706490273,0.8623775284193875,0.184901370137367,2.6097937233292305,0.8746830439444319,0.7320879171541773,94.31530606221628,preci,All,Mon
29.25_98.25,1.3457681390765268,4.220039955384964,0.4670412837915434,-0.20730831574400468,1.8183774356066753,2.1268232476564934,0.4802053648338586,62.184465198563764,preci,All,Mon
29.75_98.25,1.3616120549329567,3.2009798778585834,0.5363557896319651,-0.2510354924064313,1.3017526308802259,0.24089283398185996,0.7073485676241776,47.18677524973483,preci,All,Mon
30.25_97.75,1.174421990683654,3.7881171889434144,1.4761765412487835,-0.025268479518189335,0.6756694399038968,2.8387192278360747,1.2211944996413495,53.53299913818718,preci,All,Mon
30.25_98.25,1.2086232358439077,2.762368687712777,2.1873813191573115,0.2448719433273693,0.5988743592149647,2.271158017301003,0.6189932160114701,47.077959107689324,preci,All,Mon
30.75_97.25,1.222048719034483,1.0981727310574305,2.2090614802160795,-0.11627134201726916,0.27337944566445943,2.0585565709431646,0.29996284362347897,58.55462378601455,preci,All,Mon
30.75_97.75,1.2422672964693353,1.860055877133647,1.7928907952548656,0.01963958911750204,0.20443725232472798,0.8812789838217568,0.3776836212900491,65.71506236607296,preci,All,Mon
31.25_96.25,1.3346440184987798,1.4551392932336786,1.962732121371627,-0.2974214877123407,-0.13263365505214855,1.686663316230194,0.030593913312954708,57.77453722248494,preci,All,Mon
31.25_96.75,1.0310024018739237,0.5691970059037994,1.5889004185056395,-0.3566305277098837,-0.09800266133411076,1.474571284598178,-0.09125065534424309,48.98087013104213,preci,All,Mon
31.25_97.25,1.1841902654814382,0.5395393219883042,2.1702431188327873,-0.31296252447615786,-0.0804060113246891,2.2509949352270335,-0.13143210195606192,52.369556146403106,preci,All,Mon
31.75_95.75,1.5114957142284229,1.5997564090973482,2.7303561856057,0.09184482305251604,-0.3316603031315355,4.1343768936269285,0.9572318317337493,66.25135435937533,preci,All,Mon
31.75_96.25,1.3329126065939627,1.1760596108503074,1.9858682370310579,-0.01745801906011855,-0.31601466272552137,2.2524915932639744,0.42972749180840536,58.3719031291886,preci,All,Mon
31.75_96.75,1.0770730590594098,0.43411030441484505,0.971382233237897,0.025919891668955895,-0.3056410959348834,0.9541925119136715,-0.1522757062927895,49.14550033350195,preci,All,Mon
31.75_97.25,1.257713266439505,0.7568388786306358,1.2081524611398333,0.11009245907693954,-0.32627291463944513,1.4239792484698754,-0.028678104649058532,48.808337699596485,preci,All,Mon
31.75_97.75,1.2921804190568384,1.7068200657006747,2.4874810269551033,0.01274752237960417,-0.343139924638037,2.27622450733287,0.2619706050942686,58.01908251586919,preci,All,Mon
32.25_94.75,1.538305355447379,0.5445082088021381,1.2417243306252745,0.2682942306670488,-0.42885531751763906,1.8332221772127018,0.3622232771947296,68.78955969008821,preci,All,Mon
32.25_95.25,1.626204589651007,1.0011600707203054,1.1242075679556747,0.2716514152346643,-0.4233277579693978,-0.024179025488405618,0.17870387185704553,68.90734902784676,preci,All,Mon
32.25_95.75,1.4543641412680535,0.6433240275784908,0.7143103117836516,0.2661899001994673,-0.40323702818597124,0.23708573357025747,-0.033150143919716366,63.70459264630196,preci,All,Mon
32.25_96.25,1.342958752678885,0.24125235625253857,1.643904693664617,0.1479328360700977,-0.4090940076491143,0.8224423209857443,-0.15881384371841528,56.21393532960389,preci,All,Mon
32.25_96.75,1.2598687333435856,0.6768703678319696,1.9243478063343313,0.27274563040972466,-0.36069835851748994,1.833989548297747,-0.02431571566632797,51.362510218188056,preci,All,Mon
32.25_97.25,1.3773750334294552,1.5806844081889404,2.601276911777401,0.47335042192441845,-0.36607820669329355,2.505101280983188,0.29991717905565385,53.25345930670924,preci,All,Mon
32.25_97.75,1.3475859017745746,0.9162553622273973,1.511787897486567,0.26057977176257235,-0.41205558155026184,1.7218847490286509,0.15377328341921645,59.728998174562896,preci,All,Mon
32.75_94.75,1.5029443289367468,0.4991746262718891,0.2725954263442326,0.10454093008054573,-0.3234055690868146,0.4101116591843052,-0.04441710045232882,69.99610282761394,preci,All,Mon
32.75_95.25,1.557025049141506,-0.04707909669366854,1.4300477038045825,0.16668676241493385,-0.3487465041242913,1.925855798950507,-0.3304999135386479,70.38208628146077,preci,All,Mon
32.75_95.75,1.4753945075579162,0.15574739131644044,2.9777018159775257,0.252819724800148,-0.34521122549207073,4.115637601426166,-0.1540769906860386,65.49485926514745,preci,All,Mon
32.75_96.25,1.4242724350435279,0.25709460635783177,2.528551474463955,0.19713704420240788,-0.3201354365295038,2.1544826598376705,-0.11548114919693483,61.67580881299861,preci,All,Mon
32.75_96.75,1.3377168030472903,0.8925954988915381,4.346743161060527,0.20011336434656538,-0.3134211421725666,3.672649353488372,0.10559237372882038,59.67448902848295,preci,All,Mon
33.25_94.25,1.2812946259845233,0.13399824452177173,1.2464985207677386,0.008581151148561105,-0.20906110779208162,1.1668803575551268,-0.10870181982508383,65.03226427759006,preci,All,Mon
33.25_94.75,1.3521332022424974,-0.10784840701848653,1.194403107263477,0.1871308883064106,-0.2268858146337206,1.5869731743215412,-0.13342733725572742,68.86998528891908,preci,All,Mon
33.25_95.25,1.4505797350257732,0.5603631948285919,2.9510867787085804,0.39662023240936367,-0.24363787122570318,2.8806212902993824,-0.03890097054187074,70.7273818554441,preci,All,Mon
33.25_95.75,1.4574828882428699,1.2198620346859774,3.975663521625131,0.35261065323939966,-0.25289474838326603,6.656304957269372,0.3385886737994156,69.72932343124157,preci,All,Mon
9.25_105.25,0.4959585085345105,-2.736338666990244,-0.047164025939962925,3.364680021608362,-0.34214947458471207,-0.6457062677666398,0.35555637913971233,97.65014396126845,preci,All,Mon
9.25_105.75,1.0000340983043767,-1.2928985863376505,-0.40188030979609757,4.8408289821724475,-0.46425966330191853,0.1648881778433399,-0.07927482177318447,100.14554188044067,preci,All,Mon
9.75_105.25,0.6926712192693273,-1.1706382999061602,-0.2366192524922606,7.609355272837525,0.3091765257867863,0.14202044998631122,1.3449902645772367,108.8181257489994,preci,All,Mon
9.75_105.75,1.0905994254835332,-1.7328767705037431,0.23988552057499704,7.479280530294866,0.02909195494477845,0.04096321637753308,1.6224368076367013,95.1924276464054,preci,All,Mon
9.75_106.25,1.3450157665070535,-1.2466593564419841,0.5064483798957926,6.792408614956463,0.3156244998224984,0.31756059554753097,0.44791995660160705,96.0323331106158,preci,All,Mon
10.25_104.75,1.639665294643308,0.061705810306832594,1.593582954446575,10.440120439328622,5.011206634340261,1.6945863424434497,0.5652998336557136,115.63471189896134,preci,All,Yr
10.25_105.25,1.335845034183801,-0.14332686968288652,0.7495006307636493,9.734602577241091,1.5980627380754668,0.7162913464396231,2.465591927395301,105.36372886404271,preci,All,Yr
10.25_105.75,1.3059523709666527,-0.8283581727320671,0.2739251384346633,8.06941423235836,0.7515001309977594,0.11048043509823062,2.500263646291569,95.46659689015785,preci,All,Yr
10.25_106.25,1.4503604431438326,-0.8236092835300582,0.3998124756833166,7.234037740307623,0.9178238123261218,0.34462557498603374,1.7386674147433139,96.96353114601274,preci,All,Yr
10.25_106.75,1.4649931617470942,0.49835610231780275,-1.0722626704765303,8.126921052279965,0.4963647999347469,-0.08440651586659059,0.6576774641212505,115.23152744349242,preci,All,Yr
10.75_104.75,2.2244099655675584,-0.6108835668677132,1.4022558295868959,11.556803096264847,4.178695639867806,1.5380735426997654,1.5205505531919041,86.39266987943876,preci,All,Yr
10.75_105.25,1.704940141176152,-0.18112960638516273,1.127492998641485,8.920114412879762,1.9026003441769883,1.212768710613132,3.355417838938224,83.04633589959744,preci,All,Yr
10.75_105.75,1.192741669738776,-0.30855837334247066,0.4726196461641465,6.946973590682674,1.2429739378756965,0.5078919291077985,3.0896627274783572,89.99433776383341,preci,All,Yr
11.25_104.25,2.4205240143829183,-0.12221980841534968,1.0419529726760492,11.568872206313626,2.7886772425239346,1.411816717088884,1.4670081233580856,73.63741534739714,preci,All,Yr
11.25_104.75,2.04568366362635,-0.6157076370384266,0.783412651299865,8.493194735459474,2.8669882380196494,1.1981516298787236,2.346429510418607,63.38883660922883,preci,All,Yr
11.25_105.25,1.8181657035847327,0.3249048434911513,1.3674757401195456,7.216546053900384,2.834695259279008,1.3509457892372094,4.070152399010259,68.23015683715813,preci,All,Yr
11.75_104.25,2.265857226598301,0.24485537880978794,-0.31934601040937155,8.8739454512556,3.3495027734600695,-0.04224528449534912,2.686291907215997,55.49414994963498,preci,All,Yr
11.75_104.75,1.842776468632756,-0.26302985877165647,0.3462701088213473,5.863542275229612,3.3976980975961704,0.5670026834030683,2.7409907651608534,49.7490327139252,preci,All,Yr
11.75_105.25,1.7984256548450566,0.793843034909766,1.3199341506285518,6.480029888730654,3.3156246690930953,1.3801354619100576,4.518020380161501,61.12217083346992,preci,All,Yr
12.25_103.25,1.9361325289709923,4.479280300464004,0.8109760752917999,17.435795933239476,1.730719230911254,1.9225186493823598,5.346241677882407,108.28994946631694,preci,All,Yr
12.25_103.75,2.1047491422834623,1.4953091042979945,-0.38547895915180924,11.058644126555485,2.410470895401451,-0.2895634838436514,2.5918219761860146,68.15217910509897,preci,All,Yr
12.25_104.25,1.4906911698551257,0.17193151225302242,0.5617151001051803,6.682296142830791,2.394285132654256,0.8985812139709096,3.8986090419319703,53.199422420735836,preci,All,Yr
12.25_104.75,1.3274103326561462,0.022715229882600402,0.7218232351363297,4.706665191056381,2.473005153609998,0.9944564168564631,3.0644472879294167,55.21229970630674,preci,All,Yr
12.25_105.25,1.4396463594163422,1.1704274287515082,1.505536595454119,6.383006837932449,2.6626711513291177,1.2835878054949204,4.363932812102455,71.87182158256633,preci,All,Yr
12.25_105.75,1.6687328292414385,0.7121401620590775,1.3601989878824352,7.882085947141501,2.868281219893632,1.337235314732042,4.656973933772382,98.95234121118118,preci,All,Yr
12.25_106.25,1.6695683734939666,0.12188571492300808,1.585548460229607,7.315307217325757,3.033502941498419,1.7746301715693538,3.947910858522152,142.38293980959483,preci,All,Yr
12.25_106.75,1.160790772367359,-0.034217563622214967,1.1619288661003517,7.438752892940315,2.4341768972248627,0.4444113212727306,2.5163785074767904,207.45685536004544,preci,All,Yr
12.25_107.25,-0.14698716225120367,4.032975271623825,3.7554575318664436,6.687830177365382,0.8972099698952513,1.552620715718466,6.133024458763011,258.5865404227566,preci,All,Yr
12.25_107.75,-0.3953764264772683,3.09608418352118,-0.7016806197662102,5.443620961127569,0.20984511862955774,-1.0729308523285277,0.08551752304183176,171.91139132307705,preci,All,Yr
12.25_108.25,0.2425893283291287,6.994428098785767,-1.1800361583085133,6.888873558186761,0.6878402210126935,-1.616161868347252,3.341776299229876,105.34308643445885,preci,All,Yr
12.75_102.75,2.410722084852322,0.5088270987619805,1.586189242719358,16.25774383800526,1.7458356797808934,2.412033601259355,1.735972203209882,102.80439477657734,preci,All,Yr
12.75_103.25,1.9602098609607677,-0.286939541307503,-0.13433559974648432,10.200564347274373,2.050850392359296,-0.43487819807075556,0.02567026744071521,72.47919197228566,preci,All,Yr
12.75_103.75,1.5551481420665318,-1.1218108034445038,-0.32033605314036756,5.871596266333686,1.7186898091921214,-0.1945815437913446,0.11004123024128838,57.89341415656981,preci,All,Yr
12.75_104.25,1.2778132523288355,-0.6676194668666321,0.4391127941666577,4.881318593660216,2.701566885632105,0.48316659936301526,1.1789759349339568,57.97670872869229,preci,All,Yr
12.75_104.75,1.4419233897323265,-0.26266157625034314,1.1366323561529919,4.666539628848324,1.4761130703608425,0.9578636328438397,2.246516095846908,71.25757462411183,preci,All,Yr
12.75_105.25,1.5636150040868744,0.6407313625297159,1.2837605030821613,7.1801716683292165,1.947886353512973,1.363238455877893,4.186508464352557,87.77897995813777,preci,All,Yr
12.75_105.75,1.7105155933180454,0.6934659271752897,1.435602594665246,8.102636655124167,2.2904970067398027,1.2331825706270454,3.756184466933896,105.06265884753967,preci,All,Yr
12.75_106.25,1.4526861951565861,-0.5154400079813174,1.2650427784568108,5.279747518702148,2.4216832032661446,1.087033137441678,2.7421253183490557,128.74725111091368,preci,All,Yr
12.75_106.75,0.9108764806450829,-0.5280418265326525,1.6170147762892053,5.581505242110999,1.934382566824639,1.4851310626243521,2.3729198894054573,157.21903370104292,preci,All,Yr
12.75_107.25,-0.23349986646251322,-1.099118349050025,0.471596919567441,5.362924922302282,0.6448531788641901,1.3784866284126842,1.4779612706240899,171.440267367051,preci,All,Yr
12.75_107.75,-0.31569270681918915,-2.072377865646583,-1.0874652912798985,4.325465201939298,0.14692499874070084,-0.6594637989865587,-1.5571987958962261,134.03376610159594,preci,All,Yr
12.75_108.25,0.1172548442080055,-0.2826247933471185,-1.5755712606230954,4.255327886400636,0.5055067712959039,-0.2735314553442801,1.1858560032287189,89.90645521534482,preci,All,Yr
13.25_102.75,2.345058405345553,-0.1029631316635231,0.4815185311072153,8.580612299011113,1.6369024733844038,-0.13888581100060957,0.13301518567971088,79.32043247786865,preci,All,Yr
13.25_103.25,1.8315311941485826,-0.3400042743525752,0.5992929689124804,4.995439847569303,1.4982001870533042,0.9073252915491454,1.143525010946035,69.25265550441301,preci,All,Yr
13.25_103.75,1.4492038258902598,0.17745532777624676,1.294874555476841,4.133155689647873,1.9023149690471266,1.2935639676386943,2.02451258987314,69.32694607681591,preci,All,Yr
13.25_104.25,1.4739803224759376,0.42958075497036385,1.8017159949592307,4.753075454387457,1.4634717071723484,1.7915841616828507,3.2228283950723497,83.06307407692829,preci,All,Yr
13.25_104.75,1.7598618182789059,0.3856991489754898,1.8559400470600675,5.938883289903116,1.2173375580318955,1.8457655014475334,2.9315032527359572,99.15193004333834,preci,All,Yr
13.25_105.25,1.7104713201742623,0.5692604777731507,1.27080647053677,6.936469693228561,1.471268034027932,1.4499617370087734,4.053933387093679,105.37385984770825,preci,All,Yr
13.25_105.75,1.5422692556367938,0.840277095379474,1.3356215956921245,7.609519141318377,1.505847952058598,0.9858302452051565,3.7001459421653515,107.52303248097789,preci,All,Yr
13.25_106.25,1.2374591147295928,-0.21500200485689563,1.7707350262381167,5.637136688348187,1.476455912952124,1.7999283755248372,3.2494836462325334,120.48403509733804,preci,All,Yr
13.25_106.75,0.6530260328949078,-0.5486247050532023,1.3347886717533664,4.0785961051153725,0.9063112792243019,1.7628073483194768,1.9848501640823157,142.43889474085512,preci,All,Yr
13.25_107.25,-0.1566374589866817,-2.2565548396367396,-0.3316480304006632,3.3492251634659396,-0.16145088292575638,0.15219965070693708,-1.2491745961992313,155.55290870018746,preci,All,Yr
13.25_107.75,-0.29063341745151977,-2.381241752063737,-0.9047774754526051,3.266844298665907,-0.677318852219075,-1.223259629438565,-1.828870834830086,124.30141886668996,preci,All,Yr
13.25_108.25,-0.01906425685500346,-1.138023049623872,-0.18392360274796143,3.904131325059087,-0.4447284511106212,0.5685467610790271,0.6315470700233694,87.23604218022025,preci,All,Yr
13.75_102.75,1.6673317496180884,-0.6244602638055424,0.6645665823137855,4.451107397597455,1.3586458620696806,0.5363042952593083,0.6741142674813888,85.86837487789886,preci,All,Yr
13.75_103.25,2.053409840750268,0.013310426393739631,1.3150973822096392,3.8949475306341674,1.4747277375234003,1.1899645747176162,1.6051085483245136,86.90128868546951,preci,All,Yr
13.75_103.75,1.891219314814644,0.33946379889791367,1.5812228264567167,4.945468458303736,1.3905438132878432,1.3982436433827676,2.6164026068747352,97.65116980456229,preci,All,Yr
13.75_104.25,1.904304615022897,0.23710215588250694,1.6420677712382363,5.24451428282144,1.0566753926137307,1.5454798184469614,3.263713812229577,109.95315507212271,preci,All,Yr
13.75_104.75,1.886876461064511,-0.2054240014758917,1.4459528577960095,4.300057601729709,0.9446141331291825,1.2800967754403234,1.8721943802153094,113.94825841151697,preci,All,Yr
13.75_105.25,1.7070281927470898,-0.3521761491536595,0.8213796621842053,4.626232574512397,0.9450164613911072,0.8920037526287159,2.927060915257082,113.44230916057175,preci,All,Yr
13.75_105.75,1.3799869475488429,0.23908585253652484,1.1655040833073076,5.301666385752032,0.9197291842751449,1.2179327930695283,2.2878065431632373,118.3740408680723,preci,All,Yr
13.75_106.25,1.1516467793547054,-0.2458201402245131,1.7221012969920313,4.761366501592259,0.8558185023904102,1.10013535063816,2.060996348895128,140.79907408761045,preci,All,Yr
13.75_106.75,0.5254894035363882,-0.7338206488057835,0.637061032644102,3.947268558343737,0.1290327248395354,0.7579648167190194,2.14165483844742,182.4237778588997,preci,All,Yr
13.75_107.25,-0.0059027812003763875,-1.610566976174762,0.6452916601573525,3.5612378685103625,-0.7211685794404827,0.1500760798009036,-0.5610447850520082,213.4768273738085,preci,All,Yr
13.75_107.75,-0.4810998524296786,-1.6433203611185607,-0.33149567628537197,2.4307724798101167,-1.3197402989370857,0.13803722959607617,0.46657157181500497,161.11498073587043,preci,All,Yr
14.25_102.25,2.264582324199415,4.106283330228471,1.6734022250813887,6.70947071194125,1.1574017707586586,1.0150030818482356,3.8490569667203727,92.59799310781592,preci,All,Yr
14.25_102.75,1.9120738461249378,2.0668191682931236,0.8843438999680131,5.832111707545062,1.1163190165162282,0.9858269335422369,2.7282013198964687,85.65038543484637,preci,All,Yr
14.25_103.25,1.8033076702823534,0.5379293943706591,0.8462232718914919,4.34168919100985,1.0124348881065524,0.7394608325260054,1.9829957561983855,90.32456353270379,preci,All,Yr
14.25_103.75,1.651529732643142,0.6307016463728216,1.1317654048513128,4.461087100747742,0.8681971935857313,1.0810750667379916,3.3565946098233623,99.52348934002501,preci,All,Yr
14.25_104.25,1.7429977328064512,1.327988904802464,1.7108527478970144,5.065208747286583,0.8156707257722149,1.6378922375967777,5.3059452624538155,104.91498548055372,preci,All,Yr
14.25_104.75,1.4160513879953924,-0.1764682928312018,0.5348154138802705,3.3579736823834105,0.4275116414515366,0.36342740243271293,2.5651970361129095,106.06442074819167,preci,All,Yr
14.25_105.25,1.1343916042883808,1.1213900612228813,1.5629034734826532,3.6156170034578015,0.14010378514319288,1.0416556268588313,5.436292101319606,114.76362544285917,preci,All,Yr
14.25_105.75,0.9757908499112955,-1.4127555521272592,0.47902094536766016,2.2467138625470096,-0.07549162999223152,0.5913810275057542,0.26113455579318906,144.3425757955744,preci,All,Yr
14.25_106.25,0.7111651931692283,-0.8227418283459821,0.5375397910856952,2.574671028991072,-0.1660190411659367,0.8530548532981963,1.2090622464262308,190.17593856502955,preci,All,Yr
14.25_106.75,0.07326242862883293,-0.5814267883082882,1.0144650367106707,2.4218050272136438,-0.7926525251345944,1.0927186954480084,2.368993570601768,237.85264247888784,preci,All,Yr
14.25_107.25,-0.4119637316653959,-0.9699222782230456,0.6606936020841762,1.954598529553701,-1.3428308626446381,0.7200795873846666,1.1221140730877273,232.83035466139467,preci,All,Yr
14.25_107.75,-0.16843901511749046,-0.32402725931728754,-0.985895670975428,2.134839543434744,-1.1466583795424699,-1.1507982333293443,-0.24290299066459095,141.3923019289817,preci,All,Yr
14.25_108.25,0.6772231841176952,3.78538112792537,-0.6346981506668191,4.18903603100782,0.11040040261243703,-0.6292651941664265,2.24694869079733,89.395443832498,preci,All,Yr
14.75_101.75,2.6299492197912877,2.0642472068822197,0.6785220177210999,4.202999019829497,1.4625657075194736,0.8452976106737239,2.542424599016675,97.53196209513509,preci,All,Yr
14.75_102.25,2.221966858712388,-0.30524870912575675,-0.318368074348977,3.283947190750268,1.0905537943594572,-0.016439028585048174,0.28658670645830775,77.24635202224992,preci,All,Yr
14.75_102.75,1.6078531431953298,-0.17846261256320956,0.15955914702503443,2.6768239674771803,0.6905825670159125,0.2523471345785191,0.9766259747521738,70.51973796477624,preci,All,Yr
14.75_103.25,1.3985283802789068,-0.041734945303466095,0.4426806209556837,2.2746301948767083,0.5153739516001742,0.5416372293489926,1.6681735354733869,74.93050120045493,preci,All,Yr
14.75_103.75,1.3397998724347715,0.006783747463519285,0.446493848648473,1.9869562483106138,0.43611819987011885,0.5018482840448036,1.9784960683794668,81.97015644501813,preci,All,Yr
14.75_104.25,1.4833767000787763,0.2447569283737333,0.5290832362846021,1.9461328426963256,0.3634475086133947,0.5679100512844166,2.0578117450280704,88.68496640240576,preci,All,Yr
14.75_104.75,1.152058608772395,-0.23508234245987877,0.4104384230739824,1.2266344248582333,0.02644795731946164,0.5303829725640222,1.5832369403895552,97.90628762201214,preci,All,Yr
14.75_105.25,0.6841556494445116,-0.33406433225404464,0.8062693932491098,0.8230098844748949,-0.48174629859607637,0.9361194520349277,1.3600629919048932,122.83197177815345,preci,All,Yr
14.75_105.75,0.08934699590841916,-2.0671694319890483,0.5455575322467641,0.9368301891578439,-1.3497948691997128,0.1006503631173368,0.5446816329647814,174.45879635267661,preci,All,Yr
14.75_106.25,-0.15989956023870022,-0.3564935073856534,-0.07004661603175585,1.666868960216526,-1.47986704904585,-0.09932191238675338,6.274454147840263,217.63745675016753,preci,All,Yr
14.75_106.75,-0.334250346453079,-0.1399547285336673,0.6052234435454629,0.7442964396862811,-1.6057052509694887,0.8403761227009973,0.6434770546914611,210.8744919763431,preci,All,Yr
14.75_107.25,-0.5445883437521836,-1.2947623481458097,-1.5827617212857763,0.991327601371144,-1.5469272040273252,-2.0039401941430346,-1.5709789709743962,152.95111585596626,preci,All,Yr
14.75_107.75,0.15297507685513465,3.2551559858118253,-0.6203750993123122,2.404172747076122,-0.7315369046773132,-1.1022518461844981,0.9720347245573703,94.91451266940975,preci,All,Yr
14.75_108.25,0.8672770983561452,6.65166782340334,0.10125580879245259,5.552630024786831,0.2615018928614318,-0.4479670248918781,4.918212718137241,89.09661445661992,preci,All,Yr
15.25_101.75,2.130182787225765,0.23896890815799862,0.457713410760588,2.8048028963891998,1.4111189838814984,0.4705076570712734,0.4385868500685908,87.20315020903455,preci,All,Yr
15.25_102.25,1.674375315415247,-0.7958529411020128,0.07596555192553321,1.8897824753545578,0.9529150248826956,0.02035617939209537,-0.1181108578239501,65.5960465333693,preci,All,Yr
15.25_102.75,1.318344533691805,-0.5065063311519564,0.5859380071808336,1.5862781879074124,0.5958011509937841,0.5606259786331348,0.5473344775257716,58.10002548558992,preci,All,Yr
15.25_103.25,1.207657862405809,-0.3745924744694093,0.6359178504714044,1.7478965032798846,0.3395485435330974,0.5406423715769872,1.0200751235455217,62.67941104576185,preci,All,Yr
15.25_103.75,1.0625900367902743,-0.5729100237304529,0.623248714447459,1.5128199819049633,0.11766549236474992,0.5778705275652272,1.0219475426999651,72.22615304736067,preci,All,Yr
15.25_104.25,1.3182582060793369,-0.30350300957091403,0.8745165254684921,1.6903804940036653,0.20132087587896505,0.8367216628461546,1.556603030857689,82.52986546929878,preci,All,Yr
15.25_104.75,0.9879819121550296,-0.5888056835622903,0.6325422185056104,1.062808981334635,-0.16931449223652484,0.5931524764664915,1.7354376584078848,97.56947694589056,preci,All,Yr
15.25_105.25,0.6367387212637579,-1.5660359616768451,0.044052344284481154,0.18391905999307456,-0.5920765728090548,0.2107141675387734,1.1831588800473472,126.81491814901852,preci,All,Yr
15.25_105.75,0.5776628269317663,0.2044327071275371,0.3811735530945157,0.8783266747556474,-1.1178901826540255,-0.1622389886911481,1.285821008513362,176.93087523716147,preci,All,Yr
15.25_106.25,-0.8395388058264798,4.054633697834963,2.4280044323745282,0.25527031966882335,-2.356917697122119,1.3867631749585398,8.80791723564058,193.42899339359326,preci,All,Yr
15.25_106.75,-0.22827129423376144,-1.3029131132276366,-0.3954643340567283,0.6407661634594768,-1.7280454313246076,-0.8688608864421721,-1.4373879361108717,144.86901016038527,preci,All,Yr
15.25_107.25,-1.1158015864201998,-1.959845068096117,-3.437971890457077,0.6484443541986913,-2.126461675566203,-3.523262834655404,-0.31595458322326425,92.17476861809551,preci,All,Yr
15.75_101.75,2.47789471237371,0.5120664210501248,0.7100541202996561,2.0394036810485803,0.9255011350845559,0.6817599074839723,0.21419116865043963,88.24810713887942,preci,All,Yr
15.75_102.25,2.0405875647709193,-0.6137629852418663,0.37093950779719687,1.4651570997518688,0.6497680179909175,0.4660979631403674,-0.08800377498146678,59.77778555317694,preci,All,Yr
15.75_102.75,1.5857222591496238,-0.4266876343752093,0.7100573144126096,1.3212919803090208,0.4874206946436326,0.7336059564381018,0.7057225346623341,52.73527607026293,preci,All,Yr
15.75_103.25,1.352134013087258,-0.2142551031372339,0.8043805839805515,1.4950010012261854,0.2099824734974976,0.8374474795237872,1.6202109952433263,61.551517611097516,preci,All,Yr
15.75_103.75,1.313997228562454,-0.3844700007215345,0.8383072712049588,1.3911778235642984,0.06997911432118625,0.8486605456341557,1.6631664680605318,73.09038128843639,preci,All,Yr
15.75_104.25,1.268945879418632,-0.487530800981532,0.7213316174183285,1.2604395992064203,-0.13302463021937946,0.8953937272723316,1.98229755465153,80.73644392391205,preci,All,Yr
15.75_104.75,0.8783575973996951,-0.5364369154972132,0.5349311741816232,0.7507455865342967,-0.687600129186487,0.6901639971480382,2.594419074458221,89.47902982359288,preci,All,Yr
15.75_105.25,0.6195312222556156,-0.7979875475252458,1.1885133893099755,-0.01633649165687147,-0.8838897653973361,0.8783582742888046,2.1623127697274556,114.65450990058031,preci,All,Yr
15.75_105.75,0.44046653006449366,-1.6264873765564793,0.847629711754637,0.9399073383214799,-1.2050710773112039,0.9068245538072479,1.4030756253750283,153.72518489261716,preci,All,Yr
15.75_106.25,0.2577246241475051,-2.132327088206955,-1.7358894119445418,0.8055996778970252,-1.388658578355583,-0.33192677644030055,0.930600984238464,149.6294021075195,preci,All,Yr
15.75_106.75,-0.7589164378254507,-1.5649134394994337,-2.2112042661974023,0.23359623428739174,-2.335634508296531,-2.8299261138022853,-1.945574647664185,96.4666489543646,preci,All,Yr
16.25_101.75,2.9490519055410163,2.062298047560938,1.1713158103681818,1.9126669285630433,0.9069069790604216,1.1249214595844454,1.996972619853769,80.97670132360832,preci,All,Yr
16.25_102.25,2.4716611942113462,-0.24259362058429712,1.2011996963308595,1.5123683847380383,0.7628035809297605,1.3123797522127731,0.20804095254199045,54.05190958274309,preci,All,Yr
16.25_102.75,1.5301021624723026,-0.5293559781379354,0.48067261600646355,1.1183070083377988,0.27480531452458734,0.5153766711876134,0.41890739199536065,50.37255104183711,preci,All,Yr
16.25_103.25,1.2934581087339325,-0.4463405560247707,0.5174623627137117,1.3693137695048234,-0.049374115977324294,0.5514912013849541,1.188436412690653,61.337175174749795,preci,All,Yr
16.25_103.75,1.27376192084271,-0.6251866362432703,0.5481275670833047,1.4622240507946487,-0.24449672924618612,0.7629324560586286,1.6733953699304642,72.85887390466118,preci,All,Yr
16.25_104.25,1.1197772575543612,-0.0804680583805813,0.8761839099221916,1.2434440238576627,-0.6266487218902954,1.04971888984032,2.900175523575955,75.50265597272912,preci,All,Yr
16.25_104.75,0.7674294399116579,-0.2740797485665207,0.9468386056748955,0.6215574176944481,-1.2035403148448127,0.7759933797960523,3.082308946255152,81.2452281155688,preci,All,Yr
16.25_105.25,0.5124412070066426,-0.8965797507666946,0.013953311174741733,-0.2977056125341816,-1.5002770987498097,0.377058819924234,2.1001760560017644,106.3144999067414,preci,All,Yr
16.25_105.75,0.6478210751007991,-1.5223137859181033,0.3487624466532022,0.5966547229272534,-1.3714095540942373,0.5046990850755406,0.5349334934177945,129.73069581951844,preci,All,Yr
16.25_106.25,0.2070050168569647,-2.0495491943483386,-0.22374460292079915,0.5563075011380055,-1.7344696677203553,-0.7994646309853388,-0.0929823597515835,103.03264219161255,preci,All,Yr
16.25_106.75,-0.5020543137463643,0.4494845837405894,-0.6977681664414858,1.0098897076071538,-2.0651518896174337,-0.3702866348826125,0.6724318168154869,78.17061340964982,preci,All,Yr
16.25_107.25,-0.1155172288336354,2.3871595258385963,-1.353365606912787,3.5610655761392502,-1.5860368130120102,-1.8503639400796945,2.215832026787535,98.78042465867122,preci,All,Yr
16.75_101.75,3.230648151694938,0.7556932910641074,1.596257624833867,1.3855969611319237,0.5400050254755803,2.0296738653209627,1.2349297242411112,64.53361227796681,preci,All,Yr
16.75_102.25,2.5931070768884945,-0.7047731453432786,0.9372652444769839,1.1158500571682506,0.41655380360415606,0.8190377955188003,-0.2441572739488479,48.58690094866805,preci,All,Yr
16.75_102.75,1.7493349414071995,-0.19195193114407477,0.4355270819698286,1.1792235809111231,0.12908345111325323,0.5816029492275757,0.9727557818073981,48.660319555255,preci,All,Yr
16.75_103.25,1.543692283716283,-0.07043767261487904,0.41122759276540133,1.7560694644862251,-0.12548026600521142,0.6627274722342781,2.51103497102559,59.06997145732583,preci,All,Yr
16.75_103.75,1.282887876427215,0.3669569019762997,0.9374664242171412,1.8757716447390906,-0.49650857260150527,1.1078884321624782,3.533852717074553,67.6182403439227,preci,All,Yr
16.75_104.25,1.13296313004928,0.7668195746806533,1.0987082388559213,1.2574142213443626,-0.8795276352576842,1.2147623062546704,4.390154338618149,71.35722814702083,preci,All,Yr
16.75_104.75,1.1575829295879991,-0.43238883448012017,0.2979199371102441,0.5971245498593969,-1.0870237332619999,0.8186110261893883,2.3938497861158434,83.5764006817432,preci,All,Yr
16.75_105.25,0.809919370000318,-0.8035972222781811,0.19811022596948652,-0.010373603989636937,-1.5718273364791493,0.6960915785186934,1.6838342101550838,108.10993075062137,preci,All,Yr
16.75_105.75,0.48945919874383115,-1.8874968129387186,-0.3543065248179798,0.1290347193627653,-1.8020607101085515,0.12551851315972948,0.3615510861228803,107.92287466591296,preci,All,Yr
16.75_106.25,0.6642172449075204,-1.3064160931415925,-0.4443084128721019,1.2432467231554485,-1.32203505254852,-0.011496881967319893,0.5152588817980114,76.57180538927511,preci,All,Yr
17.25_101.75,3.1604710489595194,-0.2821602072526262,1.0070165224620864,0.8183227627685924,0.14649287766723817,1.3974961011873732,0.023689923684610106,54.033191499304145,preci,All,Yr
17.25_102.25,2.5189230399810176,-0.9048443425141952,-0.3042805750587661,0.6677118917736614,-0.09292003999558057,-0.3613323040114751,-0.4391080497877152,45.46950883320016,preci,All,Yr
17.25_102.75,1.7506684451826027,-0.38702289886594904,0.05655065989902338,0.6731294264448597,-0.4938359426438399,0.4356173381838155,1.4405539389910738,47.68430770552897,preci,All,Yr
17.25_103.25,1.6020899026684985,0.028162432211950323,0.2935245499874945,1.0174788911637427,-0.6195407882089827,0.6958452038182891,2.3931307828442776,56.40091948381664,preci,All,Yr
17.25_103.75,1.2582304355535743,0.2957131434234222,0.6869090088120645,0.8323057818772903,-0.8881303535996855,1.3619665511977412,3.754294845966481,64.88183114033384,preci,All,Yr
17.25_104.25,0.45596734750944556,-0.9250802625303353,-0.23719406644712862,-0.21778002387838835,-1.6083518075323076,0.19760738268535216,1.675486218456769,74.73294896603183,preci,All,Yr
17.25_104.75,0.16539581002541165,-2.409234936554681,-0.8362853850527965,-0.8681445107336399,-2.1415136083518367,-0.4547090909288709,-0.7574389271996632,90.30296997842251,preci,All,Yr
17.25_105.25,0.03216832988083746,-2.743991749147478,-0.9425063891429013,-0.6373244625705434,-2.499739559909828,-0.5429701821721485,-1.2197029952822975,96.54480353601122,preci,All,Yr
17.25_105.75,0.7587631540105959,-1.428668326194438,-0.14911520486044935,0.6047528648145887,-1.895733914614699,-0.28249016317372067,0.1866833695953115,79.04109112158329,preci,All,Yr
17.25_106.25,0.9357736275166837,-0.1257924130682732,0.3631503793754321,2.561017564453846,-1.3761393396269677,1.7991132844857454,2.738585158290986,65.1136448793856,preci,All,Yr
17.75_101.25,4.094142499419919,-0.04556650464172093,0.301716758625563,0.6160283821366289,0.18695867307499164,0.5002950786388193,1.3575007692729713,59.70928005904617,preci,All,Yr
17.75_101.75,3.1749977900976942,-1.0025803027819167,-0.4445023465870899,0.3472031820742782,-0.03736208046271155,-0.19960269252713067,-0.8510723686993606,49.52506557522395,preci,All,Yr
17.75_102.25,2.3225810882979454,-1.5409801046787022,0.048894589375772846,-0.026097868720524418,-0.5674451212480867,0.38458663797552173,-0.7890315631918603,47.15385472761537,preci,All,Yr
17.75_102.75,1.5747883272766172,-1.6689205162963656,-0.5877031776412545,-0.12069459665847646,-0.9673046886623139,0.22526796464435062,-0.5155114024176406,53.27727818363191,preci,All,Yr
17.75_103.25,1.0318220710285688,-1.3635391248988888,-0.2775390769262382,-0.4162175401591875,-1.4049455565198794,0.19380432159663127,0.0010213906350487406,62.76945887728167,preci,All,Yr
17.75_103.75,0.4344692398902075,-2.0506507072906945,-0.04972632331535798,-0.9125731490355169,-1.912093670013218,0.59813432782623,-0.736761057819422,75.16901960060903,preci,All,Yr
17.75_104.25,-1.0312042043154659,-3.759659122902719,-2.005622599457664,-1.8922838063983407,-3.1775344245602914,-1.4035000973705483,-2.1853955332339714,85.80967705429835,preci,All,Yr
17.75_104.75,-1.3656420473026625,-3.261187737147327,-2.019305855311109,-2.350986954993772,-3.7349165725860214,-0.8075121804107385,0.011478932126236371,83.90273303064373,preci,All,Yr
17.75_105.25,-0.3251425059681456,-0.5574910892961431,-0.7183794757560669,-0.46778927672209925,-2.7091894344953142,-0.04945734870714998,3.6852146060516375,71.77176600305333,preci,All,Yr
18.25_101.25,4.133364189977806,-0.4542996185225442,0.7710718995586462,0.17373858333679446,0.2992831762249921,0.12465647594637266,0.878669587327376,53.16888605478413,preci,All,Yr
18.25_101.75,3.4307717193478044,-1.4518805307218496,0.20529395940305947,-0.09335752058068916,0.04376056067694827,0.05095402721669773,-1.5286871442972012,51.07907674219436,preci,All,Yr
18.25_102.25,2.3227602140869092,-2.903433258192633,-0.63619882159762,-0.710878100685107,-0.881389357021467,-0.14309194024203453,-2.1990003758065555,56.151900786081924,preci,All,Yr
18.25_102.75,1.3672765177020543,-2.1797473483030774,0.020677444482537673,-1.165304180804645,-1.7283562238560173,0.4276763487985067,-1.0726096053019547,66.46117504396761,preci,All,Yr
18.25_103.25,-0.30552126249229805,-4.120897074906204,-0.864561621813499,-2.35975204606571,-2.9749251408610404,0.29647804548279444,-1.5111802765739915,77.83546308917903,preci,All,Yr
18.25_103.75,-1.6273311055113768,-5.6179353391426625,-3.1678382611136136,-3.4472335990284697,-4.084211245029836,-2.0707397460797483,-4.353901797204626,85.42456259423102,preci,All,Yr
18.25_104.25,-1.5634066783437477,-3.9403244884977844,-1.367317873981976,-2.3229240694996407,-3.735847608540091,-0.8401826739562686,-0.8966791587472789,79.45417018357843,preci,All,Yr
18.25_104.75,-0.4900793490187387,-0.5268549322603816,0.03382120507359275,-1.181827054985103,-2.9167032898064154,0.16755688294888604,3.8386431170428006,65.63389985061126,preci,All,Yr
18.25_105.25,0.5508867809044291,2.0227847220512816,0.9633963909487266,0.26631181634595436,-1.7141792268541307,2.756818108608775,4.841590003635283,62.96629275723208,preci,All,Yr
18.75_101.25,4.5601328895874405,3.049436275523033,3.673518332149728,0.22380799792374675,0.2986436079199228,3.2680500776847703,5.357031061324429,59.814626233872964,preci,All,Yr
18.75_101.75,4.005545277749075,-0.8171764445901758,0.5997177041970045,-0.062351226974349236,0.15634203334497626,0.6817306365118172,-1.6308155892816547,59.48646034074284,preci,All,Yr
18.75_102.25,2.1181626888363625,-3.4596255331905983,-2.1609107831593146,-1.5383273052834252,-1.4078827857467888,-1.3815737800041625,-2.385207761310872,66.0772534113259,preci,All,Yr
18.75_102.75,1.0084283476981815,-2.0090178139648294,-0.3768672574399507,-1.8226285170747571,-2.1825528675343056,0.5751479048175153,0.12038822924257092,81.85035145975706,preci,All,Yr
18.75_103.25,0.6616006658189215,2.985356046605132,1.8595699825587753,-1.4269319035557775,-2.0530679496378164,1.559218755589303,1.8587697193944035,93.67586806172118,preci,All,Yr
18.75_103.75,-1.0206073774187823,-4.565827596178895,-2.983360634351426,-2.8709623917356835,-3.466506188794685,-2.039344373336996,-3.404768493517691,89.88873889121857,preci,All,Yr
18.75_104.25,-0.26126423898293377,-1.4214337035979916,0.8572098212464226,-1.1525813658813315,-2.3044236571581944,0.1444497025679614,0.5983469101353434,69.22583531064159,preci,All,Yr
18.75_104.75,0.5803405274506337,1.579864785456965,1.9720241844186672,0.36623124213417424,-1.6376833620744686,2.558276629627537,2.65073582149698,59.43585236111916,preci,All,Yr
19.25_101.25,4.588481863042559,3.802055873417814,1.514473077969902,0.12188978264050898,0.12771476102250745,1.6739693043914072,6.588729039628055,65.31722778905537,preci,All,Yr
19.25_101.75,4.207523543913335,-0.44378577735607105,-0.285721498250553,-0.02123373735733976,0.1423659335725107,-0.41054685796654883,-1.378076241620339,65.3043714915186,preci,All,Yr
19.25_102.25,2.920588214807017,0.15831925534516644,0.7238032220148976,-1.0399300173686923,-0.7809234772998619,1.8058394766526051,1.3752189796318104,68.32429237859449,preci,All,Yr
19.25_102.75,2.2422786924305615,2.5596997242413746,0.23390352875662634,-1.000502467742584,-0.9683660913868555,0.7557029732536528,2.501462793414822,77.23208980493749,preci,All,Yr
19.25_103.25,2.1034051506830544,2.2826195996664644,0.8588434908166814,-0.5712187955304615,-0.6219387279753541,1.3241837653759523,2.9450137631884292,85.08367538117237,preci,All,Yr
19.25_99.75,4.966180345228576,-0.48871274223174727,-0.3514715829204941,-0.04244356948646338,0.3987434321962925,-0.05565362135550305,-0.2942664601611254,65.05158088091291,preci,All,Yr
19.75_100.25,4.711845840287325,-1.324528474036519,0.20313105449526236,-0.8112124767061514,-0.06766555619099707,0.23795495079930606,-0.3751157563876932,59.27898932957761,preci,All,Yr
19.75_100.75,4.685030530151258,-0.2973576911059441,0.9630618355413826,-0.4681143811321038,-0.12055607988067361,0.9653939890211757,1.0212103676016622,62.53525831827713,preci,All,Yr
19.75_101.25,4.64683457189085,1.4008258889995127,0.7338645108595954,-0.3816537376273599,-0.10017652142613843,1.2087727390237792,1.784177341262727,64.55192484755516,preci,All,Yr
19.75_101.75,4.103172786830808,-0.7754936193718543,-0.4554061432504888,-0.5874914619955232,-0.0746799243079345,-0.5248151748385135,-0.8798859486862136,61.338319632556654,preci,All,Yr
19.75_102.25,3.357243048304634,0.0740519614280201,1.3999494096825318,-1.136291003813792,-0.46708902169309297,1.7099705190446077,0.18172899708077742,56.48662091392491,preci,All,Yr
19.75_102.75,2.3903253682943437,-0.9668764176569583,-0.7408586763628092,-1.13053183422902,-0.8934802631703072,-0.6178384262688795,0.08443167011483618,57.89555030716211,preci,All,Yr
19.75_103.25,1.9156899206608946,-0.9288384087653418,-0.9173615774022379,-0.9241168700282737,-0.8331957116048463,-1.1471174614858335,-0.9588105111846801,62.479166614413316,preci,All,Yr
19.75_99.25,4.8258855718172775,-0.45160158419283103,-0.220311494955003,0.007091285445572668,0.3993487393555981,-0.05124892474348039,-0.17903194942412853,72.64280961843139,preci,All,Yr
19.75_99.75,4.464892624246101,-1.8788368126782942,-1.2406527468024655,-1.080489021057095,-0.2172712841773735,-0.9532555781601428,-1.6332920364637706,65.18618740626648,preci,All,Yr
20.25_100.25,4.023327333485198,-2.6937484157635114,-1.0578964349102018,-1.508135688596589,-0.7141321880607353,-1.1782879534262147,-2.521016747134508,64.43905738491732,preci,All,Yr
20.25_100.75,4.209906882895166,-1.2980179923874289,-0.38516911419917504,-1.1748795409247508,-0.6218745058949552,0.4272026393055612,-0.16044996707581682,60.620537994096935,preci,All,Yr
20.25_101.25,4.392822188777918,-0.5877196099173372,0.2869197149176792,-0.9253374336047658,-0.47697392054970883,0.2769480093598188,0.3234754842273502,60.909452268667366,preci,All,Yr
20.25_101.75,3.995970841438639,0.22742642408185473,0.2410399399323251,-1.2038365049278577,-0.4712656926531934,0.4229611367771422,0.03937039186279548,55.18282154026741,preci,All,Yr
20.25_102.25,3.620926409910784,-1.3653575298037144,-0.5348722271544418,-1.5955276365394238,-0.6222477792704963,-0.14868597388661187,-1.2901526824278842,47.625398927041175,preci,All,Yr
20.25_102.75,2.719481796500451,-1.6229074236030638,-0.35500214351031384,-1.543258141504516,-1.0344235004845959,-0.23716202946843307,-1.5744529343230829,45.45639344111787,preci,All,Yr
20.25_103.25,2.1260279406648968,-1.3358753212002403,-0.6587182494955973,-1.2142901144906322,-1.0500601820639786,0.22774262690955804,0.14374096772050923,50.49665601291171,preci,All,Yr
20.25_99.25,4.349679922459667,0.13688292655630951,0.6796923014929992,0.05976409438676766,0.1480575210721352,0.9291155070673691,0.7050861167821306,72.95738446830275,preci,All,Yr
20.25_99.75,4.185477722275078,-2.0181913178580566,-1.0818569893610976,-1.255824086499565,-0.4945176395142609,-0.3783279143134259,-1.5010821701467048,71.99332735228137,preci,All,Yr
20.75_100.25,4.067030595491826,-1.821852913857569,-0.21668559601783896,-1.1988631372157212,-0.38916865101696957,-0.4770567090224639,-2.1068544327688037,72.05745261696664,preci,All,Yr
20.75_100.75,3.9348385830297423,-1.5525503043516042,0.09068315338495915,-1.411392377821801,-0.5988714464046127,1.0968705315870275,0.13031144597176486,58.6717649016576,preci,All,Yr
20.75_101.25,3.941683981426569,-0.32762718938026403,0.3203829549271989,-1.4124449697470718,-0.7937650287739613,1.0010012699189785,0.7566444590368654,54.52670187366354,preci,All,Yr
20.75_101.75,3.7391908503406563,-0.4692472751336792,-0.6218416007996302,-1.37173412162418,-0.8253275145177099,0.13561523320952715,-0.3419100103810895,54.11521878446467,preci,All,Yr
20.75_102.25,3.48248029746888,-1.0574387536140533,0.7007377477941331,-1.364632847622112,-0.9862384548001345,-0.16314878413747283,-0.981305562436487,49.68779919301849,preci,All,Yr
20.75_102.75,2.947095787965818,-1.4222070860722256,-0.23482288195819065,-1.2501275328579151,-1.12916619531144,-0.5260620328389787,-1.1340063894260035,45.002617360125306,preci,All,Yr
20.75_103.25,2.275629219914245,-0.38907153488493434,0.9755833561236007,-1.4240792785026806,-1.3992753977512848,0.6651862949131317,0.7373643346264875,44.953563818963865,preci,All,Yr
20.75_99.75,4.396013678421817,-0.3804326310629977,0.051302441697988956,-0.666630301996769,-0.10384229957851006,1.8476017366349424,0.7514275526600362,77.70709015318684,preci,All,Yr
21.25_100.25,4.102715236974999,-0.8909107664911278,-1.4275682011574538,-0.9477580657896182,0.07164026980019712,-0.6414491732462342,-1.2040599636628342,71.98090208749895,preci,All,Yr
21.25_100.75,3.888530318669989,-1.2310327102672476,0.7743284012275229,-1.3289751445949267,-0.2634822087765181,1.044259520354078,-0.9545220643959426,56.67021271885808,preci,All,Yr
21.25_101.25,3.6557405644711594,-0.747344339182733,0.026639734019163457,-1.5029037511770809,-0.7198562744081192,0.6511433884324065,0.17455500754815817,50.87987733017465,preci,All,Yr
21.25_101.75,3.482511932578561,0.525904244899428,-0.0834368630811351,-1.449661528230617,-1.0091017422481559,0.10472297649997414,0.4273604839206069,53.117101314591736,preci,All,Yr
21.25_102.25,3.307448492147955,-1.0005491098310815,0.5855787860089133,-1.3001900108409712,-1.248422904242026,0.693023254367299,-0.5481341393464583,52.50234227722754,preci,All,Yr
21.25_102.75,2.6713678338962725,-1.5398950390883899,-0.1994309958926726,-1.4309455642517965,-1.585083469443932,0.13860759951948576,-1.0233261113123124,48.86656821556876,preci,All,Yr
21.25_99.75,4.245538859502191,0.6989739075144544,2.193903158971124,-0.48093285781822526,0.2184062762890454,2.4715159680972376,1.0258012695494385,76.01948903698107,preci,All,Yr
21.75_100.25,3.2363621680641215,0.8303916142726305,0.4553411402731956,-0.9840904722250907,-0.025652911150505102,0.5293520541930307,-0.16807992450409723,62.21281173299268,preci,All,Yr
21.75_100.75,3.361161109793132,-0.8362794675429369,0.7308942389414139,-1.1442284932202085,-0.09185450410691838,0.903375777532729,-1.2812691680620991,54.633509553824545,preci,All,Yr
21.75_101.25,3.319476739870762,-1.2598766026521213,-0.532084333493921,-1.2168538777662994,-0.37522931727574793,-0.4805546787479755,-0.9918693488685181,49.416519153606984,preci,All,Yr
21.75_101.75,3.0101290813294455,0.2690827761215906,0.5228646744161015,-1.4934297853369278,-1.0109473044317836,0.709950981777553,0.629298951117864,50.72921893093065,preci,All,Yr
21.75_102.25,2.8511005004462597,-1.5556078939885074,-0.6148627891253656,-1.7387459217412604,-1.425385705826486,-0.32748216505949074,-1.2193981708942974,52.0511070605806,preci,All,Yr
21.75_99.25,3.4434199219632005,1.2121682889921168,3.5391677104663763,-0.31049040039248166,0.11853645121176982,2.3921575394619046,1.762911232520894,57.8814882513236,preci,All,Yr
21.75_99.75,3.3889325088880335,-0.3267701871679171,0.10484543673929594,-0.44742351199423364,0.20154324782377425,0.1315882481934333,-0.8144299081253308,63.49633998939343,preci,All,Yr
22.25_100.25,2.4390645229121386,-0.2694472607233553,1.6707659533061363,-1.2483552514307361,-0.43266579505219904,2.3291696524760086,-0.4488420200699179,53.74257757158029,preci,All,Yr
22.25_100.75,2.6749982170817788,-1.406271834794352,-0.5251167627288044,-1.1894849824099987,-0.3736588437970154,0.1671959538623531,-1.6960748072969447,53.68715350555041,preci,All,Yr
22.25_101.25,2.583196488199628,-1.2976401566697413,0.06984243229828037,-1.3764048943544076,-0.7028029261678429,-0.35300382710875233,-1.2127343142863376,53.04134267827115,preci,All,Yr
22.25_101.75,2.1517796092852812,-1.7589978358988794,0.11382904370017746,-2.020965420254307,-1.5531463770916456,0.18494518685376804,-1.5042369220117786,53.45026911502503,preci,All,Yr
22.25_102.25,2.0988414825317334,-2.582695714727332,-1.1361479057151804,-2.2351014249703876,-1.8923709941203246,-1.569294785120377,-2.387717527976601,53.52433618859367,preci,All,Yr
22.25_99.75,2.5864056817023426,-0.6940802092099494,0.6913378545488263,-0.9695321860177377,-0.23875053386290734,-0.8478428096171803,-0.9131444791184032,55.247045395131835,preci,All,Yr
22.75_100.25,1.5279611905340231,-0.46732241823079423,0.018836441897860084,-1.7497628698695762,-0.595124362491619,-0.5182225988200699,-1.6047701642115693,50.22785235844216,preci,All,Yr
22.75_100.75,1.5713391527952392,-1.3974561712897227,-0.5792991291392822,-1.6977691741574157,-0.6510965855255495,-1.2562880350474588,-1.3854984785655597,52.22193298013769,preci,All,Yr
22.75_101.25,1.4619579142387313,-0.4872936619201804,2.379971114325739,-1.814880440651787,-1.0791190548502623,4.202577823506236,-0.16502802343625306,55.64567449470751,preci,All,Yr
22.75_99.75,1.876374273796074,0.6716763609593621,0.13969232344409838,-1.4151317797205722,-0.4888929050854741,0.5922299803553857,-0.21905311986028772,53.846052334955694,preci,All,Yr
23.25_100.25,1.4170463661752108,-0.7706740535494472,-0.48813865016952757,-1.3572321548430248,-0.1692938957926081,-0.43851345406960857,-1.553499434351445,55.607527023818236,preci,All,Yr
23.25_100.75,1.4433463290841972,-0.862303527591628,0.07430917975640157,-1.331615760289235,-0.20949173652876266,0.956853896022635,-1.0196767161984177,54.644316026848344,preci,All,Yr
23.25_99.25,2.0816562176514366,-0.4290303480173173,-0.011458535844472342,-0.8566325809150963,-0.048219453811213384,-0.4330760174836787,-0.3775422930210353,64.31423903352271,preci,All,Yr
23.25_99.75,1.6446628132091896,0.7439142308150095,0.2900392085854154,-1.1177709628695425,-0.16847532657357905,-0.044353553314522384,-0.25196392214160246,61.85145670493432,preci,All,Yr
23.75_100.25,1.5635584782587257,1.3932261820730565,0.44227221253173127,-0.9147264039760492,0.24996774914265765,0.680437987502261,-0.24619043526240791,64.06305874479652,preci,All,Yr
23.75_100.75,1.5508529346562367,-0.21242745868008664,0.22535807854848824,-0.9840785292755707,0.23716888506593956,0.4841223015454237,-0.5097303560013315,60.49575852867906,preci,All,Yr
24.25_100.25,1.6036156446998784,0.7051994998152435,-0.25935379336470116,-0.8386026539017979,0.44816436631743717,-0.27661903140770583,0.0789910752381782,68.6644898017118,preci,All,Yr
24.25_100.75,1.5253157397437602,0.23349472480727618,-0.6317169776571642,-0.9924227098647632,0.36441239993006647,-0.2738137687362329,-0.5790214512950645,68.64709547089488,preci,All,Yr
24.25_99.75,1.8212955648030977,0.1638713618121533,0.899483803300319,-0.6996976740867186,0.52893326521068,1.9637776465783392,-0.0060101063748476185,63.70904530295575,preci,All,Yr
24.75_100.25,1.2090959807430262,0.5343738032934784,0.5994902241575617,-0.41720841418168614,0.7344671377355732,0.23997729239698995,-0.14258337359486772,63.891332707355105,preci,All,Yr
24.75_99.75,1.4398268135989423,0.19651438437413457,1.5349250530532754,-0.2809178933709704,0.9056781847145721,1.196886461437943,-0.16918647440300275,61.11292052437529,preci,All,Yr
25.25_99.75,1.2395894510167513,0.4124835774367942,0.7671562142869444,-0.04686863967981804,1.0169232879722827,1.1524313439600347,-0.29779325051956174,67.2705868170186,preci,All,Yr
25.75_100.25,0.3006831400019097,0.5888000366427888,0.9118152193454372,-0.7049140969752598,0.49493054876022985,0.42736379872435937,-0.5577402557648443,65.98237621094138,preci,All,Yr
25.75_99.25,2.1608578732191455,2.013166435436589,1.8981079062472368,-0.28986780848463023,1.3498924099837282,1.709898790567235,-0.14451873122358735,99.66080286139284,preci,All,Yr
25.75_99.75,0.8414137372955612,1.159575588883505,2.476587472523114,-0.4824804630951752,0.9140217948488724,1.4834080884858123,-0.30387465828477694,78.02156752360038,preci,All,Yr
26.25_99.25,2.3655796934215303,4.1844871036246944,2.202799339973248,-0.4983215947595138,1.6279510332276481,2.491266879944281,0.44114941837406385,117.07442836378866,preci,All,Yr
26.25_99.75,0.8073355383082923,2.2120922682961695,2.376173587331416,-0.645733045732612,0.9810356630870231,1.7756255550445035,0.10539014017539587,91.26011029384313,preci,All,Yr
26.75_99.25,2.441953367587444,4.5041514295464,4.963324675053222,0.07693513409859945,1.9072493546651634,5.203126802694835,0.36665897863708097,124.9670706517291,preci,All,Yr
27.25_99.25,2.657942283965948,4.403297158659412,2.9212452001249263,0.3469546815793646,2.1250868062352875,3.826569148038732,-0.22723565392978884,130.11797225678743,preci,All,Yr
27.75_98.75,1.5234785851549617,6.860389333124633,6.332480052803664,0.24521747432761742,2.1088383459565594,7.087627187958491,-0.08072048779694102,134.94371061065647,preci,All,Yr
28.25_98.75,1.6837452968121782,10.8459570718568,3.0009227088138255,0.6890189020756403,2.294791478287955,4.022704766007506,2.004576288860508,111.08172534729985,preci,All,Yr
28.75_98.75,1.8791009067181976,5.438362209349834,0.8624633106063535,0.17715589401036663,2.5975379883730056,0.8721465225494546,0.734056250888334,94.4415098308517,preci,All,Yr
29.25_98.25,1.3490581382010411,4.2277106614969755,0.466223602563703,-0.21299724242459403,1.8062558241364668,2.1318407233419294,0.47985171203764054,62.32634931792521,preci,All,Yr
29.75_98.25,1.3651034872497552,3.2075792517245225,0.5355961231872741,-0.25671837037490175,1.2896856455718406,0.23999047812281227,0.7085284331669884,47.303305389639576,preci,All,Yr
30.25_97.75,1.1783016121165533,3.8007132640775416,1.4788522541504918,-0.029500684162595825,0.6666321020881653,2.8509714115104114,1.2259572366687443,53.6807541661731,preci,All,Yr
30.25_98.25,1.212313428283509,2.7698894251050388,2.193039474907742,0.24089252936192107,0.5887319098160091,2.279895976663125,0.6205022538634596,47.20252991355498,preci,All,Yr
30.75_97.25,1.2255503793843847,1.102959066874531,2.214140947098891,-0.12123317818843422,0.2661902701826497,2.065035938956795,0.300754168720276,58.74877223444956,preci,All,Yr
30.75_97.75,1.2460082762830251,1.867870929761173,1.7973627101793928,0.014650883710039,0.1970552094176482,0.8825648076494507,0.3788142077801786,65.89906604674759,preci,All,Yr
31.25_96.25,1.3367303655847913,1.463096429391263,1.964348869335699,-0.30084512799021845,-0.13785870099614042,1.6879619759410178,0.03190795604837154,57.91403050312393,preci,All,Yr
31.25_96.75,1.0325761730641503,0.5732914799654453,1.590395172194634,-0.3606586768448088,-0.10423887366778659,1.4767519095518595,-0.09117716355296318,49.09750773295758,preci,All,Yr
31.25_97.25,1.1871470866186808,0.543710991127559,2.1730769112168327,-0.317757924215358,-0.08675514419809333,2.2558079595216762,-0.13171983376239071,52.49492320884602,preci,All,Yr
31.75_95.75,1.5147643021424262,1.6078003029472032,2.731083620419904,0.0883298862537415,-0.3355432347397082,4.137599404120917,0.9629448121287114,66.42224730479123,preci,All,Yr
31.75_96.25,1.3354797946026444,1.1827995742828545,1.987463693034717,-0.020960394793920794,-0.3206413766593138,2.254971207484695,0.43271716481367756,58.526516722453,preci,All,Yr
31.75_96.75,1.0786335148446289,0.4379659211226672,0.9710003600806848,0.02226820473117055,-0.31082348414288696,0.9554564717691153,-0.1521168626789744,49.252769007541104,preci,All,Yr
31.75_97.25,1.2600323405700982,0.7617076482239662,1.2079313283713795,0.10630615443756278,-0.331949343255618,1.4263497261806377,-0.0284160684634372,48.90865536516989,preci,All,Yr
31.75_97.75,1.2946625597680186,1.714368384180859,2.4907113003885257,0.008266295893266377,-0.3489858193373786,2.281710573816839,0.2630278609137711,58.15839836495513,preci,All,Yr
32.25_94.75,1.542490211416398,0.5488562313567181,1.2412482109798095,0.26784152030556413,-0.43109576462171967,1.8369192576369633,0.3664863410639784,68.89108968705824,preci,All,Yr
32.25_95.25,1.6304662534874657,1.0070630685885802,1.1237403890553124,0.26993665861717514,-0.4256602439478471,-0.026459431343236188,0.18203854441224795,69.04687545792234,preci,All,Yr
32.25_95.75,1.4576158722979307,0.6479904405567977,0.7125086173205207,0.263913003332209,-0.40607400423052825,0.2356255801752135,-0.031176548560433812,63.85818152028522,preci,All,Yr
32.25_96.25,1.3453619443480231,0.24420864586791946,1.6437898051796163,0.14527729914480034,-0.41267133416240825,0.8224782095907256,-0.15820432930407155,56.339444104804095,preci,All,Yr
32.25_96.75,1.2616341160509406,0.6809920358892939,1.9239175274538876,0.2705789006842854,-0.3645680027384699,1.8363702685812884,-0.023756648677639863,51.45790161068072,preci,All,Yr
32.25_97.25,1.3797687309486737,1.5870405183777194,2.6036474300212538,0.47090484331690263,-0.37049953955216874,2.50893873688581,0.3011912555375021,53.35175230286614,preci,All,Yr
32.25_97.75,1.3501790807455272,0.9199671147860484,1.5128969476086416,0.25667345900938565,-0.4169550623658828,1.7245394260284557,0.15438468933300298,59.86186057309841,preci,All,Yr
32.75_94.75,1.5072098962862617,0.5037759663640542,0.2703767026195687,0.10382276959743392,-0.32477964452922303,0.41061725723452,-0.041859113437440004,70.10956288916701,preci,All,Yr
32.75_95.25,1.5616630461998977,-0.04440666905207237,1.429796235805517,0.16639354830694975,-0.35001298457842833,1.9298622809949002,-0.32888792623817176,70.5174607754281,preci,All,Yr
32.75_95.75,1.479170151886918,0.15885376612411314,2.9800458116153874,0.2521371145154073,-0.34710521424824986,4.125038902629025,-0.15214931094566983,65.637702894488,preci,All,Yr
32.75_96.25,1.4273602589527856,0.259788926954702,2.5301565748271733,0.19602641890920314,-0.32232809600064205,2.1581401489869303,-0.11438443809624602,61.8049444802321,preci,All,Yr
32.75_96.75,1.3398194504798415,0.8967568546749666,4.35148887788486,0.1990583868872745,-0.3159050049871486,3.680347065562456,0.10675811689816918,59.7887413084914,preci,All,Yr
33.25_94.25,1.2843542576196665,0.1370684671375183,1.2462930500496627,0.008199615139697573,-0.2109096111990407,1.1681818299842643,-0.10697445559257007,65.17072120132416,preci,All,Yr
33.25_94.75,1.3554956066729678,-0.105657365113625,1.1941036634140885,0.1882140657032315,-0.22822415943267574,1.5908636316260787,-0.1316247823173768,69.01160535474231,preci,All,Yr
33.25_95.25,1.454391504508625,0.5651353349907295,2.9541640825328788,0.3985931084080021,-0.24513262294962226,2.8844000548094098,-0.03616212485455475,70.87233899292613,preci,All,Yr
33.25_95.75,1.4609249093780619,1.2268751704412357,3.980860233678778,0.3531131666307987,-0.2546937993934036,6.6741337247925046,0.34268453849360625,69.88062939836425,preci,All,Yr
9.25_105.25,0.49738898318402,-2.751392665946028,-0.04852692334146466,3.3577301495073053,-0.3416876708143455,-0.6489885101332707,0.3535683415152284,98.19866772736269,preci,All,Yr
9.25_105.75,1.0039049299502298,-1.3021189556177346,-0.4054959703785307,4.861583694715659,-0.4661490789280932,0.1669225231797141,-0.08180584255649742,100.69353928873446,preci,All,Yr
9.75_105.25,0.6937304109602636,-1.1796676780446138,-0.23978078659675647,7.628384252913849,0.30803345403844584,0.14228013890630242,1.3450892687518567,109.41493255696267,preci,All,Yr
9.75_105.75,1.094644188133,-1.742507492308589,0.2412884263665408,7.512425977610572,0.0296594983287629,0.04208846789791284,1.6277517756212805,95.72578103204874,preci,All,Yr
9.75_106.25,1.3499796602279472,-1.2542645117946698,0.5086437305580672,6.8105761383616334,0.3173680997362224,0.3194337199845796,0.4489646611256847,96.54465328078163,preci,All,Yr
10.25_104.75,2.429046099530571,-0.2193198464665918,3.0522190411270875,21.70526340322711,7.299471436248765,3.6514240431590226,-0.8512187896572257,169.6479826920374,preci,JJASO,Day
10.25_105.25,2.001811184722655,-0.472485777229482,1.6511707883729907,19.871404377715173,2.2550942178228444,1.91231853576998,2.1122465477959333,151.997274329925,preci,JJASO,Day
10.25_105.75,1.951328747185255,-1.5430928081219961,0.8687927406181994,15.095034297542588,1.3363179481193825,0.9314208522375091,2.520843398885984,135.16134148685265,preci,JJASO,Day
10.25_106.25,2.3013697605526855,-1.543688992606383,1.0465845335297999,11.291908235859683,1.724721296560518,1.4674430922290158,2.0962965490856935,134.51412114302101,preci,JJASO,Day
10.25_106.75,2.3340868304294102,0.9036476137207754,-1.7412539820969082,9.72403468615394,1.0570371476225318,0.6056233802519893,0.8133174173445897,162.5221044078569,preci,JJASO,Day
10.75_104.75,3.260423681494561,-1.4657316433887968,2.49806313862825,23.933437092593948,5.840174835272768,3.097315523275203,0.15819497760864198,121.62042678578685,preci,JJASO,Day
10.75_105.25,2.636198489649782,-0.4728456791350636,2.197866319765403,18.27364458756697,2.9605396973900255,2.603130257566813,3.865484503639071,116.35432024802644,preci,JJASO,Day
10.75_105.75,1.91369441635536,-0.5883520410893166,1.1165563401605827,13.440540468733381,2.1685705711205125,1.4884455322257788,3.172169137832244,129.18826361579798,preci,JJASO,Day
11.25_104.25,3.116650568825673,-0.7015291503031841,1.296411656278378,23.297882041120623,3.762174355180271,2.5882439070528696,-0.9544027089048656,100.59515379836937,preci,JJASO,Day
11.25_104.75,2.7139896426793104,-1.548212131630339,0.886989969260613,16.851210992069472,3.7474213304462975,1.9838218965805252,1.89825802543573,84.74159060384467,preci,JJASO,Day
11.25_105.25,2.5410756338046556,0.23687923959303767,2.062719987553082,13.925167981734992,4.027983204249545,2.4275043811393395,5.287432029302542,93.46891223176897,preci,JJASO,Day
11.75_104.25,2.641082908217007,-0.29651082873416557,-1.319120858562519,17.414062033223228,4.645790577180776,-0.3514838378663027,0.55936330985443,67.75173699938422,preci,JJASO,Day
11.75_104.75,2.1899904984093883,-0.9473786881408818,-0.07456611634813218,11.090755683326547,4.396973180429882,0.6950562919715958,2.8636325825054465,62.96609320655772,preci,JJASO,Day
11.75_105.25,2.3778116902489868,0.9995429971855525,1.8720506702048108,12.077128217552884,4.556757746041991,2.3376268204906068,5.980027617904502,85.04186656632585,preci,JJASO,Day
12.25_103.25,1.59908474724965,6.1173904644055925,0.8792793149174144,37.41416348772625,3.094434136436262,3.694113438724437,3.344861301515251,164.4318657550012,preci,JJASO,Day
12.25_103.75,2.0679976712830745,1.3571208044005114,-1.6416986839103576,23.16000700349462,3.8974174603384655,-0.8195724551533108,0.3043743467970225,86.36445115344424,preci,JJASO,Day
12.25_104.25,1.2176452545796865,-0.5669200908079453,-0.16851422749286057,12.88777172318488,3.3295245784212852,1.0049167179087146,3.3128319217592233,64.13620080866771,preci,JJASO,Day
12.25_104.75,1.1881834458924603,-0.675037625251627,0.44283098737814564,8.828812045745831,3.0565556688278845,1.4397919496069589,3.307610161422295,71.67637838909447,preci,JJASO,Day
12.25_105.25,1.7044455982695623,1.6152610079778564,2.1770747258901113,11.915790636487545,3.4770277882361142,2.281487562049918,5.73975534253849,104.36652833361458,preci,JJASO,Day
12.25_105.75,2.2292812058624936,0.904427453272334,2.001403686048271,14.665950842749126,3.948986761493427,2.4323576175773893,6.336428052360929,157.0038228009425,preci,JJASO,Day
12.25_106.25,2.4783955112256275,-0.03127955243939336,2.481970426394538,13.567183306970424,4.623164275593966,3.2323791485724915,5.975644230944771,245.7661980195921,preci,JJASO,Day
12.25_106.75,1.7642971898438933,-0.050953085082422855,2.129257278176466,13.096457012382245,3.9559733566643143,1.1243949541096414,3.673441534727669,382.92382169919244,preci,JJASO,Day
12.25_107.25,-0.2355394555591569,6.934619066877272,6.996628112379155,11.393803914621817,1.590318831922747,3.2977546471387074,9.095459840185185,492.5847062799383,preci,JJASO,Day
12.25_107.75,-0.8191116263907045,3.7857262647062457,-0.9300215948145317,8.781708664532282,0.711504903499171,-1.4141535664883231,-1.5438411597781407,288.027029520533,preci,JJASO,Day
12.25_108.25,0.14883591138617286,9.620545478625637,-1.9975856548040087,10.558463781007028,1.8102190628394417,-2.388728702690378,3.3247375034477127,122.85085853027726,preci,JJASO,Day
12.75_102.75,2.432380581429897,0.5735462809223016,2.5364577462130495,35.56799246868777,3.394170642679144,4.466720981538735,-0.2710449257915759,168.84405597257816,preci,JJASO,Day
12.75_103.25,1.8969629090248863,-0.8900908418591055,-0.8119996885242227,22.03728883487843,3.734407983356213,-0.7146798174410792,-1.796016444869281,105.8606213612329,preci,JJASO,Day
12.75_103.75,1.2914928805455719,-2.323501105262522,-1.2837280335178365,12.183572950490072,2.845652308212129,-0.558045090604753,-0.7302892387047931,76.87097945579026,preci,JJASO,Day
12.75_104.25,0.9839361965084897,-1.7672261887901186,0.0059380557228093005,9.430669999524957,3.674349765100726,0.6725085329959759,1.0616739194887437,78.54395133200386,preci,JJASO,Day
12.75_104.75,1.458825281033463,-1.066867840819561,1.412874280012729,8.863223794156143,1.8181920304769887,1.7020759629885385,2.6266993911702614,104.24994677781817,preci,JJASO,Day
12.75_105.25,1.8408090864445779,0.6312810514128612,1.8565888953710685,13.342692112568832,2.576678581900006,2.4803855546855695,5.568268003271968,138.52832507061805,preci,JJASO,Day
12.75_105.75,2.2271609919271094,0.7579980888993151,2.1960162806028114,14.821613687057157,3.1990908226582557,2.291644758255445,4.892383284454866,173.97280693306357,preci,JJASO,Day
12.75_106.25,1.998289823292109,-1.2498565000275879,2.0269696148732645,9.582292752170508,3.537414958199614,2.170027345728587,3.8054661184183005,221.55221899407647,preci,JJASO,Day
12.75_106.75,1.2192381794074019,-1.0744799788572916,2.768731218906209,9.664839752924532,2.9051408433901766,2.9888083278476025,3.486370739225127,281.64942937522176,preci,JJASO,Day
12.75_107.25,-0.6194392144393663,-2.037004542770508,0.6101351465575834,9.118803464669886,0.9246044937807434,2.6525397180427484,0.576399890969499,313.70550327826805,preci,JJASO,Day
12.75_107.75,-0.9581678695206971,-4.048446287875817,-2.1476766646396723,7.050047652674648,0.1940105385532521,-1.1505872219142228,-4.0042305786056644,224.4288397815307,preci,JJASO,Day
12.75_108.25,-0.22653431018681192,-1.7327541281034855,-2.6875632769256126,6.3415825581269205,1.1149034075325508,-0.35783211637984386,0.6695678140424837,103.37146027565855,preci,JJASO,Day
13.25_102.75,2.4182765936780535,-0.44405950602794814,0.36696013408842615,18.63972407335579,3.2155761974193084,-0.06581814463296758,-1.467708913839143,129.3080242265759,preci,JJASO,Day
13.25_103.25,1.7009366367845362,-0.9291976177341912,0.2999224330305944,10.53325971541106,2.7631649671147893,1.3661013334401895,0.9245789382207698,108.54026540415873,preci,JJASO,Day
13.25_103.75,1.0418791425876437,-0.32236380705482515,1.3688361086583518,8.269753316249083,2.92492562142175,1.973382733020993,2.559072238660494,107.45853905257967,preci,JJASO,Day
13.25_104.25,1.2451191668495178,-0.1332757850689868,2.3429785133078713,9.090223528330986,2.022025302153631,2.9513364428603843,4.304113369179375,134.43028868755718,preci,JJASO,Day
13.25_104.75,1.8766052908841642,-0.1573415848126264,2.661418072685023,11.012577956005154,1.7652928606695333,3.1574457743649322,3.561513355928105,164.76497867141586,preci,JJASO,Day
13.25_105.25,2.0092864100191057,0.40356588179485037,1.8581592154516036,12.703177824789906,2.215853228649403,2.620611111272819,5.496745634327887,177.94408578801617,preci,JJASO,Day
13.25_105.75,1.8792747667537184,0.9644950095230994,2.074855532780265,13.355827631184718,2.1899746873374863,1.872472037437743,4.879087423206826,182.72281272247068,preci,JJASO,Day
13.25_106.25,1.5261225422285307,-0.7820139455105221,2.916777946249782,9.753248212178761,2.0763371822620744,3.4122261498670485,4.780770269560639,208.77308641463557,preci,JJASO,Day
13.25_106.75,0.5871828201290298,-1.2353264100907693,2.1078945890149825,6.787883971409765,0.9852650178044227,3.321682061445512,3.008459157701525,253.59648446470703,preci,JJASO,Day
13.25_107.25,-0.634114250219187,-4.184377519403985,-0.8491561222040408,5.275920792541802,-0.7254920441121226,0.3397915621210821,-2.7868847766018883,282.3522427297546,preci,JJASO,Day
13.25_107.75,-1.0489982017104444,-4.261637768679368,-1.7818591342206695,5.0022629089918125,-1.430599742709973,-2.0713126550865937,-3.573643511965505,213.22209784145954,preci,JJASO,Day
13.25_108.25,-0.3273488405775468,-1.7733283936557689,-0.3399634776762405,6.269053083196471,-0.6884451292985887,1.0067458708405692,0.45287221865541033,127.16707484143194,preci,JJASO,Day
13.75_102.75,1.6432011188985496,-1.3440253388728982,0.6136641546141413,9.405660927011855,2.7646172687515884,0.9866808621224807,-0.14117995401452435,145.94994618653243,preci,JJASO,Day
13.75_103.25,2.3168327703588654,-0.31376113530917393,1.6338572114424705,7.944239717055537,2.759759593758366,1.9131776443917887,1.7918789609399055,149.940897866486,preci,JJASO,Day
13.75_103.75,2.032012573541694,0.009771339744019709,2.1786222722834774,9.678830631217044,2.387667361526035,2.411266092747743,3.6554209651289034,171.15644768991802,preci,JJASO,Day
13.75_104.25,2.088954865768961,-0.34276488565874114,2.3392210455911595,9.908737452298961,1.816749014647818,2.7517205959883766,4.418587043898257,194.78731639851895,preci,JJASO,Day
13.75_104.75,2.10495664323328,-1.1451474757010072,2.0351962651002427,7.846080417928854,1.5380157494472058,2.212538364280465,1.9990489563977487,202.63391292287116,preci,JJASO,Day
13.75_105.25,1.9275440664562806,-1.2561943774266464,1.018276760937535,8.127377913783453,1.4565411903363337,1.638193226314884,3.9520988232450978,199.19676450803954,preci,JJASO,Day
13.75_105.75,1.5947127549193556,-0.023664480495635205,1.8051911626811132,8.818007530388185,1.2837389612024863,2.303106982102974,3.116535768611111,209.25025314228225,preci,JJASO,Day
13.75_106.25,1.3948006086774807,-0.7334196682425482,2.8523114033536823,7.639591687705112,1.1590029701964253,2.1491559434294722,3.3380592734858388,257.6166493528487,preci,JJASO,Day
13.75_106.75,0.2594497694445247,-1.6278269625802386,0.7656007276030279,5.697938215639022,-0.332792730385669,1.3739413851578033,3.622178635822077,346.92081529821974,preci,JJASO,Day
13.75_107.25,-0.3940923236205723,-3.133909390981837,0.9323953615064592,4.640196088113611,-1.859096235651772,0.3370877583050663,-1.3522976695947713,412.55882258084745,preci,JJASO,Day
13.75_107.75,-1.437458854555361,-3.170781573757403,-0.8374370879671983,2.5952546964655263,-2.850731251013315,0.39505295921288375,0.3861654474481119,293.0442864900344,preci,JJASO,Day
14.25_102.25,2.549959794619696,6.550616464584865,2.498214632889734,13.620522588320709,2.633558422977993,2.113997695468882,3.879502072667393,160.88452560384837,preci,JJASO,Day
14.25_102.75,1.9324982204167107,3.098775997281635,1.0293507584297026,11.726838952792512,2.387255100893068,1.846837994553045,2.3507270351429197,149.32821707446666,preci,JJASO,Day
14.25_103.25,1.747937138711801,0.5079908571539685,0.9903456842994376,8.6940307692648,1.987979415918611,1.3054416452104463,2.1287097195722584,162.0294683104944,preci,JJASO,Day
14.25_103.75,1.5682202648546146,0.6956099361376276,1.5808834856253267,8.803890558794052,1.6955118887322247,2.0575377157094805,4.837874980367829,181.07093108353448,preci,JJASO,Day
14.25_104.25,1.8365620170703754,1.8178338988373355,2.708121305941271,9.791614238689366,1.5736446459368667,3.1898958664427473,7.4699591326681185,191.44614136173266,preci,JJASO,Day
14.25_104.75,1.2800982725606038,-0.9160269081848137,0.553971722541512,6.282262914465846,0.6458541275099112,0.7670750038550895,3.2219026923307914,194.2642940171993,preci,JJASO,Day
14.25_105.25,0.7182286508529561,1.2258812999967381,2.2771110471703078,6.106430872192807,-0.19286690318031002,1.8199982210496297,8.41694843893827,210.62925128647186,preci,JJASO,Day
14.25_105.75,0.6508637547206936,-3.150262243596578,0.3106261265071691,3.1481001108808693,-0.7230397221945507,1.0505701456330907,-0.11586673154139436,270.6365722996356,preci,JJASO,Day
14.25_106.25,0.45737018278826574,-1.7235688237095774,0.5402080913466524,3.3718369459156188,-0.854750952967217,1.6330006202554175,2.1355730452374004,371.9120220797284,preci,JJASO,Day
14.25_106.75,-0.7123575354168613,-1.4734302279575098,1.360761957677564,2.461823190246571,-2.1750977560655276,2.044364644400703,3.9628478283605664,475.6666902522132,preci,JJASO,Day
14.25_107.25,-1.502401380724051,-2.3054769842487253,0.7720434726401688,1.44941548751191,-3.1007520850829984,1.364745760228828,1.2154396717062455,457.07819630592905,preci,JJASO,Day
14.25_107.75,-1.4119458589101903,-1.2012751892451323,-2.085976661883933,1.818135222728192,-2.6697501397316743,-1.9645051303850696,-1.508878074502941,242.2544882474245,preci,JJASO,Day
14.25_108.25,0.2032103616368918,5.615975342598403,-1.9097652328983137,5.894381776921179,-0.37042282970088436,-1.3610223475730485,2.0353052292578067,111.88039674496468,preci,JJASO,Day
14.75_101.75,3.372053986875822,3.379369369888063,1.230940478963486,8.772422883805799,3.3856639630790357,2.0942203775343895,2.137010886616449,174.5158703684877,preci,JJASO,Day
14.75_102.25,2.5495410255143613,-0.6102640161437853,-0.7499179037975496,6.894890257433085,2.4877717055552724,0.28436600757769426,-0.7590282348387799,134.86063064235557,preci,JJASO,Day
14.75_102.75,1.4879437147580585,-0.3851157108467612,0.031632222446771545,5.750868938599815,1.6208853267696555,0.7197578992866532,0.6443114544872912,122.82979385018604,preci,JJASO,Day
14.75_103.25,1.0715056399687777,-0.3259918774963605,0.37874735994367137,4.8506701727748975,1.0470919150881186,1.0663211812582636,1.7140620763344228,133.50558550597825,preci,JJASO,Day
14.75_103.75,1.1043776882941334,-0.19016815572911255,0.5622662197091997,4.27097383939027,0.8628578849212871,1.1619840410747713,2.420591704278141,150.3416978759375,preci,JJASO,Day
14.75_104.25,1.4609700649672517,0.18786727597023298,0.7495441312841252,4.042502049924615,0.6835039960114203,1.3390789915522974,2.484683760995643,164.20498178435332,preci,JJASO,Day
14.75_104.75,0.8326548042429774,-0.9023069134611417,0.3272534328055636,2.4004472302609785,-0.17599336183934094,1.1080970075890169,2.022509985667393,185.0085483709452,preci,JJASO,Day
14.75_105.25,-0.1037445137505298,-1.2695591501434202,0.9025887383379436,1.2524820381038653,-1.3566878059620004,1.8061869534250565,1.8254479076670296,236.96401357813426,preci,JJASO,Day
14.75_105.75,-1.3035312455661452,-4.575508284269018,0.21955671713662953,0.38924958225297474,-3.309703236789518,-0.031800023196386334,0.22706035719793027,344.93447533778925,preci,JJASO,Day
14.75_106.25,-1.165416830549747,-0.9944412701521355,-0.5246591706984103,1.5295700780376829,-3.1792904115926737,0.03718268665329799,10.553479742847133,441.33886348740793,preci,JJASO,Day
14.75_106.75,-1.538343668521872,-0.9036291660625222,0.45347034661143976,-0.25689445466562383,-3.6216315627869435,1.458341813028305,0.313454132267175,422.79972138609924,preci,JJASO,Day
14.75_107.25,-2.0368902496326204,-2.7679311873838754,-3.557300027005419,-0.02369904136798723,-3.74398744526667,-3.8048059146510016,-3.6386358133098042,280.60321436379326,preci,JJASO,Day
14.75_107.75,-1.17750311007008,4.073264719770153,-2.304578226975288,2.5222590472722586,-2.13779579892047,-2.2241777028016267,0.02033651283841682,130.23958043950287,preci,JJASO,Day
14.75_108.25,0.3630170601202251,8.965150619070842,-1.2818744297015283,7.912521148669113,-0.24003762101418225,-1.473247951388613,5.503968701797785,93.17295965825328,preci,JJASO,Day
15.25_101.75,2.654049610508608,0.5380955427886839,0.8300054162298147,6.04345516007716,3.267520894359424,1.3641761006611401,-0.0647272586419753,157.27778276927282,preci,JJASO,Day
15.25_102.25,1.751807286613158,-1.3319902570396311,-0.06509836680159094,4.2671466514589955,2.229788836507197,0.29388899880396513,-0.8934443274753813,114.6375026257515,preci,JJASO,Day
15.25_102.75,1.1405187650993671,-0.8580448379106564,0.8103508548952666,3.6885119154402077,1.4931580039635302,1.2493822838503843,0.29734189455119825,99.98604330347185,preci,JJASO,Day
15.25_103.25,0.9570694421971052,-0.8223541754585885,0.8218639668309298,3.882940650403335,0.7782965412651678,1.1797400666026219,0.9485020301695715,111.04056427469406,preci,JJASO,Day
15.25_103.75,0.7354694746495571,-1.2116184875657139,0.7927046911812956,3.392447681368224,0.16305576492546214,1.2497480676475854,1.006887960173929,134.404407315681,preci,JJASO,Day
15.25_104.25,1.2172267585172565,-0.7943794877305647,1.211232593819428,3.5241110345197817,0.21419847098802933,1.6804546929074544,2.078321905415759,158.45319614430773,preci,JJASO,Day
15.25_104.75,0.7362971717863046,-1.3696723665210524,0.800198479343703,2.199682666008041,-0.4702188422476644,1.2888938800824192,2.6280767480954976,189.37894693971933,preci,JJASO,Day
15.25_105.25,-0.015328980077677178,-3.3073310509516967,-0.31990199707259526,0.2487980949384534,-1.3817455401536587,0.5477991087669735,1.7544166649306463,249.55524353698192,preci,JJASO,Day
15.25_105.75,-0.21624838247034384,-0.49267475986237624,0.10677531952123462,0.5640349856266985,-2.5720656932185486,-0.20784355879227737,1.769651789996732,358.4858256624571,preci,JJASO,Day
15.25_106.25,-2.5663856903082567,6.189113119594049,3.8820329420204813,-0.7234060187316231,-4.654268280795033,2.8718101722617804,14.06064901185984,392.7573079140462,preci,JJASO,Day
15.25_106.75,-1.5353951709045037,-2.9609514886223636,-1.3755906198747117,-0.061420010255451636,-3.7760473389259155,-1.7404957180337763,-3.411221457231663,274.99486095473725,preci,JJASO,Day
15.25_107.25,-3.4435345356223683,-4.146043782443354,-7.178201802476755,-0.2853586948185512,-4.933588641789038,-6.879686424509728,-1.7239442237832245,139.63453887032688,preci,JJASO,Day
15.75_101.75,3.2042056878928236,0.9551615747442389,1.154330598134839,4.4412250626167715,2.2861088115335955,1.6736398223713236,-0.529667494177342,160.6530330723987,preci,JJASO,Day
15.75_102.25,2.3628899817333413,-1.1014055260393067,0.40295478051745875,3.3118371611331043,1.6283555641143734,1.0481643399945126,-0.9239001779637982,102.4706256513793,preci,JJASO,Day
15.75_102.75,1.7332404703955633,-0.7732138032409747,1.0026946666503764,3.1029099211315914,1.2192126035491024,1.5378457042694444,0.6314091961417211,90.38814914266929,preci,JJASO,Day
15.75_103.25,1.4486746015437058,-0.4854223395330251,1.1530327539921814,3.4189033920605088,0.5276193853770448,1.7346768021870052,2.126861291912128,111.01060863484962,preci,JJASO,Day
15.75_103.75,1.3322525854272127,-0.8950617197084072,1.1373047854630227,3.0940820132699383,0.021158676778920135,1.678295739077938,2.200884583766521,137.93666141550247,preci,JJASO,Day
15.75_104.25,1.2879758373308248,-1.0873588897211215,0.9559916749716192,2.7071606374837733,-0.445838122292012,1.8009543390785003,2.938652802479303,154.10203704886965,preci,JJASO,Day
15.75_104.75,0.7075103769804071,-1.1529356273198839,0.7157310770678593,1.620563852373026,-1.278470446074373,1.513877310321852,4.18158449220443,170.5565913395799,preci,JJASO,Day
15.75_105.25,0.2113954498615418,-1.7353720730595394,1.808538114037274,-0.05158408180844372,-1.7150485742089128,1.8720186664096194,3.609230302851852,222.45454786025178,preci,JJASO,Day
15.75_105.75,-0.19151509465527017,-3.5022377920389567,0.959926826697203,1.1061663933440868,-2.539315876316026,1.7149214727941813,2.148331694170189,310.8007666360795,preci,JJASO,Day
15.75_106.25,-0.7644868472728638,-4.4974897344222935,-3.6586939255280573,0.3970103189066943,-3.1142665467920456,-0.6443920552344001,0.3934918288983297,300.64291674018716,preci,JJASO,Day
15.75_106.75,-3.0917692563271486,-3.7272873183525768,-5.280818598676954,-1.1933228991299456,-5.3952533105353675,-5.6270153232845805,-4.731941673868191,163.6291380718172,preci,JJASO,Day
16.25_101.75,3.949913107738445,3.364990918444489,2.022673735843859,4.034681284623292,2.2887473097491697,2.4600419227003423,1.5515196964401234,144.21277986810875,preci,JJASO,Day
16.25_102.25,3.0627297403840767,-0.46046509076396186,1.9185697201891279,3.260249626498575,1.8452787245426852,2.654652112177892,-0.5483765025758897,89.85948274894378,preci,JJASO,Day
16.25_102.75,1.6833224738086963,-0.8649151217156663,0.664967465106542,2.6586374026550823,0.7373485432871248,1.19735757103095,0.32011048204248366,86.41185338713225,preci,JJASO,Day
16.25_103.25,1.392681962025247,-0.8665664623489299,0.6638456018917993,3.156133061316621,-0.036744973096944314,1.2170845800094854,1.597849285218228,112.09335422410258,preci,JJASO,Day
16.25_103.75,1.3788946701649214,-1.228889032351981,0.7295555030814236,3.2285425749679026,-0.45094073172209653,1.5808076782744243,2.50163121257175,137.84076721374748,preci,JJASO,Day
16.25_104.25,1.0860885968211806,-0.30077939616847066,1.2650685159282204,2.6796006496325684,-1.248635683231861,2.123314527543056,4.547646206277052,140.7247688493503,preci,JJASO,Day
16.25_104.75,0.5226480847726787,-0.6258697893997676,1.3588665397160373,1.3314044759401893,-2.311463414163136,1.605448930209585,5.041868788377996,151.16749058000167,preci,JJASO,Day
16.25_105.25,0.049401796999999255,-1.8167967558042708,-0.45984890946408064,-0.6372562623582615,-2.988514419750106,0.7680444151110082,3.5931104666358022,206.64411128330616,preci,JJASO,Day
16.25_105.75,0.42341320428867035,-2.9478723962581594,0.15748319265880184,0.8069707331522773,-2.8214443292721767,0.9708532983656657,0.7486622295951343,261.8251872195715,preci,JJASO,Day
16.25_106.25,-0.9078740290287454,-4.213862365152137,-1.2310848523508204,0.11481047448673269,-3.8397057798367227,-1.7182836801810943,-0.8788896774651416,195.9764081417426,preci,JJASO,Day
16.25_106.75,-2.522381280550555,-0.8563206274190255,-3.179575118303221,0.02237015961208536,-4.933730464873719,-1.904560156667647,-0.7893755885439361,107.10646682822386,preci,JJASO,Day
16.25_107.25,-1.7949214716620365,2.1116378298075538,-3.547382909224642,4.661136149774181,-3.2160296315855965,-3.7462643195378447,1.4768287202106027,110.24534871012114,preci,JJASO,Day
16.75_101.75,4.17890959952551,1.1046097356553466,2.755936110508489,2.912051618874306,1.7028599570151768,4.123921612965471,0.5284073625979666,108.97327948550998,preci,JJASO,Day
16.75_102.25,3.0382305658670754,-1.214168965365012,1.5250237547866596,2.5185985892354963,1.2404507586364657,1.8355334850192633,-1.0204473222132535,78.51539642695393,preci,JJASO,Day
16.75_102.75,1.9211146448656917,-0.27471214795894955,0.5637700178930733,2.6662727920417213,0.5015680648922348,1.3057381869048377,1.4719384201194625,82.56164844752168,preci,JJASO,Day
16.75_103.25,1.8462268156299668,-0.15764737533415216,0.5200385631096183,3.81513520390508,-0.10918144220241777,1.500784524315251,4.155081976124074,106.80212985814262,preci,JJASO,Day
16.75_103.75,1.5592552649931088,0.692132220851137,1.5902014091050922,4.077302692538828,-0.8276167884631019,2.4502497962037224,5.955606249557734,125.83695324924409,preci,JJASO,Day
16.75_104.25,1.3481400023676433,1.4247072510132681,1.7795903168490963,2.839373853234846,-1.552833830821712,2.5898131516171943,7.397677421547023,133.8864852248826,preci,JJASO,Day
16.75_104.75,1.3951947776369773,-0.7262894650765636,0.19997433556925537,1.3716429448334282,-2.0368220327879127,1.6813261023088637,4.285617136455738,159.5678510483884,preci,JJASO,Day
16.75_105.25,0.6689253698507143,-1.5048536573300169,-0.15615117691096622,-0.13805116679025173,-3.1559085136682254,1.302185074200962,3.2199970248413585,213.30579104833652,preci,JJASO,Day
16.75_105.75,0.26000693940886277,-3.7241666641820173,-1.1368803898887518,-0.05970675523334453,-3.697507265398198,0.26478294189911816,0.4887143798993101,210.93036614242516,preci,JJASO,Day
16.75_106.25,-0.19234977814132787,-2.967262886431365,-1.9132653789484637,1.599294421726817,-3.057696694960583,-0.5398750609747861,-0.12080037180537401,126.26610922508982,preci,JJASO,Day
17.25_101.75,4.071775855374722,-0.5691929600286325,1.7422797644605479,1.883776007970755,1.014730416514384,3.103543085484709,-1.0597434962051198,87.07859384958029,preci,JJASO,Day
17.25_102.25,2.8670754897097117,-1.5778384848492863,-0.5917812861900581,1.7262242076987027,0.21529247198709459,-0.33083269180876435,-1.029119554438998,72.29888991203568,preci,JJASO,Day
17.25_102.75,1.9508571389265803,-0.7239164444691154,-0.15357065192848146,1.720037020977179,-0.7640994497840352,1.0449664377809698,2.218294065419027,79.61450937120283,preci,JJASO,Day
17.25_103.25,2.0217962868413712,0.05750796704642372,0.33805503799605413,2.4546551813116055,-1.0695490507909708,1.6805713315194575,4.121893801396442,99.30159870680538,preci,JJASO,Day
17.25_103.75,1.5808770987349223,0.5861323419687869,1.114832927844871,2.1344188946763345,-1.6401517953336748,3.0141503053955767,6.551307511471314,118.86607509153103,preci,JJASO,Day
17.25_104.25,0.1889321085785666,-1.7019929270261254,-0.7562660448725024,0.04452245080259163,-3.0187363014046733,0.6283868727963413,2.8316594744589687,143.3289288239275,preci,JJASO,Day
17.25_104.75,-0.49432460159103225,-4.598638107677906,-2.1022861473271437,-1.6429405950533211,-4.213451842998484,-0.9195651636713669,-1.5342307274673204,178.30770151211883,preci,JJASO,Day
17.25_105.25,-1.0818720885340585,-5.441057385306486,-2.425254230098997,-1.6672277938208475,-5.100430281332652,-1.1530468114536123,-2.7024586492135443,187.50752058488186,preci,JJASO,Day
17.25_105.75,-0.05899571329795027,-3.1738508250105224,-1.076455021801992,0.6684455098102733,-3.9772839410875305,-0.7046307874519394,-0.2915217733946986,138.34733451558986,preci,JJASO,Day
17.25_106.25,0.24933395097237906,-0.4950359367458155,-0.13654587693607637,4.370970486144009,-2.743559583760938,3.1034396877659156,4.103856344278141,97.4811465146546,preci,JJASO,Day
17.75_101.25,5.936200842691272,-0.11650341989141545,0.7093714686904413,1.3590074620105808,1.0148230334011599,1.5575288991136522,1.5417596716710242,97.97370279612318,preci,JJASO,Day
17.75_101.75,4.094925067788345,-1.716052207984876,-0.733502965687472,1.052199499716991,0.4739020180447232,0.12572740249049041,-1.6642872868031953,78.15701996203849,preci,JJASO,Day
17.75_102.25,2.452650106006597,-2.8709504264407846,-0.1463915179574234,0.34530128593321713,-0.881551982923549,0.9368764708917348,-1.5894223914190269,75.71941856622381,preci,JJASO,Day
17.75_102.75,1.6148337151152015,-3.1570892037853757,-1.3643824451427093,0.1556380935707137,-1.7836302276199054,0.6835608842646334,-1.0245762159676834,89.32196225819345,preci,JJASO,Day
17.75_103.25,0.8901637031884367,-2.518572113478263,-0.8507186518375697,-0.3223402903347788,-2.7501978226595445,0.683705187811539,0.022444196963616568,111.49283934939534,preci,JJASO,Day
17.75_103.75,-0.016056076581630715,-3.7896000861596324,-0.4733179701137322,-1.2045922690598097,-3.729557796843719,1.4517267734641646,-1.2220214470710602,142.0421273523098,preci,JJASO,Day
17.75_104.25,-2.7148398051804636,-7.124264171855098,-4.223121603047252,-3.4894774225537017,-6.253841803957198,-2.529030313556894,-4.112501910088235,168.51656615018035,preci,JJASO,Day
17.75_104.75,-3.6211840846072114,-6.40928952429011,-4.362875716934835,-4.746159107974739,-7.387779712229388,-1.29730112181259,-0.527664052576979,162.64183884320693,preci,JJASO,Day
17.75_105.25,-1.9059221890923759,-2.008413255271235,-2.5177994461706636,-1.2965321420327691,-5.450688414276055,-0.23488123411648826,5.831163535726216,125.83317765051547,preci,JJASO,Day
18.25_101.25,6.060057953862173,-0.8555488115130888,1.3325990404717618,0.5968873761930038,1.1222034209591087,0.7493585908696639,1.2995760565199346,90.17396508423056,preci,JJASO,Day
18.25_101.75,4.680316932202753,-2.6883461359121084,0.15482405289809717,0.1930365305445625,0.46943159380562094,0.41629312342788694,-2.7305393303420478,85.66999996391571,preci,JJASO,Day
18.25_102.25,2.57404052096473,-5.40211019349271,-1.5295798509308154,-1.0475785395502506,-1.696955465812118,-0.08073428810786441,-3.971497808100581,97.29110212445107,preci,JJASO,Day
18.25_102.75,1.1574182188586806,-4.0719185570301155,-0.5043818548919795,-1.9951555255219768,-3.2793824119640753,1.2081675994843535,-1.9339023519350036,119.16497207856527,preci,JJASO,Day
18.25_103.25,-1.8662881523149046,-8.008601772054803,-2.0928407184326665,-4.332841067966316,-5.825631195886462,0.8686212177408181,-3.0234223634404502,146.45669954261245,preci,JJASO,Day
18.25_103.75,-4.079653216225813,-10.666460349308249,-6.505545155186202,-6.375994280327008,-8.02193397778292,-3.695280489877406,-8.188870631850037,166.22392205436626,preci,JJASO,Day
18.25_104.25,-3.5950774417290763,-7.53854781533553,-2.8990170709497285,-4.554481277050994,-7.437393746778984,-1.3457242383923325,-1.8359130256115104,152.61608472471903,preci,JJASO,Day
18.25_104.75,-2.2001358003186184,-1.6457631989918207,-0.9106250805623708,-2.576453761287778,-5.771820986222192,0.32147507615112875,6.27587619855719,116.1051351802655,preci,JJASO,Day
18.25_105.25,-0.31321412404364607,2.42308253660095,0.4474993096418032,0.4267049860016314,-3.2248006408963263,4.232209066100637,6.186382917621279,102.28827660199613,preci,JJASO,Day
18.75_101.25,6.499637349742174,5.5545283982498,6.509576919989091,0.6902458121065477,0.8391419614839412,6.908233226915327,9.899683552381953,103.4475768474184,preci,JJASO,Day
18.75_101.75,5.48505881173737,-1.7266905148699905,0.8156302219674922,0.14578884249315155,0.45001613862773765,1.5365651991278557,-3.121223336111837,102.8159453019922,preci,JJASO,Day
18.75_102.25,1.8336985597153255,-6.513252715336944,-4.2716409370112345,-2.8361951202234663,-2.882586736291718,-2.345423801833103,-4.409680620133623,118.7650773210655,preci,JJASO,Day
18.75_102.75,-0.07005732294830477,-3.7750656643427623,-0.9086086960834596,-3.505842571954308,-4.342157350163748,1.5481932211257434,-0.35798578404793024,153.64350517058753,preci,JJASO,Day
18.75_103.25,-0.49464800959408023,4.661495556523686,2.563532543026862,-2.7810281183380057,-4.081784479944041,3.240038558863534,2.355333209105374,176.74680044439444,preci,JJASO,Day
18.75_103.75,-3.550896384948494,-8.893928936805217,-6.097889356705952,-5.589922385229671,-7.01655643652814,-3.755390902553864,-6.565636545406536,170.25427462790142,preci,JJASO,Day
18.75_104.25,-1.5717441833998473,-3.0207309723307807,0.7522729289367703,-2.335824324293925,-4.677889384385882,0.2845612521475536,0.9339066624382716,123.97477009879994,preci,JJASO,Day
18.75_104.75,-0.1625509796963616,1.8591635194940541,2.3635314714324593,0.6593988014831114,-3.1274655900028323,4.356521580556401,3.7246864336661583,97.78409375163592,preci,JJASO,Day
19.25_101.25,6.2407209122565135,6.770743100646348,2.8288909247229896,0.2063211483172522,0.19814279278456653,3.954566886972732,11.424220798104574,110.82825163167287,preci,JJASO,Day
19.25_101.75,5.722124381334234,-0.9470687043812499,-0.5760381892722317,-0.036194608364968066,0.19229061222942534,-0.30585913063094383,-2.4716479257392883,109.71888505619181,preci,JJASO,Day
19.25_102.25,3.2987690521112625,0.5726609751579652,0.9886243540204623,-1.9974484907498107,-1.734027290215299,4.084487638653116,2.86574321639252,116.6226675457922,preci,JJASO,Day
19.25_102.75,2.2950391212758725,4.612043679997471,0.08009396586305434,-1.8872878339780927,-2.0133798838690917,2.0080325240489545,3.996768834202251,137.93390393966956,preci,JJASO,Day
19.25_103.25,2.455423347941335,3.7664379464375575,1.5308642112095292,-0.9842325915893565,-1.248004673074521,3.0715052883751413,4.421147951194263,152.05371652304513,preci,JJASO,Day
19.25_99.75,7.272410499719254,-0.7813334087113118,-0.42236828327917325,0.10253948088972638,0.9356670104133977,0.7226123046120037,-0.22535495540704434,105.1023604371626,preci,JJASO,Day
19.75_100.25,6.302982572442089,-2.2560435612290966,0.3164722606147172,-1.4529190907464653,-0.34612716888559164,1.014040483495765,0.30730596484931005,94.69237553626347,preci,JJASO,Day
19.75_100.75,6.127084850756214,-0.26003244461653713,1.777836994051785,-0.9509576528118283,-0.4685664034218865,2.4227761745121956,2.8311526404379084,100.24055876302745,preci,JJASO,Day
19.75_101.25,5.857398511911193,2.3836046561535373,1.3896396665741337,-1.0141398411894862,-0.4346790352453594,2.9762394368946734,3.183819875982861,104.28886195648298,preci,JJASO,Day
19.75_101.75,5.046191453661072,-1.618668721507865,-0.8944167759332529,-1.3630236801888727,-0.46611650443611813,-0.536385171016926,-1.4875048903168846,98.27600995482355,preci,JJASO,Day
19.75_102.25,3.7968174971535795,0.2926507376056802,2.4752678475289676,-2.2252423058118964,-1.231619995943916,3.7568967632505,0.762563123708424,90.20504464966285,preci,JJASO,Day
19.75_102.75,2.3616197513455894,-1.8372587088789238,-1.622105121609333,-2.2737108077798367,-1.9441227947859387,-0.832887891265542,0.10101982847763251,96.55651418493433,preci,JJASO,Day
19.75_103.25,1.9103025144833268,-1.7924455500733338,-1.8445634357056702,-1.9704107561306161,-1.7213429233297677,-1.7587969961353367,-1.9892320170668119,105.02441687701764,preci,JJASO,Day
19.75_99.25,7.668906624264607,-0.9159333187570625,-0.4015802825854031,-0.22001402590111332,0.5159938528206958,0.5940199418021529,-0.13251726101924471,115.17953582358209,preci,JJASO,Day
19.75_99.75,5.991854345304482,-3.551582571763594,-2.3231387341759078,-2.0976880567757124,-0.6626565472417502,-1.2141243238646866,-2.6802926091020334,103.18006501521451,preci,JJASO,Day
20.25_100.25,4.716641124023787,-5.007233026557341,-2.1533135275537982,-3.1151957518016,-1.7596524229346757,-1.9126261940370721,-4.004356901539216,102.56425351651055,preci,JJASO,Day
20.25_100.75,4.983090937507465,-2.135034001117623,-0.7452596270499637,-2.4550603698903695,-1.522383423269835,1.343753957208738,0.7047554808649238,93.27006821285353,preci,JJASO,Day
20.25_101.25,5.1886124833591385,-0.833190144717481,0.5719368166385085,-2.011313924339399,-1.152065994581664,1.1165808152605612,1.186422325453159,91.99009807902135,preci,JJASO,Day
20.25_101.75,4.554523539382905,0.35930501557859384,0.2832098657666127,-2.423284643662702,-1.225807307645639,1.2317548772341664,0.382944992052796,80.81774012790005,preci,JJASO,Day
20.25_102.25,3.9981815569218746,-2.6100502230614135,-1.2249705467265481,-2.8786764989203526,-1.5481782887083686,-0.04819753453212326,-2.1597967015835873,70.57229648964163,preci,JJASO,Day
20.25_102.75,2.786670159473782,-2.9042825521455495,-1.0541788992633907,-2.8505813471647814,-2.2366169928112405,-0.3773455126371559,-2.5606899260598768,71.92904774021567,preci,JJASO,Day
20.25_103.25,2.169956728675538,-2.1967708116212603,-1.497960009049233,-2.299181391682091,-2.0706897671112388,0.5291631023702009,0.6729096176586783,83.03142903816945,preci,JJASO,Day
20.25_99.25,6.717296387529091,0.08211991380393859,1.1797846030175365,-0.22412544521354136,-0.3003673490271932,2.381318457867356,1.7268239991452434,117.56181010670558,preci,JJASO,Day
20.25_99.75,5.22176506897151,-3.9956166567004123,-2.216445346881337,-2.7286974596240263,-1.5229258875033074,-0.3225705286688239,-2.6665205864172115,116.09605732105292,preci,JJASO,Day
20.75_100.25,4.7811582408978275,-3.4578439849601774,-0.7354588896257661,-2.789521257908554,-1.3090492024213083,-0.5943878457170517,-3.3926973704140884,117.73887940436902,preci,JJASO,Day
20.75_100.75,4.489862872356372,-2.5959595070079637,0.05553951096972609,-2.9274470342723227,-1.5484670584530154,2.6686784548966087,1.3445376451997095,89.53587557983752,preci,JJASO,Day
20.75_101.25,4.380206511620078,-0.28636840399998253,0.6588118140823844,-2.763848210385683,-1.7475691333173706,2.6508219105483257,2.1838686908395064,78.4675335772104,preci,JJASO,Day
20.75_101.75,3.9674982942397032,-0.8276716877983459,-1.2224340174472383,-2.6262158455743183,-1.8915988825386212,0.6672148198941127,-0.20989096258050108,76.07232140881008,preci,JJASO,Day
20.75_102.25,3.5776117989035647,-1.966401300865406,0.909874299030382,-2.5376457155684298,-2.2838323126780615,-0.12946897749908187,-1.454093631475454,70.95798711781049,preci,JJASO,Day
20.75_102.75,3.054216897484045,-2.470095121458185,-0.9101653837311747,-2.1921991696041556,-2.485189038914753,-0.9518377548663763,-1.5324402931266883,68.00912817625104,preci,JJASO,Day
20.75_103.25,2.2919000638964904,-0.23191326676795096,1.1811043367167247,-2.30292120270539,-2.728725287071684,1.408648437300559,2.0836983903198982,72.32422846605546,preci,JJASO,Day
20.75_99.75,5.699702417219526,-1.0156580204713033,-0.15083808990646294,-1.8670198665175495,-0.9370284227048196,3.8369011860007602,1.4029458099299201,131.36291938811502,preci,JJASO,Day
21.25_100.25,5.047616327033169,-1.8648357461561245,-2.7153585637051285,-2.2973795240626136,-0.572039251250769,-0.8159617537100788,-1.923993790061365,116.54973372741526,preci,JJASO,Day
21.25_100.75,4.477709412237529,-2.133633640538476,1.281778232518602,-2.733092445179018,-1.0787564828204321,2.5057770193901696,-0.9473907417254903,85.23809039625168,preci,JJASO,Day
21.25_101.25,3.902550860848824,-1.097307992128885,0.055090035298781925,-2.8914790708276445,-1.7748948302462935,1.8867361742200337,1.3034016149299201,72.39744832878833,preci,JJASO,Day
21.25_101.75,3.329101944574426,0.9791197626225319,-0.23759064669172367,-2.7668135385763284,-2.300387665723786,0.6612409943160452,1.5298552757525057,75.11786177602987,preci,JJASO,Day
21.25_102.25,3.003554261253354,-1.8661760555043336,0.7430827947048941,-2.472458125911817,-2.7633530113324674,1.559976621081916,-0.7132668012251271,74.83900220304989,preci,JJASO,Day
21.25_102.75,2.2631738590100428,-2.6417308715272116,-0.8610265750157854,-2.5061725173976983,-3.214540551825233,0.3014487393811771,-1.112712108916485,71.90189079961942,preci,JJASO,Day
21.25_99.75,6.01092660315106,1.1500243899411866,3.736586599240225,-1.4584231275648372,-0.21832715440379505,4.873044079219426,1.8172949023921567,130.35096327065926,preci,JJASO,Day
21.75_100.25,4.1872258015604835,1.3510152336365404,0.6476260391270995,-2.4493803234798865,-0.8474537024082153,1.4637429775139834,0.12133487905591865,96.70456441574542,preci,JJASO,Day
21.75_100.75,4.195929401724554,-1.8028454937378937,1.19712796860765,-2.6248920940436675,-0.8994295968306062,2.121671374898399,-2.039748967384241,81.11405062823748,preci,JJASO,Day
21.75_101.25,3.9030520728614437,-2.2639696035511836,-0.9879858975117647,-2.622010616080576,-1.3195816178562438,-0.43931924003201767,-0.936944046768337,71.07778512922552,preci,JJASO,Day
21.75_101.75,2.9886186117207556,0.5149658655454407,0.8178443268227457,-2.958160602326573,-2.3578870609950253,1.80858846540819,2.318275367989143,72.17638852057503,preci,JJASO,Day
21.75_102.25,2.482198713599971,-2.9349541157007786,-1.289987470386156,-3.2310585834537795,-3.0537500151774695,-0.26414212448408886,-1.626180226329339,74.3748407198684,preci,JJASO,Day
21.75_99.25,5.6275671528833335,2.4559386849401004,7.070708698455856,-1.1490871253893733,-0.4306488821778974,5.239280203217904,3.935327448665577,100.60380364553312,preci,JJASO,Day
21.75_99.75,5.080413455754346,-0.6189231269077595,0.30554143538847206,-1.4301548371447879,-0.3629644321601207,0.6541310960293879,-1.4765667123616557,105.15505395769944,preci,JJASO,Day
22.25_100.25,3.0823963936315755,-0.8624776853797986,2.8950119875320124,-3.1139928827715004,-1.8072603705409496,5.0068998280112,-0.6715214898293391,83.00356651405166,preci,JJASO,Day
22.25_100.75,3.285153280555347,-2.7629490628458777,-1.1631806789412311,-2.9927010099630222,-1.6266829521176467,0.745720203289154,-2.883516642544517,80.22580377522218,preci,JJASO,Day
22.25_101.25,2.8681342601528876,-2.4166781443091323,-0.1664602492456839,-3.17475235547897,-2.148876076755987,-0.32596198504153145,-1.3864759001181555,79.72092008614185,preci,JJASO,Day
22.25_101.75,1.6978773294952334,-3.213619101984004,-0.13433490542625293,-4.021551792363548,-3.5418455872014816,0.8132712708313465,-2.0032358185170662,81.10628212141866,preci,JJASO,Day
22.25_102.25,1.3865124296935247,-4.7816071420061546,-2.3364033407008895,-4.131204244294486,-4.068098582205417,-2.488790486076161,-3.5956242655221495,79.00158665000066,preci,JJASO,Day
22.25_99.75,3.900798634223756,-1.2578318930500987,1.2401644003933785,-2.5668874127733234,-1.3990676975037764,-1.2290864161461958,-1.2862701597225854,89.88290483140484,preci,JJASO,Day
22.75_100.25,1.8796182799492784,-1.441619571529399,-0.28607977228460985,-3.9451484430352592,-2.2964237301758894,-0.6302712111523864,-2.9738002182469137,77.59582209948599,preci,JJASO,Day
22.75_100.75,1.7511165863130087,-2.7754386555617137,-1.4309095552827589,-3.718616222336732,-2.377491437923515,-2.1484411035997377,-1.9047180835900508,79.27082943713754,preci,JJASO,Day
22.75_101.25,1.3071357647767685,-1.1018430241258728,3.715619438742848,-3.871611628966886,-3.066248486293805,8.502182173617053,0.2101679479067901,86.68115488143604,preci,JJASO,Day
22.75_99.75,2.9114354828501785,0.8889908546873723,0.05984458883292462,-3.4039619451661944,-2.040970427798663,1.5217969533932745,-0.3646650060751634,87.8282157253418,preci,JJASO,Day
23.25_100.25,1.8619584904501691,-1.9236139353414141,-1.3592505143849136,-3.230456475183173,-1.6289129863228093,-0.7311915765045116,-2.749411098094299,87.18786366024665,preci,JJASO,Day
23.25_100.75,1.733294492485819,-1.827686512323881,-0.3802323015681614,-3.04072278330167,-1.6912816029850557,1.8681646948547295,-1.3470151953603486,84.74613522233565,preci,JJASO,Day
23.25_99.25,3.648934630906702,-0.7611567410922215,-0.271254894357065,-2.2936133114752986,-1.288712767360345,-0.5323484318466272,-0.10523339127741467,108.34945333378575,preci,JJASO,Day
23.25_99.75,2.6252625045441076,0.9130392890234651,0.16141698729687765,-2.7845300829886885,-1.5518118842397672,0.13432464690395143,-0.21444058565337693,101.82370385788084,preci,JJASO,Day
23.75_100.25,2.135178323289747,1.4962625166479735,0.20006983779875556,-2.636859964812914,-1.088693928206712,1.3380944108513433,-0.3984285299969136,102.50037082848773,preci,JJASO,Day
23.75_100.75,2.045702011629877,-0.8898153422483546,-0.08393805443880874,-2.648953904278941,-1.092387565066218,0.9238648907020398,-0.5221740408685548,94.89423672506447,preci,JJASO,Day
24.25_100.25,2.3205312170641945,0.4795422760181618,-0.9728987164391198,-2.554755399873163,-0.8524380796707821,-0.6879020568439365,0.32933572627233115,113.9042918562777,preci,JJASO,Day
24.25_100.75,2.1179386046659605,-0.3328586208325936,-1.5719007187627716,-2.7654644716452617,-1.0337898727295758,-0.6617124068197656,-0.8282877384179376,111.61663652097388,preci,JJASO,Day
24.25_99.75,3.070522352269281,-0.19646980507591316,0.7994714201776104,-2.253532559046546,-0.7245282947448405,3.283082834805847,0.5820072916561002,103.46477814092988,preci,JJASO,Day
24.75_100.25,1.918226142674676,0.1859219188700151,0.517262025951617,-1.8226988879977564,-0.355515602563615,0.22655523291972032,0.04579548894807554,103.39068549045031,preci,JJASO,Day
24.75_99.75,2.478344046308871,-0.27326783888307205,2.095796288330319,-1.584750764933697,-0.026295384242731708,1.8328517650957463,0.18176375965359476,92.42092937959762,preci,JJASO,Day
25.25_99.75,2.205431987708528,0.04509439282549949,0.9464341954973049,-1.1352021772858056,0.24236871610818864,1.8641157770389705,0.04435826807240378,96.86743511746401,preci,JJASO,Day
25.75_100.25,0.3013012408316471,-0.14972146809366813,1.2943058940393268,-2.456268121626949,-0.9444251204701155,0.5562975384812371,-0.8003079043609297,100.87150002203681,preci,JJASO,Day
25.75_99.25,3.4299610518688004,3.3892251300522203,2.8776629468855606,-1.5347742370769304,0.7057401470713507,2.447609915421033,0.34760533593456794,150.98137376165744,preci,JJASO,Day
25.75_99.75,1.4522113583132128,1.1742675022291302,4.143655014905785,-1.817654958919518,-0.06693985836165683,2.428867703583043,0.04157331831481482,115.85760495041998,preci,JJASO,Day
26.25_99.25,3.459821234355947,6.70420545066885,2.8114411869097986,-1.95152198186477,0.9201796105701162,3.330161433087959,1.3461670535374002,181.3406643858139,preci,JJASO,Day
26.25_99.75,1.0489647257659764,2.458670898972083,3.5985221999075874,-2.1588786008963483,-0.10643841607240946,2.7435243556434217,0.6524871310345316,141.79411684935457,preci,JJASO,Day
26.75_99.25,3.563791080767115,6.059710649811189,6.3928767078387,-1.577821988652051,1.1706509858749818,6.586131330205114,1.2227845747930284,190.64319573501731,preci,JJASO,Day
27.25_99.25,3.935499638985083,6.52090204758824,2.8709513300493827,-1.2478874649065466,1.5075384839577073,4.265954443193537,0.4397402781909949,187.74151381944418,preci,JJASO,Day
27.75_98.75,2.801119591924835,10.662938121605306,6.278140106325308,-1.0451916830610561,1.6524052891816268,6.301434303428177,1.6055191644622366,177.36289063837467,preci,JJASO,Day
28.25_98.75,2.6856570786072513,15.541322087650986,2.9522166014551194,-0.02425551114862923,1.7725852460805374,3.433634210421452,4.653593232825273,137.422181633199,preci,JJASO,Day
28.75_98.75,2.792472695278929,8.27654085431809,0.8630300591129242,-0.4520030608806561,2.0455362904941903,0.7825672685484001,1.6436245062135078,124.4833279677917,preci,JJASO,Day
29.25_98.25,2.1181501330581654,5.376384706178014,0.27266937181046486,-1.0871793042591618,0.962691612866275,3.117375146932384,0.9690706562596949,93.10901930317466,preci,JJASO,Day
29.75_98.25,2.0323150966438117,4.1288751509165005,0.33612966802274846,-1.3050808356793966,0.2758418939210204,-0.03074342455619597,1.3095461879251997,71.7036895673271,preci,JJASO,Day
30.25_97.75,1.820552644007154,6.13360638884315,1.9324073387907859,-0.947517680664047,-0.24285965077619612,4.78730832887431,2.4795755738809007,83.69321851703289,preci,JJASO,Day
30.25_98.25,1.848543424196516,3.9723423750546965,3.2953655421028505,-0.6197876173978711,-0.4365134643170893,3.6657648563841847,1.2095312490031227,72.39904348166348,preci,JJASO,Day
30.75_97.25,1.8012370480790239,2.0201153462251087,3.2963744107875694,-1.089362709400867,-0.6107800106291318,3.5144823445713524,0.6891671147835512,94.46219881070859,preci,JJASO,Day
30.75_97.75,1.8364067187635624,3.213301494984183,2.627741606499175,-0.9902333726485144,-0.7689900056071031,1.212821650053587,0.7996484641307553,105.07162309843089,preci,JJASO,Day
31.25_96.25,1.7572725233795101,2.680444249131102,2.6081483994933428,-1.1177063896169794,-1.0257533870720656,2.343944426177923,0.2631825558376907,90.24873867844775,preci,JJASO,Day
31.25_96.75,1.2886855644705146,1.1036712799861916,2.1391718849663635,-1.2630170550638393,-1.0847974187749074,2.196514158215408,-0.02656795179168481,75.91692777731924,preci,JJASO,Day
31.25_97.25,1.6461632187377986,1.1068776869066987,3.1383499798169354,-1.279411616504504,-1.0518665110239014,3.623629071752391,-0.10290961660094408,81.57720721346645,preci,JJASO,Day
31.75_95.75,2.1959545099774416,2.901616122790215,3.67500505758637,-0.4109800344320407,-1.1727316003790786,5.8064815976877995,2.0889127824900506,107.88404487727064,preci,JJASO,Day
31.75_96.25,1.8674784528042145,2.1820444624040913,2.7533929131730814,-0.6368545935450929,-1.2074979339066547,3.152843776267175,1.0813018375311547,93.81385759577746,preci,JJASO,Day
31.75_96.75,1.3845643566657855,0.8525098735508657,1.164996784905403,-0.6227777314851248,-1.242296815181991,1.3180481292983044,-0.0777394642342048,75.89616193161453,preci,JJASO,Day
31.75_97.25,1.6462669597276238,1.3379559964746415,1.4891500441745353,-0.6327030652067935,-1.3238115683527343,2.134294525468043,0.11803915886023966,74.07218585436645,preci,JJASO,Day
31.75_97.75,1.6738240689414352,2.727138297290613,3.567207496704345,-0.9522566580309432,-1.405921148361608,3.61143287663098,0.6065127196809369,89.4208234217108,preci,JJASO,Day
32.25_94.75,2.55390772614825,0.9891995411107681,1.7535117055568266,0.024655785547504538,-1.2452989566148678,2.928094277097408,0.9889618923761802,114.03371734205194,preci,JJASO,Day
32.25_95.25,2.576205775389589,1.7981573144048857,1.6379969123163685,0.00027464348940391315,-1.2326423380008622,-0.42794490247171385,0.630437144144517,114.00250444405657,preci,JJASO,Day
32.25_95.75,2.1979516711342746,1.1840148682475946,0.8619562667222151,-0.0494851730609885,-1.216862144124886,0.06448111541991318,0.21147570674429922,105.67976117487089,preci,JJASO,Day
32.25_96.25,1.9262486744829488,0.45269708815835,2.263206091426144,-0.29391405074880766,-1.2789645406657733,0.9817851756408135,-0.06545960406027596,91.16879471616743,preci,JJASO,Day
32.25_96.75,1.7009982764911429,1.2032892616714084,2.513461925299201,-0.14007490293843483,-1.2251158952679164,2.623487451540632,0.16253645082534493,80.28745170231878,preci,JJASO,Day
32.25_97.25,1.8439176762444847,2.7325823288472244,3.687967541726071,0.0019199173417408875,-1.2803561703178319,3.678170060368809,0.7632254367847495,81.69413524075537,preci,JJASO,Day
32.25_97.75,1.7671121755907178,1.4461890532980235,1.9549274353308863,-0.5748221404386563,-1.4268596891677807,2.431088413515523,0.4519040335521787,91.84222424262997,preci,JJASO,Day
32.75_94.75,2.5175370636838847,0.913244642352608,0.09006323355187255,-0.24139916316385732,-1.069031253333344,0.38258490424941904,0.14080988900108934,116.41791498631284,preci,JJASO,Day
32.75_95.25,2.5473718206426272,-0.016430794697858457,2.0286125251832265,-0.08876914224921245,-1.0834747131598736,2.917415930291939,-0.389669437708061,116.95023955897395,preci,JJASO,Day
32.75_95.75,2.307304110521128,0.34551010304360985,4.478961441992488,0.05231595162598259,-1.0898473862148836,6.5390747021503275,-0.034746668354393606,109.082307557619,preci,JJASO,Day
32.75_96.25,2.1482548476722205,0.4892125576158654,3.707251517175345,-0.07070918444103262,-1.0492252548827055,3.1313519579765834,0.027137915357298474,101.7057100423141,preci,JJASO,Day
32.75_96.75,1.8762823691086274,1.5718320319165788,6.535330808934931,-0.09827067527809431,-1.0536345422308337,5.71668000661101,0.4248984207862019,96.07674790826056,preci,JJASO,Day
33.25_94.25,2.166441371501264,0.21757487438960868,1.678013939347195,-0.35800627654678296,-0.9695325388220735,1.5867249626670472,-0.06812588629302833,107.97989535079125,preci,JJASO,Day
33.25_94.75,2.274963388233959,-0.15351834760015629,1.5116073908363872,-0.02065203170906022,-0.9508773774695533,2.292659603030574,-0.1419267597298112,113.19774139529615,preci,JJASO,Day
33.25_95.25,2.3958972533605736,1.089576518707432,4.344296849719027,0.374710967073141,-0.9329396856624429,4.062883708248438,0.1081323287553377,115.66210446964857,preci,JJASO,Day
33.25_95.75,2.3217576775153708,2.27587599242668,5.9378167304425995,0.2872064041128925,-0.9183715404367804,10.682192314529049,0.9064887555711691,114.67359734533233,preci,JJASO,Day
9.25_105.25,0.40360218317937546,-5.014600628538113,0.3049598757976398,3.0101894269147857,-1.197722988480029,-0.28189311815467605,-0.879489519453159,131.70101016196725,preci,JJASO,Day
9.25_105.75,1.0926985836933671,-2.7167126146463274,-0.5644985325217016,7.886263490621859,-1.22496935946781,1.1478886609282146,-1.3430082168249817,136.1853013771715,preci,JJASO,Day
9.75_105.25,0.7784419786066812,-2.2653333406888865,-0.08982155431020694,14.219360724995065,-0.008234602340341058,1.1348955058210277,0.40203525030965864,154.45488884952908,preci,JJASO,Day
9.75_105.75,1.3717235586717502,-3.300584215631072,0.7818787994528384,12.42664185587968,-0.11642178993323253,0.8651071764028334,1.3936934101423384,131.0157734095227,preci,JJASO,Day
9.75_106.25,1.9026369500047207,-2.4853941987243897,1.1032048124662406,8.673857452892172,0.33773258351833696,1.3184901929752129,-0.06447978336492376,128.0646580197223,preci,JJASO,Day
10.25_104.75,2.4386961051537126,-0.20727158098781143,3.072074918862246,21.695997572851564,7.291246860298639,3.6622382034113317,-0.8516511685033331,170.11150873573214,preci,JJASO,Mon
10.25_105.25,2.0103344810710366,-0.4608120618140955,1.6684843329191934,19.856159381845373,2.255099208504597,1.923655819127049,2.1094033041810034,152.39507908727438,preci,JJASO,Mon
10.25_105.75,1.9559604995757676,-1.5351381401193942,0.8808689614800673,15.058877245755877,1.3409517019815156,0.9405294961723775,2.516960827844755,135.50015241458627,preci,JJASO,Mon
10.25_106.25,2.3046520565340964,-1.5384808525146756,1.0552048399529637,11.268546792843422,1.731097644944062,1.4742296700220818,2.0921256890418283,134.84607468794192,preci,JJASO,Mon
10.25_106.75,2.3367016379446284,0.912136129379934,-1.7329396869331726,9.715941819185513,1.0634479935902577,0.6164830415364679,0.8121404725366788,162.93535400901368,preci,JJASO,Mon
10.75_104.75,3.267429544846629,-1.4568271678069316,2.5145880531840525,23.924630371871537,5.832846031358043,3.1084418010214834,0.15641810748838955,122.09271935830422,preci,JJASO,Mon
10.75_105.25,2.6426601818088242,-0.462784620115722,2.2130549875538903,18.233138824184934,2.960733796469127,2.6142217236692793,3.8620429890835486,116.81674851379357,preci,JJASO,Mon
10.75_105.75,1.9158637323962693,-0.5836085841944962,1.1260976955199014,13.403066787254039,2.1682987279052455,1.4944363252452693,3.1648260221341693,129.62934249760738,preci,JJASO,Mon
11.25_104.25,3.118322291908328,-0.6981646058876829,1.304028118834559,23.259023633269205,3.7546865826520786,2.591057103482274,-0.959741434224564,101.01825100746119,preci,JJASO,Mon
11.25_104.75,2.7148679351564473,-1.5427018952542242,0.8952397056588363,16.819297865053198,3.738848250311996,1.9877325341629615,1.8926096200553166,85.13009700970123,preci,JJASO,Mon
11.25_105.25,2.540494588217131,0.24151282436881702,2.07170889034294,13.89350002118888,4.017515478548831,2.432629204310599,5.278223511921137,93.92584281096346,preci,JJASO,Mon
11.75_104.25,2.6393268867805877,-0.2959860106319673,-1.3173104221063903,17.372560811596166,4.636154109336826,-0.3510532744871135,0.5486216623376117,68.02820191802299,preci,JJASO,Mon
11.75_104.75,2.187036717806973,-0.9453358929757426,-0.07114800626788856,11.064381139681185,4.384026050385259,0.69833444202704,2.8553936670986855,63.25983029155173,preci,JJASO,Mon
11.75_105.25,2.3757228398000634,1.0024970141865515,1.879044586888478,12.050719127176633,4.542079090322933,2.3416467454321377,5.973344618476033,85.47877250448771,preci,JJASO,Mon
12.25_103.25,1.5963006339444337,6.126174729697409,0.8789712663308096,37.321671655240756,3.0771592054958306,3.6921768405264754,3.33543025147638,165.24895505397137,preci,JJASO,Mon
12.25_103.75,2.0638558187459095,1.3582187121457021,-1.6404393653854905,23.085386091305494,3.883926005071589,-0.8200503899762643,0.2921314344276584,86.85635899431237,preci,JJASO,Mon
12.25_104.25,1.2125471195011106,-0.5659759638962296,-0.16548718845531693,12.854464036084336,3.3165965291869126,1.007039118466153,3.300401671501732,64.52935626051715,preci,JJASO,Mon
12.25_104.75,1.185333375410141,-0.6712311110034578,0.4485965633569383,8.806132935617022,3.0429847063811204,1.4454943580459634,3.3004708351488645,72.13428741093306,preci,JJASO,Mon
12.25_105.25,1.7026843747732974,1.6189362901136264,2.183280568737649,11.890426536230352,3.4617467112323683,2.2869841361478738,5.7405217285529275,104.99268636209992,preci,JJASO,Mon
12.25_105.75,2.2286893461453396,0.9071312559922611,2.003733091309082,14.630594556987697,3.932975208329418,2.43629995617298,6.338211347267408,157.8088013403199,preci,JJASO,Mon
12.25_106.25,2.4816471211511617,-0.02961895986722562,2.4872492343528867,13.536119585103284,4.6109190863512834,3.238367148265831,5.980568459193046,246.72826981870418,preci,JJASO,Mon
12.25_106.75,1.7699911976987153,-0.046458566609722494,2.1353938562020502,13.068423303395093,3.9465180468157186,1.1276999242874406,3.6794528989980884,384.00887469053777,preci,JJASO,Mon
12.25_107.25,-0.2302623700470434,6.943314184674077,7.011431518550608,11.35689405231322,1.583943493345166,3.299723127662724,9.109584470197372,493.5174072222801,preci,JJASO,Mon
12.25_107.75,-0.816068576306571,3.7892987180584354,-0.9190709795601626,8.749534304894667,0.7162561043672993,-1.4084760200004094,-1.5379457038050057,288.70021519343317,preci,JJASO,Mon
12.25_108.25,0.15038407765830492,9.628876548885328,-1.9879255903034074,10.52526924501377,1.8223407729755305,-2.38307244781681,3.334699996389032,123.3475917185954,preci,JJASO,Mon
12.75_102.75,2.431012099061626,0.5743186941209149,2.539623992505736,35.473014466342114,3.376079932551958,4.466461525613516,-0.2739397771968937,169.6231706960047,preci,JJASO,Mon
12.75_103.25,1.894135467620981,-0.8885911231369091,-0.8114966536507975,21.973902255831828,3.7200216688834384,-0.714577934763775,-1.796461793760932,106.40237963675958,preci,JJASO,Mon
12.75_103.75,1.2875590272157127,-2.3226098884134956,-1.2845001760880723,12.147539181842095,2.8332118170459273,-0.5558268502672987,-0.7288855244720429,77.34118326394606,preci,JJASO,Mon
12.75_104.25,0.9786520331194165,-1.7661920722081195,0.006898081272370381,9.40359994930583,3.650869171528468,0.6754588342493474,1.0580202353522101,79.07702107483901,preci,JJASO,Mon
12.75_104.75,1.4539330402255968,-1.065259098617182,1.4168829162097256,8.835571456686296,1.80254804579595,1.704355486167811,2.623626361609809,104.91065239091427,preci,JJASO,Mon
12.75_105.25,1.837995716718053,0.6330593443916439,1.8606543457326494,13.311271045600549,2.5621276238167088,2.4848517186517776,5.5729711292757464,139.31217459209194,preci,JJASO,Mon
12.75_105.75,2.2284402657489903,0.7603372335372057,2.200412428632891,14.785560465548267,3.1889158114267557,2.296146890224107,4.899137062268025,174.82382795878112,preci,JJASO,Mon
12.75_106.25,2.0019816759476465,-1.2473472008396096,2.0323678278115787,9.559747814025913,3.5316725049727133,2.1764586967004,3.813228354805782,222.40536011411888,preci,JJASO,Mon
12.75_106.75,1.2241467738123004,-1.0711552660684518,2.77545904223872,9.640349594836644,2.899933579492239,2.995583816289617,3.4954899349243607,282.46653661905924,preci,JJASO,Mon
12.75_107.25,-0.6152001710287988,-2.0345476719977227,0.617801128869635,9.083948736921574,0.9213181137607548,2.656824826935141,0.5839970182549581,314.3603171960194,preci,JJASO,Mon
12.75_107.75,-0.9561124379194743,-4.047389678389606,-2.1402506157135335,7.014928799887893,0.1968424897604502,-1.1458652574844337,-4.002370984905018,224.9206517413114,preci,JJASO,Mon
12.75_108.25,-0.2256387419303688,-1.7302910045011946,-2.6814161160122354,6.311469797389883,1.1274042317824777,-0.3507040039167586,0.679191999126165,103.71259961300962,preci,JJASO,Mon
13.25_102.75,2.416968729850428,-0.4417749280572169,0.3698282671345788,18.580972297935688,3.2026348550919965,-0.06640419558114967,-1.465530138741362,129.8551925075289,preci,JJASO,Mon
13.25_103.25,1.6995279935243535,-0.9235361226701178,0.3033410975358914,10.505567760703565,2.7527099055602076,1.369591026110702,0.9312551679367981,109.08206314221054,preci,JJASO,Mon
13.25_103.75,1.0371909459231319,-0.3192475115507126,1.3731369726171927,8.243870655286043,2.9061305644062125,1.9760132251837608,2.5620250894887096,108.07326465067773,preci,JJASO,Mon
13.25_104.25,1.2383122069834462,-0.1306246789491003,2.347364715059802,9.061371606133878,2.001430319319669,2.953380744211583,4.304184045760573,135.1843485853267,preci,JJASO,Mon
13.25_104.75,1.8714056449246075,-0.15560187238266626,2.665831367708308,10.979674953685992,1.749802804418554,3.159854050682651,3.564167210437515,165.59821852809657,preci,JJASO,Mon
13.25_105.25,2.00632900751954,0.40417025335010215,1.8621913885109045,12.66739707002783,2.2028058861769777,2.6236703994150217,5.50613597614405,178.78878517690515,preci,JJASO,Mon
13.25_105.75,1.8794746601102401,0.9653192469506628,2.0795706154047613,13.318613131247197,2.1827266275976758,1.87529942075912,4.889689307739427,183.46849769674495,preci,JJASO,Mon
13.25_106.25,1.5288988073150322,-0.7790270947441139,2.923133659660413,9.71886802857799,2.074376438809561,3.416015819715478,4.793702333349427,209.45656830294953,preci,JJASO,Mon
13.25_106.75,0.5901243868682249,-1.2319229982400162,2.114484471725351,6.755939833932103,0.9841437528830752,3.328322662842977,3.0195572754194746,254.2163356519662,preci,JJASO,Mon
13.25_107.25,-0.6309122267957137,-4.181441511232966,-0.8425884003086959,5.242194634163838,-0.722622254632053,0.3449100974549596,-2.7832835934805735,282.8283902832189,preci,JJASO,Mon
13.25_107.75,-1.0452414562979322,-4.2560332338849385,-1.77294976795541,4.965894140306112,-1.4206632926283795,-2.0678327068880424,-3.569186957305974,213.61861437744187,preci,JJASO,Mon
13.25_108.25,-0.32387938190772914,-1.7643783535375102,-0.3262172796721171,6.229754619328476,-0.6757464069996046,1.0179716461300816,0.4697885835193548,127.53671772886325,preci,JJASO,Mon
13.75_102.75,1.6415693088326164,-1.3437247486024113,0.6178685485206709,9.379427042848354,2.752810295673359,0.9861846473635049,-0.13745410417709686,146.54009552334057,preci,JJASO,Mon
13.75_103.25,2.317763538020091,-0.31027215957833254,1.6406912752131784,7.9235327867864065,2.7498339644298677,1.9151822735518897,1.7989747791471027,150.56063886023617,preci,JJASO,Mon
13.75_103.75,2.031694394667178,0.013693413667131477,2.1865586296581423,9.648927935472019,2.373729412893142,2.41368553165523,3.66119514722184,171.85864683392654,preci,JJASO,Mon
13.75_104.25,2.0863656420955166,-0.34127000192293167,2.346495410584941,9.877297709356647,1.8025127734527777,2.7535179923477355,4.424923163580045,195.5500648933336,preci,JJASO,Mon
13.75_104.75,2.1012106644250608,-1.1468128822792496,2.0406959822498956,7.816404846060045,1.5258930382934852,2.2124557361184993,2.004490475402939,203.41045164709058,preci,JJASO,Mon
13.75_105.25,1.9249491181813374,-1.2571502320151673,1.0215893091792905,8.097869289116971,1.4480201871689165,1.6373328983600204,3.9613011627277177,199.9823179665114,preci,JJASO,Mon
13.75_105.75,1.592998317606811,-0.02360990805614533,1.8087655881592914,8.78732624859465,1.2809593357976414,2.302208306096353,3.125804455444564,209.96758259107006,preci,JJASO,Mon
13.75_106.25,1.395239145212705,-0.7299423221547114,2.8563223205589656,7.603950149470494,1.1582399707722666,2.1504533303840625,3.3489429377021502,258.2895223353001,preci,JJASO,Mon
13.75_106.75,0.2624164899009155,-1.6217377846861327,0.7706361407232182,5.661523237164196,-0.3306876309699612,1.37674542698399,3.6351047953335724,347.46934270016163,preci,JJASO,Mon
13.75_107.25,-0.3895065425270212,-3.1280025146905537,0.9407737604502229,4.6019076607692915,-1.851573649654341,0.33976550026176316,-1.3470589067741936,412.9459560868399,preci,JJASO,Mon
13.75_107.75,-1.4304093229339776,-3.1602893637138196,-0.8238468780475499,2.568159379832016,-2.8386722226646297,0.3982794840213779,0.4018738261905973,293.5131784304752,preci,JJASO,Mon
14.25_102.25,2.548111204938104,6.5593712040835435,2.505697196096656,13.591023504745362,2.6197109481108076,2.114562091365747,3.884450160742175,161.55726559128456,preci,JJASO,Mon
14.25_102.75,1.9311273470185086,3.102606565250939,1.0344780254277874,11.696519022551009,2.375155136537484,1.8469720471434619,2.3539164411398197,149.95253337312784,preci,JJASO,Mon
14.25_103.25,1.7489672963364655,0.5106013421019939,0.9982725877339063,8.66628821922706,1.9782403842811525,1.3076579210683124,2.1353427606085544,162.60934279001356,preci,JJASO,Mon
14.25_103.75,1.5703431080221055,0.7004957091713594,1.592069689735407,8.774840967154239,1.6861521982964145,2.063589804915881,4.8517369675556985,181.6473367029895,preci,JJASO,Mon
14.25_104.25,1.8371316423649426,1.8222316446830906,2.7200307802080297,9.759422286851521,1.5646605420839408,3.1955307565037976,7.492433721750825,192.0569737640429,preci,JJASO,Mon
14.25_104.75,1.2778839087104787,-0.9183938519881637,0.5593355145374551,6.25174480657715,0.6390431174155745,0.7671174619761221,3.235713052761171,194.91661399085342,preci,JJASO,Mon
14.25_105.25,0.7183906185209706,1.230243446771858,2.285538830663798,6.076338508570727,-0.19453087823759665,1.823060189631496,8.441442282229557,211.30162583484332,preci,JJASO,Mon
14.25_105.75,0.6514711034915733,-3.146321918964735,0.31338110328011476,3.121508429463027,-0.7211343169780349,1.0516042470641094,-0.1078742448044087,271.3429369451513,preci,JJASO,Mon
14.25_106.25,0.4594761482210815,-1.7154354962830023,0.5427862800936607,3.3438456400425967,-0.8512069583825527,1.6337101908067215,2.144919374661314,372.5064449690986,preci,JJASO,Mon
14.25_106.75,-0.705505022525461,-1.4618574130452742,1.372271393230279,2.4345372253947137,-2.1686695078481346,2.050912424615986,3.978138290512664,475.9742783370976,preci,JJASO,Mon
14.25_107.25,-1.493730822282964,-2.2921536521779293,0.7878682951689341,1.426164969387216,-3.0903709215083115,1.3712557113507744,1.2289647216380766,457.4256269025821,preci,JJASO,Mon
14.25_107.75,-1.4024714872545392,-1.1856135306305595,-2.0694347278904024,1.7997312121876723,-2.6600751354246763,-1.960732217329972,-1.4948671781180167,242.85474248225,preci,JJASO,Mon
14.25_108.25,0.21145702179653522,5.630416061202031,-1.8919702429649015,5.869343355499732,-0.3579291906594198,-1.356263273483456,2.065201862726523,112.35901076747497,preci,JJASO,Mon
14.75_101.75,3.370320664075519,3.3813398185919445,1.234220664116777,8.755875169077912,3.372918583806562,2.0960807006945785,2.1423582539599164,175.1334912248187,preci,JJASO,Mon
14.75_102.25,2.5468372343077488,-0.6156479384795763,-0.7498232338030935,6.876501314596321,2.4762856815769467,0.2821444505691649,-0.7594854236727359,135.41588752105685,preci,JJASO,Mon
14.75_102.75,1.487037448176278,-0.38686702359509445,0.0372458426298075,5.731377094582046,1.6129664046307233,0.7199568556466749,0.6472106364776583,123.33461358246194,preci,JJASO,Mon
14.75_103.25,1.0731702907453693,-0.3221453196539702,0.38920414761998295,4.832539987597231,1.0406451418962743,1.0706915684882252,1.7223193878706928,133.95614096690755,preci,JJASO,Mon
14.75_103.75,1.1080109139632892,-0.18400223052011075,0.575365758952541,4.255783997949673,0.8574787058895914,1.168219916699804,2.434453698089319,150.8331330335254,preci,JJASO,Mon
14.75_104.25,1.4640273068583267,0.19289344096070085,0.7623288683754043,4.028251931627428,0.680180172555646,1.3440834742354455,2.500797898410753,164.71590077107552,preci,JJASO,Mon
14.75_104.75,0.8323975945449438,-0.9009440454484173,0.3377281156200278,2.3845783171880424,-0.17851118763076188,1.1098477890778258,2.0369247955172876,185.53591505510363,preci,JJASO,Mon
14.75_105.25,-0.10120323195864708,-1.2636079638970057,0.9138147809178694,1.2352406436557644,-1.3547732640588688,1.8111059019503453,1.8445003292683393,237.50946849328693,preci,JJASO,Mon
14.75_105.75,-1.291463124543165,-4.560942007952739,0.23678048670743912,0.3769089313721234,-3.2958523030425657,-0.021850614678475752,0.24760385389611728,345.4570859588259,preci,JJASO,Mon
14.75_106.25,-1.1525060277305863,-0.9769172108852977,-0.5072543021112144,1.5165121049057753,-3.1638746354944045,0.04559585117961798,10.589910107452807,441.66123862865123,preci,JJASO,Mon
14.75_106.75,-1.5287072343009207,-0.8905401367275457,0.47175551823138434,-0.2717186333149276,-3.6095673892619824,1.4684598818220855,0.326745001125496,423.06380382443257,preci,JJASO,Mon
14.75_107.25,-2.0283962531950666,-2.758519496031491,-3.542163585725437,-0.03852116424722948,-3.731099586304864,-3.799827896428028,-3.6307434535416485,281.1426803373446,preci,JJASO,Mon
14.75_107.75,-1.1667724941783753,4.087462359608961,-2.280430413175486,2.510389497900117,-2.1212985126078623,-2.2179938585578878,0.04600494383082435,130.78503144720202,preci,JJASO,Mon
14.75_108.25,0.37470826900804066,8.976661787355711,-1.256242287714016,7.889330170588461,-0.22043323393295502,-1.467237436853037,5.538070990623692,93.51055416112672,preci,JJASO,Mon
15.25_101.75,2.653670917418738,0.5378408821453412,0.8350137418965875,6.034481843146562,3.259863745231226,1.3659743942667135,-0.058897452647980915,157.8142650529805,preci,JJASO,Mon
15.25_102.25,1.7495221534661813,-1.3368187354735663,-0.06223323384490013,4.256705587280572,2.223422202510044,0.2935158728073264,-0.8907343597510059,115.14284145093629,preci,JJASO,Mon
15.25_102.75,1.140578098275736,-0.8603179456734696,0.8198913144732854,3.6763377786186973,1.490379523057406,1.2523328797843218,0.303417828781111,100.45461331656713,preci,JJASO,Mon
15.25_103.25,0.9580870576556094,-0.8215175724225635,0.8329358229700365,3.869065981737707,0.775162589164662,1.1831697597490398,0.9562609497978495,111.48976465553527,preci,JJASO,Mon
15.25_103.75,0.7377608036503341,-1.2082740657633486,0.8062039932045914,3.3789159561922513,0.16013995881132143,1.2544220304039935,1.0179127909648626,134.87711091466892,preci,JJASO,Mon
15.25_104.25,1.2188050762359484,-0.7904524224598716,1.2255991874107106,3.513027420434437,0.21259220884883545,1.6845663752971793,2.0924026686039188,158.97214748607405,preci,JJASO,Mon
15.25_104.75,0.7357028108500245,-1.3681754594663602,0.8109969305793331,2.1871245419739127,-0.47197662395628187,1.2889052369643066,2.644696019116547,189.92734451173226,preci,JJASO,Mon
15.25_105.25,-0.01309468253787514,-3.304873264240731,-0.31088233741946525,0.24113000086209027,-1.3791446522445674,0.5490636197445192,1.7733308828103942,250.06867702940937,preci,JJASO,Mon
15.25_105.75,-0.20548269409488956,-0.48388412304718664,0.12467231104517348,0.5610088622220559,-2.558594537889001,-0.20280954189480194,1.7906159808903104,358.8338618529738,preci,JJASO,Mon
15.25_106.25,-2.543473532057923,6.2176602129320235,3.921511770816276,-0.7133429825374755,-4.62628143676322,2.8917145043497614,14.114499583280885,392.93929845927835,preci,JJASO,Mon
15.25_106.75,-1.5225670035648278,-2.94774844798597,-1.3523692841653117,-0.06202759872950952,-3.7558792003706123,-1.7291414118102244,-3.3997992235558665,275.38725407257647,preci,JJASO,Mon
15.25_107.25,-3.428697791506453,-4.1339733694974905,-7.155950691385956,-0.2874894300651816,-4.908086311750925,-6.866781773813368,-1.700402220878614,140.1104053023075,preci,JJASO,Mon
15.75_101.75,3.2053257066035026,0.9588576647498211,1.1638265003886579,4.434479543058771,2.2818755901317576,1.6788741398177636,-0.519254778190693,161.28268401902494,preci,JJASO,Mon
15.75_102.25,2.3607162679654556,-1.1052583325516883,0.4081399366212703,3.3037076846840274,1.622820603199118,1.049483712119655,-0.9199828510582772,103.03558705528529,preci,JJASO,Mon
15.75_102.75,1.7308613113955567,-0.7769166291590837,1.0104245997373138,3.091991074720267,1.2128902293597066,1.5392171748524683,0.637278886673632,90.85010624420204,preci,JJASO,Mon
15.75_103.25,1.4471240596425154,-0.48533777057161914,1.1626041084985128,3.405426812319242,0.5215753717164766,1.7365647742410562,2.1371122673614575,111.47782566968817,preci,JJASO,Mon
15.75_103.75,1.3328039216554644,-0.8923834653888005,1.1494430684487187,3.0827271950344493,0.017493199680740146,1.6810445043458224,2.2141864117107053,138.43140936167293,preci,JJASO,Mon
15.75_104.25,1.2894336384016165,-1.082927272395628,0.9687952974395957,2.697950770846538,-0.4464658185827441,1.8038456509454022,2.955576624507825,154.6630945840575,preci,JJASO,Mon
15.75_104.75,0.7093943835193403,-1.1483450640704753,0.7283434983569791,1.6117837192095974,-1.2754049054839578,1.5160351064761122,4.203712578294743,171.13813008749733,preci,JJASO,Mon
15.75_105.25,0.21549271674923104,-1.7305497511754977,1.8228918952368338,-0.05570687777760583,-1.7086712993103377,1.8749756399274777,3.6317834583194744,222.99633391256899,preci,JJASO,Mon
15.75_105.75,-0.1856859388433138,-3.5001818114839383,0.9745236857760184,1.1002794480417017,-2.5295376398272436,1.7167194840486613,2.1667652404373237,311.17852301329935,preci,JJASO,Mon
15.75_106.25,-0.7536312688248987,-4.4945865739447415,-3.6431411003758116,0.3999114696917692,-3.0968796443949627,-0.6357661518303767,0.4117098644520908,300.8963062112499,preci,JJASO,Mon
15.75_106.75,-3.0720819493329987,-3.7148847893459123,-5.251726176144785,-1.1836323636391595,-5.367656538884433,-5.608367828675604,-4.708970298762401,164.0718493920177,preci,JJASO,Mon
16.25_101.75,3.951587712889575,3.3733389095995663,2.0358387891600316,4.0275956613008725,2.2859831292128865,2.469236616399085,1.571592310768017,144.94391845401586,preci,JJASO,Mon
16.25_102.25,3.0617706206954476,-0.4626788361726226,1.9292401790248583,3.251563116704953,1.8408726596156546,2.660889737246929,-0.5429038046129032,90.46496768303066,preci,JJASO,Mon
16.25_102.75,1.6806995576025192,-0.8685367443209837,0.6723830889639669,2.647508170338478,0.7317760559748305,1.1983111199973802,0.3253544508056392,86.88806364150118,preci,JJASO,Mon
16.25_103.25,1.390231395047721,-0.868289891866769,0.6719122747422193,3.1439784345004416,-0.04088652094026626,1.217521734568712,1.605635976267264,112.57069201786463,preci,JJASO,Mon
16.25_103.75,1.378434931536732,-1.2292178406684617,0.7389898542523525,3.2185459282473685,-0.4525310648486916,1.582955877581442,2.514921971062944,138.33960762252244,preci,JJASO,Mon
16.25_104.25,1.08814212862346,-0.29694419994007215,1.2795391912607035,2.6715552071762505,-1.2452264799231754,2.1276441623863063,4.5693522434157705,141.27853692158632,preci,JJASO,Mon
16.25_104.75,0.526244991434331,-0.6224662673288984,1.3754429857770556,1.3263540800781064,-2.3034768003950674,1.6093984531454784,5.066570034583393,151.71228935859,preci,JJASO,Mon
16.25_105.25,0.05670511108065818,-1.812857053799341,-0.442583919747041,-0.6372614499795067,-2.9756000335594828,0.7736030871961111,3.6178146498195223,207.16714409654273,preci,JJASO,Mon
16.25_105.75,0.4301588264229043,-2.9448879705439555,0.1725244184389825,0.806421208673358,-2.808888876973658,0.974711845524685,0.7653806497648747,262.2624223499919,preci,JJASO,Mon
16.25_106.25,-0.8984414792971318,-4.208593019755012,-1.211003058972946,0.11683426159473073,-3.822256992545309,-1.7081152004748725,-0.8559833832531061,196.39051753675878,preci,JJASO,Mon
16.25_106.75,-2.505716707789867,-0.847046149703559,-3.147713999971484,0.021355744084483704,-4.908887567328362,-1.8803041262692772,-0.7530019590241934,107.60264375877331,preci,JJASO,Mon
16.25_107.25,-1.78287108154991,2.1121261352651146,-3.5217560922995568,4.641846520957355,-3.1918396192752136,-3.7304085821516346,1.4982001996486263,110.64385833938597,preci,JJASO,Mon
16.75_101.75,4.175730851296353,1.102093525056807,2.7687939052988515,2.897889898903658,1.6966383590462943,4.135404936199661,0.541757212866834,109.7220374097403,preci,JJASO,Mon
16.75_102.25,3.0343374652212187,-1.2215394431400906,1.5321850453127135,2.5045208582830534,1.2346962818180296,1.8389404891458496,-1.0168716164765508,79.08191555332179,preci,JJASO,Mon
16.75_102.75,1.919278825877752,-0.27858216910278844,0.5691956079545399,2.655535932480585,0.49950811402843637,1.3090147924020339,1.4827582507487815,83.03502289134653,preci,JJASO,Mon
16.75_103.25,1.8447362799610016,-0.15933735055931464,0.5271661146677878,3.805819258048678,-0.10851052333966281,1.5046001722291062,4.173413882662843,107.26773001977341,preci,JJASO,Mon
16.75_103.75,1.5588008318496474,0.6926071653917438,1.6012442227626444,4.0671581652365845,-0.8240427033590103,2.455883315603275,5.977045745383871,126.28848297002295,preci,JJASO,Mon
16.75_104.25,1.3504954703716223,1.4297233378255223,1.7949563983776344,2.831733972707764,-1.5442423124451115,2.597066921004697,7.42726721671834,134.31874537751722,preci,JJASO,Mon
16.75_104.75,1.3989314650235003,-0.7259287889600116,0.21451510333407683,1.3688987406637991,-2.0262108290980723,1.6858060853418995,4.3046050912858504,160.01527845485714,preci,JJASO,Mon
16.75_105.25,0.6749769201653902,-1.5031406234420068,-0.13880085541078488,-0.13645403681483326,-3.1427886435767793,1.3075845287289924,3.2390714459773355,213.79563722704248,preci,JJASO,Mon
16.75_105.75,0.268283701787944,-3.7206979375894655,-1.1165916578970252,-0.05385424240108308,-3.6812332288738068,0.27383868630867736,0.5085130608627358,211.38114443747213,preci,JJASO,Mon
16.75_106.25,-0.18565953025405268,-2.965426492384019,-1.8922359510194724,1.5938787039526912,-3.040607567047422,-0.5284320608805094,-0.09595403077733597,126.76014386694452,preci,JJASO,Mon
17.25_101.75,4.069092085765336,-0.5760231103673069,1.7533927265254572,1.8691553271570207,1.0095953295191809,3.113890637820575,-1.0518290474276584,87.78373915908723,preci,JJASO,Mon
17.25_102.25,2.864937321677538,-1.5853908139263682,-0.588818441719055,1.712188630697921,0.21310001855490684,-0.32869619689079327,-1.0225017158929393,72.84203110111113,preci,JJASO,Mon
17.25_102.75,1.9489968202027304,-0.7278941003266823,-0.1486830434018019,1.7092494570773178,-0.7626678923841083,1.050812138813845,2.238081922007682,80.08813277373088,preci,JJASO,Mon
17.25_103.25,2.0197988339776813,0.05670985830028498,0.34536760219988577,2.4459140086745075,-1.0663275677490327,1.687019768559936,4.144141174922727,99.7368762282862,preci,JJASO,Mon
17.25_103.75,1.5803554442961327,0.5880528762602052,1.1273559683874812,2.126321161011792,-1.632632276292249,3.0234125415798734,6.577796232579427,119.25653463756983,preci,JJASO,Mon
17.25_104.25,0.18822179601059247,-1.702228662837616,-0.7451328307935912,0.038384362056248456,-3.0094508056266855,0.6338760012297414,2.850523705264994,143.6412194679335,preci,JJASO,Mon
17.25_104.75,-0.4915454483349541,-4.598832737324355,-2.0873509763413183,-1.6409436618803204,-4.202029579182108,-0.914032410746978,-1.5231445103210275,178.7274939488554,preci,JJASO,Mon
17.25_105.25,-1.077895955806014,-5.4421668759441655,-2.4078163647236615,-1.6642894194075075,-5.087873365876131,-1.1455151173662939,-2.6901633588880265,188.03155379479387,preci,JJASO,Mon
17.25_105.75,-0.056246047020498895,-3.1773826498610194,-1.0558068328413819,0.6627467137834281,-3.9670405291551636,-0.696765144328423,-0.2710690934709438,138.85317779677635,preci,JJASO,Mon
17.25_106.25,0.2522532423446029,-0.49563899898828273,-0.11432395058380762,4.351997963125437,-2.7309001873635794,3.115205490352286,4.1427721827124255,97.9547182242459,preci,JJASO,Mon
17.75_101.25,5.936653199822318,-0.11849972261238635,0.7196157318450621,1.3497417055770593,1.0169478815966448,1.5657689108136454,1.56280890518135,98.60284610355504,preci,JJASO,Mon
17.75_101.75,4.095389680324872,-1.720798523794801,-0.7263481094417769,1.0413516219752215,0.4739821553319895,0.13151939691557185,-1.656787452410884,78.76796928100894,preci,JJASO,Mon
17.75_102.25,2.4514814533004796,-2.8766141695170804,-0.13814878214380838,0.3329011301038589,-0.8798461717354774,0.9443965251294996,-1.5775874176616729,76.26077392776561,preci,JJASO,Mon
17.75_102.75,1.6124486039406816,-3.1626424039236882,-1.359664960453782,0.14514324010554464,-1.7790261289143057,0.6898285731550063,-1.0120364347216846,89.83622334289704,preci,JJASO,Mon
17.75_103.25,0.8860652416241712,-2.523440289302187,-0.8439077907425729,-0.3332623060261465,-2.7464774791581337,0.6897841318945784,0.036264822002210345,112.00369160296363,preci,JJASO,Mon
17.75_103.75,-0.02041557145941004,-3.795091392163487,-0.4628881038428438,-1.2150358828629404,-3.7245172171076857,1.4577900333081177,-1.2128061708271924,142.4683030382938,preci,JJASO,Mon
17.75_104.25,-2.716034338686713,-7.1274453365808625,-4.2096763340408945,-3.4921210410313233,-6.244091055677613,-2.522051849198408,-4.104989007467432,168.94631091956336,preci,JJASO,Mon
17.75_104.75,-3.6156097103032234,-6.404985601172484,-4.339801100453537,-4.740034365458866,-7.372400788378037,-1.2832412246189606,-0.5082889326445401,163.16883124990343,preci,JJASO,Mon
17.75_105.25,-1.9038687754553807,-2.009398059097305,-2.4972550255077777,-1.2960851205547217,-5.438566158370923,-0.22373237048067682,5.85820149826123,126.38703367475304,preci,JJASO,Mon
18.25_101.25,6.064377591157288,-0.8563383507542698,1.3489750373561094,0.5898956915705739,1.1294494437603828,0.7552991547261078,1.32288607585957,90.7036782735948,preci,JJASO,Mon
18.25_101.75,4.683707942595569,-2.690052267814282,0.17076577077507854,0.18547205335272884,0.4778928580848732,0.42261997906132387,-2.7223739985598208,86.19705855511052,preci,JJASO,Mon
18.25_102.25,2.5745388449811633,-5.407646176015504,-1.5168395371644985,-1.0566636083570513,-1.6906772229829115,-0.07409073397471334,-3.9631509168278374,97.878048723428,preci,JJASO,Mon
18.25_102.75,1.1559930862617709,-4.071217547425318,-0.4873925760172959,-2.0030052700702212,-3.273890582856727,1.2193093493470994,-1.9197181917337516,119.77357998010682,preci,JJASO,Mon
18.25_103.25,-1.875933198098582,-8.019873498492863,-2.077933734658311,-4.346550723247242,-5.826463165649443,0.8780237742030343,-3.013514358686057,147.06165198461815,preci,JJASO,Mon
18.25_103.75,-4.09127184425157,-10.67996730137918,-6.499923071468896,-6.390515995195594,-8.022710305417702,-3.6898940297167,-8.19177107503907,166.75190411256338,preci,JJASO,Mon
18.25_104.25,-3.596505427490978,-7.539922820768189,-2.8755142762198767,-4.55727040670747,-7.42540142331513,-1.3305063271391642,-1.8258587895424017,153.1062873551343,preci,JJASO,Mon
18.25_104.75,-2.1964729656434354,-1.6396748035637598,-0.8801235371982189,-2.5758951855712624,-5.755567793717899,0.33774018698509783,6.302015873809946,116.65490979686199,preci,JJASO,Mon
18.25_105.25,-0.3139419297447922,2.4229932654929565,0.47240075756397176,0.4177144978836055,-3.215028356632931,4.250422020831152,6.2314631671793315,102.82935916980472,preci,JJASO,Mon
18.75_101.25,6.509614305571805,5.571465843616314,6.547513322981356,0.6917267346440599,0.852063325903501,6.92766045943982,9.942448295921553,103.95366135594092,preci,JJASO,Mon
18.75_101.75,5.487618130916007,-1.72856382722806,0.8360025988442051,0.14127906831946418,0.4579499306284639,1.545606038698069,-3.1131561849473117,103.29334450259127,preci,JJASO,Mon
18.75_102.25,1.8314166192552481,-6.522508700204795,-4.260307088180816,-2.844463954345203,-2.8796668922412842,-2.341407250194197,-4.402536361427276,119.27614898484521,preci,JJASO,Mon
18.75_102.75,-0.0687614605109586,-3.7759147939976225,-0.8787652585240557,-3.5069084765264518,-4.3359628331807825,1.5665159807069617,-0.33305252088590204,154.1780298982251,preci,JJASO,Mon
18.75_103.25,-0.49209073983911367,4.678202971929677,2.6065521687981126,-2.779737069308642,-4.070753166031855,3.2643841145548156,2.3894425909989008,177.29381702953248,preci,JJASO,Mon
18.75_103.75,-3.552240658015994,-8.896722393614445,-6.076893294205759,-5.593557622116728,-7.0065760819775615,-3.7413210774536103,-6.559280607692556,170.71035960370347,preci,JJASO,Mon
18.75_104.25,-1.5700260601961649,-3.0182157839021513,0.788735548382517,-2.3375566490779858,-4.664309833787949,0.30214932338268624,0.9505929418246235,124.45424648104775,preci,JJASO,Mon
18.75_104.75,-0.16134483276307168,1.86243178076569,2.400457627321243,0.6518006428313913,-3.115751723335625,4.378526860440355,3.7567793970506274,98.2952988227383,preci,JJASO,Mon
19.25_101.25,6.254405203207512,6.789845712790015,2.858719532319343,0.21279118422852075,0.21038321570060398,3.9712903106526127,11.476150205810312,111.27803864836748,preci,JJASO,Mon
19.25_101.75,5.7266609561662385,-0.9501780956628418,-0.5584016074761747,-0.037868464252820894,0.1971934243274388,-0.2996886306761879,-2.4639050443108843,110.1628924933858,preci,JJASO,Mon
19.25_102.25,3.30123765232209,0.5728346207881493,1.0138322392441605,-2.001848404897321,-1.7283649933867744,4.0981355016036405,2.8824327330280406,117.02591972132622,preci,JJASO,Mon
19.25_102.75,2.300907221006771,4.623989974910287,0.10875892073080627,-1.8881735206949424,-2.0006151567647232,2.0254899200965815,4.0213460064784945,138.36018985810188,preci,JJASO,Mon
19.25_103.25,2.464501368921942,3.7815924827540144,1.5665032417997613,-0.9809060709203534,-1.2306436043236775,3.0945819237264356,4.454842576013261,152.47483459125752,preci,JJASO,Mon
19.25_99.75,7.289095062122207,-0.7777372841232087,-0.40852275049735226,0.10164610528052288,0.945853871956615,0.7356415384329321,-0.2084004923946714,105.55751572322774,preci,JJASO,Mon
19.75_100.25,6.319756741632477,-2.2513611413063073,0.3372528203952946,-1.449779518928682,-0.333246186445582,1.031278094302788,0.3186480729273597,95.03489221888293,preci,JJASO,Mon
19.75_100.75,6.14506936123511,-0.2526255827315326,1.8031068333163491,-0.9448647513218917,-0.45283128279417517,2.4431337483748186,2.847981509900227,100.63483137263431,preci,JJASO,Mon
19.75_101.25,5.8706081148315405,2.3927450989591668,1.4140545025677242,-1.0092471731497636,-0.42136649451917363,2.994311101007804,3.2109428201127956,104.70599580391887,preci,JJASO,Mon
19.75_101.75,5.054193951980944,-1.6200406702829246,-0.8781333603126817,-1.362293100996039,-0.45744806164401164,-0.5260252497703395,-1.4763137049891517,98.64338143357689,preci,JJASO,Mon
19.75_102.25,3.803265689004737,0.29050939141614457,2.496913855566815,-2.2269476550585425,-1.221843394011414,3.7710198102784185,0.7727387151451135,90.45134515683947,preci,JJASO,Mon
19.75_102.75,2.3693004865415155,-1.8368721766572123,-1.603528664780883,-2.2741522664475795,-1.9305752483527256,-0.8205245537965555,0.11451781590680996,96.77979601120038,preci,JJASO,Mon
19.75_103.25,1.9191131616467159,-1.7884495299049084,-1.8234854253157942,-1.967784741820142,-1.7069751147841248,-1.7456817016221058,-1.973990267939809,105.24780013595759,preci,JJASO,Mon
19.75_99.25,7.686162895244139,-0.9092023415370311,-0.38186451338569904,-0.2177557108703264,0.530178604334943,0.6145942703067625,-0.1108200546903345,115.87501286264543,preci,JJASO,Mon
19.75_99.75,6.010126022413336,-3.5478738296119015,-2.3056796980106813,-2.0955661861862254,-0.6492888219887766,-1.196429628151027,-2.6648921824219594,103.66044442472204,preci,JJASO,Mon
20.25_100.25,4.729794799876946,-5.005242320246326,-2.1351604036347798,-3.111539656171622,-1.7456667848920122,-1.8958076729400335,-3.996782696467384,102.83547020255905,preci,JJASO,Mon
20.25_100.75,4.996916666047641,-2.129444577199857,-0.7259394840674702,-2.4499874441471836,-1.5052938589275149,1.3635666761024328,0.7155464531446835,93.60306122087523,preci,JJASO,Mon
20.25_101.25,5.199843862464514,-0.8296524378936473,0.5916299268162327,-2.006633645947521,-1.1395418392717374,1.1343113105841671,1.2005067165572283,92.37686633043815,preci,JJASO,Mon
20.25_101.75,4.5632422688289065,0.3649212510795869,0.30001123047389494,-2.4205754375886457,-1.2165352867918673,1.2471977152407312,0.39708065035878143,81.11826479324728,preci,JJASO,Mon
20.25_102.25,4.005641735607496,-2.611187439327897,-1.2124951869571619,-2.8788702147832206,-1.538357972786478,-0.036392858927578056,-2.149780685169737,70.7386323992746,preci,JJASO,Mon
20.25_102.75,2.7940444431295335,-2.9064419416224787,-1.0408101376171348,-2.8507294254018447,-2.2272679658633887,-0.3656811500721232,-2.5533318433878516,72.04190727678596,preci,JJASO,Mon
20.25_103.25,2.178064571571166,-2.1978398251832556,-1.4829212364636721,-2.2973688145524864,-2.0603894964567213,0.5418989370852378,0.6806366730924491,83.1310513284232,preci,JJASO,Mon
20.25_99.25,6.730398369356597,0.09234930098854749,1.2061412548668264,-0.2208750995372329,-0.28407761395452447,2.40664859090621,1.7514276395648747,118.21229705709008,preci,JJASO,Mon
20.25_99.75,5.235844886593133,-3.992044536201184,-2.1959576194085857,-2.726236334018054,-1.5075677316848792,-0.3016101116210754,-2.6480165736587935,116.5153554254793,preci,JJASO,Mon
20.75_100.25,4.7939596143826,-3.450828068091038,-0.713337312584821,-2.783427473325684,-1.2926251346424693,-0.5750862276749327,-3.3808368078778015,118.05743089214009,preci,JJASO,Mon
20.75_100.75,4.5022817750063675,-2.588843398284026,0.0772792606520615,-2.921127550600401,-1.5299709810135333,2.68906696252192,1.3553372228232379,89.85113415638725,preci,JJASO,Mon
20.75_101.25,4.39192244185908,-0.27696468354515574,0.678489092446835,-2.7580483886555283,-1.7326941372986568,2.6708982758256354,2.198289671719391,78.77429591786539,preci,JJASO,Mon
20.75_101.75,3.977673833654418,-0.8226745666999606,-1.2076231432491484,-2.6224097506112254,-1.88026161072204,0.6844763020217719,-0.19521797599209556,76.37476751356859,preci,JJASO,Mon
20.75_102.25,3.5870984127706516,-1.9620278505848243,0.9269901400385567,-2.5353471450087444,-2.2728866287891165,-0.114431698433903,-1.4428054129396892,71.17246514853824,preci,JJASO,Mon
20.75_102.75,3.062202193718871,-2.47145597182158,-0.8985363141255676,-2.1922901027057184,-2.476799554328841,-0.9409210374621204,-1.5286758862533332,68.16830440663504,preci,JJASO,Mon
20.75_103.25,2.2999126458209,-0.2320668659187347,1.1971861471700984,-2.3030826437197396,-2.7201596290516425,1.4212491018748667,2.087181478845161,72.44350303146597,preci,JJASO,Mon
20.75_99.75,5.7124348886705425,-1.006626589800144,-0.12754168597744509,-1.8636857214678053,-0.9214847458646205,3.861541627547629,1.431645051110956,131.77685745596878,preci,JJASO,Mon
21.25_100.25,5.057473584118889,-1.8566912438526644,-2.7003177051729463,-2.2914683480736118,-0.5549843751540988,-0.7990590799943774,-1.908512124097001,116.93879537029535,preci,JJASO,Mon
21.25_100.75,4.488975441556063,-2.1236593689199275,1.30245178000602,-2.7260315306598786,-1.0591638738042748,2.5246331482792708,-0.9350474693490084,85.53880637955106,preci,JJASO,Mon
21.25_101.25,3.9143960317375273,-1.088185113125693,0.07241552417306481,-2.8848410402156706,-1.758135843932757,1.9049870625449485,1.316723950914074,72.65352106158616,preci,JJASO,Mon
21.25_101.75,3.3412574856375183,0.9893098871928364,-0.22169448631054373,-2.761585661814137,-2.2854643424901635,0.6784249713343782,1.5447350346348723,75.41263075281428,preci,JJASO,Mon
21.25_102.25,3.0166095587790607,-1.8575553299174197,0.7619270932828784,-2.4671133133616645,-2.748108887911686,1.5788635220046305,-0.6974176629148149,75.05757386895415,preci,JJASO,Mon
21.25_102.75,2.2751558620860712,-2.637768343237183,-0.845103215032217,-2.50312625301242,-3.20110825669037,0.31886762877637703,-1.1078123209790203,72.03955004203519,preci,JJASO,Mon
21.25_99.75,6.018600308624214,1.1624831146731163,3.760894627129376,-1.454360327681924,-0.20535408113898493,4.892234823019141,1.8436080975980764,130.76724633485003,preci,JJASO,Mon
21.75_100.25,4.19496205488301,1.364142237433345,0.6644045770374661,-2.4440345194470625,-0.8307319516530942,1.4801918255021125,0.13674504045471933,97.01901295196427,preci,JJASO,Mon
21.75_100.75,4.202949228802791,-1.7946707154877632,1.21226756586768,-2.6205565425295423,-0.8823948133573669,2.136276287579405,-2.0271194698727117,81.32407782809366,preci,JJASO,Mon
21.75_101.25,3.910012985591768,-2.261979099670069,-0.9777677592990827,-2.619043018430896,-1.3042726894978953,-0.42786799509117707,-0.9307719506778493,71.25491317057829,preci,JJASO,Mon
21.75_101.75,2.996632967905357,0.5214373830704457,0.8316709208850317,-2.956104934075986,-2.343184920249504,1.8240152105254395,2.3256012451060335,72.37667381394729,preci,JJASO,Mon
21.75_102.25,2.4948579193434965,-2.926475386173051,-1.2738514657620499,-3.226061982463542,-3.035417215642962,-0.24554626984286906,-1.6131825024970248,74.48185103482461,preci,JJASO,Mon
21.75_99.25,5.632056627628337,2.463577462963573,7.07991321848951,-1.1455952919582522,-0.4191435708194428,5.249964965520758,3.945837246137993,100.88358555490859,preci,JJASO,Mon
21.75_99.75,5.085460564167921,-0.6156521871323665,0.3166750263604503,-1.4261808412633137,-0.35006544459734396,0.6663809506529599,-1.465649820784349,105.46416517854341,preci,JJASO,Mon
22.25_100.25,3.089409795044105,-0.8522934341604657,2.9149874468072507,-3.1078269530414118,-1.791804003904881,5.025536368254076,-0.6576389877246119,83.22085951895687,preci,JJASO,Mon
22.25_100.75,3.291139477911589,-2.758756906537909,-1.1523323492371254,-2.9874135992380952,-1.6109026231351562,0.7589051024300809,-2.8739316928421097,80.41032038729101,preci,JJASO,Mon
22.25_101.25,2.874435921336343,-2.412584356879707,-0.15230442179593293,-3.171448808013768,-2.132517171825599,-0.3126195238152941,-1.3801730144059379,79.86124850634464,preci,JJASO,Mon
22.25_101.75,1.7043293810420967,-3.207572988210793,-0.11881366371425302,-4.021792467173186,-3.5267098312527834,0.8293525147714288,-1.9946660080827958,81.19929011727655,preci,JJASO,Mon
22.25_102.25,1.3949262583933704,-4.7734282638423,-2.3205587368649163,-4.1317585256245435,-4.052203910091426,-2.4746708886186557,-3.5872747178799758,79.00999429011564,preci,JJASO,Mon
22.25_99.75,3.9062051298733613,-1.2550171321953305,1.2540526131546836,-2.5624269276806686,-1.38427571311527,-1.2173753135998566,-1.278577938978937,90.14395620322185,preci,JJASO,Mon
22.75_100.25,1.8870147109816418,-1.4316860955132726,-0.26963486499764233,-3.9380274110829836,-2.278483252921686,-0.6161720360098704,-2.961091836856774,77.75002147823244,preci,JJASO,Mon
22.75_100.75,1.757957287321285,-2.7694071832544656,-1.418223532080388,-3.713248172073402,-2.36034560370627,-2.134771471256637,-1.8993060202683394,79.43603194182775,preci,JJASO,Mon
22.75_101.25,1.3143692491826742,-1.0944254591066143,3.7378497511423867,-3.8679879190516084,-3.0501498619401937,8.527779000505312,0.2219734101794743,86.80713694169039,preci,JJASO,Mon
22.75_99.75,2.9178974583763027,0.8929955627545962,0.07599665153663483,-3.3965741661224924,-2.022884688287552,1.536676363224775,-0.3485103785087335,88.04156778296661,preci,JJASO,Mon
23.25_100.25,1.8692426534920976,-1.9181878796234606,-1.3461312903187634,-3.2248294144398577,-1.612312710740355,-0.7173571277774868,-2.738207220427711,87.35008655737337,preci,JJASO,Mon
23.25_100.75,1.740270136355332,-1.8242681820627127,-0.36728874478746526,-3.0367471704847193,-1.6773619343135178,1.8856044728379149,-1.3429321021825926,84.89853806689908,preci,JJASO,Mon
23.25_99.25,3.65262369127728,-0.7643449226280088,-0.2578193005976859,-2.2891203474937103,-1.269618928596503,-0.5228136925866258,-0.09913856573255689,108.70029295058139,preci,JJASO,Mon
23.25_99.75,2.6310522174460638,0.9148028217631861,0.17780336467953967,-2.7779096853784857,-1.532672646207658,0.14771437512901756,-0.20262011434673835,102.03484604761988,preci,JJASO,Mon
23.75_100.25,2.1413199134169982,1.4989019917543174,0.21386376612201544,-2.632453266813145,-1.0760056885985514,1.3527726283507455,-0.3873553701173739,102.68264681289594,preci,JJASO,Mon
23.75_100.75,2.051468697939216,-0.8877376692182921,-0.07162606119087885,-2.6454245263181617,-1.0836666328662206,0.9387038526466743,-0.5193506121024134,95.03258471277948,preci,JJASO,Mon
24.25_100.25,2.3236438377443727,0.48184161402416403,-0.9626380502433574,-2.551744418868971,-0.8413198029629902,-0.6768215072894678,0.33447198086047786,114.10483596236503,preci,JJASO,Mon
24.25_100.75,2.1218839413152417,-0.3286208584811454,-1.561385112726637,-2.7623611973429627,-1.0231917658593495,-0.6491862468048519,-0.823152264977933,111.76851034054683,preci,JJASO,Mon
24.25_99.75,3.0708832310706673,-0.19675290906561452,0.8110438802448983,-2.250772978169128,-0.7106211746040808,3.295425019435816,0.5844481041076105,103.68015110524334,preci,JJASO,Mon
24.75_100.25,1.9184712279003497,0.18882841800294684,0.5274732821892235,-1.8206111497753603,-0.3460862970669963,0.23724571883169776,0.04978712704983279,103.51065560553596,preci,JJASO,Mon
24.75_99.75,2.4762826174562016,-0.27119170731970615,2.1066001933437755,-1.583305359560112,-0.01467077695175206,1.8442101889135365,0.1843836788634409,92.64450974665527,preci,JJASO,Mon
25.25_99.75,2.2024919979476905,0.05111100171667587,0.9588348837270044,-1.1359648866939287,0.2531322451459927,1.8776961549175781,0.0469782951568101,97.10496885436399,preci,JJASO,Mon
25.75_100.25,0.30135323199667063,-0.14128154141790736,1.308088828611105,-2.453626399717348,-0.9334945776744044,0.5691549902762321,-0.7959433001287932,101.07545629587753,preci,JJASO,Mon
25.75_99.25,3.426192689481109,3.3991552409327497,2.894482902912035,-1.5332075563727332,0.720907441707509,2.463352054843379,0.3547428537487539,151.35341379571125,preci,JJASO,Mon
25.75_99.75,1.4498527765906462,1.184527000372291,4.160218674931558,-1.8163332465285822,-0.054331253530194225,2.4425067581620685,0.0461663278513739,116.13040542665956,preci,JJASO,Mon
26.25_99.25,3.460579549957491,6.720293194747413,2.8290163787590767,-1.9475644501897613,0.9352911528368507,3.348754757658246,1.3548353658453762,181.82204980068843,preci,JJASO,Mon
26.25_99.75,1.050645183837694,2.47592065981549,3.617347252459789,-2.156286947958974,-0.09244060920320749,2.7595433613087637,0.6593828184271923,142.12205245510035,preci,JJASO,Mon
26.75_99.25,3.5683538050437305,6.087863888199622,6.414726647908834,-1.575420802724847,1.1875179428120561,6.611107540454081,1.2318599282605496,191.16896525362816,preci,JJASO,Mon
27.25_99.25,3.9446284245451073,6.559629875749882,2.8867495131829117,-1.2499552287837787,1.525329016492113,4.288951502688706,0.4459481404499964,188.22968573569895,preci,JJASO,Mon
27.75_98.75,2.803406406764562,10.72498554285574,6.300093057451506,-1.0555711484938288,1.6674548955431447,6.335260572100358,1.6039712429526165,177.83521765659282,preci,JJASO,Mon
28.25_98.75,2.688508929741251,15.616860815999846,2.961572420898862,-0.03326439112181538,1.787920399890404,3.4501814549616863,4.6538211764527695,137.86746663112478,preci,JJASO,Mon
28.75_98.75,2.794864624794948,8.335644348284156,0.8712260200426514,-0.45095828220462353,2.061296888836836,0.7925138618628554,1.6449829926441242,124.83144214983501,preci,JJASO,Mon
29.25_98.25,2.119248797745296,5.424206487659409,0.279897092330913,-1.0873682667911486,0.9770520274509379,3.1267697395530294,0.973045311715902,93.36587601383015,preci,JJASO,Mon
29.75_98.25,2.0330416256786172,4.163319371817435,0.3429143001710753,-1.3054379170535155,0.28806735061833194,-0.026444975912192536,1.3127596392204661,71.92057877558983,preci,JJASO,Mon
30.25_97.75,1.8211393607639246,6.158658581205119,1.939874301830743,-0.9504882573888223,-0.23513680260558734,4.787912184141584,2.4810957253321386,83.91724124854032,preci,JJASO,Mon
30.25_98.25,1.8495909529471233,3.9916296725662144,3.305145755582686,-0.6224380961309686,-0.42896234086796076,3.6701992975605515,1.2116316685857,72.5965808742037,preci,JJASO,Mon
30.75_97.25,1.802841787280132,2.026633591826924,3.30450841709989,-1.0898563662148972,-0.6062841139988205,3.5192012532014023,0.6907753647926165,94.60559492021821,preci,JJASO,Mon
30.75_97.75,1.8374883707669774,3.2220050575753825,2.634761201925935,-0.9930649502023191,-0.7651473623918679,1.2163932396056232,0.8006589293911625,105.27033839162216,preci,JJASO,Mon
31.25_96.25,1.76134224107223,2.6780704462531864,2.6142115171880067,-1.1191681102106168,-1.0257307116674588,2.3496643809361886,0.2619410932540024,90.39157771053696,preci,JJASO,Mon
31.25_96.75,1.291850942023356,1.1031534814348518,2.146355319876714,-1.2634554932648046,-1.0835972012139912,2.2025414733438518,-0.02648027967132735,76.0546633339897,preci,JJASO,Mon
31.25_97.25,1.6477023617800357,1.1057030683934346,3.149113419506502,-1.2798338227118142,-1.0504015336688612,3.6322826313609693,-0.10325687975353642,81.7013617502257,preci,JJASO,Mon
31.75_95.75,2.1998766354170933,2.896199706816365,3.685596215988252,-0.40656822853948804,-1.1753719867396697,5.819118443483611,2.086917717972129,108.02161955524625,preci,JJASO,Mon
31.75_96.25,1.8712351530533182,2.178783167147408,2.7613378507707163,-0.6342738691999016,-1.2095384958485316,3.159556163754074,1.0800035373140502,93.95613353020751,preci,JJASO,Mon
31.75_96.75,1.3877966281868126,0.8498605431318107,1.1709353311945971,-0.620703919262676,-1.243889722827394,1.3223609729175936,-0.07937586196714456,76.05573440416126,preci,JJASO,Mon
31.75_97.25,1.6484205914440204,1.3353288860373598,1.4974669256652704,-0.6311212759115907,-1.3248082031870887,2.1414201500872974,0.11715572396780288,74.21930244748194,preci,JJASO,Mon
31.75_97.75,1.675394170062081,2.7239557532904546,3.580095722657,-0.95221057534943,-1.4069566906989035,3.6202251571382225,0.6063364860214648,89.54630018410211,preci,JJASO,Mon
32.25_94.75,2.5588029678717397,0.9813445503351217,1.7625450192694028,0.02812132544850978,-1.2511651756706228,2.9326433994723056,0.982553428906607,114.37151391132663,preci,JJASO,Mon
32.25_95.25,2.580374246957088,1.7916267592637958,1.6467345098942339,0.006127641004217134,-1.2382129724689486,-0.4281524609537037,0.6247146835713022,114.2700321195778,preci,JJASO,Mon
32.25_95.75,2.2024608358842155,1.1791444067673367,0.8697209564629383,-0.04356630632264368,-1.2213813460701515,0.06505952694758851,0.20678180448630587,105.90381525379937,preci,JJASO,Mon
32.25_96.25,1.9308031748556176,0.4484478695940611,2.272566527181453,-0.290083534387932,-1.282652615873898,0.9834212964060692,-0.06897548026774197,91.38303859249507,preci,JJASO,Mon
32.25_96.75,1.7055562568056466,1.199903767773976,2.5240878945727716,-0.1376036606930671,-1.2283646833757194,2.629537202808626,0.1603083936918757,80.4967602184757,preci,JJASO,Mon
32.25_97.25,1.8476839453491631,2.7309630850597695,3.7022923732062294,0.004654140363108154,-1.2830129329839604,3.687752553286093,0.7631182423265354,81.88246795024072,preci,JJASO,Mon
32.25_97.75,1.7696830724531114,1.4428501958521782,1.964197473182256,-0.5731672901489983,-1.429646940648587,2.4382779122246965,0.4516747907213334,91.98895326074198,preci,JJASO,Mon
32.75_94.75,2.522618356712316,0.9065616939100656,0.09349467188282529,-0.24001242992015134,-1.075848252562954,0.38147277484052566,0.13319330798434886,116.76641040569392,preci,JJASO,Mon
32.75_95.25,2.551539640905706,-0.02365269532708518,2.036135566643331,-0.08754051057262649,-1.0904915078765947,2.9203034058262607,-0.39787020774109916,117.2692442726705,preci,JJASO,Mon
32.75_95.75,2.3121892226866096,0.3397873577908373,4.491247178075619,0.05496249242702006,-1.0951457878519157,6.545753778429152,-0.04152611716798092,109.37267756521558,preci,JJASO,Mon
32.75_96.25,2.1535612146951326,0.48493043139834935,3.71974327462313,-0.06902427830155784,-1.0537788656959346,3.135034498500171,0.022638149027825568,101.99380593391054,preci,JJASO,Mon
32.75_96.75,1.8815883406766192,1.5689435194079424,6.556079713246488,-0.09714632278082394,-1.0580704677422335,5.726289333382929,0.4225847558797252,96.34912669954451,preci,JJASO,Mon
33.25_94.25,2.173370340039864,0.21061317347133218,1.6841305641142534,-0.3602195461072556,-0.9746603587288226,1.5888151393509866,-0.07543165661278378,108.25446766171247,preci,JJASO,Mon
33.25_94.75,2.2820159852425,-0.16071394833042874,1.5172133809899082,-0.023345987182658786,-0.9570894460828331,2.2929292083621755,-0.14981048247543607,113.4704129437363,preci,JJASO,Mon
33.25_95.25,2.4028343115732116,1.0831787047784203,4.354796972627739,0.37298309519796313,-0.9387618899402178,4.067658387448431,0.09974992860976938,115.93314177566675,preci,JJASO,Mon
33.25_95.75,2.3292454849801594,2.2710451790482598,5.951386146845054,0.2880170315916568,-0.9234491908527911,10.686500284047753,0.8995993836671087,114.94651271207695,preci,JJASO,Mon
9.25_105.25,0.4097067388573476,-5.006372883381707,0.3204247464129989,3.0476725779093417,-1.1989480705912785,-0.26870469916618095,-0.8845433348744327,131.97073174342492,preci,JJASO,Mon
9.25_105.75,1.0943872641945758,-2.71104313836009,-0.5524994750751419,7.891524563632235,-1.2220200062098183,1.1543389937524353,-1.3484570874114694,136.4145475567488,preci,JJASO,Mon
9.75_105.25,0.7854817635760204,-2.254236982879174,-0.07324288385400698,14.264052336710959,-0.005024377776703255,1.1464113585307194,0.3972816180342044,154.78264057941385,preci,JJASO,Mon
9.75_105.75,1.3744355263636558,-3.2934429370096914,0.793130187746613,12.42331041450174,-0.11154227973229361,0.8714235787683374,1.3875425837627,131.22858203300095,preci,JJASO,Mon
9.75_106.25,1.9054107525068102,-2.479487807262354,1.1119585764909294,8.669287680254147,0.3423159534384111,1.3251664828892868,-0.06844410622795688,128.28092938180544,preci,JJASO,Mon
10.25_104.75,2.4290460995305705,-0.21931984646659192,3.052219041127088,21.705263403227107,7.299471436248766,3.651424043159022,-0.8512187896572259,169.6479826920374,preci,JJASO,Yr
10.25_105.25,2.001811184722655,-0.47248577722948226,1.6511707883729905,19.871404377715173,2.255094217822844,1.9123185357699795,2.112246547795933,151.997274329925,preci,JJASO,Yr
10.25_105.75,1.9513287471852552,-1.543092808121996,0.8687927406181996,15.09503429754259,1.3363179481193823,0.931420852237509,2.5208433988859844,135.16134148685265,preci,JJASO,Yr
10.25_106.25,2.3013697605526855,-1.543688992606383,1.0465845335297999,11.291908235859685,1.724721296560518,1.4674430922290158,2.0962965490856935,134.51412114302101,preci,JJASO,Yr
10.25_106.75,2.3340868304294102,0.9036476137207754,-1.741253982096908,9.72403468615394,1.0570371476225315,0.6056233802519893,0.8133174173445897,162.5221044078569,preci,JJASO,Yr
10.75_104.75,3.260423681494561,-1.4657316433887968,2.4980631386282495,23.93343709259395,5.840174835272767,3.0973155232752028,0.15819497760864198,121.62042678578683,preci,JJASO,Yr
10.75_105.25,2.636198489649782,-0.4728456791350635,2.1978663197654034,18.27364458756697,2.960539697390026,2.603130257566813,3.865484503639071,116.35432024802645,preci,JJASO,Yr
10.75_105.75,1.9136944163553602,-0.5883520410893165,1.1165563401605827,13.440540468733383,2.168570571120513,1.488445532225779,3.1721691378322436,129.18826361579798,preci,JJASO,Yr
11.25_104.25,3.1166505688256727,-0.7015291503031843,1.296411656278378,23.297882041120626,3.762174355180271,2.58824390705287,-0.9544027089048657,100.59515379836935,preci,JJASO,Yr
11.25_104.75,2.7139896426793104,-1.548212131630339,0.8869899692606129,16.851210992069472,3.7474213304462975,1.9838218965805252,1.8982580254357293,84.74159060384468,preci,JJASO,Yr
11.25_105.25,2.5410756338046556,0.2368792395930378,2.062719987553082,13.925167981734994,4.027983204249546,2.4275043811393395,5.287432029302542,93.46891223176897,preci,JJASO,Yr
11.75_104.25,2.6410829082170064,-0.2965108287341656,-1.3191208585625194,17.41406203322323,4.645790577180775,-0.3514838378663028,0.55936330985443,67.75173699938424,preci,JJASO,Yr
11.75_104.75,2.1899904984093883,-0.9473786881408817,-0.0745661163481324,11.090755683326547,4.396973180429881,0.6950562919715958,2.863632582505447,62.96609320655773,preci,JJASO,Yr
11.75_105.25,2.377811690248987,0.9995429971855524,1.872050670204811,12.077128217552888,4.556757746041992,2.3376268204906068,5.980027617904502,85.04186656632584,preci,JJASO,Yr
12.25_103.25,1.5990847472496499,6.1173904644055925,0.8792793149174146,37.414163487726256,3.094434136436262,3.694113438724438,3.3448613015152504,164.43186575500124,preci,JJASO,Yr
12.25_103.75,2.0679976712830745,1.3571208044005114,-1.6416986839103578,23.16000700349462,3.897417460338466,-0.8195724551533109,0.3043743467970222,86.36445115344424,preci,JJASO,Yr
12.25_104.25,1.2176452545796868,-0.5669200908079453,-0.16851422749286055,12.887771723184878,3.329524578421285,1.0049167179087148,3.312831921759223,64.13620080866771,preci,JJASO,Yr
12.25_104.75,1.1881834458924605,-0.6750376252516267,0.44283098737814564,8.828812045745831,3.056555668827885,1.4397919496069593,3.307610161422295,71.67637838909447,preci,JJASO,Yr
12.25_105.25,1.7044455982695625,1.6152610079778564,2.177074725890111,11.915790636487545,3.4770277882361147,2.2814875620499184,5.73975534253849,104.36652833361457,preci,JJASO,Yr
12.25_105.75,2.2292812058624936,0.9044274532723341,2.0014036860482713,14.665950842749124,3.9489867614934266,2.4323576175773893,6.3364280523609295,157.0038228009425,preci,JJASO,Yr
12.25_106.25,2.4783955112256275,-0.031279552439393545,2.481970426394538,13.567183306970424,4.623164275593967,3.232379148572491,5.975644230944771,245.76619801959208,preci,JJASO,Yr
12.25_106.75,1.7642971898438935,-0.050953085082422835,2.1292572781764654,13.096457012382244,3.9559733566643143,1.1243949541096414,3.6734415347276683,382.9238216991924,preci,JJASO,Yr
12.25_107.25,-0.23553945555915679,6.934619066877271,6.996628112379155,11.393803914621818,1.5903188319227466,3.2977546471387074,9.095459840185184,492.58470627993836,preci,JJASO,Yr
12.25_107.75,-0.8191116263907046,3.7857262647062453,-0.9300215948145318,8.781708664532282,0.7115049034991707,-1.4141535664883234,-1.543841159778141,288.027029520533,preci,JJASO,Yr
12.25_108.25,0.1488359113861727,9.620545478625635,-1.9975856548040087,10.558463781007028,1.8102190628394415,-2.3887287026903774,3.3247375034477127,122.85085853027726,preci,JJASO,Yr
12.75_102.75,2.4323805814298973,0.5735462809223016,2.53645774621305,35.56799246868778,3.394170642679144,4.466720981538735,-0.27104492579157585,168.84405597257816,preci,JJASO,Yr
12.75_103.25,1.8969629090248863,-0.8900908418591054,-0.8119996885242227,22.03728883487843,3.7344079833562125,-0.7146798174410792,-1.7960164448692812,105.8606213612329,preci,JJASO,Yr
12.75_103.75,1.2914928805455719,-2.323501105262522,-1.2837280335178365,12.18357295049007,2.845652308212129,-0.558045090604753,-0.7302892387047931,76.87097945579026,preci,JJASO,Yr
12.75_104.25,0.9839361965084896,-1.7672261887901186,0.005938055722809205,9.430669999524957,3.6743497651007258,0.6725085329959756,1.0616739194887435,78.54395133200386,preci,JJASO,Yr
12.75_104.75,1.4588252810334632,-1.0668678408195609,1.412874280012729,8.863223794156141,1.8181920304769887,1.7020759629885387,2.626699391170261,104.24994677781815,preci,JJASO,Yr
12.75_105.25,1.840809086444578,0.6312810514128613,1.8565888953710687,13.342692112568832,2.5766785819000066,2.48038555468557,5.568268003271968,138.52832507061805,preci,JJASO,Yr
12.75_105.75,2.227160991927109,0.7579980888993152,2.1960162806028114,14.821613687057159,3.199090822658256,2.291644758255445,4.892383284454866,173.97280693306357,preci,JJASO,Yr
12.75_106.25,1.9982898232921085,-1.2498565000275879,2.0269696148732645,9.582292752170508,3.5374149581996144,2.170027345728587,3.8054661184183,221.5522189940765,preci,JJASO,Yr
12.75_106.75,1.2192381794074023,-1.0744799788572914,2.7687312189062094,9.664839752924534,2.905140843390177,2.9888083278476025,3.4863707392251277,281.64942937522176,preci,JJASO,Yr
12.75_107.25,-0.6194392144393662,-2.037004542770508,0.6101351465575835,9.118803464669886,0.9246044937807432,2.6525397180427484,0.576399890969499,313.705503278268,preci,JJASO,Yr
12.75_107.75,-0.9581678695206972,-4.048446287875816,-2.1476766646396728,7.050047652674648,0.19401053855325198,-1.1505872219142228,-4.0042305786056644,224.4288397815307,preci,JJASO,Yr
12.75_108.25,-0.226534310186812,-1.7327541281034857,-2.6875632769256126,6.3415825581269205,1.1149034075325508,-0.357832116379844,0.6695678140424834,103.37146027565855,preci,JJASO,Yr
13.25_102.75,2.4182765936780535,-0.444059506027948,0.3669601340884264,18.639724073355794,3.2155761974193084,-0.06581814463296759,-1.467708913839143,129.3080242265759,preci,JJASO,Yr
13.25_103.25,1.700936636784536,-0.9291976177341912,0.29992243303059446,10.53325971541106,2.7631649671147893,1.3661013334401895,0.9245789382207698,108.54026540415873,preci,JJASO,Yr
13.25_103.75,1.0418791425876435,-0.3223638070548253,1.3688361086583518,8.269753316249083,2.9249256214217505,1.973382733020993,2.5590722386604936,107.45853905257968,preci,JJASO,Yr
13.25_104.25,1.2451191668495178,-0.13327578506898682,2.3429785133078713,9.090223528330986,2.022025302153631,2.9513364428603843,4.304113369179375,134.4302886875572,preci,JJASO,Yr
13.25_104.75,1.876605290884164,-0.15734158481262625,2.6614180726850227,11.012577956005153,1.765292860669533,3.1574457743649322,3.5615133559281045,164.76497867141586,preci,JJASO,Yr
13.25_105.25,2.009286410019106,0.4035658817948505,1.8581592154516038,12.703177824789906,2.215853228649403,2.620611111272819,5.496745634327887,177.94408578801617,preci,JJASO,Yr
13.25_105.75,1.8792747667537182,0.9644950095230995,2.074855532780265,13.355827631184717,2.1899746873374863,1.872472037437743,4.879087423206826,182.72281272247065,preci,JJASO,Yr
13.25_106.25,1.526122542228531,-0.7820139455105224,2.9167779462497814,9.753248212178761,2.076337182262074,3.4122261498670476,4.780770269560638,208.77308641463557,preci,JJASO,Yr
13.25_106.75,0.5871828201290297,-1.2353264100907693,2.1078945890149825,6.787883971409764,0.9852650178044224,3.3216820614455123,3.008459157701525,253.59648446470703,preci,JJASO,Yr
13.25_107.25,-0.6341142502191869,-4.184377519403985,-0.8491561222040406,5.275920792541802,-0.7254920441121229,0.3397915621210821,-2.7868847766018883,282.3522427297546,preci,JJASO,Yr
13.25_107.75,-1.0489982017104444,-4.261637768679368,-1.7818591342206698,5.0022629089918125,-1.430599742709973,-2.0713126550865937,-3.573643511965505,213.22209784145954,preci,JJASO,Yr
13.25_108.25,-0.3273488405775469,-1.7733283936557689,-0.3399634776762405,6.2690530831964715,-0.6884451292985888,1.006745870840569,0.4528722186554105,127.16707484143194,preci,JJASO,Yr
13.75_102.75,1.6432011188985496,-1.3440253388728982,0.6136641546141413,9.405660927011855,2.764617268751589,0.9866808621224806,-0.14117995401452435,145.94994618653243,preci,JJASO,Yr
13.75_103.25,2.3168327703588654,-0.31376113530917404,1.6338572114424705,7.944239717055536,2.7597595937583654,1.9131776443917887,1.7918789609399053,149.940897866486,preci,JJASO,Yr
13.75_103.75,2.032012573541694,0.009771339744019558,2.1786222722834774,9.678830631217046,2.387667361526035,2.411266092747743,3.6554209651289034,171.15644768991802,preci,JJASO,Yr
13.75_104.25,2.0889548657689607,-0.3427648856587412,2.3392210455911595,9.90873745229896,1.8167490146478178,2.751720595988376,4.418587043898257,194.78731639851898,preci,JJASO,Yr
13.75_104.75,2.10495664323328,-1.1451474757010065,2.035196265100243,7.846080417928854,1.538015749447206,2.212538364280465,1.999048956397749,202.6339129228712,preci,JJASO,Yr
13.75_105.25,1.927544066456281,-1.2561943774266462,1.0182767609375352,8.127377913783455,1.456541190336334,1.638193226314884,3.9520988232450978,199.19676450803956,preci,JJASO,Yr
13.75_105.75,1.5947127549193556,-0.02366448049563541,1.8051911626811135,8.818007530388183,1.2837389612024863,2.303106982102974,3.116535768611111,209.25025314228228,preci,JJASO,Yr
13.75_106.25,1.3948006086774807,-0.7334196682425483,2.8523114033536827,7.639591687705111,1.159002970196425,2.1491559434294722,3.3380592734858383,257.6166493528487,preci,JJASO,Yr
13.75_106.75,0.2594497694445245,-1.6278269625802388,0.7656007276030279,5.697938215639022,-0.3327927303856691,1.3739413851578033,3.622178635822077,346.92081529821974,preci,JJASO,Yr
13.75_107.25,-0.3940923236205727,-3.1339093909818376,0.932395361506459,4.64019608811361,-1.8590962356517724,0.3370877583050659,-1.3522976695947717,412.55882258084745,preci,JJASO,Yr
13.75_107.75,-1.437458854555361,-3.170781573757404,-0.8374370879671987,2.5952546964655263,-2.850731251013315,0.3950529592128836,0.3861654474481118,293.0442864900344,preci,JJASO,Yr
14.25_102.25,2.5499597946196966,6.550616464584865,2.498214632889734,13.620522588320705,2.633558422977993,2.1139976954688815,3.8795020726673926,160.88452560384837,preci,JJASO,Yr
14.25_102.75,1.932498220416711,3.0987759972816353,1.029350758429703,11.726838952792512,2.387255100893068,1.846837994553045,2.3507270351429193,149.32821707446664,preci,JJASO,Yr
14.25_103.25,1.7479371387118006,0.5079908571539684,0.9903456842994376,8.6940307692648,1.987979415918611,1.305441645210446,2.1287097195722584,162.0294683104944,preci,JJASO,Yr
14.25_103.75,1.5682202648546142,0.6956099361376274,1.5808834856253264,8.803890558794052,1.6955118887322247,2.057537715709481,4.837874980367829,181.07093108353448,preci,JJASO,Yr
14.25_104.25,1.8365620170703754,1.8178338988373355,2.708121305941271,9.791614238689366,1.5736446459368667,3.1898958664427473,7.469959132668119,191.44614136173266,preci,JJASO,Yr
14.25_104.75,1.280098272560604,-0.9160269081848137,0.5539717225415122,6.2822629144658455,0.6458541275099113,0.7670750038550893,3.221902692330792,194.2642940171993,preci,JJASO,Yr
14.25_105.25,0.7182286508529563,1.2258812999967381,2.277111047170308,6.1064308721928064,-0.1928669031803102,1.8199982210496297,8.41694843893827,210.62925128647188,preci,JJASO,Yr
14.25_105.75,0.6508637547206937,-3.1502622435965777,0.31062612650716925,3.1481001108808697,-0.7230397221945507,1.050570145633091,-0.11586673154139444,270.6365722996356,preci,JJASO,Yr
14.25_106.25,0.4573701827882661,-1.7235688237095776,0.5402080913466523,3.371836945915619,-0.854750952967217,1.6330006202554175,2.1355730452374,371.9120220797284,preci,JJASO,Yr
14.25_106.75,-0.7123575354168613,-1.4734302279575098,1.3607619576775642,2.4618231902465713,-2.1750977560655276,2.0443646444007024,3.962847828360567,475.6666902522132,preci,JJASO,Yr
14.25_107.25,-1.502401380724051,-2.3054769842487253,0.7720434726401686,1.4494154875119096,-3.1007520850829984,1.3647457602288278,1.2154396717062452,457.07819630592917,preci,JJASO,Yr
14.25_107.75,-1.4119458589101896,-1.2012751892451319,-2.085976661883933,1.8181352227281922,-2.669750139731674,-1.9645051303850691,-1.5088780745029409,242.2544882474245,preci,JJASO,Yr
14.25_108.25,0.20321036163689182,5.615975342598403,-1.9097652328983135,5.894381776921179,-0.37042282970088425,-1.3610223475730485,2.0353052292578067,111.88039674496468,preci,JJASO,Yr
14.75_101.75,3.3720539868758217,3.379369369888063,1.2309404789634857,8.772422883805799,3.3856639630790357,2.0942203775343895,2.1370108866164492,174.51587036848773,preci,JJASO,Yr
14.75_102.25,2.5495410255143613,-0.6102640161437853,-0.7499179037975497,6.894890257433085,2.4877717055552724,0.28436600757769426,-0.7590282348387799,134.86063064235557,preci,JJASO,Yr
14.75_102.75,1.4879437147580583,-0.38511571084676127,0.0316322224467715,5.750868938599815,1.6208853267696552,0.7197578992866532,0.6443114544872913,122.82979385018604,preci,JJASO,Yr
14.75_103.25,1.0715056399687777,-0.32599187749636055,0.3787473599436713,4.8506701727748975,1.0470919150881184,1.0663211812582636,1.7140620763344225,133.50558550597825,preci,JJASO,Yr
14.75_103.75,1.1043776882941334,-0.19016815572911236,0.5622662197091999,4.270973839390269,0.862857884921287,1.1619840410747715,2.420591704278141,150.34169787593754,preci,JJASO,Yr
14.75_104.25,1.4609700649672517,0.18786727597023292,0.7495441312841251,4.0425020499246145,0.6835039960114203,1.3390789915522971,2.4846837609956425,164.20498178435332,preci,JJASO,Yr
14.75_104.75,0.8326548042429776,-0.9023069134611418,0.32725343280556385,2.400447230260978,-0.17599336183934092,1.1080970075890173,2.022509985667393,185.00854837094522,preci,JJASO,Yr
14.75_105.25,-0.10374451375052986,-1.2695591501434205,0.9025887383379438,1.2524820381038653,-1.3566878059620004,1.8061869534250568,1.8254479076670296,236.96401357813426,preci,JJASO,Yr
14.75_105.75,-1.3035312455661452,-4.575508284269018,0.21955671713662964,0.3892495822529747,-3.3097032367895176,-0.031800023196386445,0.2270603571979304,344.9344753377893,preci,JJASO,Yr
14.75_106.25,-1.165416830549747,-0.9944412701521352,-0.5246591706984104,1.5295700780376829,-3.1792904115926737,0.037182686653297825,10.553479742847133,441.33886348740793,preci,JJASO,Yr
14.75_106.75,-1.538343668521872,-0.903629166062522,0.45347034661143976,-0.25689445466562344,-3.621631562786944,1.4583418130283048,0.31345413226717544,422.79972138609924,preci,JJASO,Yr
14.75_107.25,-2.0368902496326204,-2.767931187383876,-3.557300027005419,-0.02369904136798774,-3.7439874452666704,-3.8048059146510016,-3.6386358133098042,280.60321436379326,preci,JJASO,Yr
14.75_107.75,-1.1775031100700797,4.073264719770153,-2.3045782269752877,2.5222590472722586,-2.13779579892047,-2.2241777028016267,0.02033651283841668,130.2395804395029,preci,JJASO,Yr
14.75_108.25,0.36301706012022517,8.965150619070844,-1.2818744297015283,7.912521148669114,-0.24003762101418205,-1.4732479513886132,5.503968701797785,93.17295965825328,preci,JJASO,Yr
15.25_101.75,2.6540496105086087,0.538095542788684,0.8300054162298148,6.043455160077161,3.267520894359424,1.3641761006611404,-0.06472725864197515,157.27778276927282,preci,JJASO,Yr
15.25_102.25,1.751807286613158,-1.331990257039631,-0.06509836680159083,4.2671466514589955,2.229788836507197,0.2938889988039652,-0.8934443274753812,114.6375026257515,preci,JJASO,Yr
15.25_102.75,1.140518765099367,-0.8580448379106566,0.8103508548952666,3.688511915440208,1.4931580039635302,1.249382283850384,0.2973418945511982,99.98604330347183,preci,JJASO,Yr
15.25_103.25,0.9570694421971052,-0.8223541754585884,0.8218639668309299,3.8829406504033352,0.7782965412651678,1.1797400666026219,0.9485020301695717,111.04056427469406,preci,JJASO,Yr
15.25_103.75,0.7354694746495574,-1.2116184875657139,0.7927046911812957,3.3924476813682247,0.16305576492546214,1.2497480676475854,1.0068879601739287,134.40440731568097,preci,JJASO,Yr
15.25_104.25,1.217226758517256,-0.7943794877305648,1.211232593819428,3.524111034519782,0.21419847098802924,1.6804546929074544,2.0783219054157587,158.45319614430775,preci,JJASO,Yr
15.25_104.75,0.7362971717863047,-1.3696723665210526,0.8001984793437029,2.1996826660080404,-0.4702188422476645,1.2888938800824195,2.628076748095497,189.37894693971933,preci,JJASO,Yr
15.25_105.25,-0.015328980077676925,-3.3073310509516967,-0.31990199707259526,0.2487980949384536,-1.3817455401536587,0.547799108766974,1.754416664930646,249.55524353698195,preci,JJASO,Yr
15.25_105.75,-0.21624838247034436,-0.4926747598623765,0.1067753195212343,0.5640349856266982,-2.572065693218549,-0.2078435587922776,1.7696517899967317,358.4858256624571,preci,JJASO,Yr
15.25_106.25,-2.566385690308257,6.189113119594048,3.882032942020481,-0.7234060187316236,-4.6542682807950335,2.87181017226178,14.06064901185984,392.7573079140462,preci,JJASO,Yr
15.25_106.75,-1.5353951709045033,-2.9609514886223636,-1.3755906198747117,-0.061420010255451185,-3.776047338925915,-1.7404957180337763,-3.411221457231663,274.9948609547372,preci,JJASO,Yr
15.25_107.25,-3.4435345356223683,-4.146043782443354,-7.178201802476756,-0.28535869481855125,-4.933588641789039,-6.879686424509727,-1.7239442237832248,139.6345388703269,preci,JJASO,Yr
15.75_101.75,3.204205687892823,0.9551615747442389,1.154330598134839,4.4412250626167715,2.2861088115335955,1.6736398223713236,-0.529667494177342,160.6530330723987,preci,JJASO,Yr
15.75_102.25,2.3628899817333413,-1.1014055260393067,0.4029547805174589,3.311837161133104,1.6283555641143734,1.0481643399945126,-0.9239001779637981,102.4706256513793,preci,JJASO,Yr
15.75_102.75,1.733240470395563,-0.7732138032409747,1.0026946666503764,3.1029099211315914,1.2192126035491024,1.5378457042694444,0.6314091961417212,90.38814914266928,preci,JJASO,Yr
15.75_103.25,1.4486746015437058,-0.4854223395330249,1.1530327539921814,3.4189033920605088,0.527619385377045,1.7346768021870058,2.126861291912128,111.0106086348496,preci,JJASO,Yr
15.75_103.75,1.3322525854272127,-0.8950617197084072,1.1373047854630225,3.0940820132699383,0.021158676778920152,1.6782957390779383,2.2008845837665216,137.9366614155025,preci,JJASO,Yr
15.75_104.25,1.2879758373308248,-1.0873588897211215,0.9559916749716193,2.7071606374837733,-0.44583812229201214,1.8009543390785003,2.938652802479303,154.10203704886965,preci,JJASO,Yr
15.75_104.75,0.707510376980407,-1.1529356273198839,0.7157310770678593,1.620563852373026,-1.2784704460743732,1.5138773103218517,4.181584492204429,170.55659133957994,preci,JJASO,Yr
15.75_105.25,0.2113954498615415,-1.7353720730595397,1.8085381140372745,-0.05158408180844365,-1.7150485742089128,1.8720186664096197,3.6092303028518518,222.45454786025178,preci,JJASO,Yr
15.75_105.75,-0.19151509465527022,-3.5022377920389567,0.959926826697203,1.1061663933440864,-2.539315876316026,1.714921472794181,2.1483316941701887,310.8007666360796,preci,JJASO,Yr
15.75_106.25,-0.764486847272864,-4.497489734422293,-3.6586939255280577,0.3970103189066943,-3.1142665467920456,-0.6443920552344005,0.3934918288983297,300.6429167401872,preci,JJASO,Yr
15.75_106.75,-3.091769256327149,-3.7272873183525763,-5.280818598676955,-1.1933228991299458,-5.395253310535368,-5.627015323284581,-4.731941673868192,163.62913807181724,preci,JJASO,Yr
16.25_101.75,3.9499131077384444,3.364990918444489,2.0226737358438593,4.034681284623293,2.28874730974917,2.4600419227003427,1.5515196964401234,144.21277986810875,preci,JJASO,Yr
16.25_102.25,3.0627297403840767,-0.4604650907639619,1.9185697201891279,3.2602496264985756,1.8452787245426852,2.6546521121778914,-0.5483765025758897,89.85948274894378,preci,JJASO,Yr
16.25_102.75,1.6833224738086963,-0.8649151217156663,0.664967465106542,2.6586374026550823,0.7373485432871246,1.1973575710309499,0.3201104820424836,86.41185338713225,preci,JJASO,Yr
16.25_103.25,1.3926819620252473,-0.8665664623489298,0.6638456018917993,3.156133061316621,-0.036744973096944196,1.2170845800094856,1.597849285218228,112.0933542241026,preci,JJASO,Yr
16.25_103.75,1.3788946701649216,-1.2288890323519808,0.7295555030814237,3.228542574967902,-0.4509407317220965,1.5808076782744243,2.50163121257175,137.84076721374748,preci,JJASO,Yr
16.25_104.25,1.0860885968211806,-0.3007793961684707,1.2650685159282207,2.679600649632568,-1.248635683231861,2.1233145275430556,4.547646206277052,140.7247688493503,preci,JJASO,Yr
16.25_104.75,0.5226480847726784,-0.6258697893997679,1.358866539716037,1.331404475940189,-2.3114634141631365,1.605448930209585,5.041868788377996,151.16749058000167,preci,JJASO,Yr
16.25_105.25,0.04940179699999941,-1.8167967558042706,-0.45984890946408075,-0.6372562623582614,-2.9885144197501057,0.7680444151110084,3.5931104666358027,206.64411128330616,preci,JJASO,Yr
16.25_105.75,0.4234132042886701,-2.9478723962581594,0.1574831926588017,0.8069707331522772,-2.821444329272177,0.9708532983656659,0.7486622295951343,261.8251872195715,preci,JJASO,Yr
16.25_106.25,-0.9078740290287457,-4.213862365152137,-1.2310848523508207,0.11481047448673228,-3.839705779836723,-1.7182836801810946,-0.878889677465142,195.9764081417426,preci,JJASO,Yr
16.25_106.75,-2.522381280550555,-0.8563206274190256,-3.1795751183032213,0.022370159612085425,-4.93373046487372,-1.9045601566676469,-0.7893755885439363,107.10646682822386,preci,JJASO,Yr
16.25_107.25,-1.7949214716620365,2.111637829807554,-3.5473829092246416,4.661136149774181,-3.2160296315855965,-3.746264319537845,1.4768287202106027,110.24534871012114,preci,JJASO,Yr
16.75_101.75,4.17890959952551,1.1046097356553466,2.7559361105084887,2.912051618874306,1.7028599570151768,4.123921612965471,0.5284073625979663,108.97327948550998,preci,JJASO,Yr
16.75_102.25,3.0382305658670754,-1.214168965365012,1.5250237547866596,2.5185985892354963,1.2404507586364657,1.835533485019263,-1.0204473222132533,78.51539642695394,preci,JJASO,Yr
16.75_102.75,1.9211146448656917,-0.27471214795894955,0.5637700178930732,2.6662727920417213,0.5015680648922346,1.3057381869048375,1.4719384201194625,82.56164844752169,preci,JJASO,Yr
16.75_103.25,1.846226815629967,-0.15764737533415224,0.5200385631096179,3.81513520390508,-0.10918144220241774,1.5007845243152507,4.155081976124074,106.8021298581426,preci,JJASO,Yr
16.75_103.75,1.559255264993109,0.692132220851137,1.5902014091050924,4.077302692538827,-0.8276167884631019,2.450249796203723,5.955606249557734,125.83695324924409,preci,JJASO,Yr
16.75_104.25,1.3481400023676433,1.4247072510132681,1.7795903168490967,2.839373853234846,-1.5528338308217116,2.5898131516171943,7.397677421547022,133.88648522488256,preci,JJASO,Yr
16.75_104.75,1.3951947776369775,-0.7262894650765634,0.19997433556925534,1.3716429448334284,-2.0368220327879127,1.6813261023088633,4.285617136455738,159.56785104838843,preci,JJASO,Yr
16.75_105.25,0.6689253698507142,-1.5048536573300166,-0.15615117691096625,-0.13805116679025162,-3.1559085136682254,1.302185074200962,3.219997024841358,213.30579104833652,preci,JJASO,Yr
16.75_105.75,0.260006939408863,-3.724166664182017,-1.1368803898887518,-0.05970675523334466,-3.697507265398198,0.2647829418991182,0.4887143798993103,210.93036614242519,preci,JJASO,Yr
16.75_106.25,-0.19234977814132778,-2.967262886431365,-1.9132653789484637,1.599294421726817,-3.0576966949605833,-0.5398750609747861,-0.12080037180537397,126.26610922508982,preci,JJASO,Yr
17.25_101.75,4.071775855374722,-0.5691929600286323,1.742279764460548,1.8837760079707553,1.014730416514384,3.103543085484709,-1.0597434962051198,87.07859384958027,preci,JJASO,Yr
17.25_102.25,2.8670754897097117,-1.5778384848492863,-0.591781286190058,1.7262242076987024,0.21529247198709467,-0.3308326918087643,-1.029119554438998,72.29888991203568,preci,JJASO,Yr
17.25_102.75,1.9508571389265805,-0.7239164444691154,-0.1535706519284814,1.720037020977179,-0.7640994497840352,1.04496643778097,2.218294065419027,79.61450937120281,preci,JJASO,Yr
17.25_103.25,2.0217962868413712,0.05750796704642361,0.338055037996054,2.4546551813116055,-1.0695490507909708,1.6805713315194575,4.121893801396442,99.30159870680538,preci,JJASO,Yr
17.25_103.75,1.5808770987349223,0.5861323419687869,1.1148329278448708,2.1344188946763345,-1.6401517953336748,3.0141503053955763,6.551307511471314,118.86607509153103,preci,JJASO,Yr
17.25_104.25,0.1889321085785667,-1.7019929270261254,-0.7562660448725023,0.04452245080259192,-3.0187363014046733,0.6283868727963414,2.8316594744589687,143.3289288239275,preci,JJASO,Yr
17.25_104.75,-0.49432460159103214,-4.598638107677906,-2.1022861473271437,-1.6429405950533214,-4.213451842998484,-0.9195651636713672,-1.5342307274673204,178.30770151211883,preci,JJASO,Yr
17.25_105.25,-1.0818720885340587,-5.441057385306486,-2.425254230098997,-1.6672277938208475,-5.1004302813326525,-1.1530468114536125,-2.7024586492135443,187.50752058488186,preci,JJASO,Yr
17.25_105.75,-0.05899571329795054,-3.1738508250105224,-1.076455021801992,0.668445509810273,-3.977283941087531,-0.7046307874519395,-0.29152177339469887,138.3473345155899,preci,JJASO,Yr
17.25_106.25,0.2493339509723789,-0.4950359367458156,-0.13654587693607642,4.370970486144009,-2.743559583760938,3.103439687765915,4.103856344278141,97.48114651465461,preci,JJASO,Yr
17.75_101.25,5.936200842691273,-0.11650341989141544,0.7093714686904413,1.3590074620105808,1.0148230334011599,1.5575288991136522,1.541759671671024,97.97370279612318,preci,JJASO,Yr
17.75_101.75,4.094925067788345,-1.716052207984876,-0.7335029656874719,1.0521994997169908,0.473902018044723,0.1257274024904904,-1.6642872868031953,78.15701996203849,preci,JJASO,Yr
17.75_102.25,2.452650106006597,-2.8709504264407846,-0.1463915179574232,0.34530128593321735,-0.8815519829235492,0.9368764708917349,-1.5894223914190269,75.71941856622381,preci,JJASO,Yr
17.75_102.75,1.6148337151152012,-3.1570892037853757,-1.3643824451427093,0.15563809357071368,-1.7836302276199052,0.6835608842646334,-1.0245762159676832,89.32196225819344,preci,JJASO,Yr
17.75_103.25,0.8901637031884366,-2.518572113478263,-0.8507186518375696,-0.3223402903347786,-2.7501978226595445,0.683705187811539,0.02244419696361656,111.49283934939534,preci,JJASO,Yr
17.75_103.75,-0.016056076581630416,-3.7896000861596324,-0.4733179701137321,-1.2045922690598094,-3.7295577968437184,1.4517267734641646,-1.22202144707106,142.0421273523098,preci,JJASO,Yr
17.75_104.25,-2.714839805180464,-7.124264171855098,-4.223121603047251,-3.4894774225537013,-6.253841803957197,-2.529030313556894,-4.112501910088236,168.51656615018038,preci,JJASO,Yr
17.75_104.75,-3.621184084607212,-6.409289524290111,-4.362875716934835,-4.746159107974739,-7.3877797122293885,-1.29730112181259,-0.527664052576979,162.64183884320693,preci,JJASO,Yr
17.75_105.25,-1.9059221890923759,-2.008413255271235,-2.5177994461706636,-1.2965321420327693,-5.450688414276055,-0.2348812341164882,5.831163535726216,125.83317765051545,preci,JJASO,Yr
18.25_101.25,6.060057953862173,-0.8555488115130887,1.332599040471762,0.5968873761930038,1.1222034209591087,0.7493585908696638,1.2995760565199346,90.17396508423056,preci,JJASO,Yr
18.25_101.75,4.680316932202753,-2.6883461359121084,0.15482405289809728,0.19303653054456257,0.46943159380562105,0.4162931234278871,-2.7305393303420478,85.6699999639157,preci,JJASO,Yr
18.25_102.25,2.57404052096473,-5.40211019349271,-1.5295798509308154,-1.0475785395502508,-1.6969554658121182,-0.08073428810786441,-3.9714978081005814,97.29110212445106,preci,JJASO,Yr
18.25_102.75,1.1574182188586808,-4.0719185570301155,-0.5043818548919792,-1.9951555255219766,-3.2793824119640753,1.208167599484354,-1.9339023519350036,119.16497207856527,preci,JJASO,Yr
18.25_103.25,-1.8662881523149046,-8.008601772054803,-2.092840718432667,-4.332841067966316,-5.825631195886462,0.868621217740818,-3.0234223634404507,146.45669954261245,preci,JJASO,Yr
18.25_103.75,-4.079653216225813,-10.666460349308247,-6.505545155186202,-6.375994280327008,-8.02193397778292,-3.6952804898774056,-8.188870631850037,166.22392205436626,preci,JJASO,Yr
18.25_104.25,-3.5950774417290767,-7.53854781533553,-2.899017070949729,-4.554481277050994,-7.437393746778984,-1.3457242383923331,-1.8359130256115108,152.61608472471903,preci,JJASO,Yr
18.25_104.75,-2.2001358003186184,-1.6457631989918207,-0.9106250805623711,-2.576453761287778,-5.771820986222192,0.3214750761511284,6.27587619855719,116.10513518026548,preci,JJASO,Yr
18.25_105.25,-0.3132141240436461,2.42308253660095,0.447499309641803,0.42670498600163154,-3.2248006408963263,4.232209066100638,6.186382917621279,102.28827660199613,preci,JJASO,Yr
18.75_101.25,6.499637349742175,5.5545283982498,6.50957691998909,0.6902458121065477,0.8391419614839413,6.908233226915327,9.899683552381953,103.4475768474184,preci,JJASO,Yr
18.75_101.75,5.48505881173737,-1.7266905148699907,0.8156302219674924,0.14578884249315152,0.4500161386277376,1.536565199127856,-3.1212233361118376,102.81594530199222,preci,JJASO,Yr
18.75_102.25,1.833698559715325,-6.513252715336944,-4.271640937011235,-2.8361951202234663,-2.882586736291718,-2.345423801833103,-4.409680620133624,118.76507732106552,preci,JJASO,Yr
18.75_102.75,-0.0700573229483046,-3.775065664342762,-0.9086086960834595,-3.505842571954308,-4.342157350163748,1.5481932211257436,-0.35798578404793013,153.6435051705875,preci,JJASO,Yr
18.75_103.25,-0.4946480095940802,4.661495556523686,2.563532543026862,-2.7810281183380052,-4.081784479944041,3.2400385588635343,2.3553332091053742,176.7468004443944,preci,JJASO,Yr
18.75_103.75,-3.5508963849484947,-8.893928936805217,-6.097889356705952,-5.589922385229671,-7.016556436528141,-3.755390902553864,-6.565636545406536,170.2542746279014,preci,JJASO,Yr
18.75_104.25,-1.5717441833998476,-3.0207309723307807,0.7522729289367704,-2.3358243242939256,-4.677889384385882,0.2845612521475536,0.9339066624382713,123.97477009879994,preci,JJASO,Yr
18.75_104.75,-0.16255097969636165,1.8591635194940546,2.36353147143246,0.6593988014831115,-3.127465590002832,4.356521580556401,3.7246864336661583,97.78409375163591,preci,JJASO,Yr
19.25_101.25,6.240720912256514,6.770743100646347,2.828890924722989,0.2063211483172521,0.19814279278456645,3.954566886972732,11.424220798104576,110.82825163167287,preci,JJASO,Yr
19.25_101.75,5.722124381334234,-0.9470687043812498,-0.5760381892722318,-0.03619460836496819,0.19229061222942517,-0.305859130630944,-2.4716479257392887,109.71888505619182,preci,JJASO,Yr
19.25_102.25,3.298769052111263,0.5726609751579655,0.9886243540204624,-1.99744849074981,-1.734027290215299,4.084487638653116,2.86574321639252,116.62266754579218,preci,JJASO,Yr
19.25_102.75,2.2950391212758725,4.612043679997471,0.08009396586305446,-1.887287833978093,-2.0133798838690913,2.0080325240489545,3.9967688342022516,137.93390393966956,preci,JJASO,Yr
19.25_103.25,2.4554233479413354,3.7664379464375575,1.5308642112095292,-0.9842325915893567,-1.2480046730745211,3.0715052883751417,4.421147951194262,152.05371652304515,preci,JJASO,Yr
19.25_99.75,7.272410499719253,-0.7813334087113117,-0.4223682832791732,0.10253948088972623,0.9356670104133976,0.7226123046120035,-0.2253549554070443,105.1023604371626,preci,JJASO,Yr
19.75_100.25,6.302982572442089,-2.2560435612290966,0.31647226061471756,-1.452919090746465,-0.34612716888559164,1.0140404834957648,0.30730596484931005,94.69237553626347,preci,JJASO,Yr
19.75_100.75,6.127084850756215,-0.260032444616537,1.777836994051785,-0.9509576528118282,-0.46856640342188627,2.4227761745121956,2.8311526404379084,100.24055876302745,preci,JJASO,Yr
19.75_101.25,5.857398511911193,2.3836046561535373,1.389639666574134,-1.014139841189486,-0.43467903524535934,2.976239436894674,3.183819875982861,104.28886195648299,preci,JJASO,Yr
19.75_101.75,5.046191453661072,-1.6186687215078652,-0.8944167759332531,-1.363023680188873,-0.4661165044361182,-0.5363851710169261,-1.4875048903168846,98.27600995482356,preci,JJASO,Yr
19.75_102.25,3.796817497153579,0.2926507376056804,2.4752678475289676,-2.2252423058118964,-1.231619995943916,3.7568967632505,0.762563123708424,90.20504464966285,preci,JJASO,Yr
19.75_102.75,2.361619751345589,-1.8372587088789238,-1.622105121609333,-2.2737108077798367,-1.9441227947859387,-0.832887891265542,0.1010198284776324,96.55651418493431,preci,JJASO,Yr
19.75_103.25,1.9103025144833268,-1.792445550073334,-1.8445634357056702,-1.9704107561306161,-1.721342923329768,-1.7587969961353365,-1.9892320170668119,105.02441687701766,preci,JJASO,Yr
19.75_99.25,7.668906624264608,-0.9159333187570626,-0.4015802825854031,-0.22001402590111335,0.5159938528206958,0.5940199418021529,-0.13251726101924474,115.17953582358207,preci,JJASO,Yr
19.75_99.75,5.991854345304482,-3.5515825717635945,-2.3231387341759078,-2.0976880567757124,-0.6626565472417502,-1.2141243238646868,-2.6802926091020334,103.18006501521452,preci,JJASO,Yr
20.25_100.25,4.716641124023787,-5.007233026557341,-2.1533135275537987,-3.1151957518016005,-1.759652422934676,-1.9126261940370723,-4.004356901539215,102.56425351651053,preci,JJASO,Yr
20.25_100.75,4.983090937507466,-2.1350340011176234,-0.7452596270499637,-2.4550603698903695,-1.522383423269835,1.3437539572087382,0.7047554808649239,93.27006821285352,preci,JJASO,Yr
20.25_101.25,5.1886124833591385,-0.8331901447174812,0.5719368166385084,-2.011313924339399,-1.1520659945816643,1.1165808152605612,1.186422325453159,91.99009807902135,preci,JJASO,Yr
20.25_101.75,4.554523539382905,0.3593050155785936,0.2832098657666127,-2.423284643662702,-1.225807307645639,1.2317548772341664,0.3829449920527959,80.81774012790005,preci,JJASO,Yr
20.25_102.25,3.998181556921875,-2.6100502230614135,-1.224970546726548,-2.878676498920352,-1.5481782887083686,-0.0481975345321231,-2.1597967015835873,70.57229648964163,preci,JJASO,Yr
20.25_102.75,2.786670159473782,-2.9042825521455495,-1.0541788992633907,-2.850581347164781,-2.2366169928112405,-0.3773455126371557,-2.5606899260598763,71.92904774021568,preci,JJASO,Yr
20.25_103.25,2.169956728675538,-2.1967708116212603,-1.4979600090492333,-2.2991813916820916,-2.070689767111239,0.5291631023702009,0.6729096176586782,83.03142903816945,preci,JJASO,Yr
20.25_99.25,6.717296387529092,0.08211991380393854,1.1797846030175367,-0.22412544521354136,-0.3003673490271932,2.3813184578673563,1.7268239991452434,117.56181010670558,preci,JJASO,Yr
20.25_99.75,5.221765068971511,-3.9956166567004123,-2.216445346881337,-2.728697459624026,-1.5229258875033074,-0.32257052866882363,-2.666520586417211,116.09605732105291,preci,JJASO,Yr
20.75_100.25,4.7811582408978275,-3.457843984960178,-0.7354588896257661,-2.789521257908554,-1.3090492024213083,-0.5943878457170517,-3.392697370414089,117.73887940436902,preci,JJASO,Yr
20.75_100.75,4.489862872356372,-2.5959595070079637,0.05553951096972609,-2.9274470342723222,-1.5484670584530154,2.6686784548966087,1.3445376451997095,89.53587557983752,preci,JJASO,Yr
20.75_101.25,4.380206511620078,-0.2863684039999827,0.6588118140823842,-2.763848210385683,-1.7475691333173708,2.6508219105483257,2.183868690839506,78.4675335772104,preci,JJASO,Yr
20.75_101.75,3.9674982942397037,-0.8276716877983458,-1.2224340174472383,-2.6262158455743183,-1.8915988825386212,0.6672148198941128,-0.20989096258050113,76.07232140881007,preci,JJASO,Yr
20.75_102.25,3.5776117989035643,-1.9664013008654058,0.9098742990303822,-2.5376457155684298,-2.2838323126780615,-0.12946897749908193,-1.4540936314754538,70.95798711781049,preci,JJASO,Yr
20.75_102.75,3.0542168974840447,-2.4700951214581846,-0.9101653837311746,-2.192199169604156,-2.4851890389147524,-0.9518377548663762,-1.5324402931266887,68.00912817625105,preci,JJASO,Yr
20.75_103.25,2.29190006389649,-0.23191326676795088,1.1811043367167247,-2.30292120270539,-2.7287252870716845,1.4086484373005588,2.083698390319898,72.32422846605544,preci,JJASO,Yr
20.75_99.75,5.699702417219525,-1.0156580204713033,-0.15083808990646308,-1.8670198665175495,-0.9370284227048197,3.8369011860007607,1.4029458099299201,131.36291938811502,preci,JJASO,Yr
21.25_100.25,5.047616327033169,-1.8648357461561242,-2.715358563705129,-2.2973795240626136,-0.5720392512507689,-0.8159617537100788,-1.9239937900613653,116.54973372741526,preci,JJASO,Yr
21.25_100.75,4.47770941223753,-2.133633640538476,1.2817782325186018,-2.733092445179018,-1.0787564828204321,2.5057770193901696,-0.9473907417254899,85.23809039625168,preci,JJASO,Yr
21.25_101.25,3.9025508608488244,-1.0973079921288853,0.05509003529878198,-2.8914790708276445,-1.7748948302462935,1.886736174220034,1.3034016149299201,72.39744832878833,preci,JJASO,Yr
21.25_101.75,3.3291019445744254,0.979119762622532,-0.23759064669172356,-2.7668135385763284,-2.3003876657237865,0.6612409943160452,1.5298552757525057,75.11786177602987,preci,JJASO,Yr
21.25_102.25,3.0035542612533543,-1.8661760555043339,0.7430827947048942,-2.472458125911817,-2.7633530113324674,1.559976621081916,-0.7132668012251272,74.83900220304987,preci,JJASO,Yr
21.25_102.75,2.2631738590100428,-2.641730871527212,-0.8610265750157853,-2.5061725173976983,-3.214540551825233,0.3014487393811772,-1.112712108916485,71.90189079961944,preci,JJASO,Yr
21.25_99.75,6.010926603151059,1.1500243899411864,3.7365865992402245,-1.4584231275648372,-0.21832715440379497,4.873044079219427,1.8172949023921572,130.35096327065924,preci,JJASO,Yr
21.75_100.25,4.1872258015604835,1.3510152336365404,0.6476260391270994,-2.4493803234798865,-0.8474537024082152,1.4637429775139834,0.12133487905591872,96.70456441574542,preci,JJASO,Yr
21.75_100.75,4.195929401724554,-1.8028454937378937,1.19712796860765,-2.6248920940436675,-0.8994295968306064,2.1216713748983995,-2.039748967384241,81.11405062823748,preci,JJASO,Yr
21.75_101.25,3.9030520728614437,-2.2639696035511836,-0.9879858975117648,-2.6220106160805763,-1.3195816178562436,-0.4393192400320178,-0.936944046768337,71.07778512922552,preci,JJASO,Yr
21.75_101.75,2.988618611720755,0.5149658655454409,0.817844326822746,-2.958160602326573,-2.3578870609950253,1.8085884654081903,2.318275367989143,72.17638852057502,preci,JJASO,Yr
21.75_102.25,2.482198713599971,-2.9349541157007786,-1.2899874703861562,-3.2310585834537795,-3.0537500151774695,-0.26414212448408886,-1.6261802263293395,74.3748407198684,preci,JJASO,Yr
21.75_99.25,5.6275671528833335,2.4559386849401004,7.070708698455856,-1.149087125389373,-0.4306488821778974,5.239280203217905,3.935327448665577,100.6038036455331,preci,JJASO,Yr
21.75_99.75,5.080413455754347,-0.6189231269077592,0.3055414353884721,-1.4301548371447879,-0.36296443216012064,0.654131096029388,-1.4765667123616557,105.15505395769942,preci,JJASO,Yr
22.25_100.25,3.0823963936315755,-0.8624776853797989,2.8950119875320124,-3.1139928827715,-1.8072603705409493,5.0068998280112,-0.6715214898293391,83.00356651405166,preci,JJASO,Yr
22.25_100.75,3.285153280555347,-2.7629490628458777,-1.1631806789412313,-2.992701009963022,-1.6266829521176467,0.745720203289154,-2.883516642544517,80.22580377522218,preci,JJASO,Yr
22.25_101.25,2.868134260152887,-2.4166781443091323,-0.16646024924568378,-3.17475235547897,-2.148876076755987,-0.3259619850415312,-1.3864759001181552,79.72092008614185,preci,JJASO,Yr
22.25_101.75,1.6978773294952338,-3.2136191019840035,-0.1343349054262527,-4.021551792363548,-3.5418455872014816,0.8132712708313468,-2.003235818517066,81.10628212141864,preci,JJASO,Yr
22.25_102.25,1.3865124296935247,-4.7816071420061546,-2.3364033407008895,-4.131204244294486,-4.068098582205417,-2.4887904860761605,-3.5956242655221495,79.00158665000066,preci,JJASO,Yr
22.25_99.75,3.900798634223756,-1.2578318930500987,1.2401644003933783,-2.5668874127733234,-1.3990676975037764,-1.2290864161461958,-1.2862701597225854,89.88290483140484,preci,JJASO,Yr
22.75_100.25,1.8796182799492784,-1.4416195715293985,-0.2860797722846097,-3.945148443035259,-2.2964237301758894,-0.6302712111523862,-2.973800218246913,77.59582209948599,preci,JJASO,Yr
22.75_100.75,1.751116586313009,-2.7754386555617137,-1.4309095552827589,-3.7186162223367325,-2.3774914379235152,-2.1484411035997377,-1.9047180835900512,79.27082943713754,preci,JJASO,Yr
22.75_101.25,1.3071357647767687,-1.1018430241258728,3.7156194387428476,-3.871611628966886,-3.066248486293805,8.502182173617053,0.2101679479067901,86.68115488143604,preci,JJASO,Yr
22.75_99.75,2.9114354828501785,0.8889908546873723,0.0598445888329249,-3.4039619451661944,-2.040970427798663,1.5217969533932745,-0.3646650060751634,87.8282157253418,preci,JJASO,Yr
23.25_100.25,1.8619584904501691,-1.9236139353414146,-1.3592505143849136,-3.230456475183173,-1.6289129863228093,-0.7311915765045117,-2.749411098094299,87.18786366024665,preci,JJASO,Yr
23.25_100.75,1.733294492485819,-1.8276865123238808,-0.3802323015681615,-3.0407227833016695,-1.691281602985056,1.8681646948547292,-1.3470151953603486,84.74613522233567,preci,JJASO,Yr
23.25_99.25,3.6489346309067026,-0.7611567410922214,-0.27125489435706496,-2.2936133114752986,-1.288712767360345,-0.5323484318466272,-0.10523339127741466,108.34945333378575,preci,JJASO,Yr
23.25_99.75,2.6252625045441076,0.913039289023465,0.16141698729687748,-2.7845300829886885,-1.5518118842397672,0.13432464690395157,-0.21444058565337704,101.82370385788084,preci,JJASO,Yr
23.75_100.25,2.135178323289747,1.496262516647973,0.2000698377987555,-2.636859964812914,-1.088693928206712,1.338094410851343,-0.3984285299969137,102.50037082848773,preci,JJASO,Yr
23.75_100.75,2.0457020116298765,-0.8898153422483543,-0.08393805443880871,-2.6489539042789416,-1.0923875650662178,0.9238648907020399,-0.5221740408685549,94.89423672506447,preci,JJASO,Yr
24.25_100.25,2.3205312170641945,0.47954227601816196,-0.9728987164391198,-2.554755399873163,-0.8524380796707821,-0.6879020568439365,0.3293357262723312,113.9042918562777,preci,JJASO,Yr
24.25_100.75,2.1179386046659605,-0.3328586208325935,-1.5719007187627714,-2.765464471645261,-1.0337898727295758,-0.6617124068197656,-0.8282877384179375,111.61663652097387,preci,JJASO,Yr
24.25_99.75,3.070522352269281,-0.19646980507591325,0.7994714201776105,-2.253532559046546,-0.7245282947448405,3.283082834805847,0.5820072916561002,103.4647781409299,preci,JJASO,Yr
24.75_100.25,1.9182261426746763,0.18592191887001516,0.517262025951617,-1.8226988879977566,-0.3555156025636148,0.22655523291972057,0.04579548894807576,103.39068549045032,preci,JJASO,Yr
24.75_99.75,2.478344046308871,-0.27326783888307205,2.0957962883303187,-1.584750764933697,-0.026295384242731687,1.8328517650957465,0.18176375965359465,92.42092937959762,preci,JJASO,Yr
25.25_99.75,2.205431987708528,0.045094392825499555,0.946434195497305,-1.1352021772858056,0.24236871610818872,1.8641157770389707,0.04435826807240373,96.86743511746401,preci,JJASO,Yr
25.75_100.25,0.30130124083164744,-0.14972146809366782,1.294305894039327,-2.4562681216269486,-0.9444251204701152,0.5562975384812375,-0.8003079043609294,100.87150002203681,preci,JJASO,Yr
25.75_99.25,3.4299610518688004,3.3892251300522203,2.8776629468855606,-1.5347742370769304,0.705740147071351,2.447609915421033,0.347605335934568,150.98137376165744,preci,JJASO,Yr
25.75_99.75,1.4522113583132128,1.1742675022291305,4.143655014905786,-1.817654958919518,-0.06693985836165679,2.428867703583043,0.04157331831481491,115.85760495041998,preci,JJASO,Yr
26.25_99.25,3.459821234355947,6.70420545066885,2.811441186909799,-1.9515219818647698,0.9201796105701163,3.330161433087959,1.3461670535374002,181.3406643858139,preci,JJASO,Yr
26.25_99.75,1.0489647257659762,2.4586708989720827,3.598522199907587,-2.1588786008963483,-0.10643841607240957,2.7435243556434217,0.6524871310345315,141.79411684935454,preci,JJASO,Yr
26.75_99.25,3.5637910807671154,6.059710649811188,6.3928767078387,-1.577821988652051,1.170650985874982,6.586131330205115,1.2227845747930284,190.64319573501731,preci,JJASO,Yr
27.25_99.25,3.9354996389850836,6.52090204758824,2.8709513300493827,-1.2478874649065466,1.5075384839577073,4.265954443193537,0.4397402781909949,187.74151381944418,preci,JJASO,Yr
27.75_98.75,2.801119591924835,10.662938121605304,6.278140106325308,-1.0451916830610561,1.652405289181627,6.301434303428177,1.6055191644622366,177.36289063837467,preci,JJASO,Yr
28.25_98.75,2.6856570786072513,15.541322087650984,2.9522166014551194,-0.024255511148629363,1.7725852460805376,3.433634210421452,4.653593232825272,137.42218163319902,preci,JJASO,Yr
28.75_98.75,2.792472695278929,8.27654085431809,0.8630300591129243,-0.45200306088065606,2.0455362904941903,0.7825672685484002,1.6436245062135078,124.48332796779171,preci,JJASO,Yr
29.25_98.25,2.118150133058166,5.376384706178014,0.2726693718104649,-1.0871793042591615,0.962691612866275,3.1173751469323836,0.969070656259695,93.10901930317466,preci,JJASO,Yr
29.75_98.25,2.0323150966438117,4.1288751509165005,0.3361296680227485,-1.3050808356793968,0.2758418939210203,-0.03074342455619599,1.3095461879251997,71.7036895673271,preci,JJASO,Yr
30.25_97.75,1.820552644007154,6.133606388843149,1.9324073387907856,-0.9475176806640468,-0.24285965077619606,4.78730832887431,2.4795755738809007,83.6932185170329,preci,JJASO,Yr
30.25_98.25,1.8485434241965162,3.9723423750546965,3.295365542102851,-0.6197876173978711,-0.43651346431708926,3.6657648563841843,1.2095312490031227,72.39904348166348,preci,JJASO,Yr
30.75_97.25,1.8012370480790239,2.0201153462251087,3.2963744107875694,-1.089362709400867,-0.6107800106291319,3.514482344571353,0.6891671147835512,94.46219881070857,preci,JJASO,Yr
30.75_97.75,1.8364067187635627,3.213301494984183,2.6277416064991757,-0.9902333726485144,-0.7689900056071031,1.2128216500535869,0.7996484641307552,105.07162309843089,preci,JJASO,Yr
31.25_96.25,1.7572725233795101,2.680444249131102,2.6081483994933428,-1.1177063896169794,-1.0257533870720659,2.343944426177923,0.2631825558376907,90.24873867844775,preci,JJASO,Yr
31.25_96.75,1.2886855644705146,1.1036712799861919,2.1391718849663635,-1.2630170550638393,-1.0847974187749074,2.196514158215408,-0.026567951791684846,75.91692777731924,preci,JJASO,Yr
31.25_97.25,1.6461632187377986,1.1068776869066985,3.1383499798169354,-1.279411616504504,-1.0518665110239016,3.623629071752391,-0.10290961660094414,81.57720721346647,preci,JJASO,Yr
31.75_95.75,2.1959545099774416,2.901616122790215,3.67500505758637,-0.4109800344320407,-1.1727316003790784,5.8064815976877995,2.0889127824900506,107.88404487727063,preci,JJASO,Yr
31.75_96.25,1.8674784528042143,2.1820444624040913,2.753392913173081,-0.636854593545093,-1.2074979339066547,3.152843776267175,1.0813018375311545,93.81385759577746,preci,JJASO,Yr
31.75_96.75,1.3845643566657855,0.8525098735508657,1.164996784905403,-0.6227777314851247,-1.2422968151819909,1.3180481292983042,-0.07773946423420476,75.89616193161453,preci,JJASO,Yr
31.75_97.25,1.6462669597276238,1.3379559964746415,1.4891500441745356,-0.6327030652067935,-1.323811568352734,2.1342945254680425,0.11803915886023963,74.07218585436645,preci,JJASO,Yr
31.75_97.75,1.6738240689414354,2.727138297290613,3.5672074967043454,-0.9522566580309433,-1.405921148361608,3.6114328766309804,0.6065127196809369,89.4208234217108,preci,JJASO,Yr
32.25_94.75,2.55390772614825,0.9891995411107681,1.7535117055568266,0.024655785547504545,-1.2452989566148678,2.928094277097408,0.9889618923761803,114.03371734205194,preci,JJASO,Yr
32.25_95.25,2.576205775389589,1.798157314404886,1.6379969123163685,0.000274643489403882,-1.2326423380008622,-0.4279449024717138,0.630437144144517,114.00250444405657,preci,JJASO,Yr
32.25_95.75,2.1979516711342746,1.1840148682475946,0.861956266722215,-0.04948517306098848,-1.2168621441248861,0.06448111541991312,0.2114757067442992,105.67976117487089,preci,JJASO,Yr
32.25_96.25,1.9262486744829488,0.45269708815835,2.2632060914261434,-0.29391405074880766,-1.2789645406657735,0.9817851756408135,-0.065459604060276,91.16879471616743,preci,JJASO,Yr
32.25_96.75,1.7009982764911424,1.2032892616714084,2.513461925299201,-0.14007490293843483,-1.2251158952679164,2.6234874515406315,0.16253645082534496,80.28745170231878,preci,JJASO,Yr
32.25_97.25,1.8439176762444847,2.7325823288472244,3.687967541726071,0.0019199173417409436,-1.2803561703178319,3.678170060368809,0.7632254367847495,81.69413524075537,preci,JJASO,Yr
32.25_97.75,1.767112175590718,1.4461890532980235,1.9549274353308863,-0.5748221404386563,-1.4268596891677805,2.431088413515523,0.4519040335521787,91.84222424262997,preci,JJASO,Yr
32.75_94.75,2.5175370636838847,0.913244642352608,0.09006323355187262,-0.24139916316385726,-1.069031253333344,0.38258490424941904,0.14080988900108946,116.41791498631285,preci,JJASO,Yr
32.75_95.25,2.5473718206426272,-0.016430794697858526,2.0286125251832265,-0.08876914224921256,-1.0834747131598739,2.917415930291939,-0.389669437708061,116.95023955897396,preci,JJASO,Yr
32.75_95.75,2.3073041105211285,0.34551010304360985,4.478961441992487,0.0523159516259826,-1.0898473862148839,6.539074702150327,-0.03474666835439358,109.082307557619,preci,JJASO,Yr
32.75_96.25,2.148254847672221,0.48921255761586546,3.7072515171753455,-0.07070918444103258,-1.0492252548827055,3.131351957976583,0.027137915357298592,101.70571004231408,preci,JJASO,Yr
32.75_96.75,1.8762823691086277,1.571832031916579,6.535330808934931,-0.09827067527809433,-1.053634542230834,5.71668000661101,0.4248984207862019,96.07674790826057,preci,JJASO,Yr
33.25_94.25,2.166441371501264,0.21757487438960865,1.6780139393471947,-0.3580062765467831,-0.9695325388220736,1.5867249626670472,-0.0681258862930284,107.97989535079124,preci,JJASO,Yr
33.25_94.75,2.274963388233959,-0.15351834760015623,1.5116073908363872,-0.02065203170906022,-0.9508773774695533,2.2926596030305735,-0.1419267597298112,113.19774139529615,preci,JJASO,Yr
33.25_95.25,2.3958972533605736,1.0895765187074322,4.344296849719027,0.37471096707314105,-0.9329396856624429,4.062883708248439,0.10813232875533779,115.66210446964857,preci,JJASO,Yr
33.25_95.75,2.3217576775153703,2.27587599242668,5.9378167304425995,0.2872064041128925,-0.9183715404367803,10.682192314529049,0.9064887555711691,114.67359734533233,preci,JJASO,Yr
9.25_105.25,0.4036021831793753,-5.014600628538113,0.3049598757976397,3.0101894269147857,-1.1977229884800291,-0.281893118154676,-0.8794895194531593,131.70101016196725,preci,JJASO,Yr
9.25_105.75,1.0926985836933674,-2.7167126146463274,-0.5644985325217013,7.886263490621859,-1.2249693594678097,1.147888660928215,-1.3430082168249815,136.1853013771715,preci,JJASO,Yr
9.75_105.25,0.7784419786066815,-2.2653333406888865,-0.08982155431020712,14.219360724995065,-0.00823460234034131,1.1348955058210275,0.4020352503096584,154.45488884952908,preci,JJASO,Yr
9.75_105.75,1.37172355867175,-3.300584215631072,0.7818787994528383,12.42664185587968,-0.11642178993323243,0.8651071764028333,1.3936934101423384,131.0157734095227,preci,JJASO,Yr
9.75_106.25,1.9026369500047204,-2.4853941987243897,1.1032048124662408,8.673857452892172,0.33773258351833685,1.3184901929752129,-0.06447978336492355,128.0646580197223,preci,JJASO,Yr
10.25_104.75,-0.4313801338606632,1.3730444934590813,0.32932986005476117,-0.9157608001216916,,0.37123866747794343,-0.22155932461210834,-0.35393268938241557,temp,All,Day
10.25_105.25,-0.501535594767265,1.359163446912078,0.6190581837541831,-1.489936796470946,,0.5796774414359599,-0.5547303772436872,-0.3105647246729541,temp,All,Day
10.25_105.75,-0.5054449345908123,1.558300197748707,0.8120059324612109,-1.7010962123516884,,0.804835488287192,-0.3362514450867052,-0.37250121691512017,temp,All,Day
10.25_106.25,-0.562449650136903,1.5177574536051108,0.8594661545482203,-1.7045034225737756,,0.7736903711591117,-0.10427091572862793,-0.4740910404624278,temp,All,Day
10.25_106.75,-0.37763918466686947,1.0280098113781564,0.572793352601156,-1.271493611195619,,0.7607672649832675,0.18616261028293277,-0.6060517188926072,temp,All,Day
10.75_104.75,-0.9243836324916337,1.4566607849102524,0.36476756921204745,-1.832308411925768,,0.26772490112564645,-0.49733944326133256,-0.9894430711895346,temp,All,Day
10.75_105.25,-0.9218795254031031,1.343842105263158,0.5512663522969272,-2.0991587313659874,,0.46141899908731365,-0.6690333130514147,-0.7860363553392151,temp,All,Day
10.75_105.75,-0.6937672649832675,1.220591877091573,0.6230388652266504,-2.1224605263157894,,0.5677562366899909,-0.783100319440219,-0.7256426072406451,temp,All,Day
11.25_104.25,-1.1522966230605416,1.153485549132948,0.6031308183754183,-2.6239339823547305,,0.30101041983571647,-0.9448691055673866,-1.3654798752662,temp,All,Day
11.25_104.75,-1.168178125950715,1.3430955278369334,0.5836418466686949,-2.6708216458777003,,0.30820330088226344,-0.9404085792515973,-1.3679179114694249,temp,All,Day
11.25_105.25,-0.9912560085184058,1.1857604198357166,0.6234262245208397,-2.631563279586249,,0.5161550045634317,-0.8029703376939459,-1.019373585336173,temp,All,Day
11.75_104.25,-1.275222239123821,0.6734670672345604,0.6506105871615454,-3.300197520535443,,0.46036355339215085,-1.4639922345603893,-1.6188157058107697,temp,All,Day
11.75_104.75,-1.291114998478856,1.0754146638271982,0.7610365835108002,-3.115885990264679,,0.505149756616976,-1.2311348494067538,-1.2540627928202008,temp,All,Day
11.75_105.25,-0.9899799209005171,0.980314192272589,0.6735436568299361,-2.9917684058411926,,0.4924866139336781,-1.0041726498326742,-1.0154219577121997,temp,All,Day
12.25_103.25,0.4603933678125951,0.5918446151505933,1.0274261484636447,-2.296848722239124,,0.4539329175540006,-1.0626618268938242,-0.7387636902951019,temp,All,Day
12.25_103.75,-1.070272284758138,0.2077054304837238,0.3824020383328263,-3.727422497718284,,0.3057065713416489,-1.6184181624581686,-1.802844463036203,temp,All,Day
12.25_104.25,-0.6915597809552784,1.2715181776696074,0.8796690751445086,-3.1410594767264985,,0.6423608153331305,-0.9892632795862488,-0.8318183297839976,temp,All,Day
12.25_104.75,-1.071206875570429,1.028484864618193,0.5120334651658047,-3.288985625190143,,0.3551324916337086,-1.2425848265895953,-0.9443258290234257,temp,All,Day
12.25_105.25,-0.7998261332522056,0.8611061758442349,0.6230205354426529,-3.3221747794341345,,0.5655092029205963,-1.085150258594463,-1.14519405232735,temp,All,Day
12.25_105.75,-0.8209170976574384,0.8594398387587466,0.752264374809857,-3.526969501064801,,0.6758499391542441,-1.036931632187405,-1.575700136902951,temp,All,Day
12.25_106.25,-0.618393215698205,1.3987857468816551,1.179256845147551,-3.3467442196531794,,1.1218259811378157,-0.6416151505932461,-1.5107350167325828,temp,All,Day
12.25_106.75,-0.1359043200486766,1.5193856860358992,1.6581473227867356,-3.1673722239123823,,1.8657900821417706,-0.2919221174323091,-1.1459211819288104,temp,All,Day
12.25_107.25,1.3720851840584118,0.8292734256160633,1.6799265287496197,-1.6757433297839974,,2.16496630666261,0.76182469577122,-0.04404960450258594,temp,All,Day
12.25_107.75,0.7493208092485549,0.3309503346516581,2.0274320048676606,-1.797620254031031,,2.049177365378765,0.2216270611499848,-1.540106829936112,temp,All,Day
12.25_108.25,1.673235320961363,0.21888242318223305,1.4748402798904776,-1.0879952616367508,,1.9256752357773044,0.2800970185579556,-1.0662350547611805,temp,All,Day
12.75_102.75,0.043073014907210244,1.1347699269850928,0.5369698813507757,-3.2378793732887132,,0.06562283236994224,-0.7886200486766047,-1.3491966686948584,temp,All,Day
12.75_103.25,-0.6406373592941893,1.1442735016732581,0.9716649680559781,-4.080536340127776,,1.0617677973836324,-0.6773790690599331,-1.7510258214177061,temp,All,Day
12.75_103.75,-0.8633383024034074,1.56796478551871,1.4646772132643748,-4.003048456038941,,1.3170512625494373,-0.562574741405537,-1.4181702464253119,temp,All,Day
12.75_104.25,-0.6961674779434134,1.4988054456951627,1.0944247794341344,-3.8057543352601155,,0.8714974140553696,-0.8679211515059325,-1.108696554609066,temp,All,Day
12.75_104.75,-0.8287884088834804,1.2107835412229997,0.7083738211134774,-3.570686644356556,,0.6223188317614846,-1.1608325829023425,-1.292439420444174,temp,All,Day
12.75_105.25,-0.7476212351688469,0.6248331305141467,0.7403629449345908,-3.895586172801947,,0.6359691207788256,-1.3418851460298142,-1.7273535746881656,temp,All,Day
12.75_105.75,-0.6631376635229692,0.5810721782780651,0.7055907362336477,-4.042080468512321,,0.8029974901125646,-1.238230613020992,-1.9116938165500457,temp,All,Day
12.75_106.25,-0.6091323395193186,1.2130364313964102,0.9885155917249773,-3.8017035290538486,,0.9310292820200792,-0.9690662306054153,-2.0170153179190753,temp,All,Day
12.75_106.75,0.003688773958016419,1.4585539245512624,1.280686111956191,-3.4782118725281412,,1.3145234256160632,-0.43940517188926076,-1.4979148387587464,temp,All,Day
12.75_107.25,0.43626832978399754,1.63796372071798,1.3931893063583813,-3.1578330544569515,,1.1283565561302098,-0.21348802859750532,-1.2229377928202008,temp,All,Day
12.75_107.75,-0.35078491025250985,1.238122680255552,1.035799285062367,-3.736858967143292,,0.9814825068451475,-0.6500322634621235,-2.402155430483724,temp,All,Day
12.75_108.25,0.3993192881046547,0.9965343017949498,1.3467442196531791,-2.935656616975966,,0.618192957103742,-0.8425656525707332,-2.0456006616975966,temp,All,Day
13.25_102.75,-0.8731651962275632,1.0967239884393063,0.5605535442652875,-4.22872409491938,,0.9858944326133253,-0.8212951779738364,-2.1154660328567085,temp,All,Day
13.25_103.25,-0.6067144812899301,1.6705604654700335,1.0791248098570125,-3.9962009887435355,,1.0115758290234256,-0.5850860130818375,-1.5250388804380897,temp,All,Day
13.25_103.75,-0.299085792515972,1.5149688165500457,1.0711982811073928,-3.572307453605111,,1.0673749619714024,-0.49339329936111953,-1.1262117432309098,temp,All,Day
13.25_104.25,-0.12445025859446303,1.3662758594463036,0.8678705506540919,-3.568159849406754,,0.8069073623364771,-0.7835849710982659,-1.2521022969272892,temp,All,Day
13.25_104.75,-0.38368816550045637,1.1310693641618497,0.7732412534225739,-3.730049665348342,,0.7062798904776392,-1.1100573395193185,-1.7067421128688773,temp,All,Day
13.25_105.25,-0.5118457560085184,0.6755029662306054,0.952929038637055,-4.134651110435048,,0.7825589443261332,-1.445963888043809,-1.9915480225129298,temp,All,Day
13.25_105.75,-0.3915526315789474,0.5226537115911165,0.8466294493459081,-4.158221402494676,,0.999164891998783,-1.2901510039549742,-1.8650478323699422,temp,All,Day
13.25_106.25,-0.42404137511408574,1.0687716763005781,0.7943875114085792,-3.9333757377547918,,0.814099558868269,-1.0413241785822938,-1.791487610282933,temp,All,Day
13.25_106.75,-0.23146136294493458,1.437851460298144,1.2728503954974142,-3.6887862564648612,,1.1163964861575906,-0.6010901886218436,-1.5018618421052632,temp,All,Day
13.25_107.25,-0.45995938545786436,1.9505420596288408,1.5455254791603286,-3.8667350851840583,,1.4168804380894433,-0.3845559628840889,-1.7546902038332826,temp,All,Day
13.25_107.75,-0.6744274414359598,1.7269736842105263,1.3127686340127775,-3.841532742622452,,1.6861759202920596,-0.4596324459993915,-2.0339923562519013,temp,All,Day
13.25_108.25,0.7638795254031031,2.229223988439306,1.8876874809857012,-2.4214821874049286,,1.2428398235473075,-0.14263414207484026,-0.6984839823547307,temp,All,Day
13.75_102.75,-0.709941892303012,0.9857582141770611,0.4427362336477031,-4.558442827806511,,0.4393477334955887,-1.166773767873441,-2.635287853665957,temp,All,Day
13.75_103.25,-0.3311365987222391,1.3916624581685428,0.8097128080316399,-4.0482320200791,,0.782693413446912,-0.8889893748098571,-2.0889695086705204,temp,All,Day
13.75_103.75,0.08895041070885305,1.4737854426528751,1.0648159415880742,-3.66396051871007,,1.0626491481594158,-0.7178409111651962,-1.7009003726802554,temp,All,Day
13.75_104.25,0.2961029814420444,1.4085840432004866,1.167592029205963,-3.531767843017949,,1.173757225433526,-0.6567652418618801,-1.6933845908122906,temp,All,Day
13.75_104.75,-0.1701302099178582,1.2196751597201096,1.0696553087922116,-3.69230549132948,,0.959736309704898,-1.1341868877395802,-2.127300897474901,temp,All,Day
13.75_105.25,-0.5108250684514756,0.8497334195314877,1.055792439914816,-4.185458632491634,,0.961900441131731,-1.5623746577426223,-2.3019508138119864,temp,All,Day
13.75_105.75,-0.45051886218436266,0.6799042439914815,0.9379654700334652,-4.190043519926985,,0.9033810465470034,-1.3513911773653786,-1.9723074612108304,temp,All,Day
13.75_106.25,-0.632899148159416,0.9632592789777912,0.6987554000608457,-4.164877631578947,,0.788564876787344,-1.1799209233343475,-1.791227989047764,temp,All,Day
13.75_106.75,-0.490250228171585,1.261408198965622,1.0171586553087921,-4.042984233343474,,0.9463742013994524,-1.0169694706419228,-1.4736913599026469,temp,All,Day
13.75_107.25,-0.284156982050502,1.6458265135381809,1.056014298752662,-3.8823301186492243,,1.3265514907210223,-0.5909970641922726,-1.5558662153939762,temp,All,Day
13.75_107.75,0.11882613325220565,1.5279599939154243,0.8969476726498327,-3.266015302707636,,1.0693297839975662,-0.5050363097048981,-1.6554815789473682,temp,All,Day
14.25_102.25,0.15364891998783084,-0.3209981594158807,0.3355977563127472,-3.4575636522665043,,0.7481756921204745,-0.7723640477639184,-1.7436679647094615,temp,All,Day
14.25_102.75,-0.2774490416793428,0.1572157058107697,0.4672112868877396,-4.229546836020687,,0.46503445390933984,-1.1391094158807422,-2.2566777532704596,temp,All,Day
14.25_103.25,-0.35796972923638576,0.7740838910860968,0.6580658655308792,-4.203872178278066,,0.6412092333434743,-1.0686668086400974,-2.4121115302707636,temp,All,Day
14.25_103.75,-0.19822193489504109,0.7994470641922726,0.8029714785518711,-3.930268055978096,,0.7280412229996958,-1.099088766352297,-2.333268611195619,temp,All,Day
14.25_104.25,0.024927289321569818,0.7129764983267417,0.9216623821113478,-3.574152304533009,,0.8884510191664131,-0.9960613401277761,-2.01182728171585,temp,All,Day
14.25_104.75,-0.4704949802251293,0.783200714937633,0.8150953757225433,-3.7181179190751448,,0.7658808944326133,-1.4044529510191663,-2.383236035898996,temp,All,Day
14.25_105.25,-0.3777731974444783,0.5647421356860359,0.9529606023729845,-3.6726226878612716,,0.9077722087009432,-1.2860650973532095,-2.0079513386066323,temp,All,Day
14.25_105.75,-1.1358535138424095,0.9195653331305141,0.6742937328871311,-4.133177418618802,,0.6137461971402495,-1.4640148083358684,-2.3202448205050197,temp,All,Day
14.25_106.25,-1.4465088226346212,0.6679463872832371,0.49044691207788255,-4.4542796927289325,,0.4440505019774871,-1.6185741253422572,-2.1748256312747185,temp,All,Day
14.25_106.75,-0.5225664739884393,1.240156647398844,0.9905103437785214,-3.580802121995741,,1.0629968816550046,-0.9224660024338303,-1.1680733571645878,temp,All,Day
14.25_107.25,-0.7360130818375419,0.8326477487070276,0.47838188317614844,-3.5432948737450563,,0.6876381198661394,-1.1413556738667479,-1.8307142911469427,temp,All,Day
14.25_107.75,-0.4966784301794949,0.2733098570124734,-0.009319288104654683,-3.3678936340127774,,0.19734552783693338,-1.2422684666869486,-2.4721181609370246,temp,All,Day
14.25_108.25,0.7819726194097962,0.1970056282324308,0.4342091040462428,-1.9447157438393672,,0.30675032704593863,-0.4911307042896258,-1.3743580468512322,temp,All,Day
14.75_101.75,0.13451034377852145,0.4940924475205355,0.5195895421356861,-3.4888667706115,,0.21328062062671133,-0.9538061378156373,-2.0308615606936415,temp,All,Day
14.75_102.25,-0.7467337998174628,0.4664605263157895,0.5301792820200791,-4.524389739884393,,0.17613015667782173,-1.274421919683602,-2.735601871006997,temp,All,Day
14.75_102.75,-0.4654802251292972,0.5319876026772132,0.5590791222999696,-4.412770953757225,,0.37195446455734715,-1.256560762093094,-2.503790637359294,temp,All,Day
14.75_103.25,-0.22506693033160935,0.6165766656525707,0.7044037115911165,-4.1249051642835415,,0.5127842257377547,-1.1850484940675388,-2.4132721706723457,temp,All,Day
14.75_103.75,-0.0957754791603286,0.6760841953148768,0.9617223151810161,-3.7462691055673867,,0.7795651049589291,-1.0833988819592333,-2.3175301110435047,temp,All,Day
14.75_104.25,-0.288749771828415,0.5474740721022209,0.8547016276239733,-3.63056813964101,,0.7024286583510799,-1.17867088530575,-2.2568390325524796,temp,All,Day
14.75_104.75,-0.4536216915120171,0.6481931928810466,0.6595229692728932,-3.532534172497718,,0.5084604502585944,-1.2092548068147246,-2.2015940447216304,temp,All,Day
14.75_105.25,-0.7430030422878005,0.5020102677213265,0.38587572254335256,-3.69429421204746,,0.21732598113781565,-1.173760807727411,-2.3069918999087315,temp,All,Day
14.75_105.75,-1.2979691207788258,0.5631294341344691,0.19532468816550047,-4.400257103742014,,0.19712777608761792,-1.7328903483419533,-2.6435713036203223,temp,All,Day
14.75_106.25,-1.5128002738059019,-0.4075411393367812,-0.12979700334651656,-4.901200403103133,,-0.056389412838454486,-2.5599541527228475,-2.610063576209309,temp,All,Day
14.75_106.75,-1.3304262245208396,-0.35679411317310616,-0.1811477030727107,-4.611695117128081,,-0.2198320657134165,-2.1295579403711593,-2.8038599026467903,temp,All,Day
14.75_107.25,-1.526693033160937,-0.24041597961667172,0.010072855187100696,-4.589435260115607,,0.5324672193489504,-1.9095386066321876,-3.498352611804077,temp,All,Day
14.75_107.75,0.39392850623669,-0.6542671585031944,-0.3377907514450867,-3.029670444174019,,-0.3031495360511104,-1.4689858989960451,-2.332542533465166,temp,All,Day
14.75_108.25,1.6031498326741709,0.027956191055673856,0.5043916261028294,-1.593464648615759,,0.0754728551871007,-0.6720764298752662,-0.8992806540918771,temp,All,Day
15.25_101.75,-0.058228780042592035,0.859371661089139,0.6783477030727108,-4.377732141770611,,0.4718860435047156,-1.0054781335564345,-2.5506882111347737,temp,All,Day
15.25_102.25,-0.49363842409491937,0.9372725129297231,0.7951518329783998,-4.818248874353514,,0.6487024490416794,-1.0877881959233344,-2.666961598722239,temp,All,Day
15.25_102.75,-0.17157240644965008,0.9664660784910252,0.7655271067843018,-4.505182537268025,,0.5652266580468512,-1.0749659491937937,-2.0731122528141164,temp,All,Day
15.25_103.25,-0.13822254335260112,0.8595495132339519,0.804906753878917,-4.298192097657438,,0.6532476118040768,-1.0751211667173715,-1.9020469425007605,temp,All,Day
15.25_103.75,-0.09748935199269851,0.927243611195619,0.889229008214177,-4.055244341344691,,0.7549940523273502,-0.9586152722847582,-2.0643032248250686,temp,All,Day
15.25_104.25,-0.32389047763918466,0.8874411317310616,0.7341915880742318,-4.035455476118041,,0.6185614313964101,-1.0878325524794645,-2.2863507529662304,temp,All,Day
15.25_104.75,-0.6197391238211135,0.8072366899908732,0.524821113477335,-3.9780998707027684,,0.4501264831153027,-1.2346852677213265,-2.4462003194402193,temp,All,Day
15.25_105.25,-1.030521904472163,0.8395593246121082,0.3134343626407058,-4.178467455126255,,0.18899703376939458,-1.446225076057195,-2.678385792515972,temp,All,Day
15.25_105.75,-1.668750532400365,-0.10078865987222395,-0.131278597505324,-4.999533328262854,,0.04290599330696685,-1.9588029053848495,-3.0113373136598724,temp,All,Day
15.25_106.25,1.192157286279282,1.0597353437785215,1.4590621083054456,-2.0906731289930027,,1.8603050121691513,-0.09986381198661394,0.10021969881350777,temp,All,Day
15.25_106.75,-1.4944386979008215,-0.8915813355643444,-1.048072269546699,-4.796878856099787,,-0.9121153939762701,-2.056963766352297,-3.2775556175844236,temp,All,Day
15.25_107.25,-0.033971858837846036,0.4860937937328871,0.9456813659872224,-2.966570261636751,,1.0913741709765743,-1.0236759431092182,-1.9528016035138425,temp,All,Day
15.75_101.75,-0.3076524186188013,0.5127026620018255,0.7643094767264983,-4.735977023121388,,0.6314937480985702,-1.1917540766656525,-2.595886355339215,temp,All,Day
15.75_102.25,-0.528614085792516,0.9324190751445086,0.7531258746577426,-4.844867584423486,,0.6672133860663219,-1.0229406069364162,-2.354115181016124,temp,All,Day
15.75_102.75,-0.13511591116519625,1.1831579099482812,0.8295486842105263,-4.467458198965622,,0.6670008138119865,-1.0279495360511104,-1.7707737906905994,temp,All,Day
15.75_103.25,-0.10866230605415272,1.0965432917554,0.8529559400669303,-4.310185115606936,,0.6895401201703681,-1.111819158807423,-1.7454464937633098,temp,All,Day
15.75_103.75,-0.1608869790082142,1.1327897094615151,0.8759513994523882,-4.233785244904168,,0.7456356023729844,-1.069520200790995,-2.0831946455734713,temp,All,Day
15.75_104.25,-0.388228475813812,1.0830560009126864,0.7756690751445087,-4.193595984180104,,0.6526158351080013,-1.083285731670216,-2.376979647094615,temp,All,Day
15.75_104.75,-0.6546979008214178,0.8715270687557043,0.572057575296623,-4.17876555369638,,0.49741610891390325,-1.1482604806814725,-2.421262633100091,temp,All,Day
15.75_105.25,-1.0758068147246729,0.7189189230301186,0.26638135077578345,-4.409109050806206,,0.22467804989351997,-1.3699254563431702,-2.4613533313051414,temp,All,Day
15.75_105.75,-1.3704055369637969,0.8415132947976879,0.4729434134469121,-4.9155721326437485,,0.3559095679951324,-1.670645946151506,-2.5876669455430483,temp,All,Day
15.75_106.25,-2.231661849710983,0.284443200486766,0.22767721326437476,-5.506191215393977,,-0.08230177973836324,-2.4115892531183447,-3.529421836020688,temp,All,Day
15.75_106.75,-0.9103818071189536,-0.5070552783693337,-0.8501616139336782,-4.620269622756313,,-0.41068627167630056,-1.942647147855187,-3.2923415835108,temp,All,Day
16.25_101.75,0.656614085792516,0.39025190142987526,2.0386761484636446,-4.39799740644965,,1.9081312442957103,-1.090689861575905,-1.8393524490416793,temp,All,Day
16.25_102.25,-0.36546273197444473,0.9050537420139946,0.5289162914511712,-4.920599870702768,,0.45929171737146335,-1.1418213112260418,-2.125586264070581,temp,All,Day
16.25_102.75,-0.15517964709461515,1.149089450867052,0.6452948889564952,-4.589693481898387,,0.48267570733191356,-1.0720248630970488,-1.6992349254639487,temp,All,Day
16.25_103.25,-0.12983617280194704,1.1184020079099481,0.7478482963188318,-4.385213454517798,,0.587789116215394,-1.074720809248555,-1.7955875266200183,temp,All,Day
16.25_103.75,-0.11176787344082748,1.1473568679647095,0.7365660176452693,-4.301100540006084,,0.5638122756312748,-1.0526811378156373,-2.3756361804076667,temp,All,Day
16.25_104.25,-0.1305743839367204,0.9191704669911774,0.6356202464253119,-4.079120139945239,,0.5647501521143901,-1.049665104958929,-2.3627251140857926,temp,All,Day
16.25_104.75,-0.5514090355947673,0.8182578186796472,0.472671204745969,-4.196442957103742,,0.4570830848798296,-1.0906061073927593,-2.1114367128080316,temp,All,Day
16.25_105.25,-1.2619733799817463,0.6489336629145117,0.4027187404928506,-4.7102041983571645,,0.2528420139945239,-1.425899954365683,-2.2084686416184973,temp,All,Day
16.25_105.75,-1.4572636142379067,0.9946231289930026,0.5732481746273197,-4.904227912990569,,0.6024507453605111,-1.3891639717067237,-2.4441722010952236,temp,All,Day
16.25_106.25,-1.0514015819896563,1.0195553087922118,0.41821018405841187,-4.328583571645878,,0.8603959537572253,-1.2415186872528143,-2.3539153179190753,temp,All,Day
16.25_106.75,0.6135632795862489,0.5874483495588683,0.22169679799209008,-2.9150667934286583,,0.010228688773958005,-0.7718320657134166,-1.2134837161545482,temp,All,Day
16.25_107.25,0.7463428658351079,0.09526824612108303,0.4503344995436568,-2.8915897474901127,,0.14081577426224523,-0.9685225281411621,-0.9460247946455734,temp,All,Day
16.75_101.75,0.4486362944934591,0.8480694782476422,1.7482213568603588,-4.775226437480986,,1.5538066397931245,-0.8897856023729844,-1.5210710161241254,temp,All,Day
16.75_102.25,-0.9153732887131122,0.8266115759050807,0.16071410100395495,-5.285170383328262,,0.14944233343474292,-1.3888630970489808,-2.0928372155460906,temp,All,Day
16.75_102.75,-0.3832433830240341,0.9520422649832674,0.4780437328871311,-4.674606875570429,,0.256849619714025,-1.2742452160024338,-1.6606837617888652,temp,All,Day
16.75_103.25,-0.2396121083054457,0.8967664968055978,0.6214619637967752,-4.35193048372376,,0.4388216839062975,-0.9641409491937938,-1.70053978551871,temp,All,Day
16.75_103.75,0.03418846972923639,0.7496407058107697,0.6169095984180104,-4.040960533921509,,0.48796394128384546,-0.9957266352296927,-2.125903780042592,temp,All,Day
16.75_104.25,0.08070763614237907,0.8535721554609066,0.7879283465165804,-3.757775509583207,,0.7261484332217828,-1.0361410328567082,-1.8948412838454518,temp,All,Day
16.75_104.75,-1.003122299969577,1.0207921965317919,0.6851620854882872,-4.383526080012169,,0.4592471250380286,-1.3793319135990263,-2.0768886066321874,temp,All,Day
16.75_105.25,-1.451936111956191,0.8788945390933983,0.6674631122604199,-4.832016808640097,,0.5432085336172802,-1.4724029053848493,-2.2912110739275935,temp,All,Day
16.75_105.75,-1.397907058107697,1.1838704289625799,0.8700693641618498,-4.707771676300578,,0.8599587009431091,-1.3127769698813507,-2.4397005095832065,temp,All,Day
16.75_106.25,-0.002003954974140562,1.270705536963797,0.8689663675083663,-3.6404566626102826,,0.6375741557651354,-0.896242926680864,-1.7425663979312442,temp,All,Day
17.25_101.75,-0.10304320048676606,0.8405555902038333,0.12780059324612106,-5.570376049589291,,0.017863697900821415,-1.2352672269546698,-1.6992135868573166,temp,All,Day
17.25_102.25,-0.7117701551566777,1.207521706723456,0.6929971098265896,-5.212559484332218,,0.564893261332522,-1.2012440447216308,-1.438320304989352,temp,All,Day
17.25_102.75,-0.4200328567082446,1.0998258898691817,0.6987781183449955,-4.575913028597506,,0.5166081381198662,-1.3310358305445695,-1.2032515150593246,temp,All,Day
17.25_103.25,-0.4770473075752966,0.7909371767569212,0.5810704974140555,-4.321009720109522,,0.4409012093094007,-1.0291988819592333,-1.3141570839671433,temp,All,Day
17.25_103.75,-0.3848579251597201,0.7221258898691817,0.6673958624885914,-4.075281502890173,,0.4603878688773958,-1.0377364466078491,-1.5757718322178276,temp,All,Day
17.25_104.25,-1.0295620626711288,0.9117689990873137,0.7676667782172193,-4.291336484636447,,0.5957422801947064,-1.1864255247946456,-1.9602225943109217,temp,All,Day
17.25_104.75,-1.7482193489504108,1.2562716915120171,0.7798190295101917,-4.715264998478856,,0.66515365835108,-1.3809299741405536,-2.423760747642227,temp,All,Day
17.25_105.25,-1.4593541222999695,1.0860226270155156,0.7725769318527533,-5.018481966839063,,0.8329799817462732,-1.286769759659264,-2.6773923410404623,temp,All,Day
17.25_105.75,-0.5119210526315789,0.8619524110130818,0.6576102981442045,-4.3698654472163065,,0.806670717979921,-1.0544228551871007,-2.2997108305445697,temp,All,Day
17.25_106.25,1.166155917249772,1.5720908046851232,1.4081475053240038,-2.4824919455430483,,0.8795484712503803,-0.20062291603285673,-0.7657945314876787,temp,All,Day
17.75_101.25,-0.015509431092181319,1.2718408351080013,0.5516030346820809,-5.136720908122908,,0.3607725205354427,-0.9755957864313964,-1.2824303889336781,temp,All,Day
17.75_101.75,-0.485229084271372,1.423341603285671,0.6623119181624582,-5.573934796166718,,0.6535345071493764,-0.7989161165196228,-1.288511569820505,temp,All,Day
17.75_102.25,-0.6293851536355339,1.875639663827198,0.9565741405536964,-5.021703491025251,,0.7676782324307879,-0.8220508777000305,-0.9281494470641922,temp,All,Day
17.75_102.75,-0.7144023425616063,1.744622178278065,0.9117503422573775,-4.791978369333739,,0.6878532248250685,-1.0332201475509584,-1.0403393968664436,temp,All,Day
17.75_103.25,-0.8342249771828415,1.2818673258290234,0.752478612716763,-4.466702228475814,,0.6002057651353818,-0.7872156753878917,-0.9309525098874354,temp,All,Day
17.75_103.75,-1.0349978703985396,1.3390745892911469,0.7233445999391542,-4.478022117432309,,0.5823637739580164,-0.6697434134469121,-1.3981523106175844,temp,All,Day
17.75_104.25,-1.469091268634013,1.3609639564952845,0.9455272436872528,-4.906997834651658,,0.9255523501673258,-1.0238887511408579,-2.1824002989047764,temp,All,Day
17.75_104.75,-0.9971998783084881,0.8896371767569212,0.7700888271980529,-4.529717366899909,,0.868003597505324,-1.2172427821721934,-2.2055000623669,temp,All,Day
17.75_105.25,0.417621387283237,0.71176722695467,0.9051804761180409,-3.5947988856099786,,0.8763613477334955,-0.8994585792515972,-1.4790687526620019,temp,All,Day
18.25_101.25,-0.0643087922117432,1.700139268329784,0.47032948737450564,-4.9609971600243385,,0.6486733799817463,-1.075753749619714,-0.9052055841192577,temp,All,Day
18.25_101.75,-0.7191484636446608,1.686761842105263,0.5571706114998478,-5.533584355643444,,0.7073924094919378,-0.9043936910556739,-1.2644658198965621,temp,All,Day
18.25_102.25,-1.0505950714937633,2.202560047155461,1.141295930940067,-5.535100644965014,,0.9352194934590813,-0.7057788865226651,-1.491768250684515,temp,All,Day
18.25_102.75,-0.7688437785214481,1.6629474140553697,0.9677921128688773,-4.962474636446608,,1.077152395801643,-0.6197551414663828,-1.1141165956799515,temp,All,Day
18.25_103.25,-1.3538443869790082,1.7273876331000912,0.5999149756616976,-5.202716641314269,,0.2246779053848494,-1.138945991785823,-1.5422233168542745,temp,All,Day
18.25_103.75,-1.8340424399148159,1.7652325981137815,0.7503790918770916,-5.510830886826894,,0.5449565789473685,-1.1108708320657135,-2.270771950867052,temp,All,Day
18.25_104.25,-1.0505036507453607,1.255397284758138,0.7960388652266503,-4.937140661697597,,0.8655881198661394,-0.9473481137815637,-2.0010848539701858,temp,All,Day
18.25_104.75,0.190042789777913,0.3205491253422574,0.13407873440827503,-3.790233035442653,,0.20370090508062064,-1.0912280042592029,-1.1475389447064193,temp,All,Day
18.25_105.25,1.3106813811986615,0.6436692044417401,0.8298613249163371,-2.204287026924247,,-0.008653240036507436,-0.43114957407970794,-0.1574056480073015,temp,All,Day
18.75_101.25,0.5289523577730454,0.8379576133252207,0.2162357392759355,-3.9266070383328264,,0.509667668086401,-0.916745915728628,0.19765027608761787,temp,All,Day
18.75_101.75,-1.2335453605111044,1.1872557879525403,0.2641395345299665,-5.440387592485549,,0.2719350699726194,-0.9659848037724369,-1.3294948235473074,temp,All,Day
18.75_102.25,-2.0384328871311226,1.5383582065713415,0.5884219805293581,-6.078303632187405,,0.2888622071797992,-1.4948114998478854,-2.2045116595679954,temp,All,Day
18.75_102.75,-1.2990767417097657,0.7437796090660176,0.09407106784301796,-5.085140546851232,,0.2068998554913295,-1.2617343778521448,-1.288624634164892,temp,All,Day
18.75_103.25,0.32327248250684515,0.28737648311530267,0.4619728095527837,-3.497147387359294,,1.289167576817767,0.10593801338606629,0.0932023349558868,temp,All,Day
18.75_103.75,-2.2126528293276544,1.040357331913599,0.31849140553696376,-6.028131689230301,,-0.2751889564952844,-1.7071405004563431,-2.7609155864009733,temp,All,Day
18.75_104.25,-0.6147440371159112,0.6175837465774262,-0.053071341648919974,-4.509637821341649,,0.25278219501064797,-1.0913452616367507,-1.473912710602373,temp,All,Day
18.75_104.75,1.2549118801338606,0.9518931928810466,0.7344026391846669,-2.66103670254031,,0.28213398235473075,-0.18445151505932467,0.1720578319896562,temp,All,Day
19.25_101.25,1.349135184058412,0.9474383176148463,1.3966716991177366,-3.3196351194554303,,1.4548555521752358,-0.8360886203224825,0.8568133201247338,temp,All,Day
19.25_101.75,-1.1217255704289626,0.7524099939154245,0.3508913827198053,-5.69805013340432,,0.3447478247642227,-1.3390127167630057,-1.4675167561606328,temp,All,Day
19.25_102.25,0.2679737450562823,1.0523351384240949,0.7470635609978704,-4.242690230453301,,0.7182084955886827,-0.8038470717979921,-0.12489551186492244,temp,All,Day
19.25_102.75,0.7923507301490721,0.14665159720109522,0.5037963188317615,-3.464692951323395,,0.806085412229997,-0.7917421737146334,0.2249472665044113,temp,All,Day
19.25_103.25,0.9260905993306967,-0.33264714557347125,0.004217957864313996,-3.432565863857621,,0.21338800578034683,-1.1295009027989047,-0.31912324231822325,temp,All,Day
19.25_99.75,0.45158913903255243,1.9792422497718283,1.7686801490721022,-3.9070782324307882,,1.4669166184971099,-0.5499476726498327,-0.5120427061149985,temp,All,Day
19.75_100.25,-0.3449472163066626,2.2725963644660783,1.3101736537876483,-4.624103401277761,,1.4778170216002435,-0.614356282324308,-0.30887303772436875,temp,All,Day
19.75_100.75,0.14843154852449042,1.6364481061758442,1.102964283541223,-4.859590744599939,,1.1666735549132947,-0.9187303620322482,-0.23243403711591115,temp,All,Day
19.75_101.25,-0.20184879829631883,0.5081369714024947,0.5820691435959842,-5.172185509963493,,0.6218588986918162,-1.6034012579860055,-0.6099925114085792,temp,All,Day
19.75_101.75,-1.1974600547611804,1.0641950030422878,0.547764283541223,-5.912226697520536,,0.6200265667782172,-1.5196510495892912,-1.2972103863705506,temp,All,Day
19.75_102.25,-1.103086218436264,0.6682355034986309,-0.32011557651353817,-5.450921631426834,,-0.3157395345299665,-1.4538176931852753,-0.9264945794037116,temp,All,Day
19.75_102.75,-0.6271448128993004,0.8455619105567387,0.5032649072102221,-4.61394673436264,,0.630814602981442,-1.3680653643139642,-0.5118044027836933,temp,All,Day
19.75_103.25,-0.32031296014602983,0.8893288766352296,0.8975224330696684,-4.035870586864922,,1.0716107392759355,-1.1595406317310617,-0.7059780301947065,temp,All,Day
19.75_99.25,-0.015113492546394871,1.280913477334956,0.9516560085184058,-3.9612705582598116,,1.0354687709157286,-1.1578269272893216,-0.4620970185579556,temp,All,Day
19.75_99.75,-0.30991846668694856,2.2610648996045026,1.5278008898691815,-4.386892256616976,,1.418870794037116,-0.675239268329784,-0.6077374961971402,temp,All,Day
20.25_100.25,-1.6056703681168238,1.983967820200791,1.0457096668694859,-5.846695559780955,,1.2693048448433222,-1.0960842257377548,-0.9350170139945239,temp,All,Day
20.25_100.75,-0.9294595375722543,1.3905016124125342,1.1566962123516884,-5.728651711591116,,0.8910715089747491,-1.5521286203224824,-0.5808177669607545,temp,All,Day
20.25_101.25,-0.4365704137511409,1.2129205050197749,0.8357029358077275,-5.327044420307271,,1.0682671585031944,-1.4542986210830544,-0.5075241732582902,temp,All,Day
20.25_101.75,-0.14228212655917252,1.3385872604198357,1.4371656297535746,-4.665812785488288,,1.458543945847277,-0.9651233929114694,-0.03883053711591118,temp,All,Day
20.25_102.25,-1.4976221934895042,1.5994071265591725,0.7222837009431092,-5.531945950714937,,0.596471874049285,-1.5924072326589596,-0.8935321443565561,temp,All,Day
20.25_102.75,-0.9247263005780347,2.001551939458473,1.1062077806510495,-4.699225825038028,,0.957496052631579,-0.7637691139336781,-0.27099341458777004,temp,All,Day
20.25_103.25,0.14873416489199878,2.2632189382415575,1.7887691055673867,-3.453371150555218,,1.0741684332217827,-0.7030897239123821,0.2910256192576818,temp,All,Day
20.25_99.25,0.37795649528445385,1.232706419227259,0.5322648843930635,-3.571978164739884,,0.7571353285670824,-1.0168081145421357,0.21267832369942194,temp,All,Day
20.25_99.75,-0.7257973379981747,2.1192566550045635,1.2214266428354121,-4.731624537115911,,0.8716272208700944,-0.8925319744447826,-0.5079344310921813,temp,All,Day
20.75_100.25,-0.6667517188926073,1.770249513233952,1.1884474749011258,-5.086813203909339,,1.5277346288408884,-0.770510640401582,-0.3899150479160328,temp,All,Day
20.75_100.75,-0.5176300730149072,1.53929253118345,1.1138608609674476,-5.3075069806358375,,0.9285172497718284,-1.5528557871919684,-0.0533813850015211,temp,All,Day
20.75_101.25,-0.07184324612108303,1.0062195010648007,1.1221878840888349,-4.899232650091268,,1.1969387435351384,-1.503864022969273,0.1551821364466079,temp,All,Day
20.75_101.75,-0.5949903559476726,1.0031493915424399,1.2228153255247947,-5.142792312944935,,0.96866036659568,-1.6586806042744144,-0.3936211134773349,temp,All,Day
20.75_102.25,-0.5296050349863097,2.0764192424703376,1.0854438317614847,-4.68674075813812,,1.5582269242470337,-0.902206680940067,0.11780800608457556,temp,All,Day
20.75_102.75,-1.1191955886826894,2.1035656297535748,1.060680856404016,-4.869124294006693,,1.1717618421052631,-1.0169510480681474,-0.16432131350775783,temp,All,Day
20.75_103.25,0.6592087313659872,2.368029707940371,1.7235533335868574,-2.8506693698281107,,1.8923235625190142,0.032558744583967146,1.4823103262777608,temp,All,Day
20.75_99.75,0.1240446303620323,1.2973245588682691,0.6256037420139945,-3.995504538408883,,-0.14899545938545786,-1.3104515690599332,0.015552858989960446,temp,All,Day
21.25_100.25,-0.3746894736842105,1.0282551110435048,1.7337920976574384,-4.498476401734104,,1.5496053011864923,-1.2215476270155157,-0.4747354171737146,temp,All,Day
21.25_100.75,-0.4449934895041071,1.3825121235168847,0.8356415728627928,-4.898174785214481,,0.9605135229692728,-1.0287786674779433,0.12400907970794035,temp,All,Day
21.25_101.25,-0.4102289321569821,1.005732347125038,0.947364694250076,-4.881210587617889,,0.9805225509583206,-1.443210988287192,0.30552553924551257,temp,All,Day
21.25_101.75,0.08474272893215698,0.9485177745664739,1.2750898387587466,-4.2670938837846055,,1.4018805749923944,-1.1141138273958016,0.6318042995132339,temp,All,Day
21.25_102.25,-0.1317832826285367,2.1004893672041374,0.739735701247338,-4.226422418618801,,0.9108389412838455,-0.7652877987526621,0.567675868573167,temp,All,Day
21.25_102.75,-0.6397010952236082,2.1385057575296624,0.8718490797079405,-4.37677741868345,,0.6098585031944022,-0.6796208548828719,0.31822055871615457,temp,All,Day
21.25_99.75,0.41141785822938853,0.30341755019774874,-0.7674739245512626,-3.2546879725433526,,-1.0549000380285976,-1.6514183424094917,-0.014657942652874945,temp,All,Day
21.75_100.25,0.7297981442044418,0.5887533944326133,1.146226659567995,-3.378839030042592,,1.4990188097048982,-0.6360869196075448,0.8638158602068755,temp,All,Day
21.75_100.75,-0.7001614237906907,0.9143718436264071,0.8087518557955583,-5.084640115713417,,0.8029670216002435,-1.0779057240644965,0.04648280346820808,temp,All,Day
21.75_101.25,-0.5096480681472467,2.0323825676909038,1.944364253118345,-4.8409945576817766,,2.0092549056890783,-0.6185278321874049,0.3745995984180104,temp,All,Day
21.75_101.75,0.42709075144508674,1.4698800186644356,1.789550775783389,-3.5762539866747796,,1.7864551794949801,-0.5539612878004259,1.3378598402798905,temp,All,Day
21.75_102.25,-0.3376664131426833,2.0358990721022208,1.1592975813811988,-3.9869418888043806,,1.056042637663523,-0.7080761019166414,0.5646649339062976,temp,All,Day
21.75_99.25,0.370042804989352,0.23093742774566473,-1.3793309096440525,-2.6876027075220565,,-1.066643276543961,-1.4159716656525707,0.6871929715546091,temp,All,Day
21.75_99.75,-0.1856407970794037,0.5816065074536051,-0.30461892303011867,-3.5583552263462126,,-0.9998969265287496,-1.5744179000608458,-0.23862957970794038,temp,All,Day
22.25_100.25,1.1408896105871615,1.1286237022360817,0.8964339770307271,-3.277474852464253,,1.0915191877091572,-0.6286759024186188,1.3720157613325221,temp,All,Day
22.25_100.75,-0.33809002129601456,1.5501966382719807,1.952320307271068,-4.937567408001217,,1.632295231213873,-0.7431118618801339,0.18465849787039856,temp,All,Day
22.25_101.25,0.30358553392150894,1.9929123532096136,2.432304647094615,-4.09669405538485,,2.537399969577122,-0.15698429183145726,0.9327353703985396,temp,All,Day
22.25_101.75,0.30803253726802554,1.9013283830240342,1.7869013842409494,-3.6802090045406146,,1.7840658579251598,-0.34127314898843936,1.023635435275327,temp,All,Day
22.25_102.25,-0.18501331000912685,1.9626420824459994,1.4827414739884395,-3.970886785556739,,1.6901958624885913,-0.3379814223456039,0.45833601992698514,temp,All,Day
22.25_99.75,0.1846617888652267,0.7605353916945544,-0.06250286583510799,-3.451712663452084,,0.2191598341953149,-1.2466722748707029,0.44454136826893825,temp,All,Day
22.75_100.25,-0.6156777760876179,-0.4259264732278673,0.012831692120474613,-4.749816626011561,,0.6841332112108305,-1.6658203787039854,-0.1798371653483419,temp,All,Day
22.75_100.75,-0.7151973227867356,0.8040786355339216,1.3220711362944935,-4.897730425540006,,1.4838213644660785,-1.384701005476118,-0.03287950167325828,temp,All,Day
22.75_101.25,0.768813964101004,1.2558860336172801,0.9384980392455127,-3.440371091458777,,0.9825727525098875,-0.47501789944478245,1.4249456282324309,temp,All,Day
22.75_99.75,0.799156677821722,0.2391663043808944,0.8553082544873746,-3.1872891022132643,,0.4669675235777304,-1.2322371737146334,1.0719505590203833,temp,All,Day
23.25_100.25,-1.3913797992090051,-0.7974072026163675,-0.9795534241709766,-5.328005650030423,,-0.8096790266200182,-2.2095347030574994,-1.0246878463644662,temp,All,Day
23.25_100.75,-1.8696594615150592,-0.7776235260115607,-1.0585891017645268,-5.937495371387283,,-1.6290102601156071,-2.5671603864313965,-1.1463821947824764,temp,All,Day
23.25_99.25,-0.015878582293884988,0.6464263145725586,0.16292102220870094,-3.935591964564953,,0.3767658815028902,-1.3851999908731365,0.44741181168238514,temp,All,Day
23.25_99.75,0.27658708548828725,-0.263841420010648,-0.19379539785518707,-3.6678496970124734,,0.2004059027989048,-1.3971076331076968,0.5056995216002435,temp,All,Day
23.75_100.25,-1.8550677973836327,-2.4440825849558867,-2.0542328785138424,-5.463033952730453,,-1.8765991405460907,-3.515683855790995,-2.067095075296623,temp,All,Day
23.75_100.75,-1.4389527989047763,-0.9482880581837542,-1.0100946662610284,-5.333241809140022,,-1.0980907206419228,-2.6395014638370853,-1.281522910328567,temp,All,Day
24.25_100.25,-1.7842192424703378,-2.290417668664436,-0.8021376436720414,-4.358729192555522,,-0.9657653017341041,-3.634092623894889,-2.0970989907210225,temp,All,Day
24.25_100.75,-1.8050518710069974,-1.7865449729768788,0.17813105825981138,-4.593982504533009,,-0.24510577478703985,-3.019834050018254,-2.0126293172345604,temp,All,Day
24.25_99.75,-0.8990334651658047,-1.142472370550654,-1.5634240277608762,-3.5012291818147245,,-1.9155660330088227,-2.6408979129981742,-0.9441263020991786,temp,All,Day
24.75_100.25,-1.6678219957407971,-1.9762335893291754,-0.39877712055065406,-3.871565616344691,,-0.10987497383632494,-3.088847784940675,-1.8839320973988438,temp,All,Day
24.75_99.75,-1.185385199269851,-0.7073809915576513,-0.5832328604046243,-3.173163049186188,,-0.5991620317919075,-2.2647411760336174,-0.833310611499848,temp,All,Day
25.25_99.75,-1.2918232735016733,-1.3408459101460297,-0.004327030886826874,-3.719294959882872,,-0.4640181791793428,-2.7606489592637664,-1.620981954313964,temp,All,Day
25.75_100.25,0.2801206571341649,-0.14820896104350473,1.4398488901049589,-1.3401341055597809,,1.7551819556890782,-0.8232691617508366,-0.36403038990721026,temp,All,Day
25.75_99.25,-0.29883948889564954,-0.6048691378384545,-0.675084120247186,-2.5967505336324916,,-1.0985956773653789,-1.7396760873159414,-1.1596203488515364,temp,All,Day
25.75_99.75,-0.46692348646181925,-0.8400296203529054,-0.37134841545482206,-2.1252306769090357,,-0.4179333163370855,-1.5756682256312748,-0.8677351384849407,temp,All,Day
26.25_99.25,-0.15714686127167632,-1.3763596969120777,-2.0347809870778826,-1.7714634265698206,,-2.5928024690447216,-1.8805724037587466,-1.1580085580673867,temp,All,Day
26.25_99.75,-0.15820188926072404,-0.9797726597505324,-1.1986968434286582,-0.8853084951323396,,-1.0433655264831154,-1.165311438393672,-0.6373649777760876,temp,All,Day
26.75_99.25,0.4339775305749924,-1.5615334104806815,-3.668679823501673,-0.5986790729160328,,-3.987473251490721,-1.5129939589793124,-0.8174010786811683,temp,All,Day
27.25_99.25,-0.33342627520535445,-1.6588779106632188,-3.105575578780043,-1.0500678406229085,,-3.62924614662306,-1.8487924597201095,-1.4885866400927896,temp,All,Day
27.75_98.75,-1.6268714441481593,-2.70515295364314,-4.871912373744295,-2.299739250714177,,-5.385903854898083,-2.6208350184793123,-1.8094805144858532,temp,All,Day
28.25_98.75,-0.11746483128840889,-4.307517104179342,-4.0444487436416185,-2.2231598752905386,,-4.834875453182994,-4.151061269379373,-1.7553561438611955,temp,All,Day
28.75_98.75,-0.13106884800730148,-2.4819489167173714,-1.852631620991786,-2.5521434011081534,,-1.8454213548775478,-3.8751487251977483,-1.831822172001065,temp,All,Day
29.25_98.25,-0.26320689896562216,-2.7390174203985396,0.2737750463964101,-3.7211845985176453,,-1.3070180091116521,-4.099533429008214,-1.2231069339595375,temp,All,Day
29.75_98.25,-1.526900893109218,-3.2602921407970795,-1.091507679639489,-4.608923585435047,,-0.9077877425007607,-6.566713580766656,-1.8499113793276545,temp,All,Day
30.25_97.75,-1.2137896346105872,-2.9201004546311227,-3.2506666463720717,-3.1398790421965317,,-3.81408047997414,-6.522482089410557,-1.4009126120702768,temp,All,Day
30.25_98.25,-1.6550991785822937,-2.8861588471098267,-2.8757018698676604,-4.862757039949042,,-3.1074959029974902,-6.402648311081533,-1.488177797482507,temp,All,Day
30.75_97.25,-2.7253682001977486,-2.940744764937633,-7.650080923905537,-3.669892982762397,,-7.899213974262245,-6.381503246577426,-3.888407224947977,temp,All,Day
30.75_97.75,-3.016874072482507,-3.3570948182187403,-5.10506768583815,-4.4705698386598725,,-5.248552741747794,-6.832518863540462,-3.6499474240622147,temp,All,Day
31.25_96.25,-1.9330649935351385,-2.486068791142379,-7.166917549990873,-2.512840980133861,,-7.655799090835108,-4.899091205994829,-3.1587603927517494,temp,All,Day
31.25_96.75,-2.50242622452084,-2.299316348828719,-8.077741153970186,-3.0885206647398844,,-8.357386544356556,-5.442673733419531,-3.095848848372376,temp,All,Day
31.25_97.25,-3.700245120474597,-2.658687909598418,-9.422195189549742,-4.182073205050198,,-9.739443730924854,-6.863799026498326,-4.3255559751901425,temp,All,Day
31.75_95.75,-0.5625597328567082,-1.5986324809796166,-4.432121362593246,-1.5276365283936721,,-5.711623828314923,-5.407471851723456,-2.717772916095528,temp,All,Day
31.75_96.25,-2.1031199969577123,-1.9876857930483725,-6.065642325068452,-3.0970535676909035,,-6.690814497033769,-5.422337259050805,-3.0196574673410406,temp,All,Day
31.75_96.75,-2.430971858837846,-1.7180592073927592,-6.6839864728475815,-3.9141031286887737,,-6.803190258700943,-5.758755230240341,-2.827492600349863,temp,All,Day
31.75_97.25,-2.281170854882872,-1.7317225071493765,-6.355291612169151,-3.345421412534226,,-6.7825818566930325,-5.737372579920901,-2.441399146501369,temp,All,Day
31.75_97.75,-2.0240667911469425,-3.100400278001217,-6.947536045888349,-3.402628367250532,,-6.863495483061302,-6.520754469796577,-3.0267200778080317,temp,All,Day
32.25_94.75,-1.2923588502479464,-2.234934507423182,-2.590304973939002,-2.6409266321417704,,-3.8587977689184667,-5.681132413203529,-3.2110194094637965,temp,All,Day
32.25_95.25,-1.9903997126711288,-2.4373115236111955,-2.059490973106176,-2.855853081483115,,-1.7392207408503193,-5.28073851496045,-3.6758175419850927,temp,All,Day
32.25_95.75,-2.482351939914816,-2.02872189555826,-3.1015394831761487,-3.611095532400365,,-3.149840480392455,-5.274664016443565,-3.8270553545786434,temp,All,Day
32.25_96.25,-2.705466958046851,-1.268071874429571,-5.331377896151506,-3.68465975190143,,-5.11050925708853,-5.225930512595071,-3.085217327502282,temp,All,Day
32.25_96.75,-2.447796902951019,-1.6209689232735016,-6.648461582476423,-4.231542556738668,,-6.774041853042288,-5.851058101855795,-2.704386976239732,temp,All,Day
32.25_97.25,-1.6842697132339521,-1.7634877727563127,-6.067500679058412,-3.604824821121083,,-6.544393031137816,-5.37475111351004,-1.8420443528665957,temp,All,Day
32.25_97.75,-1.092013857970794,-1.397804580597049,-4.855908232681929,-3.2061008078262856,,-5.3871604973418,-4.931132453926833,-1.934808266252662,temp,All,Day
32.75_94.75,-1.5806150746273198,-1.9223864222239124,-2.891578129023882,-3.5767116398410406,,-3.581817850254031,-5.269944621577426,-3.597817168558716,temp,All,Day
32.75_95.25,-2.9821946851232126,-2.048057890705811,-4.722528477943413,-4.273024100091268,,-5.621366413522969,-5.683751501992698,-4.728663994265288,temp,All,Day
32.75_95.75,-1.945273461575905,-1.305528910952236,-5.987858113538181,-3.145350477045939,,-6.814278541892303,-4.8673280067995135,-3.504928771006997,temp,All,Day
32.75_96.25,-2.0902950442044417,-1.3664887898996045,-5.899286636395649,-3.455005669097962,,-5.94630099700867,-4.943956862603438,-3.124410902060389,temp,All,Day
32.75_96.75,-0.6436625084423486,-0.8226444811149984,-6.251447714011181,-2.723054241855035,,-6.394013135053241,-4.3802389331305145,-1.828048596389565,temp,All,Day
33.25_94.25,-1.06595116041223,-1.0309628506586552,-4.554327870200791,-3.1404918767211742,,-4.9343752508290235,-4.475200814542896,-2.3824831453878916,temp,All,Day
33.25_94.75,-1.7428104624277456,-1.3717043490873135,-5.229184185381807,-3.9175085793885005,,-5.394117740584119,-5.6148477887587465,-3.434134162990569,temp,All,Day
33.25_95.25,-1.104413751140858,-1.4254543274940676,-6.162237936370551,-2.558250213113782,,-6.181292406327959,-4.639888414182385,-2.8923184278049896,temp,All,Day
33.25_95.75,-0.3746920649408275,-1.103958826003955,-5.8859819340127775,-1.2272540388097049,,-9.73224863255476,-3.6711177452760873,-2.0326412384857013,temp,All,Day
9.25_105.25,0.14464101003954974,1.7575592485549132,1.0427665044113172,-0.2448551871006997,,0.6951975205354427,0.128864466078491,0.4890905841192577,temp,All,Day
9.25_105.75,-0.010350927897779166,1.54753597505324,0.8058106175844234,-0.3829263005780347,,0.8581670976574385,0.2244628080316398,0.2182122756312747,temp,All,Day
9.75_105.25,-0.14301810161241255,1.5421841344691207,0.812335184058412,-0.9297409491937938,,0.7327606480073015,-0.2949177821721935,0.18726384240949193,temp,All,Day
9.75_105.75,-0.19591557651353816,1.807063659872224,0.8322265743839367,-1.10521402494676,,0.807614694250076,-0.046272056586553124,0.08294622756312747,temp,All,Day
9.75_106.25,-0.26432917554000607,1.5335611499847885,0.9907031487678734,-1.0350083662914513,,0.871699345908123,0.24392850623669,-0.16015865530879222,temp,All,Day
10.25_104.75,-0.43012422258319527,1.3751935332382348,0.33240216949363666,-0.91595889832888,,0.3764374466264692,-0.2147401413460576,-0.34594819669684906,temp,All,Mon
10.25_105.25,-0.4998546325233014,1.360040487967475,0.6233697515598854,-1.4885219047704876,,0.5860873385184009,-0.5463654300940394,-0.3017275637993322,temp,All,Mon
10.25_105.75,-0.5039456693013795,1.5579376637744664,0.8166006163398292,-1.7003155598433395,,0.8104479561481208,-0.328220280323228,-0.3635761889803093,temp,All,Mon
10.25_106.25,-0.563116084695321,1.5167659520033037,0.8627245613941515,-1.7040282216008182,,0.7779506521980627,-0.09763046332589793,-0.467069595320001,temp,All,Mon
10.25_106.75,-0.3792367588399222,1.0239881759605027,0.5694432129050896,-1.270731910008524,,0.7616503718797389,0.1903861962108102,-0.6059335133479195,temp,All,Mon
10.75_104.75,-0.9236564301678525,1.4590054457492942,0.36868391958388025,-1.8303235851477637,,0.27296176711018316,-0.4914199871734318,-0.9800458087003392,temp,All,Mon
10.75_105.25,-0.9207629959704394,1.3445436543310418,0.55590541916675,-2.096726666239973,,0.46708141519064883,-0.6609983254529822,-0.7756760256104666,temp,All,Mon
10.75_105.75,-0.6922944648718053,1.2204177176274147,0.6280345119283036,-2.120092570804225,,0.5738082804441246,-0.7753424036885487,-0.7152941776503581,temp,All,Mon
11.25_104.25,-1.1522644213735427,1.1556185895544826,0.6068179316978204,-2.6226425195825556,,0.3066126059439454,-0.9421392869220258,-1.3579776965281332,temp,All,Mon
11.25_104.75,-1.1676126670359774,1.3446081433809465,0.5869974522446065,-2.6681742785499956,,0.31316599879863566,-0.9357018449425973,-1.3590761787788903,temp,All,Mon
11.25_105.25,-0.9907151778725335,1.1858964247949415,0.6272436796874538,-2.6288839206996606,,0.5210481062144298,-0.7961705287989007,-1.0096609788421098,temp,All,Mon
11.75_104.25,-1.2745722708015765,0.6751296727404346,0.652894257496081,-3.2991156763197598,,0.4650188336896472,-1.4620985873241483,-1.6124139221415916,temp,All,Mon
11.75_104.75,-1.2902822987475797,1.076572067079726,0.7631841395826348,-3.1131017383304105,,0.5095412665061906,-1.2267970947351359,-1.246429208919179,temp,All,Mon
11.75_105.25,-0.9895246589636143,0.9806682010667841,0.6764382726655426,-2.989085688880257,,0.49688796909362337,-0.9980474563337571,-1.0069664659917545,temp,All,Mon
12.25_103.25,0.4606393513000922,0.5939352109952662,1.0314369517105033,-2.2977377503761773,,0.4602228633605733,-1.0621864337800377,-0.7329553613607517,temp,All,Mon
12.25_103.75,-1.0687904899844625,0.20936604081818316,0.38599591648348236,-3.7272562595331773,,0.3119054724973662,-1.6177445596456872,-1.797221865466823,temp,All,Mon
12.25_104.25,-0.6899705775253907,1.2727780655571153,0.8832083911945077,-3.139607271251567,,0.6487541996128365,-0.9866970789670768,-0.8261697702829224,temp,All,Mon
12.25_104.75,-1.0698349607049182,1.0290445256634355,0.5153234184673641,-3.286631228315854,,0.36071559196800096,-1.2377997393181823,-0.9384964555463353,temp,All,Mon
12.25_105.25,-0.7993701668937463,0.8612335277181877,0.6264162800365585,-3.32140637807563,,0.5709037894103384,-1.0795973345788383,-1.139327437863303,temp,All,Mon
12.25_105.75,-0.8216908779204014,0.8596127125316096,0.7564563583716869,-3.5278208798895694,,0.6810291991714289,-1.0318010427150095,-1.570446430766205,temp,All,Mon
12.25_106.25,-0.61978301830321,1.3991103710116375,1.1837415046271773,-3.3481413843129637,,1.1272396643990577,-0.6375892647842106,-1.5073649212737354,temp,All,Mon
12.25_106.75,-0.1371170659565889,1.5195324885283081,1.6642777264580184,-3.169295198583131,,1.8723981527584053,-0.288354953328507,-1.1423080349111692,temp,All,Mon
12.25_107.25,1.3702247872047721,0.8277737201633012,1.6880843318769336,-1.6800181866658623,,2.1722707703162736,0.7640830025167588,-0.041789303174407086,temp,All,Mon
12.25_107.75,0.7457974786800149,0.326087100936912,2.032709540656579,-1.8033389412005894,,2.055659623573763,0.22227517060402224,-1.5410289703905036,temp,All,Mon
12.25_108.25,1.670012837909749,0.21433606070788538,1.477779133095169,-1.0939151983011204,,1.9302205325569957,0.28018389514706704,-1.0693700187132282,temp,All,Mon
12.75_102.75,0.04245060006905563,1.1369433114370662,0.5397109073218231,-3.2381113849493266,,0.0700234410711098,-0.78781041530566,-1.3433039470480135,temp,All,Mon
12.75_103.25,-0.6401419116110789,1.1451573760674705,0.9736600430948653,-4.0811379791356455,,1.0647549057484504,-0.6779152207074587,-1.7451898367687106,temp,All,Mon
12.75_103.75,-0.8617365256295945,1.568346495463066,1.4662567667533788,-4.0031092421731085,,1.320480799353534,-0.5617475961618635,-1.413428045240106,temp,All,Mon
12.75_104.25,-0.6938236545039265,1.499559411734918,1.0974143391368618,-3.805500824941685,,0.8761660569234286,-0.8646238155134648,-1.1039225911040682,temp,All,Mon
12.75_104.75,-0.82755017949348,1.2109109017797064,0.7117206621407678,-3.569990200182007,,0.6276950459112909,-1.1571186916054583,-1.287987871033708,temp,All,Mon
12.75_105.25,-0.7477990094446506,0.6249124170889465,0.7444635325013292,-3.898335342105573,,0.6419507751055454,-1.3385847973841207,-1.7245795122765253,temp,All,Mon
12.75_105.75,-0.6646693807223586,0.5810303515271719,0.7080122363693343,-4.04605502742367,,0.8077173900171757,-1.2359250855533686,-1.90952343429673,temp,All,Mon
12.75_106.25,-0.6110529879122991,1.2120423725386624,0.9911989394079839,-3.805076970474003,,0.9343151791293186,-0.9670133166039868,-2.0155804727671156,temp,All,Mon
12.75_106.75,0.0019539650782861287,1.4570197151866762,1.2851917255148775,-3.4818411819521202,,1.319273206432338,-0.4374365599919469,-1.49637113261379,temp,All,Mon
12.75_107.25,0.4341071249188301,1.6344650420048341,1.3982655326783826,-3.162883731793164,,1.1337179981725727,-0.2126925009882623,-1.222867535001167,temp,All,Mon
12.75_107.75,-0.3540770028990665,1.2325382215297032,1.0401619939323627,-3.743612046855903,,0.9866625770256197,-0.6501074289015031,-2.403814643622249,temp,All,Mon
12.75_108.25,0.3957937644070522,0.989652429402991,1.349259002127094,-2.9431492222073863,,0.6224188405375952,-0.8429456944971682,-2.0495011252766155,temp,All,Mon
13.25_102.75,-0.8746157274985137,1.0974932849158288,0.5614830638662789,-4.229870814346678,,0.9882053806662017,-0.8221433764404601,-2.111386321742216,temp,All,Mon
13.25_103.25,-0.6071570994888497,1.6703171259144496,1.0795567597337727,-3.997746001245995,,1.0144117928466965,-0.5858868815818769,-1.5203009982861122,temp,All,Mon
13.25_103.75,-0.2987814188629144,1.5143113859608857,1.072080270124261,-3.573451407538358,,1.0704085523389206,-0.49257077412954414,-1.123362170311467,temp,All,Mon
13.25_104.25,-0.12328030606219348,1.366235766954219,0.8706383603339884,-3.5686955771268973,,0.8114267867074528,-0.7815345154227804,-1.2490112558498765,temp,All,Mon
13.25_104.75,-0.3832304347202359,1.131225030340639,0.7770878955073046,-3.731528855425292,,0.7124000079575973,-1.1080274386664195,-1.7041934873011952,temp,All,Mon
13.25_105.25,-0.5128511096495617,0.6752660010976336,0.9569291847766381,-4.139283527307433,,0.7884537584811561,-1.444852733109785,-1.990602532735275,temp,All,Mon
13.25_105.75,-0.39370489042793,0.5220447985330064,0.8486724912723916,-4.164270954634583,,1.0037325879614916,-1.2898694160472246,-1.864957184705032,temp,All,Mon
13.25_106.25,-0.42651725366515436,1.0670988239308616,0.7963622031840686,-3.938917228394571,,0.8176511064003114,-1.0409739913837246,-1.7911723503407668,temp,All,Mon
13.25_106.75,-0.23352646945803016,1.4357744151165903,1.2765156839095173,-3.693989287092458,,1.1208806688195094,-0.5999699481885616,-1.5007318703186272,temp,All,Mon
13.25_107.25,-0.46191933132149593,1.9468044831558873,1.5498613883027976,-3.8717660613497653,,1.4220455678818615,-0.38390437242389647,-1.7546123205862185,temp,All,Mon
13.25_107.75,-0.6776359144885653,1.7215195456126051,1.3170688673224513,-3.8470788559108398,,1.6909644451359833,-0.4594148541613943,-2.035288120993,temp,All,Mon
13.25_108.25,0.7613137100575201,2.2234851775954274,1.8925577850070525,-2.4271099076661216,,1.2479735876000277,-0.1421851367958813,-0.7002468353652795,temp,All,Mon
13.75_102.75,-0.7116357157325501,0.9845252606389029,0.44305038229573107,-4.560658596026008,,0.4415953860342079,-1.168078230661935,-2.6334850465525586,temp,All,Mon
13.75_103.25,-0.33131109813863335,1.3907933384426259,0.810700474359861,-4.04946732676715,,0.7858312342748557,-0.8896278162108886,-2.085701283613186,temp,All,Mon
13.75_103.75,0.08948904341831902,1.4730449873880052,1.0670185854224168,-3.66496342048803,,1.0668841611625595,-0.7170922299885433,-1.6979448151654888,temp,All,Mon
13.75_104.25,0.2974602863165617,1.4084085847885068,1.1712827517604805,-3.5324428934363676,,1.1794423589040735,-0.655075709029286,-1.6904541162848983,temp,All,Mon
13.75_104.75,-0.16976442115283885,1.2190315270690735,1.0737621160673823,-3.6940796378508454,,0.9653708483105371,-1.133331301656946,-2.1258339810560134,temp,All,Mon
13.75_105.25,-0.5117947877859584,0.84835060391298,1.0592290043880817,-4.190309550054882,,0.9669230964115036,-1.5624876854586125,-2.302142626194743,temp,All,Mon
13.75_105.75,-0.4525943035128193,0.6777927319486379,0.9400938992202781,-4.196880208235243,,0.9070270515826423,-1.3523207035870983,-1.9730929004191897,temp,All,Mon
13.75_106.25,-0.6352287996853255,0.9610742092551395,0.701704682267481,-4.171399567507646,,0.7919316619313442,-1.1802127156214628,-1.7910998531584184,temp,All,Mon
13.75_106.75,-0.49213069710024687,1.2593435151589163,1.0213092839903437,-4.04938420975908,,0.9512070263071548,-1.0162465506819256,-1.4724538564491116,temp,All,Mon
13.75_107.25,-0.28622232494757044,1.6428337151570038,1.061533334859868,-3.8881709653742744,,1.3323522763939653,-0.5899160788405399,-1.5555232289441234,temp,All,Mon
13.75_107.75,0.11523906428708786,1.5226602967815994,0.9015092034089416,-3.2717161285834937,,1.0743221636437608,-0.504428223611675,-1.6568900938303728,temp,All,Mon
14.25_102.25,0.15066018106538126,-0.3211130274023359,0.3402225260271067,-3.4595189917012927,,0.7537542181090395,-0.771298993504933,-1.7415363165801996,temp,All,Mon
14.25_102.75,-0.27970657252179076,0.1563445156520669,0.4700307061736242,-4.2316981778573295,,0.4697988091375778,-1.1392908235365378,-2.2555018284940354,temp,All,Mon
14.25_103.25,-0.35903281807583576,0.7735315064026168,0.6613186138318982,-4.205409137344943,,0.6457922577481742,-1.068039789760031,-2.4105607129063156,temp,All,Mon
14.25_103.75,-0.19878301204993584,0.7991713627158729,0.8074410204153449,-3.931472414461345,,0.7334342536497049,-1.0975124449331806,-2.3319546827272806,temp,All,Mon
14.25_104.25,0.024372400281127398,0.71278132628994,0.9258514953355482,-3.5756845908544275,,0.8946052764388414,-0.9946348732755679,-2.010768346528967,temp,All,Mon
14.25_104.75,-0.47192794374702063,0.7815673778048997,0.8184128755213512,-3.720381486710935,,0.7704346777442799,-1.404357411023271,-2.3834438391422568,temp,All,Mon
14.25_105.25,-0.3804268931847656,0.5618527271630439,0.9556531796916228,-3.6782013697489666,,0.9117117271260149,-1.2874255591223742,-2.0093946571881753,temp,All,Mon
14.25_105.75,-1.1388541160764558,0.9157606256670159,0.6763476160865101,-4.140024372578389,,0.616755014579937,-1.4658232860279308,-2.3213592992986034,temp,All,Mon
14.25_106.25,-1.4494103864792942,0.6651302199938497,0.4945049759077304,-4.461638621761295,,0.4484534695615156,-1.6194763405302381,-2.17439324678925,temp,All,Mon
14.25_106.75,-0.5250962890743781,1.237923503665154,0.9965277712915387,-3.5877524195191404,,1.0691058595137062,-0.922349035474822,-1.1666009416449394,temp,All,Mon
14.25_107.25,-0.7388419295739141,0.8300408518650939,0.48513166345787895,-3.5488688312465793,,0.694701248061485,-1.1406906384617046,-1.8299973962637057,temp,All,Mon
14.25_107.75,-0.5012485968879786,0.26825730596949776,-0.005037592664934396,-3.3736913979904672,,0.20265741773757054,-1.2420531498512457,-2.4736393713491913,temp,All,Mon
14.25_108.25,0.7780515585978345,0.19117245020003135,0.4359354669380835,-1.950745731046327,,0.3101907973819138,-0.492064722461318,-1.3772287576093758,temp,All,Mon
14.75_101.75,0.1327353979926747,0.49558245914405186,0.5255995837833238,-3.4898658193296788,,0.21921163403806498,-0.9509431636059956,-2.0258844228191526,temp,All,Mon
14.75_102.25,-0.7489233255817263,0.4659349497371665,0.534004629838072,-4.527211557190235,,0.18080036463329804,-1.2742172057049967,-2.73211503983458,temp,All,Mon
14.75_102.75,-0.467039459555297,0.5312672273523587,0.5630917773557428,-4.415853598608242,,0.3770262108483753,-1.2561824792072516,-2.501203746747072,temp,All,Mon
14.75_103.25,-0.22580569310305593,0.6160047813818706,0.7091775795857832,-4.127444250887229,,0.5184954654201319,-1.1835494166038887,-2.411250941853382,temp,All,Mon
14.75_103.75,-0.09622696737801952,0.6753771603037765,0.9672105480773757,-3.748081929632769,,0.7856326775488343,-1.0813619399886805,-2.316263303180906,temp,All,Mon
14.75_104.25,-0.2892916676230496,0.5467081186498617,0.8598199568450541,-3.632320552242547,,0.7083406033342455,-1.1768680096221944,-2.2566622984238807,temp,All,Mon
14.75_104.75,-0.4548434083873322,0.6463441491427867,0.6632666011421668,-3.535222181802777,,0.5125305513989679,-1.2083852725139923,-2.2017495338582895,temp,All,Mon
14.75_105.25,-0.746046979901733,0.49808048558019585,0.3885985232526145,-3.699035373641691,,0.21931929528547284,-1.1745701447988455,-2.307461516584418,temp,All,Mon
14.75_105.75,-1.3016961142279388,0.5582410340867181,0.19817266576325235,-4.407204852968368,,0.19969907197125758,-1.7346513445237508,-2.6451787165928047,temp,All,Mon
14.75_106.25,-1.516081479409318,-0.41126571066985074,-0.12466383268299268,-4.908966319780404,,-0.05082507102370271,-2.5608088089959598,-2.6096114360545126,temp,All,Mon
14.75_106.75,-1.333221305712991,-0.36025676428272263,-0.175618115709597,-4.618336320893733,,-0.21451858365065615,-2.1302261331551273,-2.8033848815188542,temp,All,Mon
14.75_107.25,-1.5296077613304415,-0.24381786418085516,0.016295826730612098,-4.5949693434326155,,0.5381935402271877,-1.9096229711093846,-3.4985802064781955,temp,All,Mon
14.75_107.75,0.3893350077393457,-0.6589729293798177,-0.3337030967253935,-3.036159653552693,,-0.2977797363705608,-1.469708966090458,-2.3350776384965264,temp,All,Mon
14.75_108.25,1.5999788562713224,0.023200498328291505,0.5063163155392136,-1.5998072554326237,,0.07853394691926956,-0.6741842343883954,-0.9027057030132687,temp,All,Mon
15.25_101.75,-0.06004953874136057,0.8593983803959623,0.6833236410103427,-4.381571714553257,,0.4769818983050932,-1.0052103403865356,-2.5467397661655706,temp,All,Mon
15.25_102.25,-0.4953995471035818,0.936180159355486,0.7996089703702721,-4.8228924661428145,,0.6532429897367839,-1.0887659937028304,-2.6635125077890045,temp,All,Mon
15.25_102.75,-0.1725074603885761,0.9654860405165545,0.770747764963471,-4.509375317254327,,0.5710428299288547,-1.0748935511740951,-2.0698961328498204,temp,All,Mon
15.25_103.25,-0.1389583007672646,0.8583960588742044,0.8108243032381658,-4.301637541266702,,0.6598308551548064,-1.0732397416490598,-1.8993572007734936,temp,All,Mon
15.25_103.75,-0.09797633267073147,0.9255475923669844,0.8954322007551013,-4.0584261833523625,,0.7618551563575933,-0.9558270020113468,-2.0627598842004047,temp,All,Mon
15.25_104.25,-0.3242646162181966,0.8855373544458571,0.7398633284545538,-4.038744685489756,,0.6249698951338251,-1.085211993750895,-2.2862833720515203,temp,All,Mon
15.25_104.75,-0.6200555096123854,0.8054747670900745,0.5297644781986355,-3.9814362438521735,,0.4558484688368715,-1.2322883948214065,-2.44689365825773,temp,All,Mon
15.25_105.25,-1.0328216838398732,0.8361686294528213,0.31642522682217944,-4.184106957588581,,0.19206844056716957,-1.4456806710302255,-2.680213300143163,temp,All,Mon
15.25_105.75,-1.6716664270681905,-0.10485592225488645,-0.12646663616663034,-5.006612184183313,,0.046955840821322176,-1.9583593117916636,-3.0127700213144673,temp,All,Mon
15.25_106.25,1.1886580168686351,1.0559204994342626,1.4655483727632896,-2.098243316550037,,1.8663948277456042,-0.09938799535430808,0.10036252958411547,temp,All,Mon
15.25_106.75,-1.4976912744515265,-0.8958927196014872,-1.0419651182579897,-4.803691351480825,,-0.9067595249804797,-2.056803819560314,-3.278041721910662,temp,All,Mon
15.25_107.25,-0.037617937368681235,0.48182734462331256,0.9508705929746553,-2.9726959739320638,,1.0973850800750098,-1.0239196262963894,-1.9542766054271306,temp,All,Mon
15.75_101.75,-0.3104062946679928,0.5126419619438021,0.7691331490640688,-4.741904289436824,,0.6362073897449745,-1.1925978232194596,-2.5932285609402377,temp,All,Mon
15.75_102.25,-0.530926425047525,0.931374713820765,0.7582119483202479,-4.851065344256822,,0.6723057924074957,-1.0243485278818765,-2.351395612983905,temp,All,Mon
15.75_102.75,-0.13632377303411797,1.1822850126070903,0.8354648177452705,-4.472811723260634,,0.6734049457019656,-1.0286278369975066,-1.7681554434968894,temp,All,Mon
15.75_103.25,-0.1095624304047413,1.095695139422256,0.8596119249746926,-4.31445284088312,,0.6969221919858044,-1.110315625712383,-1.7432178677930408,temp,All,Mon
15.75_103.75,-0.16169855938059732,1.1313009342452323,0.8829100514938705,-4.237997845950723,,0.7532840389110573,-1.0670396686672239,-2.0819143775117315,temp,All,Mon
15.75_104.25,-0.3893441483335395,1.081007391829399,0.7822394256895274,-4.198080020610055,,0.6599324066288136,-1.080273577400448,-2.377183952260301,temp,All,Mon
15.75_104.75,-0.6557188983252016,0.8696432327990832,0.578150339626334,-4.183378437945699,,0.5042371764911726,-1.1449977952311554,-2.4226236516501043,temp,All,Mon
15.75_105.25,-1.0774676612805136,0.7172269191358515,0.2721668959778943,-4.414538059785711,,0.23077096803007646,-1.3670839506001182,-2.462976992207195,temp,All,Mon
15.75_105.75,-1.3726640086819961,0.8393444916811842,0.4801466275052332,-4.92237820747455,,0.36340123419393117,-1.6680286465463288,-2.588699512866295,temp,All,Mon
15.75_106.25,-2.2351533834134734,0.2813418963089501,0.23509485065588265,-5.513291731177156,,-0.07484471776768409,-2.409234030817359,-3.5296819224635736,temp,All,Mon
15.75_106.75,-0.9133536245078306,-0.5095338098266642,-0.8424064297141838,-4.626173644566126,,-0.40150276749666,-1.9398151372372892,-3.292585072065915,temp,All,Mon
16.25_101.75,0.6536627484388886,0.3903991176385481,2.043193568048125,-4.405659162050279,,1.9133408017959892,-1.0912246720556398,-1.8375338743714849,temp,All,Mon
16.25_102.25,-0.36788194516786227,0.9044858443599397,0.5343549329409956,-4.927836975509728,,0.46543804766416946,-1.1438348429232805,-2.1239320757981384,temp,All,Mon
16.25_102.75,-0.15654563696827542,1.1486633644231394,0.651030319126631,-4.595850650880584,,0.4892605573101505,-1.0730845416184795,-1.6972850602380314,temp,All,Mon
16.25_103.25,-0.13082354846802177,1.118291896088246,0.7543496489890292,-4.3904284079410205,,0.5953793021174809,-1.0733405528684874,-1.7937159686057458,temp,All,Mon
16.25_103.75,-0.11271555867238334,1.1468448221912255,0.7436295338257972,-4.306075526059108,,0.5715780821466827,-1.049623013063334,-2.3749670706134385,temp,All,Mon
16.25_104.25,-0.13210925701543752,0.9178825249996075,0.6424955676672888,-4.084627771767278,,0.5722444958439026,-1.0466627146571097,-2.36380428079627,temp,All,Mon
16.25_104.75,-0.5521975316857061,0.8177405924400617,0.4800005064293462,-4.201572156913522,,0.4650945565435727,-1.086667367214184,-2.112640128466766,temp,All,Mon
16.25_105.25,-1.2625687565107615,0.648905060725419,0.4108334382044129,-4.71534075602877,,0.26132348540804673,-1.4215529046193058,-2.2085340819470685,temp,All,Mon
16.25_105.75,-1.4571782528917099,0.9950788361014489,0.583873699502975,-4.909367694818292,,0.6130926684104717,-1.3838998927894606,-2.4433380435186165,temp,All,Mon
16.25_106.25,-1.0517036896890135,1.020674705225579,0.4304063403904592,-4.33295609497276,,0.8731073638429334,-1.2355493259706554,-2.3522489710115395,temp,All,Mon
16.25_106.75,0.6136114670695245,0.5882913119650384,0.23287394770889858,-2.9187175133685184,,0.021571418137044166,-0.7672584187273044,-1.212429695936402,temp,All,Mon
16.25_107.25,0.7470359288956182,0.09620832120014322,0.4600378141509871,-2.8932045574208702,,0.15120213211499958,-0.9661933633901229,-0.9452818708679346,temp,All,Mon
16.75_101.75,0.4450400326739683,0.8484815760898354,1.7535345970402643,-4.783915396507829,,1.559949389849073,-0.8897964149815932,-1.5193801063363077,temp,All,Mon
16.75_102.25,-0.9186705167705446,0.8261022774974841,0.1657434769465094,-5.292763738776601,,0.15530646938568815,-1.3911823133520391,-2.092163328699167,temp,All,Mon
16.75_102.75,-0.3856566663822039,0.9519392237946142,0.48296156500376175,-4.68106522860191,,0.26272015477956123,-1.2749187722432624,-1.659896726428346,temp,All,Mon
16.75_103.25,-0.2413808718608566,0.8972096101292244,0.6270682938420701,-4.357538573742282,,0.44578802211770674,-0.9619841142397098,-1.6995348344225065,temp,All,Mon
16.75_103.75,0.03261280645945995,0.7500912864001841,0.6240670090885816,-4.04600931550807,,0.49601763517616093,-0.9927522387259605,-2.1260602792362615,temp,All,Mon
16.75_104.25,0.0785510106639162,0.8532896300183135,0.7951713484927403,-3.7633938757140992,,0.7344520620722024,-1.033778374354809,-1.8966832300648082,temp,All,Mon
16.75_104.75,-1.0050780003207562,1.020801718791995,0.6927449494760004,-4.388832136001225,,0.4679636126413238,-1.375921100335249,-2.078271904745352,temp,All,Mon
16.75_105.25,-1.4528317309625822,0.8802107455827364,0.6767818320449137,-4.83681668789837,,0.5539466515803371,-1.4671559613353953,-2.2910975712903867,temp,All,Mon
16.75_105.75,-1.3970003966905225,1.1864133212326353,0.8819747627005218,-4.711173585198648,,0.8736762957396321,-1.3056292518197026,-2.437325091817064,temp,All,Mon
16.75_106.25,-0.0013556879165171527,1.274180439296774,0.8816293247396186,-3.6423511029487496,,0.6522739656472113,-0.8892212194368179,-1.7395363406516255,temp,All,Mon
17.25_101.75,-0.10555794495598676,0.8417196188372148,0.1346777328952118,-5.578275779923632,,0.025589019278229715,-1.235221029883537,-1.6972994491055857,temp,All,Mon
17.25_102.25,-0.7145030962165486,1.2074940718106344,0.6979946856669325,-5.219360274251422,,0.5708601857602412,-1.2024993431101427,-1.4380279762579136,temp,All,Mon
17.25_102.75,-0.42211831601053873,1.100278474318908,0.7035559644920725,-4.5818399369369605,,0.5229982773953472,-1.3312325737193542,-1.2029261045267816,temp,All,Mon
17.25_103.25,-0.478798134550343,0.7920133042874896,0.5867253641397802,-4.326777978667876,,0.44814878181506296,-1.0272623154566947,-1.31360435719227,temp,All,Mon
17.25_103.75,-0.3865301574059362,0.7232281861349469,0.6747823261945468,-4.08067544845966,,0.4691506759709248,-1.034793696317484,-1.5757107507919588,temp,All,Mon
17.25_104.25,-1.0317501424642899,0.9121097108559776,0.7753767622277252,-4.296714676711264,,0.604857483433729,-1.1836755222470638,-1.9607094716866476,temp,All,Mon
17.25_104.75,-1.7509636685529484,1.2559732191963733,0.7874836086122537,-4.720815226907396,,0.6741334989899123,-1.377693915201684,-2.42470269966274,temp,All,Mon
17.25_105.25,-1.4604382833390228,1.0879637475158561,0.7830290072756226,-5.022423485365745,,0.8452825193839224,-1.2807309403703755,-2.676364154029536,temp,All,Mon
17.25_105.75,-0.5120701867938704,0.8658467870587395,0.6694511077000117,-4.371702098064084,,0.8209912559430622,-1.0468495460724045,-2.297195219799508,temp,All,Mon
17.25_106.25,1.1677160341051098,1.5783399486134162,1.4218109664520444,-2.4819500040143567,,0.89520945416522,-0.19383443041442786,-0.7614364616745435,temp,All,Mon
17.75_101.25,-0.016398607800554466,1.2739333585242174,0.5596801263541406,-5.143581427593587,,0.3696633487439749,-0.9728738806836127,-1.277792944767567,temp,All,Mon
17.75_101.75,-0.48660166427816137,1.4246670521442109,0.6695228933137545,-5.58062559749663,,0.6614931839438489,-0.7981175091726944,-1.2863867993746236,temp,All,Mon
17.75_102.25,-0.6314088379847879,1.8756267218634561,0.9621784685658964,-5.027752907257941,,0.7751549371012622,-0.8229043984191233,-0.9276382716184257,temp,All,Mon
17.75_102.75,-0.716241403845248,1.7447740750733718,0.9164825789396116,-4.797991183446162,,0.6945947876860289,-1.0338902615296879,-1.039885894801788,temp,All,Mon
17.75_103.25,-0.8356394644966089,1.2826867592261537,0.7583661371443483,-4.47243253642532,,0.6074872997566865,-0.7855418330681209,-0.929869540759574,temp,All,Mon
17.75_103.75,-1.0362978166755927,1.3398196132828364,0.73052936869952,-4.483408273759865,,0.5904860754551893,-0.6670757767031956,-1.3968880866637534,temp,All,Mon
17.75_104.25,-1.4705725175974478,1.3616791275469216,0.9539228998073503,-4.911973643952446,,0.9354686912192269,-1.0200059758742566,-2.1815938336620593,temp,All,Mon
17.75_104.75,-0.9999249309810236,0.8905199915476585,0.7789589573824676,-4.534979827985926,,0.8791802583472621,-1.2124929886645315,-2.2056660841018734,temp,All,Mon
17.75_105.25,0.41592870922129804,0.7137253763410203,0.9138875114551394,-3.5988865294437233,,0.8885293645184094,-0.8945221787766832,-1.4790736848292394,temp,All,Mon
18.25_101.25,-0.06413536955867111,1.703302563750287,0.47875651700865934,-4.967772937515203,,0.6577204111907605,-1.073203945938977,-0.9006061232780203,temp,All,Mon
18.25_101.75,-0.7195971912378636,1.6888357448225346,0.5651461500267053,-5.540288983060372,,0.7165401510705116,-0.9044192005937423,-1.2612757965873798,temp,All,Mon
18.25_102.25,-1.0514991189014642,2.203372221026743,1.1480625908226707,-5.541289904640028,,0.9437377015816367,-0.7054209094369013,-1.4896935080136318,temp,All,Mon
18.25_102.75,-0.7699221833047889,1.6647434916968786,0.9754293509898808,-4.968479022269992,,1.0855879624804798,-0.6183160471303116,-1.112616456540115,temp,All,Mon
18.25_103.25,-1.3552393643216154,1.7280061330515193,0.6072224039460364,-5.20854822034955,,0.2337554055113167,-1.136337372411145,-1.5406924378767906,temp,All,Mon
18.25_103.75,-1.8353417405656491,1.7656087326416479,0.7581241262245381,-5.516194265580583,,0.5544527428330126,-1.107836747108903,-2.2694210914249466,temp,All,Mon
18.25_104.25,-1.0519306885295832,1.2575327107126424,0.8063636999020808,-4.942016121677305,,0.8775817114333629,-0.9421826613963832,-2.00029852322564,temp,All,Mon
18.25_104.75,0.1862416889577485,0.3225698800677268,0.1424923979054965,-3.7952339495554535,,0.21437809840642055,-1.0873658588325896,-1.1480380770907268,temp,All,Mon
18.25_105.25,1.308286037150822,0.6465452692340892,0.8381780154119902,-2.20732527604464,,0.0018516118309732984,-0.42835621433243004,-0.1574577128185247,temp,All,Mon
18.75_101.25,0.5291340308063239,0.842412769902331,0.2260136885873337,-3.933358040503558,,0.5210864806949175,-0.9131339302481644,0.203628946804626,temp,All,Mon
18.75_101.75,-1.234244769393977,1.1904749851331482,0.2725653992463947,-5.4471159854698445,,0.2828253950205301,-0.9648757841176169,-1.3246311526610501,temp,All,Mon
18.75_102.25,-2.0393637611136617,1.540884597604285,0.5946006498555368,-6.0845846313136,,0.29833586415768165,-1.4922899299124495,-2.200417109815335,temp,All,Mon
18.75_102.75,-1.300314689700294,0.7475438820096749,0.10326559099445218,-5.0910934958338485,,0.21652022115867559,-1.2580503142067756,-1.2844905825182007,temp,All,Mon
18.75_103.25,0.3215032891974817,0.2900967540721075,0.46907850957878944,-3.5030188723599536,,1.2992782203967568,0.10938683130555613,0.09629444699296015,temp,All,Mon
18.75_103.75,-2.214436221683705,1.0424999347881636,0.32675054458351244,-6.033472931020382,,-0.2645133855598174,-1.7025515294122118,-2.7586731507867843,temp,All,Mon
18.75_104.25,-0.6173700168029144,0.6207157515110853,-0.04437928184032115,-4.51443954330012,,0.2632942499915397,-1.0860172734506348,-1.4734713672937596,temp,All,Mon
18.75_104.75,1.2515605934503944,0.9543129057301812,0.7410630130431026,-2.664645348102585,,0.29178144991225774,-0.18020164957745055,0.170884761982008,temp,All,Mon
19.25_101.25,1.349159995563854,0.9522309419183671,1.4063615972988557,-3.3251011960661754,,1.4663623332251885,-0.8326185984525232,0.8645587749403854,temp,All,Mon
19.25_101.75,-1.1224312076739194,0.7572617190182165,0.359355454860069,-5.704116786407786,,0.3548466936936837,-1.3369038423277482,-1.4606831290591105,temp,All,Mon
19.25_102.25,0.2671995641468182,1.0577437351392789,0.756442420405021,-4.248583207448801,,0.729687578340033,-0.7993678376547131,-0.11830999762866044,temp,All,Mon
19.25_102.75,0.7914696154285674,0.15118530854572398,0.5128787666196077,-3.4698660195617728,,0.8172312567792845,-0.7874387282717129,0.23097255550454848,temp,All,Mon
19.25_103.25,0.9250658904637329,-0.3293085028767513,0.013066107675489025,-3.4372940861840906,,0.22390246343122275,-1.1263559245961856,-0.31451596828265976,temp,All,Mon
19.25_99.75,0.45217242551492604,1.983376756946161,1.7782400180400815,-3.9119557806642153,,1.4767090831045369,-0.5470954189252023,-0.5004856499566933,temp,All,Mon
19.75_100.25,-0.3444727856789732,2.277778983416318,1.3209031786138525,-4.629050048182701,,1.4894361764823445,-0.6122601463823955,-0.29686716415260544,temp,All,Mon
19.75_100.75,0.1487717482240702,1.6427715392721534,1.114633220615008,-4.865127610571981,,1.1798548416082537,-0.9139470014914671,-0.22181579851363387,temp,All,Mon
19.75_101.25,-0.20233036937965554,0.5141267351651505,0.5931368253214185,-5.177256239085585,,0.6349358529079194,-1.599250209252319,-0.6007359217153879,temp,All,Mon
19.75_101.75,-1.1984153380176483,1.0699795192961312,0.5573050915142095,-5.9171691271095606,,0.6315907421593756,-1.5164614403024477,-1.2886116113135455,temp,All,Mon
19.75_102.25,-1.1040776539139117,0.6739375830955863,-0.30867848853529695,-5.455282390213909,,-0.30284117119710213,-1.4489527805071478,-0.9186402615965121,temp,All,Mon
19.75_102.75,-0.6282566205371244,0.8511938766018191,0.5148076993997348,-4.617600020014503,,0.6435948431182354,-1.3624444809424736,-0.5049140316566711,temp,All,Mon
19.75_103.25,-0.3217313728216536,0.8942957366399419,0.9081226361631971,-4.0389071171882085,,1.0834440936799266,-1.1544863162436267,-0.7002928306325321,temp,All,Mon
19.75_99.25,-0.016153794768535627,1.2862979234980614,0.9621120269091858,-3.9663777620526335,,1.0465081792765771,-1.1549268952642855,-0.4505172916918024,temp,All,Mon
19.75_99.75,-0.3099850871804455,2.2658249282528793,1.537598786537511,-4.3914391192938265,,1.4300384780855862,-0.6735341677910298,-0.5956942698033824,temp,All,Mon
20.25_100.25,-1.606542353509092,1.9891215082295535,1.0561954322348663,-5.85205239177177,,1.2805527442136377,-1.0950471684434548,-0.9244204652693175,temp,All,Mon
20.25_100.75,-0.929994660697365,1.3974789251486808,1.1687206466547193,-5.733800675274297,,0.9048053132822723,-1.548249986255672,-0.570339323705376,temp,All,Mon
20.25_101.25,-0.43730886422401555,1.2200371682061981,0.8475260648699907,-5.331584548047128,,1.0826614369336498,-1.4498434070925368,-0.4977610920987066,temp,All,Mon
20.25_101.75,-0.14365593284866793,1.3447693246832169,1.4484039988741657,-4.669859922209452,,1.4723437913549842,-0.9618497094044821,-0.03007178193264886,temp,All,Mon
20.25_102.25,-1.4993469267734285,1.604978134151237,0.7335870571547998,-5.535414379757025,,0.6102779372908218,-1.5902981576082478,-0.8861026472720767,temp,All,Mon
20.25_102.75,-0.9262268195187481,2.0073322540256373,1.1178311642976566,-4.701941851190322,,0.9718708037063032,-0.7583014856677418,-0.2645034521798667,temp,All,Mon
20.25_103.25,0.147622603512525,2.2696533306897924,1.8004863460110487,-3.455209059576015,,1.0886282535323641,-0.6962505370600885,0.2970568996768897,temp,All,Mon
20.25_99.25,0.37659865603659143,1.2381771621061906,0.543040020519934,-3.577252576773649,,0.7688933427199875,-1.013528469195515,0.22303718095674607,temp,All,Mon
20.25_99.75,-0.727209434816855,2.1240380554402996,1.2313250289312005,-4.73690027510248,,0.8835596248857245,-0.8902936635914046,-0.49776848739254154,temp,All,Mon
20.75_100.25,-0.667874519822142,1.7765814275218597,1.1991230327586944,-5.092186220299402,,1.5399513724391003,-0.766991449606951,-0.3802818752390958,temp,All,Mon
20.75_100.75,-0.5185527665586687,1.546411367867467,1.125907270403697,-5.312494048022365,,0.9415358240404781,-1.5489119995590828,-0.04363633130298101,temp,All,Mon
20.75_101.25,-0.07264820246580032,1.0131715892971176,1.1350270839212637,-4.903679722822598,,1.21090967818017,-1.4995923372766353,0.16447022000365882,temp,All,Mon
20.75_101.75,-0.5964286768268883,1.0095085589839432,1.2343630584320613,-5.147024512541787,,0.9829050649457653,-1.6551569703989026,-0.38550979872734864,temp,All,Mon
20.75_102.25,-0.5317237073011755,2.0821525156626115,1.0969556769904536,-4.691120211821679,,1.5722077131691985,-0.8998314500569419,0.12426588882512997,temp,All,Mon
20.75_102.75,-1.1212042667251776,2.1092301073828117,1.071817060283889,-4.872709200382865,,1.185874320881594,-1.0127544751490607,-0.1590868100818221,temp,All,Mon
20.75_103.25,0.6583655075058901,2.3756011167243436,1.735526892968353,-2.8527025817826477,,1.9069300411649333,0.03893599039001902,1.487756653645646,temp,All,Mon
20.75_99.75,0.12243092013367791,1.3023598267959646,0.6356291732105338,-4.001179546445027,,-0.13799189002440984,-1.307016483963173,0.024922751801555926,temp,All,Mon
21.25_100.25,-0.3762343682746654,1.0336922893621514,1.7418086402844724,-4.5037274604538675,,1.5609387814913642,-1.2165412681326546,-0.465850005445866,temp,All,Mon
21.25_100.75,-0.4467527086607105,1.3888799592611476,0.8461308232704674,-4.903510312673927,,0.9722996950302907,-1.023874603631337,0.1325907401319663,temp,All,Mon
21.25_101.25,-0.41118812683551953,1.0128365922275733,0.9599057426859995,-4.8856278076356885,,0.994295119240735,-1.437856244206587,0.3142761483413868,temp,All,Mon
21.25_101.75,0.08285302188228932,0.9540446410682161,1.2879218631469809,-4.2718153092437,,1.4163253587331506,-1.1098252676306641,0.639531357129615,temp,All,Mon
21.25_102.25,-0.13537218133071632,2.105464753550511,0.7505840164875536,-4.232490942283387,,0.9244068305858165,-0.7630252454191092,0.5726874627635937,temp,All,Mon
21.25_102.75,-0.6431092742916389,2.14361665347042,0.8817508923096751,-4.381909368319909,,0.6229350285443559,-0.6764873926273657,0.321905765005773,temp,All,Mon
21.25_99.75,0.4096373086988679,0.3065566548884416,-0.7592391329192196,-3.2604653443012075,,-1.046319362804277,-1.6485968361596905,-0.006324804918702592,temp,All,Mon
21.75_100.25,0.7283694703280932,0.5919674536430102,1.1554775964579742,-3.3841833601772273,,1.5096141987643532,-0.6306472629136848,0.8723734599455745,temp,All,Mon
21.75_100.75,-0.702139818382859,0.9191718765676101,0.818891727727433,-5.090130640907972,,0.8146142033746102,-1.0730051579481927,0.054296087590832175,temp,All,Mon
21.75_101.25,-0.5108503356414044,2.0380209057566656,1.9556044090404927,-4.845726766376178,,2.022971645376109,-0.6127453151123851,0.38254053718380515,temp,All,Mon
21.75_101.75,0.42555515202321614,1.4751710629349826,1.802476111992087,-3.5811171643937914,,1.8014499738214664,-0.5490052694712845,1.3451296611326418,temp,All,Mon
21.75_102.25,-0.3409619315712832,2.040310418248377,1.1702477221254806,-3.9934291967220963,,1.0698200451743856,-0.704875741616015,0.5690690772214327,temp,All,Mon
21.75_99.25,0.36916602516660696,0.23336171367657185,-1.3746279260931704,-2.6923367458249583,,-1.0611195986961557,-1.4114066418865365,0.6963235409604146,temp,All,Mon
21.75_99.75,-0.18658605469677247,0.586276303200646,-0.29725406263364845,-3.563336021783892,,-0.9905992468832947,-1.5700247014763735,-0.22984106642914032,temp,All,Mon
22.25_100.25,1.1406071938151936,1.1327410138693934,0.9057721604092241,-3.2828019083246214,,1.102102733149021,-0.624487927165852,1.3803358645475914,temp,All,Mon
22.25_100.75,-0.3391925121705874,1.554776963002567,1.9623650706515716,-4.943270772222701,,1.6440420027599008,-0.7388972979778754,0.1919240652882244,temp,All,Mon
22.25_101.25,0.30306233194633264,1.9982733616882515,2.4430478034333665,-4.102029950214423,,2.5502850522381326,-0.15122318001942947,0.9401376943983417,temp,All,Mon
22.25_101.75,0.30753905550185096,1.907451810830376,1.7993263708248977,-3.6856521727176674,,1.7985255573506127,-0.33599269240273216,1.030520422310185,temp,All,Mon
22.25_102.25,-0.18641089254080084,1.967578273393865,1.4939617809041694,-3.97725163715496,,1.7045478007738855,-0.3331907863492382,0.46312689404305774,temp,All,Mon
22.25_99.75,0.1851503178502274,0.7659698162947559,-0.05550302738455721,-3.4563892849926963,,0.2274023828099711,-1.2414466436628957,0.4536986512552894,temp,All,Mon
22.75_100.25,-0.6158330126053736,-0.4224768769979821,0.020832939068345796,-4.755226766930548,,0.6928383951731839,-1.6630286948384252,-0.17269214910060737,temp,All,Mon
22.75_100.75,-0.715792747041098,0.8083568494700901,1.3304407194912582,-4.903696544608819,,1.4928986184629993,-1.3810865764534446,-0.026330128669322814,temp,All,Mon
22.75_101.25,0.7689820975025159,1.2604559528456565,0.9488814836787101,-3.4458793106718826,,0.994321938231633,-0.4706420500194585,1.4320654219353561,temp,All,Mon
22.75_99.75,0.8001592923280424,0.24270750937868432,0.8620166679424571,-3.1919491283378933,,0.47541728161299623,-1.228881636018606,1.080298810523107,temp,All,Mon
23.25_100.25,-1.391658606589136,-0.7940248822643425,-0.9734371672441752,-5.33422952256015,,-0.8020331670340161,-2.2076233763810786,-1.0189935762277753,temp,All,Mon
23.25_100.75,-1.8702453599457953,-0.7742222226029365,-1.052785230577822,-5.944391130145842,,-1.620751412062786,-2.5648800105615277,-1.141123028425911,temp,All,Mon
23.25_99.25,-0.014957145668663734,0.6510794453175731,0.1689888567887504,-3.940462591481993,,0.38429029151107064,-1.3807356708082958,0.4549280645081591,temp,All,Mon
23.25_99.75,0.277584796503758,-0.2609984207581099,-0.18793095501701365,-3.6729379564192555,,0.20789657568889017,-1.394046455290861,0.5127110037877676,temp,All,Mon
23.75_100.25,-1.8556595188154879,-2.4422253452215426,-2.0490517415678036,-5.470785165363604,,-1.8698932935297867,-3.515842209373211,-2.0630652418674336,temp,All,Mon
23.75_100.75,-1.4392344827034447,-0.945562233492338,-1.0044443664122933,-5.341225342651552,,-1.0903371035478377,-2.6390174319954047,-1.2773999930141124,temp,All,Mon
24.25_100.25,-1.7849683580987497,-2.2892895729842144,-0.797439000817585,-4.367515171883673,,-0.9595631028168179,-3.635251444629351,-2.094600690047535,temp,All,Mon
24.25_100.75,-1.8053238689605635,-1.7842580999730862,0.18349411333298501,-4.602478548613489,,-0.23851396429320584,-3.019795183886046,-2.0092867599571735,temp,All,Mon
24.25_99.75,-0.8978975542465372,-1.1403288628147605,-1.5596039991309791,-3.5089352881319846,,-1.9101126223731961,-2.63989948528254,-0.9407531904282488,temp,All,Mon
24.75_100.25,-1.668516174334161,-1.9754801659939123,-0.3948225795470371,-3.879884832932799,,-0.10367934084106276,-3.089879350370966,-1.8831141018992295,temp,All,Mon
24.75_99.75,-1.1857607069129816,-0.7050219885848938,-0.5790269159897375,-3.180448007909956,,-0.5925419436930094,-2.264014903550412,-0.8313973034019773,temp,All,Mon
25.25_99.75,-1.2928580635695552,-1.3393614740438438,-0.0005502409668885057,-3.7272746470333167,,-0.45737173651444585,-2.7605290442948247,-1.6209497454966968,temp,All,Mon
25.75_100.25,0.2770976948238096,-0.15042054023613835,1.4408073197569424,-1.3503019687890572,,1.758148261361567,-0.8260555845046015,-0.36712328079010853,temp,All,Mon
25.75_99.25,-0.30164316864049434,-0.6039592289486971,-0.6730795699141959,-2.6055875893161033,,-1.0951609195332712,-1.738832920178852,-1.160118719478292,temp,All,Mon
25.75_99.75,-0.47045546809555183,-0.8406485932694849,-0.36916684411720185,-2.1337775901045375,,-0.4144871480609701,-1.575924615952029,-0.8692762788321398,temp,All,Mon
26.25_99.25,-0.1602630926550027,-1.3768572505445296,-2.036745513498608,-1.780675008981446,,-2.5935399590033996,-1.8797137080977653,-1.1593363722861854,temp,All,Mon
26.25_99.75,-0.16244943649542995,-0.9820159111153168,-1.2002473253745722,-0.8944062835045995,,-1.044067635113546,-1.1650708770366618,-0.639492141026471,temp,All,Mon
26.75_99.25,0.4318117000454159,-1.5630674735756753,-3.6748809517842913,-0.6083859921725805,,-3.992588590650381,-1.511429413862126,-0.8187885545489771,temp,All,Mon
27.25_99.25,-0.33462080217353973,-1.6597482857260173,-3.110851356055907,-1.0602435653976185,,-3.6337022730202744,-1.8460641099953368,-1.4903184665913534,temp,All,Mon
27.75_98.75,-1.629054320630499,-2.708568643709219,-4.88046469118167,-2.312902378980172,,-5.3937250320369605,-2.621532489203613,-1.81418276491561,temp,All,Mon
28.25_98.75,-0.11871581040974641,-4.312351796819676,-4.0506421960603625,-2.235542501753752,,-4.841249438505224,-4.160305879552263,-1.7634310640985689,temp,All,Mon
28.75_98.75,-0.13254720664601985,-2.481430304421833,-1.8547684225996295,-2.5628636368501208,,-1.8475163624176898,-3.8819546270471332,-1.838473985298941,temp,All,Mon
29.25_98.25,-0.2647566995959038,-2.7369501352580454,0.27166782445117554,-3.732543801195135,,-1.3091246976631283,-4.106875489157075,-1.2274558208554518,temp,All,Mon
29.75_98.25,-1.5282867098941617,-3.258040418355173,-1.0942817113318002,-4.619531483447929,,-0.9109485994837788,-6.57625534799198,-1.8533554694757788,temp,All,Mon
30.25_97.75,-1.2151231582821227,-2.918097919725552,-3.252592054978201,-3.1505816900037695,,-3.816320640754275,-6.5304086157311,-1.4036656806824848,temp,All,Mon
30.25_98.25,-1.656455587790569,-2.8838752132544525,-2.878597320733592,-4.874203729161728,,-3.1092141397669275,-6.4118596932477105,-1.4901999911295618,temp,All,Mon
30.75_97.25,-2.7269610035388183,-2.939874073634296,-7.656053406534237,-3.680563814845107,,-7.904496774562807,-6.386748160046354,-3.8922939044338176,temp,All,Mon
30.75_97.75,-3.0190009139766776,-3.3561043967209425,-5.108513621153393,-4.483647220128592,,-5.25345650539851,-6.839369079579312,-3.6535649268916925,temp,All,Mon
31.25_96.25,-1.9350060142065675,-2.485731153544789,-7.173390582185497,-2.521772681714407,,-7.6609565738074865,-4.902978067609935,-3.1658732551316535,temp,All,Mon
31.25_96.75,-2.5038709346429897,-2.2980748850933894,-8.084517234519511,-3.0964330977371977,,-8.363378862717067,-5.446724451744016,-3.099672411363216,temp,All,Mon
31.25_97.25,-3.7026460104170615,-2.658488434666915,-9.42939299718038,-4.191837066732056,,-9.74665758440799,-6.869690582524819,-4.329425297008794,temp,All,Mon
31.75_95.75,-0.5644027778266465,-1.6002096925057783,-4.435700443908062,-1.5378361821892865,,-5.715437320956474,-5.41270503207121,-2.727385632899716,temp,All,Mon
31.75_96.25,-2.10487426461059,-1.9872532876999798,-6.070562832506947,-3.106810886664832,,-6.694942161931838,-5.426867178708144,-3.026333245337548,temp,All,Mon
31.75_96.75,-2.4323280539149903,-1.7169808047237622,-6.690013780806917,-3.9238199315504763,,-6.80657753163759,-5.764907643288109,-2.8312773289611033,temp,All,Mon
31.75_97.25,-2.2840040516836755,-1.7317006140418196,-6.360781984465394,-3.3567645780488267,,-6.787436215749329,-5.745010141541604,-2.445264553226927,temp,All,Mon
31.75_97.75,-2.027674237581881,-3.1036258342630827,-6.955416602564365,-3.4157534262333598,,-6.869575402687053,-6.530125765176482,-3.032624141129396,temp,All,Mon
32.25_94.75,-1.29338382557638,-2.2371367817301806,-2.596780302465146,-2.652177784374962,,-3.863147575417102,-5.6851180496553,-3.219237362347673,temp,All,Mon
32.25_95.25,-1.9930307336945126,-2.4389967494615843,-2.0641443523662106,-2.8658663315441566,,-1.744800939756964,-5.285011800834987,-3.684707835781839,temp,All,Mon
32.25_95.75,-2.484567338743793,-2.028996980455534,-3.10581419318343,-3.62107533549791,,-3.155526978669428,-5.27911124849115,-3.836571449242975,temp,All,Mon
32.25_96.25,-2.7082057829181356,-1.2679085640912666,-5.3377304987955485,-3.694534104642406,,-5.114513751560212,-5.232275897863494,-3.09286075364123,temp,All,Mon
32.25_96.75,-2.4499381069734056,-1.621582444021982,-6.656485604350733,-4.242982160278347,,-6.778795178531696,-5.859855417233839,-2.7099435705909714,temp,All,Mon
32.25_97.25,-1.6872819671911914,-1.7657976641153101,-6.074029500825894,-3.6188804900386686,,-6.549468946407519,-5.384233935503402,-1.8472161314754192,temp,All,Mon
32.25_97.75,-1.0952513748115091,-1.3996009007720815,-4.861423765193154,-3.2215779700582914,,-5.3919350183239665,-4.939975730323432,-1.940347330052067,temp,All,Mon
32.75_94.75,-1.5807685625843604,-1.9227571781733475,-2.898052379911301,-3.589095804744833,,-3.58390865441712,-5.275429902566779,-3.6047502911290974,temp,All,Mon
32.75_95.25,-2.983527023295529,-2.0473036807364076,-4.728720570050602,-4.2830972869371315,,-5.627017718897526,-5.68864554567669,-4.7366511099024144,temp,All,Mon
32.75_95.75,-1.9463245286030482,-1.3046593910034667,-5.9944453381372576,-3.1543314847949637,,-6.818408138293296,-4.872972113545232,-3.5137392535910674,temp,All,Mon
32.75_96.25,-2.0920934437680243,-1.366339391489358,-5.906584983375591,-3.465863243094267,,-5.9522406374551835,-4.951885211396463,-3.132600143987314,temp,All,Mon
32.75_96.75,-0.6446648144212631,-0.8234705562252187,-6.259742623591534,-2.734186192561907,,-6.399733932671911,-4.389328445848415,-1.8347728181551555,temp,All,Mon
33.25_94.25,-1.0642622881641823,-1.029677557042774,-4.559198956026505,-3.1519081610097675,,-4.936819250222892,-4.481539258192486,-2.386295993089083,temp,All,Mon
33.25_94.75,-1.741909174891561,-1.3707949544052302,-5.235219281301808,-3.9289674594868367,,-5.397182949666297,-5.62172819495866,-3.439558228016535,temp,All,Mon
33.25_95.25,-1.10417216002054,-1.4251876631530636,-6.168960653648604,-2.566610330141478,,-6.187404687343507,-4.645632305152886,-2.898855190403986,temp,All,Mon
33.25_95.75,-0.37483353758470983,-1.1043543270619924,-5.8924499331219105,-1.2348461192822233,,-9.729390355131171,-3.6766996269671153,-2.040370495898219,temp,All,Mon
9.25_105.25,0.1445373553899786,1.756989434168231,1.0454617050188528,-0.24595377469675303,,0.6966905826248739,0.1351969604859307,0.4952860932279741,temp,All,Mon
9.25_105.75,-0.01056990699052235,1.5453747448480384,0.8060370779959803,-0.3860069578951137,,0.8623416780513035,0.22912659061827487,0.22103516299219428,temp,All,Mon
9.75_105.25,-0.1415686564215971,1.542349500810964,0.8149371145163251,-0.9302145889858022,,0.7382356623590195,-0.28743477476198315,0.19427236349716423,temp,All,Mon
9.75_105.75,-0.19489273202833649,1.8059850149306105,0.8356538228714835,-1.1064253125778596,,0.8126514552716814,-0.039577139373701636,0.08955086721258987,temp,All,Mon
9.75_106.25,-0.2651336396947028,1.531572800803313,0.9924298026430015,-1.0361272883732757,,0.8749701947637294,0.24818754851191707,-0.15567371297203614,temp,All,Mon
10.25_104.75,-0.43138388768287705,1.3730840143141116,0.3292951067112462,-0.915815589365472,,0.3712645511556904,-0.22154697498981157,-0.3538535527443012,temp,All,Yr
10.25_105.25,-0.5015441624872129,1.3591762220226058,0.6190258749823254,-1.49003768433266,,0.5796847919837638,-0.5547120709301263,-0.3105096512130816,temp,All,Yr
10.25_105.75,-0.5054668762631925,1.5582767193984912,0.8119482980678866,-1.7012041813259469,,0.8048100789313912,-0.33624649528823547,-0.3724803016692866,temp,All,Yr
10.25_106.25,-0.5624570863587598,1.5177469982783143,0.8594090760702326,-1.7046044458168026,,0.7736605517711735,-0.1042436085535334,-0.47409503518227325,temp,All,Yr
10.25_106.75,-0.3776393646397348,1.0280262860659903,0.5727741412364536,-1.2715847056915441,,0.7607479027871354,0.18619858272824846,-0.6060595624256635,temp,All,Yr
10.75_104.75,-0.9244086416980658,1.456712493865974,0.3647152371268635,-1.8324073273531793,,0.26773883524215847,-0.49733149125433646,-0.9893504769984456,temp,All,Yr
10.75_105.25,-0.9219042447455321,1.3438770587452489,0.5512180294599565,-2.0992621017042197,,0.4614273737638379,-0.6690216059086256,-0.7859550675366589,temp,All,Yr
10.75_105.75,-0.6937804418161697,1.2206069751145716,0.6229924312365368,-2.1225556202227374,,0.5677530855187096,-0.7830880134906969,-0.7255806784439949,temp,All,Yr
11.25_104.25,-1.1523190508271572,1.1535407170363707,0.6030726530595272,-2.624028946361588,,0.3010127976561788,-0.9448502617877246,-1.3653771461603081,temp,All,Yr
11.25_104.75,-1.1682035606457584,1.3431453165157068,0.5835798525338713,-2.670923641989172,,0.30819574319435006,-0.9404043302060217,-1.3678229113539775,temp,All,Yr
11.25_105.25,-0.9912776405419567,1.1858137583069257,0.6233672280859337,-2.6316635341550856,,0.516150145761076,-0.8029615631575893,-1.0192775659771616,temp,All,Yr
11.75_104.25,-1.2752405269855527,0.6735035494173712,0.6505541580374453,-3.3002830422270457,,0.4603526245311112,-1.4639725263035326,-1.6187187903702045,temp,All,Yr
11.75_104.75,-1.2911344977584824,1.0754534970182392,0.7609882401377343,-3.1159796861874236,,0.5051309304588659,-1.231128938875998,-1.2539640277050024,temp,All,Yr
11.75_105.25,-0.9899869559431426,0.9803930413121407,0.6734902103034993,-2.9918528324641733,,0.492482998561103,-1.0041562643993647,-1.0153069038767042,temp,All,Yr
12.25_103.25,0.4603849140404712,0.5918785300795961,1.0273529792649143,-2.296907597250294,,0.4539127558616322,-1.0626506490214673,-0.7386743836864049,temp,All,Yr
12.25_103.75,-1.07028506125708,0.20773221070273193,0.3823386926000796,-3.727499044547579,,0.3056853313621285,-1.618395999201536,-1.8027552145453325,temp,All,Yr
12.25_104.25,-0.6915711767347863,1.2715348410559668,0.8796156076635805,-3.141162573296405,,0.6423437360165009,-0.9892428305927763,-0.8317257340868829,temp,All,Yr
12.25_104.75,-1.071217170280544,1.028502256697523,0.5119797726875768,-3.289094512854422,,0.3551182775240991,-1.242569780006821,-0.9442291536708513,temp,All,Yr
12.25_105.25,-0.7998346745015835,0.8611431785479622,0.6229645854646476,-3.322275593440958,,0.5654950042002486,-1.0851360419941605,-1.1450901326197074,temp,All,Yr
12.25_105.75,-0.8209290020876475,0.8594976358010835,0.7522138834826294,-3.5270480385674237,,0.6758319888381528,-1.0369162987499063,-1.5756091707629476,temp,All,Yr
12.25_106.25,-0.6183858293618122,1.3988294892748128,1.1792085050860428,-3.346794663605892,,1.1218203100697823,-0.6416007631143381,-1.5106616118139256,temp,All,Yr
12.25_106.75,-0.13588323893172335,1.5194017520439824,1.6580975773718918,-3.16739876550141,,1.8657755443687567,-0.2919147075213545,-1.1458665201154439,temp,All,Yr
12.25_107.25,1.3721161505768058,0.82927882492868,1.6798751278788333,-1.6757623392261563,,2.1649631417853965,0.7618058977302026,-0.04403030191880575,temp,All,Yr
12.25_107.75,0.7493534367176515,0.3309211133152016,2.027369227570261,-1.7976182132104042,,2.0491580291272626,0.22161124558142298,-1.540123784028246,temp,All,Yr
12.25_108.25,1.673261640924552,0.21884707201137743,1.4747847840823074,-1.0879854384684493,,1.9256531688998666,0.2800843333666017,-1.0662644277266269,temp,All,Yr
12.75_102.75,0.04307705500245302,1.1347673827881335,0.5368611807686867,-3.2379634929843384,,0.06556335595645063,-0.7886298089511032,-1.3491337632973197,temp,All,Yr
12.75_103.25,-0.6406454583260565,1.1442789931465265,0.9715654381981343,-4.080642482346483,,1.061730079180909,-0.6773828929311091,-1.7509607470203197,temp,All,Yr
12.75_103.75,-0.8633471538122444,1.567978280559923,1.4646060797548053,-4.00316703982334,,1.3170219751977443,-0.5625572018031954,-1.4181038266753165,temp,All,Yr
12.75_104.25,-0.6961835766150151,1.498801662840699,1.0943502952649484,-3.805884585090368,,0.8714730678859866,-0.8678962532125651,-1.1086248163535197,temp,All,Yr
12.75_104.75,-0.8287977110728507,1.2107727360248193,0.7082957980886793,-3.5708135231346327,,0.6222975590737829,-1.1608164227195976,-1.2923517376966007,temp,All,Yr
12.75_105.25,-0.7476205500245354,0.62483896166546,0.7403070033934674,-3.895682061406792,,0.6359484174214634,-1.341864800966472,-1.7272624487029136,temp,All,Yr
12.75_105.75,-0.6631235617270081,0.5811021292345568,0.7055546075887253,-4.042138535610615,,0.8029884501501277,-1.2382022726251956,-1.9116122809009317,temp,All,Yr
12.75_106.25,-0.6090937724047875,1.213061379760628,0.9884810803786053,-3.801730512513411,,0.9310362377423458,-0.9690381879049491,-2.0169280943350714,temp,All,Yr
12.75_106.75,0.003732545267027376,1.4585547236153735,1.280651742063195,-3.4782284377989034,,1.3145282749457294,-0.4394068258602195,-1.4978479686603292,temp,All,Yr
12.75_107.25,0.4363021205013688,1.6379250135156491,1.3931374038309587,-3.157863905315601,,1.1283475401518739,-0.213529295190093,-1.2229160325955872,temp,All,Yr
12.75_107.75,-0.35075346458068307,1.2380774024586005,1.0357460097645363,-3.736867586604121,,0.9814610110953075,-0.6500709330580308,-2.402163104482205,temp,All,Yr
12.75_108.25,0.3993458546464726,0.9964949320474756,1.346694093037569,-2.9356607098418874,,0.6181724501168581,-0.842579812153271,-2.045629475135364,temp,All,Yr
13.25_102.75,-0.8731577168118047,1.096731007186166,0.5604294420740078,-4.228838258934884,,0.9858502881952246,-0.8212906565278509,-2.115406949206113,temp,All,Yr
13.25_103.25,-0.6067400907419886,1.6705422478395755,1.0789885164807733,-3.996346919596444,,1.0115248446740026,-0.5850782538197312,-1.5249911643419753,temp,All,Yr
13.25_103.75,-0.2991209812777075,1.5149395484525618,1.0710762238940035,-3.5724702504761674,,1.0673211101962055,-0.4933960726850823,-1.126163109763705,temp,All,Yr
13.25_104.25,-0.1244896802821241,1.3662328172434717,0.8677525582004636,-3.5683199659821523,,0.8068608270745471,-0.7835984426229522,-1.2520455916111497,temp,All,Yr
13.25_104.75,-0.3837092056125289,1.1310359487153896,0.7731476545150591,-3.7301920022706287,,0.7062418382114429,-1.1100551505851237,-1.706665423809167,temp,All,Yr
13.25_105.25,-0.5118512463507737,0.6754839469438004,0.9528614211393069,-4.1347583152015694,,0.7825285785280008,-1.445949620355814,-1.9914723146276745,temp,All,Yr
13.25_105.75,-0.39152823855744284,0.5226389581305995,0.846597353220053,-4.158285489183322,,0.9991640625129963,-1.2901215836182005,-1.8649688741672275,temp,All,Yr
13.25_106.25,-0.4240017661834299,1.0687459396910945,0.794354626510633,-3.9334223463998463,,0.8141081210336775,-1.041311800617145,-1.791412946453078,temp,All,Yr
13.25_106.75,-0.23141851103292885,1.4378161243772407,1.272812588475518,-3.6888170594938083,,1.1164024363516893,-0.6011069640525327,-1.5018036271843374,temp,All,Yr
13.25_107.25,-0.459927150235796,1.9504891171993906,1.5454687927822282,-3.866774153587677,,1.4168683723415763,-0.38461287561028357,-1.7546675651038415,temp,All,Yr
13.25_107.75,-0.6744015669835558,1.7269121803029164,1.3127063671182966,-3.841565458367643,,1.6861607578328381,-0.45970156336552176,-2.033993480737082,temp,All,Yr
13.25_108.25,0.7638986430288366,2.229164124061182,1.8876294175379071,-2.4215122685705013,,1.24282556017167,-0.14266919588126153,-0.6984980912576612,temp,All,Yr
13.75_102.75,-0.7099353290748631,0.9857764492934431,0.4425896041786237,-4.558574650381349,,0.43930617810714423,-1.1667502247756396,-2.6352298080154033,temp,All,Yr
13.75_103.25,-0.3311679130174405,1.3916456959935462,0.8095568557609946,-4.04838761937437,,0.7826478907270175,-0.8889796464306207,-2.0889163962705117,temp,All,Yr
13.75_103.75,0.0889008650015391,1.4737484951884294,1.064661935149836,-3.6641347951859333,,1.0625914645557306,-0.7178634382563563,-1.700852238108308,temp,All,Yr
13.75_104.25,0.29606354351207326,1.4085561749881474,1.167463252197853,-3.5319249868170437,,1.1737124323177879,-0.6567852609559931,-1.6933186481231965,temp,All,Yr
13.75_104.75,-0.1701493633089633,1.2196518506042533,1.0695495729054902,-3.6924541340419688,,0.9596996221856258,-1.134188740570236,-2.127220929689515,temp,All,Yr
13.75_105.25,-0.5108306996531675,0.8497060096813631,1.0557082414269194,-4.185578254984155,,0.9618727882160183,-1.562369978894794,-2.3018704196089192,temp,All,Yr
13.75_105.75,-0.4504971018289794,0.679853625312939,0.9379183087140583,-4.190120433270122,,0.9033836809974134,-1.3513732691443971,-1.972227670484318,temp,All,Yr
13.75_106.25,-0.6328616030807362,0.9632059768279395,0.6987170284701943,-4.164937362015619,,0.7885793828130845,-1.1799141441683103,-1.791157919047501,temp,All,Yr
13.75_106.75,-0.4902032986500987,1.2613554395289068,1.0171291436900622,-4.043021766391363,,0.9463924050369708,-1.0169804375327496,-1.4736317195648372,temp,All,Yr
13.75_107.25,-0.2841230127837251,1.6457598822267148,1.0559663986409489,-3.882364332056624,,1.3265550937362247,-0.5910368869925396,-1.5558429878109632,temp,All,Yr
13.75_107.75,0.11885212008550165,1.5278930777004256,0.8968903250825494,-3.2660394141693905,,1.0693373998802307,-0.5050921350982696,-1.6554797710241125,temp,All,Yr
14.25_102.25,0.15368492152606292,-0.3209665553808914,0.33545176614184374,-3.457704065486438,,0.7481273415342132,-0.7723791443554497,-1.7436209526037383,temp,All,Yr
14.25_102.75,-0.2774311712453525,0.15723621811346394,0.4670643698380612,-4.22970709900109,,0.46499898798978617,-1.1391149913915717,-2.256625172729995,temp,All,Yr
14.25_103.25,-0.35799248238807,0.7740857141668944,0.6579183347056909,-4.2040403377872595,,0.6411758658332702,-1.0686749954878527,-2.412053514463824,temp,All,Yr
14.25_103.75,-0.1982638437674144,0.7994271336011506,0.8028278118787999,-3.9304404089627463,,0.7279982739476512,-1.0991150657068476,-2.3332081177067474,temp,All,Yr
14.25_104.25,0.02487982259151246,0.7129485419733678,0.9215358486995867,-3.5743080754963352,,0.888407486421971,-0.9960923378122106,-2.011757583984163,temp,All,Yr
14.25_104.75,-0.47051681970539977,0.7831730046743363,0.8149950830068785,-3.7182522068767616,,0.7658522244678997,-1.4044607016077377,-2.383151981997156,temp,All,Yr
14.25_105.25,-0.3777780892615053,0.5647096338714638,0.952877456313263,-3.6727383535652205,,0.9077535394365834,-1.2860623637206714,-2.0078658548959925,temp,All,Yr
14.25_105.75,-1.1358302351307057,0.9195293445534022,0.6742436470211515,-4.133267428824512,,0.6137542227046272,-1.463995254697207,-2.320159658511531,temp,All,Yr
14.25_106.25,-1.4464634894494761,0.6679144337982724,0.490409686561702,-4.454336103105689,,0.4440746521279867,-1.6185589159825662,-2.1747453585181855,temp,All,Yr
14.25_106.75,-0.522530918814615,1.2400974333990402,0.990464126764313,-3.5808671522527464,,1.0630198623898997,-0.9224844924769822,-1.168021049999583,temp,All,Yr
14.25_107.25,-0.7359840739909002,0.8325734007036453,0.4783276496910115,-3.543362493221382,,0.687663191273465,-1.1413942083780388,-1.8306842865400768,temp,All,Yr
14.25_107.75,-0.4966515395363928,0.2732417373639071,-0.009384031156690793,-3.367924462992074,,0.19736477302026895,-1.24230841249345,-2.472101073450274,temp,All,Yr
14.25_108.25,0.7819764981577134,0.1969365933910557,0.43413047130107846,-1.9447514155667005,,0.30674846437274955,-0.4911831041910989,-1.3743644245036635,temp,All,Yr
14.75_101.75,0.1345112001064622,0.4941431723099703,0.5194211754456006,-3.4890420782909555,,0.21320057422794608,-0.9538354554565789,-2.0308334644559216,temp,All,Yr
14.75_102.25,-0.7467220309238054,0.4665010608744833,0.5300130451381084,-4.524571162262644,,0.17605606411823851,-1.274429717211036,-2.7355557896673908,temp,All,Yr
14.75_102.75,-0.4654583826134695,0.5320222039241123,0.5589281436983797,-4.412950442939009,,0.3719076510633699,-1.2565618454475138,-2.5037199836772555,temp,All,Yr
14.75_103.25,-0.22508270745481537,0.6165965545491598,0.7042609744990893,-4.1250818794445685,,0.5127538351173997,-1.1850605566368069,-2.413191860377107,temp,All,Yr
14.75_103.75,-0.09580722525804457,0.6760877146908874,0.9615866301120339,-3.746434288224335,,0.7795400264906728,-1.0834149479335613,-2.31744324130216,temp,All,Yr
14.75_104.25,-0.2888007111310724,0.5474539683193194,0.8545713204165326,-3.630723868719382,,0.702396888281725,-1.1786895941562483,-2.2567557577080786,temp,All,Yr
14.75_104.75,-0.45365256090359335,0.6481582779399654,0.6594225037635884,-3.5326714293318693,,0.5084354068418295,-1.2092642580116608,-2.2015032944082638,temp,All,Yr
14.75_105.25,-0.7429978819938283,0.501995062213572,0.3858100768520594,-3.694404978499721,,0.21732905386298068,-1.173748833183621,-2.3068827423043974,temp,All,Yr
14.75_105.75,-1.29794045420898,0.5631159166105252,0.19528039191223615,-4.400345746521278,,0.1971458773111764,-1.7328656918556773,-2.643474767967496,temp,All,Yr
14.75_106.25,-1.512757632806846,-0.40756563664944917,-0.1298417053422158,-4.901266092584275,,-0.056365904384060334,-2.55993800872903,-2.609974696438522,temp,All,Yr
14.75_106.75,-1.3303713663697396,-0.3568174663564313,-0.18117674830118663,-4.611728747307267,,-0.21977398778185395,-2.1295476907993787,-2.8037687830925475,temp,All,Yr
14.75_107.25,-1.526660118854539,-0.24047891022282147,0.010024662191947285,-4.5894799562300905,,0.5325030035930828,-1.9095553828671485,-3.4982868670184897,temp,All,Yr
14.75_107.75,0.39395162853174287,-0.6543292431028607,-0.33784408925318726,-3.0296846271136397,,-0.30311913662033874,-1.469015491824072,-2.3324875206435944,temp,All,Yr
14.75_108.25,1.6031443787375974,0.027887453610133523,0.5043167826101419,-1.5934909387138094,,0.07547888822350263,-0.6721342731283944,-0.8992639911170995,temp,All,Yr
15.25_101.75,-0.058252261895850505,0.8594266646289229,0.678153079197545,-4.3779533632133125,,0.4717945959652668,-1.0054950156781528,-2.5506631247972646,temp,All,Yr
15.25_102.25,-0.4936440468764286,0.9373174561885043,0.794961136853224,-4.818475790582295,,0.6486061635518302,-1.0878007972361534,-2.666914261005896,temp,All,Yr
15.25_102.75,-0.17154808951102474,0.9665132499105886,0.7653508950270731,-4.50539803715348,,0.565168875040547,-1.0749739219710388,-2.0730367163626684,temp,All,Yr
15.25_103.25,-0.13822373680664668,0.8595905953955294,0.8047512280526655,-4.298388305407922,,0.6532162448952433,-1.0751293252364198,-1.9019467574086544,temp,All,Yr
15.25_103.75,-0.09750880055892412,0.9272648792740645,0.8890795495754007,-4.055422035165639,,0.7549725037220024,-0.9586308105854562,-2.064199855943974,temp,All,Yr
15.25_104.25,-0.3239247095175117,0.8874546269265002,0.7340629910339271,-4.035611675191922,,0.6185483128727203,-1.0878433751694645,-2.2862469599146644,temp,All,Yr
15.25_104.75,-0.6197415940980275,0.8072467643536199,0.524729370752967,-3.9782263355748517,,0.45012760165847393,-1.2346778004632746,-2.446078746558708,temp,All,Yr
15.25_105.25,-1.0305042484883271,0.8395478464372746,0.3133747007843232,-4.178579217901374,,0.18900887395929525,-1.4462023150435408,-2.6782585387504056,temp,All,Yr
15.25_105.75,-1.6687188824013772,-0.10079558720296708,-0.13132913724413836,-4.999623109056731,,0.04292599953423131,-1.9587815380392735,-3.0112230432459177,temp,All,Yr
15.25_106.25,1.1922014601059634,1.0597167794287656,1.4590243401452208,-2.0907307838660576,,1.8603229468273572,-0.09985726195823119,0.10032806780281255,temp,All,Yr
15.25_106.75,-1.4943927298284139,-0.8916347922332845,-1.0481088594455679,-4.796908670975039,,-0.9120634842927368,-2.0569497273789636,-3.2774480990676285,temp,All,Yr
15.25_107.25,-0.033946418560936484,0.4860195700568081,0.9456304232269557,-2.9666055596726304,,1.0914112137468694,-1.023694091415691,-1.9527137010999658,temp,All,Yr
15.75_101.75,-0.30768039815022635,0.5127594588126195,0.7641095936156233,-4.73621834940656,,0.6314240294516394,-1.1917665516380966,-2.5958550493841015,temp,All,Yr
15.75_102.25,-0.5286250513594661,0.9324651714200163,0.7529272546181931,-4.845120946947959,,0.6671410271893267,-1.0229592793040068,-2.3540563910305994,temp,All,Yr
15.75_102.75,-0.1350843692558485,1.183209037644202,0.8293586511798124,-4.467699710474004,,0.6669461838460958,-1.0279791850479496,-1.7706846472831468,temp,All,Yr
15.75_103.25,-0.10864212765426472,1.0965919349419035,0.852778179961907,-4.310409761895851,,0.6894995321506102,-1.1118554111668364,-1.7453415989012824,temp,All,Yr
15.75_103.75,-0.16087863446199396,1.132821057090101,0.8757856709168179,-4.233991359050496,,0.7456069731184132,-1.0695529578686038,-2.0830907886485184,temp,All,Yr
15.75_104.25,-0.3882447684041548,1.0830674168475687,0.7755245202984251,-4.193790431960143,,0.6525872878043101,-1.0833227740349822,-2.376877254555813,temp,All,Yr
15.75_104.75,-0.6546926146334968,0.8715190082840528,0.5719478819938288,-4.178930022040905,,0.49739893912551697,-1.1482868108266588,-2.421135257753825,temp,All,Yr
15.75_105.25,-1.075796008932804,0.7188829692425417,0.2662958860443645,-4.4092616187588884,,0.22465788482171728,-1.36994879895784,-2.4612257846977905,temp,All,Yr
15.75_105.75,-1.3703810244446115,0.8414816665003197,0.4728752449451472,-4.915695595811396,,0.35589804584508183,-1.6706625323751774,-2.587546248471691,temp,All,Yr
15.75_106.25,-2.231637993113256,0.2843956486263948,0.22758445866706603,-5.5062909351581535,,-0.08231346840664974,-2.4116046216034137,-3.529322255512305,temp,All,Yr
15.75_106.75,-0.9103514222621456,-0.5071173660703151,-0.850238325473464,-4.620329387242059,,-0.4106717763305634,-1.9426638660994253,-3.2922380687468293,temp,All,Yr
16.25_101.75,0.6565748633879789,0.39029220159526345,2.0384786810390008,-4.398245422790294,,1.908066352396637,-1.0907294076194987,-1.8393275908459534,temp,All,Yr
16.25_102.25,-0.36550385216791015,0.9050818437424619,0.5287041109198122,-4.920891895933661,,0.4592182201345738,-1.1418770625296302,-2.125541450541042,temp,All,Yr
16.25_102.75,-0.1551531672364036,1.1491545506358596,0.6451073521387998,-4.589962152585439,,0.4826269579393,-1.0720702277490826,-1.6991354134541012,temp,All,Yr
16.25_103.25,-0.12981244396203906,1.118464208606766,0.7476658021641676,-4.385464602452779,,0.5877459436002364,-1.074773929810116,-1.7954858683492603,temp,All,Yr
16.25_103.75,-0.11175562750039486,1.1473959533315035,0.7363947145494928,-4.301336653088637,,0.563773234190849,-1.052743766936148,-2.375541990605585,temp,All,Yr
16.25_104.25,-0.13058549791650936,0.919187261771091,0.6354724665435716,-4.079340795219203,,0.5647093074997307,-1.04973524207567,-2.3626220047658246,temp,All,Yr
16.25_104.75,-0.551439129675376,0.8182177064983231,0.47253440273307074,-4.1966654371168834,,0.45701962043898764,-1.0906965447555128,-2.1113374936164555,temp,All,Yr
16.25_105.25,-1.2619749977127352,0.6488821037835503,0.4026289261920806,-4.7103880476748925,,0.2528028548793569,-1.4259564873451933,-2.2083438349510525,temp,All,Yr
16.25_105.75,-1.4572539511440477,0.9945729473679825,0.5731786510966381,-4.90437776904459,,0.6024167796574914,-1.3892071131821246,-2.4440526930658484,temp,All,Yr
16.25_106.25,-1.0514018709816937,1.0194778532990667,0.41812642330181127,-4.328722527135265,,0.860350902845356,-1.2415731804817394,-2.3538269298475436,temp,All,Yr
16.25_106.75,0.6135717888897203,0.5873727954936735,0.2216266890402636,-2.9151641817418135,,0.01020800579717355,-0.7718763285675085,-1.2133951773669025,temp,All,Yr
16.25_107.25,0.7463320067203968,0.095182322175645,0.4502672736024827,-2.8916899573113417,,0.14083424326920774,-0.9685806004898903,-0.9459615786901876,temp,All,Yr
16.75_101.75,0.4486053867139105,0.8481159056940398,1.7480447228252283,-4.775456521259076,,1.5537485516006693,-0.8898281483560804,-1.5210139440576878,temp,All,Yr
16.75_102.25,-0.9153884243664281,0.8266788338698002,0.16054886928080078,-5.2854376130532055,,0.14940462262228552,-1.3889082550881222,-2.0927416422054206,temp,All,Yr
16.75_102.75,-0.38321864286249013,0.9521251122214743,0.47786539332617983,-4.67488871726094,,0.2568137787051595,-1.2743158417338294,-1.6605624347298111,temp,All,Yr
16.75_103.25,-0.23958185825619044,0.8968455079596773,0.6212913151350323,-4.352202639502291,,0.4387929009781174,-0.9642313775773292,-1.700426066738196,temp,All,Yr
16.75_103.75,0.034215567116633615,0.7496896495288234,0.6167578322978264,-4.04121690354401,,0.48793802642413336,-0.995819628860277,-2.1257954825918426,temp,All,Yr
16.75_104.25,0.08070924470394363,0.8535871587194644,0.7877901519574811,-3.7580161712869398,,0.7261040560670708,-1.0362369035232184,-1.8947349910380855,temp,All,Yr
16.75_104.75,-1.0031478483086724,1.0207500307325068,0.6850226606698772,-4.383774232747793,,0.45917489940198386,-1.3794431940389753,-2.0768093123029834,temp,All,Yr
16.75_105.25,-1.4519484321847116,0.8788257241060963,0.6673507051010142,-4.832237545870033,,0.5431401451788643,-1.4724922652227788,-2.291129246076304,temp,All,Yr
16.75_105.75,-1.397915383303807,1.18380151882626,0.8699750008317321,-4.707955798774858,,0.8598897150069443,-1.3128553468115536,-2.4396199056815626,temp,All,Yr
16.75_106.25,-0.0020087685372326782,1.2706041953406362,0.8688692693232193,-3.6406298911054558,,0.6375029626302697,-0.8963280961440889,-1.7425062532333597,temp,All,Yr
17.25_101.75,-0.10307443795693258,0.8406179505909461,0.12766397963087606,-5.570586998839734,,0.017829794624514308,-1.23530307551713,-1.69910093905482,temp,All,Yr
17.25_102.25,-0.7117857154144933,1.2076101298126114,0.6928567087315254,-5.212805158673719,,0.564881122277117,-1.2012868376084367,-1.4381710628124194,temp,All,Yr
17.25_102.75,-0.42003304139531394,1.0999151944590007,0.6986140993171485,-4.576190010791725,,0.5165843150269072,-1.3311187872304138,-1.2030982961798538,temp,All,Yr
17.25_103.25,-0.4770235550731512,0.7910425620680189,0.5809423931847858,-4.32126405656611,,0.4409016551887621,-1.0292833667273824,-1.313989273011952,temp,All,Yr
17.25_103.75,-0.38484187064900116,0.7221847481722682,0.6672746553509494,-4.075541730044664,,0.46037527565686115,-1.0378319712262234,-1.5756271814673422,temp,All,Yr
17.25_104.25,-1.0295499866922841,0.9118020351240523,0.7675512352471494,-4.291581161056633,,0.5957236992747301,-1.1865160197037368,-1.9600972194192836,temp,All,Yr
17.25_104.75,-1.7482209430180229,1.2562664500420027,0.7797010568405818,-4.715499982055377,,0.6651082266220859,-1.3810224556686712,-2.42367940659231,temp,All,Yr
17.25_105.25,-1.4593692903660451,1.0859697070639018,0.7724599206943302,-5.0187132861741155,,0.8328994776305616,-1.286870851132404,-2.677344866278248,temp,All,Yr
17.25_105.75,-0.5119300800126416,0.8618736714324934,0.6575023033161165,-4.370065711713285,,0.8065828196554973,-1.0545227237567685,-2.299663950915321,temp,All,Yr
17.25_106.25,1.1661454034317273,1.5719805612529216,1.4080391499280556,-2.482690608994352,,0.8794575587410913,-0.20073050113947272,-0.7657507798321566,temp,All,Yr
17.75_101.25,-0.015547564272109484,1.2719275547487758,0.5514853130224316,-5.1368900986018575,,0.36074245980653863,-0.9756471229341845,-1.2822888384971847,temp,All,Yr
17.75_101.75,-0.4852551854347041,1.4234322359665978,0.6621982179304834,-5.574122712736315,,0.6535204748775283,-0.7989552764470059,-1.2883431660137565,temp,All,Yr
17.75_102.25,-0.62939496760403,1.8757439844133377,0.9564625772055465,-5.021911572514576,,0.7676710609160688,-0.8220818097329315,-0.9279525788648524,temp,All,Yr
17.75_102.75,-0.7143932163917803,1.7447312051384412,0.9116353416756068,-4.79220435623924,,0.6878514826874925,-1.0332698427610185,-1.0401485259708403,temp,All,Yr
17.75_103.25,-0.8342007826600462,1.2819824591203601,0.7523814797764309,-4.466924351082499,,0.6002243045886667,-0.7872747548469192,-0.9307596640841383,temp,All,Yr
17.75_103.75,-1.0349764382729918,1.33915328255608,0.7232499441907662,-4.478256996801989,,0.5823756579625885,-0.6698130555347619,-1.3979958828380363,temp,All,Yr
17.75_104.25,-1.4690935012600739,1.360995182773162,0.9454019678369145,-4.907246376949371,,0.9255265901265081,-1.0239966011677513,-2.182310855785945,temp,All,Yr
17.75_104.75,-0.9971998369804795,0.8896295123553823,0.7699692765592897,-4.529942785957865,,0.8679600380517497,-1.2173645602839542,-2.205437568039857,temp,All,Yr
17.75_105.25,0.4176104141194858,0.7117092696143256,0.9050714141319626,-3.5950218290141485,,0.8762985062920541,-0.8995863333083811,-1.4790253623982168,temp,All,Yr
18.25_101.25,-0.06436339380026762,1.7002455961856766,0.47021732123994675,-4.961162223596659,,0.6486304798055418,-1.0758280127837245,-0.9050411449667719,temp,All,Yr
18.25_101.75,-0.7191863957714728,1.6868651213705275,0.5570756932488303,-5.533748552706872,,0.7073714606257959,-0.9044451586945131,-1.2642960692541851,temp,All,Yr
18.25_102.25,-1.050599068875748,2.2026856755329334,1.1412244046668496,-5.535252662254327,,0.9352236505144257,-0.7058009302717275,-1.4915757358459962,temp,All,Yr
18.25_102.75,-0.7688236099674798,1.6630806251923371,0.967731736116308,-4.962636843912968,,1.077160481864078,-0.6197904883931764,-1.1139397748916673,temp,All,Yr
18.25_103.25,-1.353822575292562,1.7275126146958777,0.5998594082432989,-5.202892163293992,,0.22468651955402585,-1.1389951601292505,-1.5420717093594827,temp,All,Yr
18.25_103.75,-1.8340165431544273,1.7653323188903034,0.7503202198476274,-5.511014953880446,,0.544976451019288,-1.1109188307923907,-2.270641855877436,temp,All,Yr
18.25_104.25,-1.0505057913516471,1.2554283703038318,0.7959379703030007,-4.937352387402167,,0.8655584048207198,-0.9474655484026582,-2.00101316047026,temp,All,Yr
18.25_104.75,0.19004075338307105,0.32051500083173107,0.1339872972444708,-3.790435139094743,,0.20365432523641974,-1.0913698210943938,-1.1474792632037498,temp,All,Yr
18.25_105.25,1.3106681473995898,0.6435974109214762,0.8297640833063031,-2.2044898298650097,,-0.008719622372765516,-0.43128167964168973,-0.15736181786727166,temp,All,Yr
18.75_101.25,0.5289113164658035,0.8380404708020391,0.21615989397493174,-3.9267394378716793,,0.5096277899418621,-0.9168166821160929,0.19780096139514805,temp,All,Yr
18.75_101.75,-1.2335722767838575,1.1873618584433305,0.2640937487420055,-5.440510051631858,,0.2719329606964924,-0.9660365231304735,-1.3293410378022306,temp,All,Yr
18.75_102.25,-2.038437653683326,1.5384826654107508,0.5883966764603136,-6.078412757736357,,0.2888884411882131,-1.494847050615066,-2.204357468144655,temp,All,Yr
18.75_102.75,-1.299082212574127,0.7438561387246223,0.09402858131430333,-5.0852631896453495,,0.20691055963104235,-1.2617855737704917,-1.2885063947817124,temp,All,Yr
18.75_103.25,0.3232637883740465,0.2873881904833194,0.46191366827191044,-3.497285628066181,,1.2891657332135642,0.1058736088654337,0.09329687208373885,temp,All,Yr
18.75_103.75,-2.212663298566925,1.0403984280052576,0.3184267502349645,-6.028283605316016,,-0.27518972800276054,-1.7072118004923846,-2.7608376806480854,temp,All,Yr
18.75_104.25,-0.6147520278879822,0.6175759561801863,-0.05314531483144987,-4.5097992814292915,,0.25276041345410033,-1.0914572512496787,-1.4738438206606457,temp,All,Yr
18.75_104.75,1.2549105951875963,0.951851030245943,0.7343308195057848,-2.6611998378101323,,0.28210329715298005,-0.18457105083547554,0.17213807211742427,temp,All,Yr
19.25_101.25,1.3491137615090942,0.947511805108499,1.3966342225174875,-3.3197276215159985,,1.4548340579176757,-0.8361241645415911,0.8569541543940412,temp,All,Yr
19.25_101.75,-1.1217515700609662,0.7524982402417005,0.3508483227911261,-5.698142203123571,,0.34475002790461695,-1.3390447883865233,-1.4673816759529585,temp,All,Yr
19.25_102.25,0.26796476424549354,1.0524027532000901,0.7470512573504338,-4.242765305732299,,0.7182250060924389,-0.8038797184378402,-0.12476225003119011,temp,All,Yr
19.25_102.75,0.7923301811512832,0.1466419881103869,0.5037653058279474,-3.4647765141623212,,0.806094875198576,-0.7917890410335112,0.22504393001596867,temp,All,Yr
19.25_103.25,0.9260608040355653,-0.3327039056940385,0.0041765499039354064,-3.432673643772196,,0.2133873955968103,-1.1295647348271245,-0.3190604970535882,temp,All,Yr
19.25_99.75,0.45159392877044957,1.9793731965341717,1.7685982699345424,-3.9072158669976966,,1.466860223590421,-0.5500116060125924,-0.5118389432633853,temp,All,Yr
19.75_100.25,-0.3449679221664969,2.272701389637448,1.3101013232860081,-4.624236890011727,,1.4777499129592198,-0.6144226557418639,-0.308710208931142,temp,All,Yr
19.75_100.75,0.1484202298076202,1.6365686243148605,1.1029189811072024,-4.8596805075354945,,1.1666361191373271,-0.9187823658000018,-0.23228691471417662,temp,All,Yr
19.75_101.25,-0.20184490106544928,0.5082394774850076,0.5820704176543485,-5.1722305078505135,,0.6218643628307176,-1.6034152233908072,-0.6098407792998484,temp,All,Yr
19.75_101.75,-1.197451271884954,1.0643014588583648,0.5477722623740962,-5.912252774755887,,0.6200689028827837,-1.519621131363791,-1.297030033593665,temp,All,Yr
19.75_102.25,-1.1030716914938745,0.6683088741048473,-0.32008522159426456,-5.450947401503772,,-0.3156832878375801,-1.4537758586970082,-0.9262978002927704,temp,All,Yr
19.75_102.75,-0.6271775964601483,0.8455393172309963,0.5032573210943929,-4.6140120316749424,,0.6308447836456487,-1.3680741485473795,-0.5116723704420659,temp,All,Yr
19.75_103.25,-0.3203479741497617,0.8892608790203858,0.8975044638445997,-4.035943822350434,,1.071640694184528,-1.1595601422919215,-0.7058905856742432,temp,All,Yr
19.75_99.25,-0.015104516139763527,1.2809867419176428,0.9515714247781357,-3.9613915569279134,,1.035390843314121,-1.1579097923039816,-0.4619469028370392,temp,All,Yr
19.75_99.75,-0.3099347614176053,2.261136914689222,1.527707610142142,-4.387036431606657,,1.4187942727957013,-0.6753182681879056,-0.6075802829761047,temp,All,Yr
20.25_100.25,-1.605680878891467,1.9840541359965398,1.0456398194933088,-5.8468073911220895,,1.2692472899668141,-1.096143646584491,-0.9348915452753455,temp,All,Yr
20.25_100.75,-0.9294460609160698,1.390632878500553,1.1566820969217593,-5.728713187699303,,0.8910610148588963,-1.5521579304006452,-0.5806710665926423,temp,All,Yr
20.25_101.25,-0.43655533739218794,1.2130249712844439,0.8357163342232865,-5.327082814622103,,1.0682806277707066,-1.4543135687177189,-0.507373280160691,temp,All,Yr
20.25_101.75,-0.14227045237917027,1.3386489043175218,1.4371950462027256,-4.66584654109926,,1.4585762573712266,-0.9651068720878975,-0.03864920029609742,temp,All,Yr
20.25_102.25,-1.4976191247681554,1.599475683725495,0.7222995959860603,-5.531995662863571,,0.5965212769585215,-1.592366850354734,-0.8933328211201776,temp,All,Yr
20.25_102.75,-0.924765501908825,2.001553775606956,1.1062014598148553,-4.699308701411574,,0.9575240316765229,-0.7637693863396299,-0.2708427227441344,temp,All,Yr
20.25_103.25,0.1486928831166667,2.2631651495870444,1.7887669015062668,-3.45345871339904,,1.074185300018298,-0.7031133553825553,0.2911287529738584,temp,All,Yr
20.25_99.25,0.37794748442581433,1.2327477273748049,0.5321801721685754,-3.5721105391849854,,0.7570599869210111,-1.0169121247931068,0.212773257125866,temp,All,Yr
20.25_99.75,-0.7258137810548031,2.119301482500353,1.2213338973725576,-4.731756680276718,,0.8715562776239063,-0.8926251034882865,-0.5078415390165603,temp,All,Yr
20.75_100.25,-0.6667643755770142,1.7703137396553297,1.1884024224201748,-5.086920498219054,,1.5276912956724968,-0.7705900414202661,-0.3898519179329788,temp,All,Yr
20.75_100.75,-0.5176310097229488,1.5393918543678435,1.113846220172003,-5.307584112262269,,0.9285043403739477,-1.5529162544684807,-0.053284556957023575,temp,All,Yr
20.75_101.25,-0.07184906970747956,1.0062737965666089,1.1221875072568637,-4.8993007478602015,,1.1969406879881233,-1.503917329580973,0.1552957254327089,temp,All,Yr
20.75_101.75,-0.5949804690969877,1.0031930235546576,1.222845716204639,-5.142831909583926,,0.9686969344012775,-1.658690996092938,-0.393467043025509,temp,All,Yr
20.75_102.25,-0.5296225910954754,2.076442727208457,1.0854614148389352,-4.686801987402167,,1.5582567829844216,-0.9022126396449335,0.1179570425938399,temp,All,Yr
20.75_102.75,-1.1192521528141652,2.1035509784290247,1.0606780453668359,-4.869221944404853,,1.1717735130914657,-1.0169858431290597,-0.16420460748059934,temp,All,Yr
20.75_103.25,0.6591406752834126,2.367947893804426,1.7235569942818403,-2.8507856863175887,,1.892315736457319,0.032501861750949795,1.4823961104277183,temp,All,Yr
20.75_99.75,0.12403395272433926,1.297357998311584,0.6255489683816984,-3.995615595962564,,-0.14903682390564812,-1.3105585523450691,0.015594077949946062,temp,All,Yr
21.25_100.25,-0.3747157120875653,1.0282491964842673,1.733724104369921,-4.498584661875058,,1.5495690005073557,-1.2216553422786143,-0.47474154009573294,temp,All,Yr
21.25_100.75,-0.44503169573570883,1.3825286475409837,0.835588905315601,-4.898290198887974,,0.960477566060334,-1.0288887076377968,0.12402145683725546,temp,All,Yr
21.25_101.25,-0.410256015087622,1.0057447962671864,0.9473458906604788,-4.881302273171229,,0.9805123355873275,-1.4432965836107157,0.305582662445626,temp,All,Yr
21.25_101.75,0.08468533997055634,0.9484367575750006,1.2750571301910487,-4.26720359717419,,1.401844829765202,-1.1142249663006212,0.6318421429123932,temp,All,Yr
21.25_102.25,-0.1318779436251884,2.1003881895892076,0.739687511872978,-4.2265651128827,,0.9107763243256731,-0.7654189681255252,0.5676900067411894,temp,All,Yr
21.25_102.75,-0.6397673320524656,2.1384450920103797,0.8718546300039086,-4.3768875656073005,,0.6098388707987126,-0.6797047920814931,0.31828567583152495,temp,All,Yr
21.25_99.75,0.41137833587011663,0.3033580224526112,-0.7675535000665392,-3.254814661044156,,-1.0549528916003368,-1.65156655820795,-0.014699937990202293,temp,All,Yr
21.75_100.25,0.7297780917567024,0.5886866062725095,1.146180037161797,-3.3789358882278697,,1.4989897738020974,-0.636197194272692,0.8637703474935754,temp,All,Yr
21.75_100.75,-0.7001793548252943,0.9143633951726261,0.8087311394731811,-5.0847251490086585,,0.8029569685230934,-1.0779954084533105,0.04647002330929655,temp,All,Yr
21.75_101.25,-0.5096778320067197,2.0323641341667296,1.9443434459706737,-4.841080183965532,,2.0092542207500563,-0.6186253101491288,0.37460977689198394,temp,All,Yr
21.75_101.75,0.42703493574868406,1.469795471811845,1.789530738578237,-3.5763604245853813,,1.7864217677429286,-0.5540845543478804,1.3378578629014144,temp,All,Yr
21.75_102.25,-0.33774145469970346,2.0358061779615904,1.159284839018223,-3.9870677359769946,,1.0560002910231137,-0.7082007312772911,0.5646563550095226,temp,All,Yr
21.75_99.25,0.37005560021957823,0.2309005216208805,-1.3794157212782059,-2.6877026402855755,,-1.0667099417371562,-1.4160798688898861,0.6871506155317681,temp,All,Yr
21.75_99.75,-0.1856513676173367,0.5815593824741545,-0.30469207612845256,-3.558470441935524,,-0.9999519989936041,-1.5745412077729537,-0.23868747093594914,temp,All,Yr
22.25_100.25,1.140895501492959,1.1285788485683805,0.8964010118397083,-3.2775522975029734,,1.0914978977302021,-0.6287498335096604,1.3719820998078698,temp,All,Yr
22.25_100.75,-0.33808214345717796,1.5501913473646562,1.9523190793763676,-4.937631888238349,,1.632294741144131,-0.7431776857299697,0.18464314055443212,temp,All,Yr
22.25_101.25,0.30357067295456275,1.992884545815971,2.4322901814631828,-4.09677266166097,,2.537397886069316,-0.15707167797905738,0.932718836780863,temp,All,Yr
22.25_101.75,0.3079975844000295,1.9012643553409678,1.7868991559373208,-3.6802966955082095,,1.7840584012442708,-0.3413787383285928,1.023612982466668,temp,All,Yr
22.25_102.25,-0.1850777098252525,1.9625357988788257,1.4827429030366543,-3.970999585901411,,1.6901632198018812,-0.3381052416693703,0.45829329274272074,temp,All,Yr
22.25_99.75,0.18468332622202294,0.760501683280519,-0.06255855743942895,-3.451799952607665,,0.21911646977485055,-1.2467467689073528,0.4445024746654358,temp,All,Yr
22.75_100.25,-0.6156435764070834,-0.4259672942814249,0.01279937277158183,-4.749899381334764,,0.6841242502611641,-1.6658776148323229,-0.17986890024203403,temp,All,Yr
22.75_100.75,-0.7151793219718707,0.8040348593956634,1.3220396798038774,-4.897835228910099,,1.4838215909374453,-1.384770025364922,-0.03292112891184493,temp,All,Yr
22.75_101.25,0.768818081027356,1.2558194413836699,0.9384815956824778,-3.4404694716086532,,0.9825787110375023,-0.47511315381447045,1.4249049318437008,temp,All,Yr
22.75_99.75,0.7992041794545496,0.2391376001052136,0.8552624536974661,-3.187355618434576,,0.4669427404995383,-1.2322813498307637,1.0719267217689277,temp,All,Yr
23.25_100.25,-1.3913415468972226,-0.7974613737076949,-0.979586232686661,-5.328082273069633,,-0.809698797605027,-2.2095802596023493,-1.0247260449601185,temp,All,Yr
23.25_100.75,-1.8696280584874119,-0.7776845529397574,-1.0586272008175923,-5.93759590898957,,-1.6290192191510506,-2.5672191783011034,-1.1464321924050374,temp,All,Yr
23.25_99.25,-0.015832525388626846,0.6464077962255987,0.16288807720138662,-3.9356198564158995,,0.37673556465262653,-1.385189014272526,0.447408914818141,temp,All,Yr
23.25_99.75,0.27662954171553167,-0.2638821629528773,-0.19383401153737326,-3.667897109437274,,0.20038044777345299,-1.3971283109390666,0.5056802409653086,temp,All,Yr
23.75_100.25,-1.8550316612604065,-2.4441585330742477,-2.0542679804778925,-5.463104144309204,,-1.8766305732201962,-3.515733598940373,-2.0671237141835297,temp,All,Yr
23.75_100.75,-1.4389179310244449,-0.9483755096740855,-1.0101268785383968,-5.333320362636657,,-1.098110891455823,-2.639557217590877,-1.2815633010101386,temp,All,Yr
24.25_100.25,-1.784181965632823,-2.2905190796909696,-0.8021818253179299,-4.358787035164184,,-0.9658085978248122,-3.634138463270043,-2.0971177789588378,temp,All,Yr
24.25_100.75,-1.8050170214420578,-1.786643737096964,0.178093057256447,-4.594052551213623,,-0.24514340831929854,-3.019882134991084,-2.0126487046306694,temp,All,Yr
24.25_99.75,-0.898996037211701,-1.1425849466730709,-1.5634756624300303,-3.501267131334598,,-1.9156123098730775,-2.6409270487832592,-0.9441380411083671,temp,All,Yr
24.75_100.25,-1.6677939385017178,-1.9763294804189444,-0.3988287292830057,-3.8716107917550593,,-0.10991948242778567,-3.0888923982537784,-1.8839529853656718,temp,All,Yr
24.75_99.75,-1.1853627615174125,-0.7074882002357963,-0.58329240563665,-3.173206093780348,,-0.5992059490686681,-2.2647739683931434,-0.833338920133743,temp,All,Yr
25.25_99.75,-1.291827208664986,-1.3409408915263117,-0.004396647009838735,-3.7193426223418746,,-0.46405533692657985,-2.7606963973560474,-1.6210387199726395,temp,All,Yr
25.75_100.25,0.2800905697781768,-0.14830425084643334,1.4397481259260505,-1.3401674204970848,,1.755136327969845,-0.8233601749904768,-0.36409925820923916,temp,All,Yr
25.75_99.25,-0.29887936484766825,-0.6049544986317588,-0.6752021665762485,-2.596818100307762,,-1.0986359475790144,-1.739751275141494,-1.1597024645733214,temp,All,Yr
25.75_99.75,-0.4669647694854075,-0.8401145758728199,-0.371455574195382,-2.1252783129891624,,-0.41795894492244073,-1.5757357160318886,-0.8678068434057771,temp,All,Yr
26.25_99.25,-0.15720548474436719,-1.3764474735661973,-2.0348975485452794,-1.7715346043534193,,-2.5928439395981484,-1.880669550384268,-1.158101716491383,temp,All,Yr
26.25_99.75,-0.15827106298708285,-0.9798565531828728,-1.198818815303125,-0.8853692929539805,,-1.0433950997049015,-1.1653997405527692,-0.6374527152383328,temp,All,Yr
26.75_99.25,0.4338971237018739,-1.5616522874282215,-3.6687990483066764,-0.5987634282402626,,-3.987476493140975,-1.513106765348737,-0.8175170398115712,temp,All,Yr
27.25_99.25,-0.3335198873552579,-1.6590348219904598,-3.1057214339293946,-1.0501898557585503,,-3.6292905013937338,-1.8489015861047484,-1.4887056456544776,temp,All,Yr
27.75_98.75,-1.6269748328108724,-2.705340737671566,-4.872074244727553,-2.2998819068126504,,-5.385954786218467,-2.620790291985988,-1.8095926506609696,temp,All,Yr
28.25_98.75,-0.11757080458394256,-4.307695798239285,-4.0446066380745815,-2.2233245913954844,,-4.834906342798259,-4.150995038379308,-1.7554060998281686,temp,All,Yr
28.75_98.75,-0.1311616279136828,-2.482153618670102,-1.8528173976196862,-2.5523230799368344,,-1.8455337970494818,-3.8750866762715734,-1.8318897712899647,temp,All,Yr
29.25_98.25,-0.2631924773763838,-2.739155686243814,0.2736102419884971,-3.7213918879059813,,-1.3070926770640061,-4.099593831565258,-1.2232110698922076,temp,All,Yr
29.75_98.25,-1.5268747363243258,-3.2604235205067953,-1.0916479359009532,-4.609126170116754,,-0.907852666652444,-6.566912761451501,-1.8500078357447955,temp,All,Yr
30.25_97.75,-1.2137332645375902,-2.920227323722033,-3.2507751886308855,-3.140026005731893,,-3.814090158654486,-6.522732004574097,-1.4009552808589922,temp,All,Yr
30.25_98.25,-1.6550607376633315,-2.886272793836531,-2.8758010369129052,-4.862917952007945,,-3.107520205081141,-6.402858246782091,-1.4882240247436602,temp,All,Yr
30.75_97.25,-2.725301487879249,-2.9408204887010005,-7.650213248754785,-3.670022963351145,,-7.899269539043717,-6.381658507735942,-3.8883679597057235,temp,All,Yr
30.75_97.75,-3.016817551991167,-3.3571894081969336,-5.105157730714853,-4.47070863872473,,-5.248577917013719,-6.832702604712502,-3.649873403311047,temp,All,Yr
31.25_96.25,-1.9330164151649738,-2.486131816781487,-7.167007896678409,-2.5129740372762432,,-7.655799102489665,-4.899226122294234,-3.1587248638015324,temp,All,Yr
31.25_96.75,-2.502394351556587,-2.299400076392777,-8.07783857206648,-3.088664938439338,,-8.357436250014514,-5.44281281422283,-3.095814377706207,temp,All,Yr
31.25_97.25,-3.7001921400681193,-2.658767576185967,-9.422297605017757,-4.182215902758024,,-9.739448440244196,-6.863914531992456,-4.325527401187423,temp,All,Yr
31.75_95.75,-0.5625102750213339,-1.5986772283285757,-4.432178541738989,-1.5278037387758774,,-5.711576855019767,-5.407649102407482,-2.7177196834604427,temp,All,Yr
31.75_96.25,-2.1030705095358098,-1.9877479860172502,-6.065712735036637,-3.0971909087336043,,-6.6908032851996575,-5.422494245467267,-3.0196189404268865,temp,All,Yr
31.75_96.75,-2.4309303777727873,-1.7181273615063501,-6.684057470708677,-3.914225550122681,,-6.8031926728190735,-5.7588629162299245,-2.82741656400504,temp,All,Yr
31.75_97.25,-2.2811267646364084,-1.7317970061746555,-6.355388477889272,-3.3455670425963353,,-6.782588726270347,-5.737533183207784,-2.441333824721328,temp,All,Yr
31.75_97.75,-2.0240174222367777,-3.1004754315245777,-6.947634646305204,-3.4027695204207653,,-6.863507930775435,-6.521001559017154,-3.02665246234526,temp,All,Yr
32.25_94.75,-1.2922716908963787,-2.234980188917459,-2.590264922577266,-2.6410298933277816,,-3.8587454012603035,-5.681296419758194,-3.210966749351494,temp,All,Yr
32.25_95.25,-1.9903251330655987,-2.4373498157619373,-2.059483064759421,-2.8559630032389403,,-1.7391636626621048,-5.280873487541712,-3.6757240346907207,temp,All,Yr
32.25_95.75,-2.482279237929153,-2.028765687015578,-3.1015379062760022,-3.611217490345668,,-3.149792492057664,-5.274764560588077,-3.826934177391438,temp,All,Yr
32.25_96.25,-2.7054006020255175,-1.2681147528149146,-5.331391404543421,-3.684780212252664,,-5.110453856161889,-5.226011067331761,-3.085092324462493,temp,All,Yr
32.25_96.75,-2.447770104299224,-1.6210298460660313,-6.6485204488955425,-4.231663075339139,,-6.774028541528266,-5.851162534707979,-2.704242942877045,temp,All,Yr
32.25_97.25,-1.6842435920456456,-1.7635326299616365,-6.067583305086687,-3.6049530368129887,,-6.544400416079132,-5.374874684385969,-1.8418903201884997,temp,All,Yr
32.25_97.75,-1.0919848623350468,-1.3978405265866416,-4.855970166926278,-3.2062624062784764,,-5.387152313435786,-4.931278979528861,-1.9346660341853057,temp,All,Yr
32.75_94.75,-1.5805206423484375,-1.922408026982205,-2.89154257234931,-3.5767981324432716,,-3.5817233724292774,-5.270099369075467,-3.5977165263559647,temp,All,Yr
32.75_95.25,-2.9821240439320977,-2.048094154227945,-4.722530637968536,-4.273117832117757,,-5.621327334925393,-5.683884051288644,-4.728557270337184,temp,All,Yr
32.75_95.75,-1.9451964972210165,-1.3055536422416847,-5.987904586447131,-3.1454347533911804,,-6.814232986516372,-4.867426123472732,-3.504795907250709,temp,All,Yr
32.75_96.25,-2.090231099503456,-1.3665087937624447,-5.89929963948887,-3.455118713894753,,-5.9462395549546745,-4.944028072077638,-3.1242266053251533,temp,All,Yr
32.75_96.75,-0.6436242425161148,-0.8226662238929436,-6.251479055639051,-2.7231834456549806,,-6.3940081114256975,-4.380313037492103,-1.8278630335782533,temp,All,Yr
33.25_94.25,-1.0658556746255126,-1.0309533260322754,-4.5543717655433085,-3.1405026789296397,,-4.934344368358971,-4.475282127325495,-2.382481091691361,temp,All,Yr
33.25_94.75,-1.7427173688982043,-1.3716988203420915,-5.229224142284934,-3.917518388484126,,-5.394061313601359,-5.614920049649882,-3.4341311822283354,temp,All,Yr
33.25_95.25,-1.1043387662083821,-1.4254532929166712,-6.162328556751379,-2.5582745387389316,,-6.181231311769718,-4.639968973364237,-2.8923068624219983,temp,All,Yr
33.25_95.75,-0.3746156294952071,-1.1039571830063586,-5.886059618304078,-1.2273045044826876,,-9.732235275067028,-3.671227051225815,-2.0326079022946786,temp,All,Yr
9.25_105.25,0.14465299797889092,1.7575087421297346,1.042741052848268,-0.2449265095940307,,0.6951908573911891,0.12887484155500792,0.48908829856692587,temp,All,Yr
9.25_105.75,-0.01034293651387783,1.5475078118372134,0.8057764794437366,-0.38297071221232376,,0.8581498588134511,0.22447686391196914,0.21819825336227716,temp,All,Yr
9.75_105.25,-0.14302122164832673,1.5421626425381136,0.8123050211675851,-0.9298303097786762,,0.7327579363891172,-0.2949067958762718,0.1872811529472433,temp,All,Yr
9.75_105.75,-0.19593024927015534,1.8070208731525155,0.8321670835724567,-1.1053140745731145,,0.8075831104290904,-0.046270960692333794,0.08293509598190162,temp,All,Yr
9.75_106.25,-0.2643348237975219,1.5335269327378127,0.9906484130548697,-1.035093197677804,,0.87166887574752,0.24395273972602696,-0.16018476682386348,temp,All,Yr
10.25_104.75,-0.6068907044299201,1.577429193899782,0.014013435003631078,-0.5250199709513435,,-0.2911054829339143,-0.18878340595497467,-0.3780052650689905,temp,JJASO,Day
10.25_105.25,-0.7040595497458242,1.5798847131445173,0.09337581699346402,-1.2702465504720406,,-0.2539722222222222,-0.6459598765432099,-0.47846895424836605,temp,JJASO,Day
10.25_105.75,-0.6522004357298475,1.877170116194626,0.2787140522875817,-1.4681891793754538,,0.08921169208424114,-0.363721859114016,-0.5333271604938272,temp,JJASO,Day
10.25_106.25,-0.514718954248366,1.8717757806826434,0.5080426652142338,-1.5158858024691357,,0.2188422294843863,-0.11877668845315904,-0.5291574074074075,temp,JJASO,Day
10.25_106.75,-0.2508649237472767,1.5949958242556281,0.9745835148874366,-1.1544987291212783,,0.607212962962963,0.2341986201888163,-0.04184440813362383,temp,JJASO,Day
10.75_104.75,-1.0518391430646334,1.8431161946259986,-0.0764576978939724,-1.572738198983297,,-0.43097712418300654,-0.1698932461873638,-1.1000492011619463,temp,JJASO,Day
10.75_105.25,-1.088331154684096,1.7489204793028323,0.014502904865649894,-1.9921040305010893,,-0.27229030501089324,-0.6424339143064633,-1.0593509440813365,temp,JJASO,Day
10.75_105.75,-0.8627676107480029,1.546582788671024,0.04241122004357294,-2.0729854756717505,,-0.19105283224400874,-0.7527770515613653,-1.0239671387073348,temp,JJASO,Day
11.25_104.25,-1.0458714596949892,1.7363316993464053,0.32534931009440815,-2.214507625272331,,-0.2840504720406681,-0.2781541394335511,-1.2706699346405228,temp,JJASO,Day
11.25_104.75,-1.2493540305010893,1.876643427741467,0.2824152142338417,-2.5105170660856935,,-0.2793592955700798,-0.5757596223674655,-1.46855464778504,temp,JJASO,Day
11.25_105.25,-1.0740101670297748,1.7305597312999275,0.22327959331880906,-2.5746336238198984,,-0.10114705882352944,-0.7036023965141612,-1.2585319535221495,temp,JJASO,Day
11.75_104.25,-1.2346815541031229,1.3484992737835875,0.6782623456790123,-2.934141793754539,,0.09991702977487288,-0.739574074074074,-1.452033950617284,temp,JJASO,Day
11.75_104.75,-1.3904593318809004,1.6928848946986201,0.6906187363834423,-3.0397608932461875,,0.04562327523602038,-0.8951172839506172,-1.281,temp,JJASO,Day
11.75_105.25,-1.0528732752360204,1.5026710239651415,0.3770350399419027,-2.9731977124183007,,-0.04753485838779956,-0.88793954248366,-1.169236564996369,temp,JJASO,Day
12.25_103.25,0.5343238925199709,1.1585602759622369,0.7799288307915759,-1.6207844952795931,,-0.1472398329702251,-0.40120751633986923,-0.4795137981118373,temp,JJASO,Day
12.25_103.75,-1.101613652868555,0.8448999636891793,0.3107659767610748,-3.240566448801743,,-0.1552699709513435,-0.851064996368918,-1.5994484386347132,temp,JJASO,Day
12.25_104.25,-0.7213489469862019,1.9445168845315903,0.8048872549019609,-2.9002136891793757,,0.16330664488017427,-0.43319208424110384,-0.6731501452432824,temp,JJASO,Day
12.25_104.75,-1.175073710965868,1.703384531590414,0.2922794117647059,-3.259602396514161,,-0.2183244371822803,-0.9888576615831517,-0.9111479665940451,temp,JJASO,Day
12.25_105.25,-0.846858024691358,1.4985586419753085,0.28862273057371096,-3.250439724037763,,-0.11099527959331884,-0.9434734931009441,-1.1559331880900507,temp,JJASO,Day
12.25_105.75,-0.8335261437908497,1.3572044299201163,0.2136868191721133,-3.3785748002904863,,-0.03618409586056643,-0.9174435366739289,-1.538062454611474,temp,JJASO,Day
12.25_106.25,-0.647921568627451,1.6682552650689906,0.482196623093682,-3.1942111474219317,,0.2675528322440087,-0.5797151416122004,-1.4130573710965868,temp,JJASO,Day
12.25_106.75,-0.1969535221496006,1.6402178649237473,0.7081594045025417,-2.9927919389978213,,0.8104847494553377,-0.3788453159041395,-1.1835433914306464,temp,JJASO,Day
12.25_107.25,1.464661583151779,1.109634531590414,0.6227901234567902,-1.1532844952795933,,1.1358986928104577,0.8947269426289034,0.005380718954248384,temp,JJASO,Day
12.25_107.75,1.1691830065359476,0.9494509803921569,1.3955019970951343,-1.0306454248366013,,1.1109241103848948,0.4891416122004357,-1.1156011256354392,temp,JJASO,Day
12.25_108.25,2.0996401597676106,0.8197111474219317,1.2160506535947713,-0.2740994916485113,,1.2878435003631081,0.5303132716049384,-0.3103173565722585,temp,JJASO,Day
12.75_102.75,0.193480755265069,1.6153672839506175,0.20139215686274514,-2.587358387799564,,-0.49711782861292664,-0.283921568627451,-1.1401325344952795,temp,JJASO,Day
12.75_103.25,-0.597269063180828,1.738884531590414,0.954716049382716,-3.4684834785766157,,0.7858189905591867,0.03266848220769786,-1.6283198983297023,temp,JJASO,Day
12.75_103.75,-0.9403380537400144,2.0920967683369645,1.5780167029774874,-3.604488743645607,,1.0442763253449527,-0.06821496005809731,-1.285436456063907,temp,JJASO,Day
12.75_104.25,-0.8822650689905591,1.9942670660856936,0.9446866376180101,-3.628549019607843,,0.40587309368191715,-0.6125777051561366,-1.0653478576615831,temp,JJASO,Day
12.75_104.75,-0.9999132171387073,1.7920818809005084,0.3560275962236747,-3.506560820624546,,-0.06737745098039215,-0.9389428104575164,-1.2847703340595495,temp,JJASO,Day
12.75_105.25,-0.7883779956427014,1.1883313362381989,0.2540535584604212,-3.6376492374727665,,-0.17621804647785047,-1.047914306463326,-1.561535403050109,temp,JJASO,Day
12.75_105.75,-0.6461074800290486,1.0776314451706608,0.3331134713144517,-3.641412490922295,,0.0890898692810458,-0.8955435729847495,-1.6817775962236745,temp,JJASO,Day
12.75_106.25,-0.5610704429920116,1.6354878358750908,0.4953277051561365,-3.361263798111837,,0.25791321713870735,-0.7073957879448075,-1.7208614742193171,temp,JJASO,Day
12.75_106.75,0.04894589687726937,1.8244324618736383,0.5790840595497457,-2.9926835511982572,,0.48262073347857654,-0.26840141612200435,-1.2930949527959332,temp,JJASO,Day
12.75_107.25,0.5915275962236747,2.1987238562091505,0.7000196078431372,-2.505082970225127,,0.28436292665214236,0.14205446623093682,-0.9518453159041395,temp,JJASO,Day
12.75_107.75,0.053900508351488734,1.9861603122730576,0.47639832970225127,-2.8665915032679736,,0.17251906318082788,-0.23322185911401597,-1.9485157952069716,temp,JJASO,Day
12.75_108.25,0.873900871459695,1.865480573710966,1.1683785403050109,-1.9878202614379086,,0.04404702251270876,-0.4862605301379811,-1.2414522512708788,temp,JJASO,Day
13.25_102.75,-0.7111005809731299,1.6132213144517065,0.4289054103122731,-3.6111545025417575,,0.5783257080610023,-0.1986278140885984,-1.8686468772694262,temp,JJASO,Day
13.25_103.25,-0.5615421205519245,2.20616394335512,1.0902009803921568,-3.4771218228031957,,0.589730755265069,-0.11568355119825705,-1.43990232389252,temp,JJASO,Day
13.25_103.75,-0.3898841684822077,1.9149123093681917,0.9856310820624545,-3.267555737109659,,0.5670415758896151,-0.2869170297748729,-1.0054192084241105,temp,JJASO,Day
13.25_104.25,-0.3177886710239652,1.7858378721859114,0.5226258169934641,-3.3923369644153953,,0.11309567901234564,-0.6060686274509804,-1.1932004357298476,temp,JJASO,Day
13.25_104.75,-0.5317106027596225,1.6294019607843135,0.30383823529411763,-3.511743645606391,,-0.16567755991285402,-0.8133660130718955,-1.5744471677559913,temp,JJASO,Day
13.25_105.25,-0.507662672476398,1.226674291938998,0.47704103122730573,-3.70209767610748,,-0.057630718954248324,-0.9756038489469863,-1.69205174291939,temp,JJASO,Day
13.25_105.75,-0.3131793754538853,1.0954595134350036,0.5650383079157588,-3.5601966230936823,,0.3107777777777777,-0.7330305010893247,-1.4791555918663761,temp,JJASO,Day
13.25_106.25,-0.30765032679738563,1.6203097312999273,0.4408516702977487,-3.3061132897603485,,0.20278994190268698,-0.5657296659404503,-1.4134224763979666,temp,JJASO,Day
13.25_106.75,-0.13246296296296295,1.9176305374001452,0.7137084241103849,-3.0877510893246187,,0.3424404502541758,-0.2912946623093682,-1.2614653231663036,temp,JJASO,Day
13.25_107.25,-0.3332650689905592,2.4058928830791575,0.9030408496732025,-3.3146165577342046,,0.528889070442992,-0.0634457153231663,-1.5229533405954974,temp,JJASO,Day
13.25_107.75,-0.2903300653594771,2.3515838779956426,0.6671628540305011,-3.2246118373275237,,0.8326488743645607,-0.19693700072621637,-1.7004694989106752,temp,JJASO,Day
13.25_108.25,1.1110406681190994,2.9077407407407407,1.2477111474219318,-1.7881445170660857,,0.525443718228032,0.09233097312999278,-0.27526888162672475,temp,JJASO,Day
13.75_102.75,-0.5859575163398694,1.5892002541757444,0.28401252723311543,-3.9675709876543213,,-0.07614542483660129,-0.6379054103122731,-2.3329415395787945,temp,JJASO,Day
13.75_103.25,-0.3880508351488743,1.9003854393609296,0.5960807915758897,-3.648374727668845,,0.18547984749455337,-0.509372730573711,-1.9870551924473494,temp,JJASO,Day
13.75_103.75,-0.07979121278140883,1.898572621641249,0.6997343863471315,-3.3992670660856934,,0.27913816267247643,-0.580878721859114,-1.657431917211329,temp,JJASO,Day
13.75_104.25,0.04297276688453156,1.8284041394335513,0.6760472040668118,-3.3013533042846768,,0.23752450980392154,-0.5349001452432826,-1.6066966230936819,temp,JJASO,Day
13.75_104.75,-0.2892716049382716,1.765616739288308,0.6217102396514161,-3.369084059549746,,0.11885984023238924,-0.7834197530864198,-1.831733478576616,temp,JJASO,Day
13.75_105.25,-0.45292447349310094,1.4795720769789398,0.7135933188090051,-3.631102941176471,,0.22675526506899052,-0.9956279956427015,-1.8428605664488018,temp,JJASO,Day
13.75_105.75,-0.3036285403050109,1.3779288307915758,0.7198129992737836,-3.4907585330428472,,0.33236964415395787,-0.6946733841684822,-1.4871383442265795,temp,JJASO,Day
13.75_106.25,-0.5035475671750183,1.5558709150326795,0.293778140885984,-3.5097565359477128,,0.19808823529411765,-0.7078511256354394,-1.446525054466231,temp,JJASO,Day
13.75_106.75,-0.42730464778503996,1.7073164488017427,0.40498166303558464,-3.459832970225127,,0.10754302832244009,-0.7442078794480754,-1.3510631808278868,temp,JJASO,Day
13.75_107.25,-0.19505918663761804,2.040319353667393,0.265590232389252,-3.3657890341321712,,0.3306713870733478,-0.43930501089324625,-1.443224945533769,temp,JJASO,Day
13.75_107.75,0.5163863471314452,2.1454121278140885,0.26645660856935366,-2.6980047204066815,,0.2236795570079884,-0.37338598402323897,-1.3327376543209877,temp,JJASO,Day
14.25_102.25,0.3645301379811184,0.24353576615831518,-0.20815305010893242,-2.9339887436456062,,-0.15640196078431376,-0.4320964052287582,-1.5417541757443718,temp,JJASO,Day
14.25_102.75,-0.10702069716775597,0.7344473493100945,0.1297352941176471,-3.659918663761801,,-0.30890450254175744,-0.6504698620188817,-1.9911688453159042,temp,JJASO,Day
14.25_103.25,-0.30276216412490925,1.2567022512708788,0.2593360566448802,-3.7447966594045026,,-0.12690704429920113,-0.778887436456064,-2.2107643427741466,temp,JJASO,Day
14.25_103.75,-0.1854727668845316,1.2109860203340594,0.27784422657952074,-3.575539578794481,,-0.1612155047204067,-0.9905032679738562,-2.124320261437908,temp,JJASO,Day
14.25_104.25,0.06617901234567901,1.1804064996368917,0.45961492374727675,-3.216226034858388,,-0.041846586782861316,-0.7976249092229485,-1.710701343500363,temp,JJASO,Day
14.25_104.75,-0.26016702977487294,1.4621060275962237,0.5405704429920116,-3.2571888162672478,,0.07676506899055914,-0.9774763979665941,-1.8515206971677558,temp,JJASO,Day
14.25_105.25,0.0007668845315903617,1.3741868191721132,0.7676519607843137,-2.997477668845316,,0.35499727668845316,-0.6474756717501816,-1.3645094408133625,temp,JJASO,Day
14.25_105.75,-0.7768696441539578,1.6832109658678287,0.4980900508351489,-3.4449555192447345,,0.10562854030501091,-0.8664083151779229,-1.7834549745824257,temp,JJASO,Day
14.25_106.25,-1.1417708787218592,1.2712075163398693,-0.0061581336238199285,-3.781079520697168,,-0.2853273420479303,-1.1982830428467683,-1.8710401234567902,temp,JJASO,Day
14.25_106.75,-0.23732570806100214,1.7111403413217137,0.28592737835875087,-2.9784727668845314,,0.19553449527959335,-0.6347496368917938,-1.0355570079883805,temp,JJASO,Day
14.25_107.25,-0.3735025417574438,1.2436350762527233,-0.2708415032679739,-3.054056826434277,,-0.20598892519970946,-0.9582091503267973,-1.6395851488743645,temp,JJASO,Day
14.25_107.75,0.20783660130718956,0.9862125998547567,-0.3840827886710239,-2.6848024691358026,,-0.46127995642701525,-1.0273302469135803,-1.9056341684822078,temp,JJASO,Day
14.25_108.25,1.4223482207697893,1.0016751997095135,0.49254956427015256,-1.2063961510530137,,-0.00902995642701514,-0.12862618010167026,-0.5258237109658678,temp,JJASO,Day
14.75_101.75,0.07025090777051561,0.824854938271605,-0.22759713144517063,-3.139013435003631,,-0.8708180827886711,-0.8949934640522875,-2.1773916122004358,temp,JJASO,Day
14.75_102.25,-0.6897287581699347,0.9675511982570806,0.19323366013071894,-3.962353667392883,,-0.6271387073347858,-0.8210777051561365,-2.6611261801016703,temp,JJASO,Day
14.75_102.75,-0.368199709513435,1.07340232389252,0.23504302832244003,-3.814056463326071,,-0.416735112563544,-0.8244978213507625,-2.3199079520697166,temp,JJASO,Day
14.75_103.25,-0.1972897603485839,1.1347394698620188,0.2664760348583878,-3.6244126724763976,,-0.3552874001452433,-0.9415170660856935,-2.202193718228032,temp,JJASO,Day
14.75_103.75,-0.07565541031227305,1.1906367102396513,0.4258965141612201,-3.348014705882353,,-0.16723366013071894,-0.9461134713144518,-2.0414193899782136,temp,JJASO,Day
14.75_104.25,-0.21701851851851847,1.109375635439361,0.374420116194626,-3.241250907770516,,-0.20314669571532312,-0.9947245824255628,-1.861427378358751,temp,JJASO,Day
14.75_104.75,-0.22858206245461152,1.3907200435729847,0.3926948075526506,-3.055371278140886,,-0.10208877995642703,-0.8960668119099492,-1.6573249818445897,temp,JJASO,Day
14.75_105.25,-0.2472109658678286,1.4760157952069717,0.2850403050108932,-3.0364504357298476,,-0.08417338416848223,-0.7026098402323893,-1.6180303195352217,temp,JJASO,Day
14.75_105.75,-0.7962149600580972,1.4887797748729121,-0.034153594771241795,-3.6402383805374003,,-0.2520326797385621,-1.2276534132171386,-2.002098402323892,temp,JJASO,Day
14.75_106.25,-1.0864157588961512,0.37405573710965867,-0.6471545025417574,-4.1328500363108205,,-0.8697194989106753,-2.1605099854756715,-2.2488848946986204,temp,JJASO,Day
14.75_106.75,-0.9016525054466232,0.3528037400145243,-0.6004270152505446,-3.9397883079157587,,-0.7697472766884532,-1.7309121278140884,-2.4177505446623093,temp,JJASO,Day
14.75_107.25,-1.0660849673202615,0.33376488743645605,-0.46610711692084245,-3.982349491648511,,-0.03541176470588239,-1.695548656499637,-2.995951343500363,temp,JJASO,Day
14.75_107.75,1.1481793754538852,0.11581935366739286,-0.4083153594771242,-2.2221514161220046,,-0.7011245461147422,-1.1016387073347857,-1.4038396877269426,temp,JJASO,Day
14.75_108.25,2.1577076978939727,0.781250181554103,0.7402372912127814,-0.7966505083514888,,-0.01037654320987656,-0.13806621278140888,0.18989015976761073,temp,JJASO,Day
15.25_101.75,0.018133623819898328,1.3249337327523603,0.22156753812636165,-3.706517792302106,,-0.41644589687726935,-0.6056810094408134,-2.538314996368918,temp,JJASO,Day
15.25_102.25,-0.37077559912854036,1.539434822076979,0.5238832607116921,-4.069860748002905,,-0.06520134350036311,-0.4721853667392883,-2.5584518881626725,temp,JJASO,Day
15.25_102.75,-0.054385620915032615,1.592681917211329,0.41148747276688463,-3.8320314088598404,,-0.2684353667392883,-0.6041292665214234,-1.9606265432098764,temp,JJASO,Day
15.25_103.25,-0.07777959331880899,1.50020116194626,0.33105228758169936,-3.7422554466230937,,-0.3021136528685548,-0.8638843500363107,-1.803812091503268,temp,JJASO,Day
15.25_103.75,-0.07030392156862741,1.5862596223674656,0.34055464778503997,-3.5749575163398695,,-0.2608894335511982,-0.9123643790849673,-1.877507262164125,temp,JJASO,Day
15.25_104.25,-0.27060675381263616,1.5805907770515615,0.22347095134350034,-3.5454929193899782,,-0.33715758896151055,-1.0316597676107482,-1.9610677196804647,temp,JJASO,Day
15.25_104.75,-0.5114923747276688,1.5022445533769062,0.1058493100944081,-3.4770088961510535,,-0.37634658678286126,-1.157153957879448,-1.9984399055918665,temp,JJASO,Day
15.25_105.25,-0.587897966594045,1.762251452432825,0.18841575889615103,-3.432092955700799,,-0.24374800290486567,-1.1276276325344952,-1.9639976397966594,temp,JJASO,Day
15.25_105.75,-1.191545751633987,0.7816196441539579,-0.5017990196078431,-4.164959694989107,,-0.5571379811183732,-1.6880735294117646,-2.377832788671024,temp,JJASO,Day
15.25_106.25,1.8088703703703704,1.921231118373275,1.072263253449528,-1.1937990196078432,,1.1894003267973858,0.3272905410312273,0.5943854393609296,temp,JJASO,Day
15.25_106.75,-0.87790232389252,-0.016258896151053023,-1.3534791212781407,-4.0098001089324615,,-1.4310393972403777,-1.7073440450254176,-2.679846042120552,temp,JJASO,Day
15.25_107.25,0.6736132897603486,1.2882414669571531,0.780141793754539,-2.216395969498911,,0.562989651416122,-0.6882997458242557,-1.1051853667392884,temp,JJASO,Day
15.75_101.75,0.060785039941902735,1.1697645243282497,0.4884025054466231,-3.771271786492375,,-0.10946187363834424,-0.58095406681191,-2.343470769789397,temp,JJASO,Day
15.75_102.25,-0.17609005083514886,1.6915809731299927,0.5486145606390704,-3.8542478213507625,,-0.013778685548293382,-0.24232915758896148,-2.054281227305737,temp,JJASO,Day
15.75_102.75,0.07695860566448802,1.8815731663035584,0.4896913580246913,-3.6582138707334786,,-0.17423129992737832,-0.44221350762527234,-1.5402124183006536,temp,JJASO,Day
15.75_103.25,-0.0019785766158314836,1.7731579520697167,0.3767155047204067,-3.649671931735657,,-0.2820424836601306,-0.8157946623093681,-1.5655334059549746,temp,JJASO,Day
15.75_103.75,-0.10996477850399422,1.8115261437908496,0.2897035221496006,-3.6420324981844585,,-0.3201370733478577,-0.950647966594045,-1.8852570806100217,temp,JJASO,Day
15.75_104.25,-0.32210784313725493,1.7792988380537402,0.16860893246187367,-3.6054974582425565,,-0.4064346405228758,-1.0799538852578068,-2.0560203340595495,temp,JJASO,Day
15.75_104.75,-0.5458816267247639,1.5717503631082064,0.004520152505446627,-3.5541975308641978,,-0.4670248729121278,-1.1944086782861292,-1.9582169571532317,temp,JJASO,Day
15.75_105.25,-0.7869727668845315,1.4645361292665213,-0.18557788671023956,-3.6597180464778503,,-0.57634477124183,-1.3398560275962237,-1.9107066085693538,temp,JJASO,Day
15.75_105.75,-0.9730722585330428,1.5812009803921567,-0.11904629629629632,-4.052204611474219,,-0.5664604212055192,-1.584400689905592,-2.090436819172113,temp,JJASO,Day
15.75_106.25,-1.6247305737109659,1.1014143064633262,-0.32693464052287585,-4.609619099491648,,-0.9306951706608569,-2.1884731663035586,-3.0168382352941174,temp,JJASO,Day
15.75_106.75,-0.3044059549745824,0.21498148148148152,-1.2806748366013072,-3.8514014161220045,,-1.3560128903413218,-1.8446189179375454,-2.6145760711692083,temp,JJASO,Day
16.25_101.75,1.1432294843863473,1.1641220043572986,1.9018182643427741,-3.1821755628177195,,1.2211457879448075,-0.3968060094408134,-1.401485112563544,temp,JJASO,Day
16.25_102.25,0.1009567901234568,1.7510760711692084,0.38075562817719677,-3.7506307189542483,,-0.22479738562091497,-0.19592933914306462,-1.594800290486565,temp,JJASO,Day
16.25_102.75,0.12715976761074801,1.8678264342774145,0.3982870370370371,-3.6589320987654324,,-0.28928830791575894,-0.4042649055918664,-1.3232552650689906,temp,JJASO,Day
16.25_103.25,0.0002999273783587924,1.7531098402323895,0.3332006172839507,-3.627826978939724,,-0.3637394698620189,-0.7656169208424111,-1.5632839506172838,temp,JJASO,Day
16.25_103.75,-0.057687000726216395,1.7501666666666666,0.16988380537400147,-3.6183636528685548,,-0.48067247639796656,-1.003750181554103,-2.0574832970225128,temp,JJASO,Day
16.25_104.25,-0.07583079157588962,1.5246668482207697,0.011236383442265786,-3.3939814814814815,,-0.507757262164125,-1.0346312636165578,-1.9129609658678286,temp,JJASO,Day
16.25_104.75,-0.5353311546840959,1.363664124909223,-0.1854696804647785,-3.5422327523602033,,-0.6277260348583877,-1.1929640522875815,-1.684699891067538,temp,JJASO,Day
16.25_105.25,-1.144825344952796,1.259801924473493,-0.2979642338416848,-3.978287400145243,,-0.7983999636891794,-1.546251270878722,-1.8908231663035586,temp,JJASO,Day
16.25_105.75,-1.3731292665214234,1.448847494553377,-0.39338289760348577,-4.217799927378358,,-0.656837327523602,-1.6134313725490197,-2.2470292302106025,temp,JJASO,Day
16.25_106.25,-0.8754524328249819,1.3683692810457515,-0.6594101307189543,-3.775657407407407,,-0.5876543209876544,-1.4950517429193901,-2.105274509803922,temp,JJASO,Day
16.25_106.75,0.7920816993464053,1.0271704793028322,-0.4982712418300654,-2.4684411764705882,,-1.04796278140886,-0.8253676470588235,-0.6816013071895425,temp,JJASO,Day
16.25_107.25,0.8395388525780683,0.4870098039215686,0.06164270152505448,-2.813472385620915,,-0.6621419753086419,-0.8368342955700799,-0.3334647785039942,temp,JJASO,Day
16.75_101.75,1.1188217138707335,1.656645243282498,1.6483823529411765,-3.392864742193174,,0.8878692810457517,-0.15761279956427013,-0.9593249818445896,temp,JJASO,Day
16.75_102.25,-0.28444045025417575,1.6792583514887436,0.1622748729121278,-4.055992919389978,,-0.4122042483660131,-0.4323509259259259,-1.4106042120551925,temp,JJASO,Day
16.75_102.75,0.06546586782861291,1.6891505083514888,0.4000864197530865,-3.6713454974582427,,-0.34674219317356575,-0.6449062273057371,-1.1016401597676106,temp,JJASO,Day
16.75_103.25,0.016625635439360936,1.5362371096586782,0.3932759622367466,-3.510683369644154,,-0.3515415758896151,-0.7523449527959332,-1.3237140522875817,temp,JJASO,Day
16.75_103.75,0.18388235294117644,1.3342667029774873,0.12447240377632533,-3.2918015613652867,,-0.47911873638344227,-0.9109867465504721,-1.6430542846768337,temp,JJASO,Day
16.75_104.25,0.24359949164851127,1.471634713144517,0.24155791575889615,-2.983226216412491,,-0.30276216412490925,-0.8291332607116921,-1.2873861655773422,temp,JJASO,Day
16.75_104.75,-0.8187643427741467,1.5676141975308642,0.07990541031227302,-3.667765068990559,,-0.6128344226579521,-1.2979445715323166,-1.5735511982570807,temp,JJASO,Day
16.75_105.25,-1.3078928830791576,1.3265259622367467,-0.13970751633986928,-4.146676652142339,,-0.717180283224401,-1.6035995642701524,-1.989734931009441,temp,JJASO,Day
16.75_105.75,-1.440239651416122,1.410804466230937,-0.25762091503267975,-4.238737109658678,,-0.7257283950617285,-1.7194640341321714,-2.378713144517066,temp,JJASO,Day
16.75_106.25,0.0033772694262890297,1.3908961510530138,-0.2725054466230937,-3.456437381989833,,-0.990257262164125,-1.2882837690631808,-1.6610170660856935,temp,JJASO,Day
17.25_101.75,0.42262672476397967,1.5594357298474943,0.024327705156136484,-4.268705773420479,,-0.7069720406681191,-0.521039360929557,-1.1977721496005809,temp,JJASO,Day
17.25_102.25,-0.15865686274509805,1.9863326071169207,0.7754624183006537,-4.046589143064634,,0.04832861292665216,-0.3829677196804648,-0.7864524328249818,temp,JJASO,Day
17.25_102.75,0.00856572258533049,1.8189478939724038,0.698741103848947,-3.588927015250545,,-0.08606354393609289,-0.6999718954248365,-0.6202832244008715,temp,JJASO,Day
17.25_103.25,-0.19882352941176465,1.4580510167029777,0.4327325708061003,-3.436084785766158,,-0.29903594771241826,-0.7719980755265069,-0.8607850399419026,temp,JJASO,Day
17.25_103.75,-0.18497966594045023,1.357733478576616,0.27172276688453156,-3.2694462599854757,,-0.4749466230936819,-0.918182970225127,-1.1120147058823528,temp,JJASO,Day
17.25_104.25,-0.7495363108206246,1.6008816267247639,0.3275787944807552,-3.478703159041394,,-0.36823438634713146,-0.9783289941902689,-1.4095246913580248,temp,JJASO,Day
17.25_104.75,-1.304017792302106,1.9835306826434278,0.3370306826434277,-3.819796296296296,,-0.2657919389978214,-1.1966137073347858,-1.755343137254902,temp,JJASO,Day
17.25_105.25,-1.2481550472040668,1.4624952795933188,-0.10179121278140887,-4.335831154684096,,-0.5675530137981118,-1.534531862745098,-2.2910259622367466,temp,JJASO,Day
17.25_105.75,-0.42628794480755267,0.9902875816993464,-0.43813253449527956,-4.048519644153958,,-0.8503295206971677,-1.5573498547567175,-2.1077953885257807,temp,JJASO,Day
17.25_106.25,1.006229121278141,1.3260795206971678,0.05944698620188821,-2.6171679375453887,,-0.9075183369644154,-0.6606764705882353,-0.8731116557734205,temp,JJASO,Day
17.75_101.25,0.3306067538126362,1.7843678286129268,0.16147149600580976,-3.9629172657952068,,-0.6204428104575164,-0.6786631989832971,-1.1352789034132171,temp,JJASO,Day
17.75_101.75,-0.10574074074074076,1.9919504357298476,0.5064386347131445,-4.388906463326071,,-0.07963035584604211,-0.26376408859840234,-0.9550635439360929,temp,JJASO,Day
17.75_102.25,-0.17744517066085694,2.5899711328976034,0.9777231299927378,-3.9131621278140885,,0.10977287581699349,-0.11465272331154683,-0.43003721859114014,temp,JJASO,Day
17.75_102.75,-0.3362309368191721,2.456631626724764,0.9307078794480755,-3.798834059549746,,0.06985729847494554,-0.3825886165577342,-0.5738120915032681,temp,JJASO,Day
17.75_103.25,-0.5760984023238925,2.014187545388526,0.6146163761801017,-3.584546114742193,,-0.0890098039215686,-0.4951165395787945,-0.6136165577342049,temp,JJASO,Day
17.75_103.75,-0.8187080610021787,2.0858961510530136,0.4476033042846768,-3.6647737835875094,,-0.20174310094408135,-0.5310029230210603,-1.0719912854030502,temp,JJASO,Day
17.75_104.25,-1.2015025417574439,2.0513338779956425,0.4848287944807552,-4.070796659404502,,-0.07159767610748004,-0.9891765613652869,-1.6762961147421933,temp,JJASO,Day
17.75_104.75,-0.5548289760348584,1.5017814088598402,0.20903249818445896,-3.584443246187364,,-0.28813289760348587,-1.2467553921568628,-1.4614368191721132,temp,JJASO,Day
17.75_105.25,0.6987480029048657,1.1747803195352213,0.3690043572984749,-2.769556227305737,,-0.37858605664488015,-0.957107788671024,-0.7282592592592593,temp,JJASO,Day
18.25_101.25,0.1753129992737836,1.9357516339869283,0.04104448075526509,-3.828061819172113,,-0.40725617283950616,-0.7370934822076979,-0.8847196804647786,temp,JJASO,Day
18.25_101.75,-0.44062273057371104,2.0321604938271602,0.2963293391430646,-4.4110142701525055,,-0.17010875090777056,-0.2763021604938272,-1.167697149600581,temp,JJASO,Day
18.25_102.25,-0.7067712418300653,2.772847857661583,1.0779026870007262,-4.432287073347857,,0.18177087872185904,-0.14808062817719683,-1.2481566448801744,temp,JJASO,Day
18.25_102.75,-0.43575708061002183,2.1303721859114018,0.7923783587509078,-3.930094480755265,,0.3138255265068991,-0.2341500907770516,-0.8318547567175018,temp,JJASO,Day
18.25_103.25,-1.0792363834422658,2.3943217138707333,0.34764651416122005,-4.256259912854031,,-0.6571534132171387,-0.9767592955700799,-1.289720406681191,temp,JJASO,Day
18.25_103.75,-1.5729284676833697,2.5481677559912854,0.4074598765432099,-4.616749273783587,,-0.3982645243282498,-0.9838434458968773,-1.9128990559186636,temp,JJASO,Day
18.25_104.25,-0.7591866376180102,1.7977961147421933,0.17933278867102395,-4.005221568627451,,-0.31607697893972403,-0.9776156318082789,-1.4065498910675382,temp,JJASO,Day
18.25_104.75,0.7779277414669572,0.867504538852578,-0.21513834422657957,-2.710480337690632,,-0.7615424836601308,-0.9233336419753086,-0.2097899963689179,temp,JJASO,Day
18.25_105.25,1.693232026143791,1.0572734204793028,0.4344177559912854,-1.360961456063907,,-0.9319622367465504,-0.0656422294843863,0.7091995279593318,temp,JJASO,Day
18.75_101.25,0.752918663761801,0.8197264161220044,-0.4666862745098039,-2.9659704248366014,,-0.861736746550472,-0.7729204974582427,-0.03126610384894697,temp,JJASO,Day
18.75_101.75,-0.9345217864923748,1.329390885984023,-0.13800907770515614,-4.4813792483660135,,-0.8100985838779957,-0.5954908496732026,-1.4626455337690631,temp,JJASO,Day
18.75_102.25,-1.6979811183732751,1.8245996732026144,0.4973674655047204,-5.163290323166303,,-0.6440092592592592,-1.3156053013798112,-2.220958678286129,temp,JJASO,Day
18.75_102.75,-0.9079157588961511,0.8978647785039943,-0.34144571532316625,-4.224366775599129,,-0.7319179375453885,-1.2352928467683368,-1.2477406862745097,temp,JJASO,Day
18.75_103.25,0.7548983297022512,0.6443442265795206,0.22159949164851125,-2.532756917211329,,0.33898166303558463,0.22978916122004353,0.3556715867828612,temp,JJASO,Day
18.75_103.75,-1.8034596949891069,1.6059030501089324,-0.08535167029774875,-5.039279956427015,,-1.3128425925925926,-1.6829628177196805,-2.2868424110384895,temp,JJASO,Day
18.75_104.25,-0.09542955700798841,1.1324822258533043,-0.36040286855482934,-3.4837649782135074,,-0.64934767610748,-0.973940468409586,-0.6428677923021061,temp,JJASO,Day
18.75_104.75,1.8168943355119824,1.579510530137981,0.7191088598402324,-1.7439107116920842,,-0.5074769426289034,0.22309994553376902,1.2601853485838779,temp,JJASO,Day
19.25_101.25,1.5469909222948437,0.7745556100217865,0.6181187363834423,-2.542350472040668,,-0.005196441539578852,-0.6429222948438635,0.5306248002904865,temp,JJASO,Day
19.25_101.75,-0.9026517792302106,0.647504411764706,-0.26433896151053016,-4.882129175744372,,-0.8707708787218591,-1.231822331154684,-1.7065684458968773,temp,JJASO,Day
19.25_102.25,0.54480174291939,0.9613039941902687,0.07214251997095136,-3.4000279956427018,,-0.5713396877269425,-0.9270728395061727,-0.20418994190268702,temp,JJASO,Day
19.25_102.75,1.1153053740014525,0.18985493827160493,-0.018321169208424106,-2.632268209876543,,-0.35858620188816265,-0.8136687182280319,0.32269150326797386,temp,JJASO,Day
19.25_103.25,1.255897966594045,0.027561310820624522,-0.3606285947712418,-2.4864888888888887,,-0.7596006354393608,-0.9103505446623094,0.028902814088598384,temp,JJASO,Day
19.25_99.75,0.40793100944081334,1.9906532316630356,0.9656356209150326,-3.144317556281772,,0.13684458968772695,-0.5736468772694263,-1.186472040668119,temp,JJASO,Day
19.75_100.25,-0.2810526506899056,2.1696399782135076,0.3269484386347132,-3.8887649419026866,,-0.043849673202614424,-0.5610117828612927,-0.9679711328976035,temp,JJASO,Day
19.75_100.75,0.243062091503268,1.3197420116194627,-0.027685729847494525,-4.0786246187363835,,-0.575488198983297,-1.1107613834422658,-0.7393887436456064,temp,JJASO,Day
19.75_101.25,0.0028696441539578827,0.20953064633260712,-0.40858024691358025,-4.360290922294844,,-1.01434477124183,-1.552537037037037,-0.9361911220043574,temp,JJASO,Day
19.75_101.75,-0.9741259985475672,0.8763685185185185,-0.23752777777777784,-5.085324364560639,,-0.850696623093682,-1.5556503631082061,-1.5017550472040666,temp,JJASO,Day
19.75_102.25,-0.8725108932461874,0.5541902142338416,-1.2380050835148875,-4.678843155410313,,-1.8306928104575164,-1.6740155954974583,-0.9621910856935366,temp,JJASO,Day
19.75_102.75,-0.34214814814814815,0.8078620733478575,-0.2296697530864198,-3.8397091866376183,,-0.7672628903413217,-1.588695061728395,-0.35986345315904145,temp,JJASO,Day
19.75_103.25,0.06158569353667393,1.064911165577342,0.3781409586056645,-3.161990668119099,,-0.0619337327523602,-1.2004847494553377,-0.3277948983297022,temp,JJASO,Day
19.75_99.25,0.04008097312999274,1.1626045751633987,-0.01740413943355117,-3.0595691902687,,-0.5095706245461147,-1.0172122367465506,-1.1203291757443719,temp,JJASO,Day
19.75_99.75,-0.26859949164851127,2.245785403050109,0.7502832244008716,-3.6091771060275963,,-0.02668954248366008,-0.5101994008714597,-1.294285403050109,temp,JJASO,Day
20.25_100.25,-1.3909818445896878,1.8950268700072623,0.11370969498910677,-5.002869843863472,,-0.20920461147421932,-0.8967081880900508,-1.4983596586782861,temp,JJASO,Day
20.25_100.75,-0.7270744371822803,1.0121265976761076,0.05379193899782137,-4.904127378358751,,-0.8776350762527233,-1.6117524872912128,-1.037205519244735,temp,JJASO,Day
20.25_101.25,-0.21399019607843137,0.7841219862018882,-0.24836183732752357,-4.538290740740741,,-0.7354344589687727,-1.4796769970951342,-0.7912221132897604,temp,JJASO,Day
20.25_101.75,0.12234749455337686,1.076214015976761,0.48925889615105295,-3.895313017429194,,-0.22664106753812635,-0.9043133260711692,-0.08760511982570811,temp,JJASO,Day
20.25_102.25,-1.2252930283224401,1.5080194807552652,-0.13142138707334788,-4.81249705882353,,-1.0210366739288308,-1.4615527596223674,-0.7327714415395788,temp,JJASO,Day
20.25_102.75,-0.6395137981118373,1.9469352578068264,0.3513672839506173,-3.9744118191721136,,-0.6316810094408134,-1.0192040123456791,0.03337033405954976,temp,JJASO,Day
20.25_103.25,0.4527944807552651,2.202231499636892,1.1334085148874367,-2.7131866194625998,,-0.3564868191721132,-0.9429379992737836,0.6635707516339869,temp,JJASO,Day
20.25_99.25,0.47646332607116915,1.0350128358750907,-0.4705430283224401,-2.672237164124909,,-0.8977124183006536,-0.929864015976761,-0.41710036310820625,temp,JJASO,Day
20.25_99.75,-0.5273137254901961,2.0684856572258536,0.4054353667392883,-3.836070860566449,,-0.6851294480755264,-0.7226432098765432,-1.0882096949891067,temp,JJASO,Day
20.75_100.25,-0.4775896877269426,1.4407685185185186,0.32181027596223677,-4.269929756717501,,-0.031840595497458185,-0.8775978758169933,-0.91014070442992,temp,JJASO,Day
20.75_100.75,-0.3415043572984749,1.1012331154684096,0.06023583877995647,-4.496622494553377,,-0.7473438634713144,-1.6430176470588236,-0.4556988017429193,temp,JJASO,Day
20.75_101.25,0.10122549019607849,0.5669429012345679,-0.021858024691357964,-4.1299629266521425,,-0.5373603848946985,-1.4841430101670299,-0.06375217864923743,temp,JJASO,Day
20.75_101.75,-0.36015541031227305,0.7100167392883079,0.3091259985475672,-4.351889088598402,,-0.7341036673928831,-1.536451924473493,-0.33085275962236743,temp,JJASO,Day
20.75_102.25,-0.22587654320987657,1.9352108569353668,0.26297167755991285,-3.804880973129993,,-0.02639960058097313,-0.7044771968046478,0.46805951343500357,temp,JJASO,Day
20.75_102.75,-0.8146122004357299,2.0610486201888163,0.39148529411764704,-4.004077233115468,,-0.32998529411764704,-1.0866318809005082,0.3312933006535948,temp,JJASO,Day
20.75_103.25,0.8883068264342774,2.1232341503267973,1.041286274509804,-2.076243881626725,,0.44981045751633986,-0.10650777051561364,1.9526758169934642,temp,JJASO,Day
20.75_99.75,0.3126325344952796,1.0463940813362382,-0.19714106753812638,-3.0958122185911403,,-1.6184266521423385,-1.2292245642701525,-0.5659823529411765,temp,JJASO,Day
21.25_100.25,-0.163758896151053,0.7208336782861293,1.2889936456063906,-3.6888226942628903,,0.16891140159767612,-1.5541194989106755,-0.9063403231663034,temp,JJASO,Day
21.25_100.75,-0.22641503267973856,0.9831300472040667,0.02966684822076976,-4.07082035221496,,-0.5666842774146695,-1.3517851488743646,-0.17375689905591868,temp,JJASO,Day
21.25_101.25,-0.24898910675381264,0.5777648692810458,-0.060196441539578836,-4.126355718954248,,-0.6952752178649237,-1.6528448438634713,0.12802492737835872,temp,JJASO,Day
21.25_101.75,0.37368736383442264,0.7187316085693537,0.2950032679738562,-3.4101353304284676,,-0.28634513435003633,-1.0488533587509077,0.7334325344952796,temp,JJASO,Day
21.25_102.25,0.34225272331154677,2.022320061728395,0.051505119825707976,-3.1341193899782134,,-0.5836492737835877,-0.44343246187363844,1.0703281590413942,temp,JJASO,Day
21.25_102.75,-0.15434132171387077,2.150049473493101,0.4190703159041394,-3.2874374546114744,,-0.7069625635439362,-0.516819880174292,1.005237327523602,temp,JJASO,Day
21.25_99.75,0.5929560639070443,0.1569973674655047,-1.5970167029774873,-2.3569887981118374,,-2.3736328794480754,-1.6190163761801017,-0.5250900145243282,temp,JJASO,Day
21.75_100.25,0.8402850399419027,0.4029043391430646,0.2955867283950617,-2.6107567356572257,,0.0779084422657952,-1.129790177923021,0.36720141612200435,temp,JJASO,Day
21.75_100.75,-0.5705105301379811,0.639176397966594,-0.00413218954248367,-4.279863525780683,,-0.7429288489469863,-1.5034159041394335,-0.24503246187363836,temp,JJASO,Day
21.75_101.25,-0.3838206245461147,1.7967193718228032,1.0643347857661583,-4.035436510530138,,0.3901272694262891,-1.0163935911401598,0.26101554103122737,temp,JJASO,Day
21.75_101.75,0.6663859840232389,1.3196331517792301,0.8651813725490196,-2.6589607116920844,,0.11939224763979663,-0.6101500726216412,1.4763095315904138,temp,JJASO,Day
21.75_102.25,0.10138525780682643,2.0696319353667394,0.551212327523602,-2.830606172839506,,-0.40428117283950615,-0.5158056826434277,1.1106055918663762,temp,JJASO,Day
21.75_99.25,0.39331082062454614,-0.031084150326797393,-2.1847904684095862,-1.937782207697894,,-2.284722494553377,-1.8450916122004357,-0.15323079157588965,temp,JJASO,Day
21.75_99.75,-0.1412102396514161,0.22862594408133624,-1.1320657952069717,-2.8220756899055917,,-2.509471223674655,-2.012252559912854,-0.8910215867828614,temp,JJASO,Day
22.25_100.25,1.0560795206971678,0.8769466957153231,-0.06897861292665215,-2.578982824981845,,-0.5017962599854756,-1.0281353667392883,0.8006147421931735,temp,JJASO,Day
22.25_100.75,-0.3569618736383442,1.3159863289760347,1.1424393427741468,-4.174907298474945,,0.04862472766884533,-1.14280406681191,-0.14017142338416844,temp,JJASO,Day
22.25_101.25,0.33422403776325343,1.7925,1.6683634713144517,-3.2558118010167028,,0.9887200254175744,-0.6128837509077705,0.8160164669571532,temp,JJASO,Day
22.25_101.75,0.4191463326071169,1.7237261982570806,0.9531396151053014,-2.735101942628903,,0.19614026870007262,-0.5132855301379811,1.1162660312273056,temp,JJASO,Day
22.25_102.25,0.04775272331154687,1.997471223674655,0.8898709513435004,-2.8823994553376906,,0.19562574437182284,-0.4123516339869281,0.8720036310820625,temp,JJASO,Day
22.25_99.75,0.002693173565722638,0.26112396514161224,-0.9914249818445896,-2.796692919389978,,-1.208233496732026,-1.957281281771968,-0.3718266702977487,temp,JJASO,Day
22.75_100.25,-0.7946107480029048,-0.6139551924473493,-0.8811833333333332,-4.071830519244735,,-0.6267696259985476,-1.979021405228758,-0.7476980029048657,temp,JJASO,Day
22.75_100.75,-0.8263554829339143,0.6290760348583878,0.6156279411764706,-4.120922058823529,,0.27161127450980393,-1.8115310275962235,-0.35549987291212776,temp,JJASO,Day
22.75_101.25,0.6981013071895424,1.1645827160493827,0.1824977668845316,-2.5950459150326797,,-0.386863489469862,-0.7036504538852577,1.2391456063907045,temp,JJASO,Day
22.75_99.75,0.5329386347131445,-0.07474413580246915,-0.014007607116920841,-2.5704518881626726,,-0.9628140885984023,-1.640284005083515,0.233756917211329,temp,JJASO,Day
23.25_100.25,-1.5688660130718954,-1.0159140341321713,-1.7560359658678286,-4.566853576615832,,-2.13372035221496,-2.4991982389251994,-1.5830666848220771,temp,JJASO,Day
23.25_100.75,-1.9877233115468411,-0.8892332244008715,-1.6508789397240378,-5.076996574074074,,-2.8706332244008714,-2.863514778503994,-1.4522502360203342,temp,JJASO,Day
23.25_99.25,-0.2289284676833696,0.022399836601307184,-1.0385686274509804,-3.3579122730573707,,-1.1787685185185186,-2.1320656681190995,-0.5521046114742193,temp,JJASO,Day
23.25_99.75,0.01427342047930285,-0.536718899782135,-1.148728086419753,-3.021956663035585,,-1.221956808278867,-1.8632967320261438,-0.3413235294117647,temp,JJASO,Day
23.75_100.25,-1.9957578068264343,-2.527944462599855,-2.852378086419753,-4.4561598583877995,,-3.0781125272331153,-3.558938253449528,-2.529523384168482,temp,JJASO,Day
23.75_100.75,-1.5960867828612928,-1.0243620551924473,-1.7380191539578795,-4.297435484749455,,-2.370638471314452,-2.782548129992738,-1.5867875635439361,temp,JJASO,Day
24.25_100.25,-1.8489222948438635,-2.336677269426289,-1.6310614379084967,-3.2070308932461873,,-2.1406406136528684,-3.660208496732026,-2.505714451706609,temp,JJASO,Day
24.25_100.75,-1.927523965141612,-1.8954257443718228,-0.6014449527959332,-3.4956528213507623,,-1.3930600762527234,-3.2206660493827157,-2.4073291212781407,temp,JJASO,Day
24.25_99.75,-1.101579883805374,-1.364018137254902,-2.411164451706609,-2.4451832607116923,,-3.032214488017429,-2.9994827523602035,-1.4914421931735657,temp,JJASO,Day
24.75_100.25,-1.6277505446623093,-1.994634531590414,-1.1404931554103122,-2.7797268899782135,,-1.182001561365287,-3.169275326797386,-2.1339724582425563,temp,JJASO,Day
24.75_99.75,-1.1414230573710966,-0.9292835511982571,-1.3920060094408133,-2.187762037037037,,-1.723795987654321,-2.5146459513435007,-1.167422331154684,temp,JJASO,Day
25.25_99.75,-1.093583260711692,-1.4046565359477123,-0.6268561365286855,-2.792636914124909,,-1.4383417211328975,-2.766089887436456,-1.7225790486564996,temp,JJASO,Day
25.75_100.25,0.8088597312999273,0.21536808278867098,1.1056591866376178,-0.20486654139433558,,1.1970795570079884,-0.47481993464052297,-0.17165432098765437,temp,JJASO,Day
25.75_99.25,0.2569546477850399,-0.6340919934640523,-1.06015929557008,-1.6171837189905591,,-1.5328838598402323,-1.7894929702251272,-1.2954576252723313,temp,JJASO,Day
25.75_99.75,0.15961982570806102,-0.6502870551924473,-0.8275536310820625,-1.1637884023238925,,-0.9764724582425564,-1.5056827832244009,-0.8525423747276688,temp,JJASO,Day
26.25_99.25,0.4552667755991285,-1.3128181009440814,-2.074679716775599,-0.7202728075526507,,-2.6219075266158316,-1.8815332286855484,-1.3013238692810458,temp,JJASO,Day
26.25_99.75,0.593328431372549,-0.6717271677559914,-1.3400783024691358,0.0947966009440813,,-1.2491923948801742,-1.1874851924473493,-0.6849420715323167,temp,JJASO,Day
26.75_99.25,0.7429015976761075,-1.5235567302106026,-3.4480198024691355,0.3361353632897604,,-3.715435978939724,-1.690921655929557,-1.1163711982570805,temp,JJASO,Day
27.25_99.25,-0.318532498184459,-1.828429943718228,-3.020446427196805,-0.3713303954248366,,-3.43682351724764,-2.2876925471859115,-1.8603331691358025,temp,JJASO,Day
27.75_98.75,-1.5524702832244008,-2.683399029593319,-4.308224731844589,-1.7915304057407409,,-4.2733513344226575,-2.7821562977487293,-1.9359502980755265,temp,JJASO,Day
28.25_98.75,-0.07150352795933188,-3.6818785455882352,-3.4261399021423387,-1.8139286309041396,,-3.7929656690958606,-3.047589225635439,-1.53535152567175,temp,JJASO,Day
28.75_98.75,0.044331328976034874,-2.3496864576797387,-1.5673723425381263,-2.1734941571296296,,-1.2768460251633986,-2.8318386875998547,-1.5328643346405229,temp,JJASO,Day
29.25_98.25,0.06966903565722583,-2.5073514046659406,0.49942257007988383,-3.0546162858569352,,-0.9023760564270153,-3.2812664256172837,-1.0697830172294844,temp,JJASO,Day
29.75_98.25,-1.257051429920116,-3.189743972458243,-0.9169472241285402,-4.014611622458243,,-0.43024813774509807,-5.468409203580247,-1.8049549373819898,temp,JJASO,Day
30.25_97.75,-0.839420031554103,-2.8358594769607843,-3.4797041787400147,-2.673021531127451,,-3.816853322930283,-5.24527818917756,-1.3894330329702251,temp,JJASO,Day
30.25_98.25,-1.2731245461147422,-2.7903859669571536,-2.846180613959695,-4.158808657788671,,-3.08902724402687,-5.30739849271968,-1.4328876114379085,temp,JJASO,Day
30.75_97.25,-2.335236212672476,-2.8761483182643426,-7.423675785822439,-3.212246972160494,,-7.617268201615832,-5.604134168119099,-3.8163078501089323,temp,JJASO,Day
30.75_97.75,-2.5487189358024693,-3.230720102636166,-5.26049823231663,-3.8068815631808284,,-4.881471068946986,-5.870823588779957,-3.509866119734931,temp,JJASO,Day
31.25_96.25,-1.567407850762527,-2.239780293598402,-6.710909782549019,-2.2106659963870734,,-7.03420768848947,-4.108379680159768,-2.6605274588307912,temp,JJASO,Day
31.25_96.75,-2.1382719535221497,-2.1618789051924474,-7.590939459912853,-2.764646793754539,,-7.798982251997095,-4.774164099128541,-2.9255712717138707,temp,JJASO,Day
31.25_97.25,-3.1918460326797384,-2.3453137887799564,-8.923815853594771,-3.632743533042847,,-9.142309364342774,-5.902760031771968,-4.08080056013072,temp,JJASO,Day
31.75_95.75,-0.2196647204066812,-1.1400777962999273,-3.837598319952796,-1.1699370400181555,,-5.051893165229593,-3.838427430439361,-1.7716397771938996,temp,JJASO,Day
31.75_96.25,-1.7649608932461873,-1.734390889469862,-5.795866764742193,-2.7513329244734934,,-6.144770673166304,-4.491895240050835,-2.5278837531227305,temp,JJASO,Day
31.75_96.75,-2.081444081336238,-1.4758621474219318,-6.17005364909223,-3.492289706971678,,-6.360384499891068,-4.832105704066811,-2.508254943100944,temp,JJASO,Day
31.75_97.25,-1.8014039288307917,-1.289682312745098,-5.9169246931735655,-2.762930419389978,,-6.212328645860566,-4.419812064124909,-2.050654161147422,temp,JJASO,Day
31.75_97.75,-1.4680806757443718,-2.3098622616122,-6.349636527095134,-2.63230517986565,,-6.247481916301743,-4.564455247382971,-2.4554870957371095,temp,JJASO,Day
32.25_94.75,-1.1875512375816992,-1.6667571306100217,-2.0674403284386345,-2.0844253799564267,,-3.388861785555555,-4.017405450998547,-2.2694709581027595,temp,JJASO,Day
32.25_95.25,-1.7346184517066083,-1.960655572519971,-1.6583596142156865,-2.507201539524328,,-0.879346361328976,-4.1113793329339146,-2.7323204893645605,temp,JJASO,Day
32.25_95.75,-2.256752360566449,-1.7309648357661582,-2.8073116615468408,-3.3222034375453884,,-2.247039496514161,-4.473682786964416,-3.027330379557008,temp,JJASO,Day
32.25_96.25,-2.40462008583878,-0.9700423269426288,-4.8480780681191,-3.3700663950617282,,-4.566797539433551,-4.371869487472767,-2.4770279871822805,temp,JJASO,Day
32.25_96.75,-2.2062865432098766,-1.2070599306100218,-5.807580884132171,-3.823956442628903,,-6.021756303558461,-4.599463430718954,-2.164358556681191,temp,JJASO,Day
32.25_97.25,-1.3412746957153232,-1.1320997559912855,-5.338019241321714,-2.9670548791394333,,-5.745544920388526,-3.767500559409949,-1.255379014667756,temp,JJASO,Day
32.25_97.75,-0.7135043342774147,-0.8049266380718955,-4.376274191176471,-2.2871334929375453,,-4.792448710230574,-3.2875626022567173,-1.327384134003268,temp,JJASO,Day
32.75_94.75,-1.6448298973129993,-1.557411367392883,-2.378291982081699,-2.911616031704793,,-3.3320932509840233,-4.067998100708062,-2.7722383744117645,temp,JJASO,Day
32.75_95.25,-2.961274030501089,-1.8214137128540306,-4.196239153231663,-3.9746565021786493,,-5.0688901023602035,-4.89006452389252,-3.8819105966230936,temp,JJASO,Day
32.75_95.75,-1.9707099135076254,-1.1329717189179376,-5.42888414244735,-3.0459785741466954,,-6.380574408242556,-4.0202702194626,-2.742194251234568,temp,JJASO,Day
32.75_96.25,-2.030592089869281,-1.114944776143791,-5.37993996835512,-3.21433786637618,,-5.404712654691358,-3.957196421098402,-2.4147705410493825,temp,JJASO,Day
32.75_96.75,-0.6506433180827887,-0.45511164635076257,-5.526817325384713,-2.4284267501089327,,-5.709871225374002,-3.1068592327523605,-1.168792139584241,temp,JJASO,Day
33.25_94.25,-1.3804291093681917,-0.7600857334168482,-4.334411767901235,-2.46986472625817,,-4.762227082244008,-3.3725868922857662,-2.0435805947893972,temp,JJASO,Day
33.25_94.75,-1.995789128540305,-1.0761282709150326,-4.849778109077705,-3.3172722838053743,,-5.1257671138344225,-4.323613471750182,-2.8282536004720407,temp,JJASO,Day
33.25_95.25,-1.3147156862745097,-1.1474574204778503,-5.498604388997822,-2.352419810733479,,-5.46476039960058,-3.4514972465994918,-2.1312413296604937,temp,JJASO,Day
33.25_95.75,-0.5949933861732026,-0.83078172875817,-5.252056031681191,-1.2319847761256355,,-9.48003831609114,-2.533877459802106,-1.2364452065377634,temp,JJASO,Day
9.25_105.25,0.14942846768336962,1.8808380537400147,0.6822494553376907,0.3628191721132898,,0.45649854756717506,-0.04575871459694992,0.4021501452432825,temp,JJASO,Day
9.25_105.75,-0.04722766884531594,1.8666746550472042,0.6937839506172839,0.19192973856209147,,0.2785452069716775,0.1868779956427015,0.43189978213507624,temp,JJASO,Day
9.75_105.25,-0.3116100217864924,1.6551145606390703,0.45918373275236013,-0.48223420479302836,,-0.007058097312999308,-0.45762182280319535,0.08059822076978937,temp,JJASO,Day
9.75_105.75,-0.32271387073347857,2.122137254901961,0.39030029048656495,-0.6583805374001452,,0.12545461147421932,-0.11447676107480027,0.03135511982570806,temp,JJASO,Day
9.75_106.25,-0.22717138707334786,1.9519625998547567,0.7625933188090052,-0.6651194625998548,,0.44258478576615834,0.32849146695715326,-0.036752723311546845,temp,JJASO,Day
10.25_104.75,-0.6077182556750296,1.5787127419354843,0.013055089605734338,-0.5278702150537637,,-0.29119120071684584,-0.18828440262843474,-0.37796530465949807,temp,JJASO,Mon
10.25_105.25,-0.7046643847072879,1.581749551971326,0.09245474313022702,-1.2719421505376343,,-0.25382558542413347,-0.6458334946236557,-0.478518166069295,temp,JJASO,Mon
10.25_105.75,-0.6521958661887693,1.8796520310633216,0.2784994384707292,-1.4682037574671443,,0.0901022700119476,-0.362953745519713,-0.5331114994026286,temp,JJASO,Mon
10.25_106.25,-0.5153988410991635,1.8731723357228194,0.5076105436081246,-1.5160964934289125,,0.21923124253285572,-0.11774461170848226,-0.5295708960573476,temp,JJASO,Mon
10.25_106.75,-0.2525600238948629,1.5944203345280765,0.9732547311827957,-1.1556321684587811,,0.6063354002389488,0.23479786140979675,-0.04290797491039417,temp,JJASO,Mon
10.75_104.75,-1.0528421146953406,1.8454525686977301,-0.07757041218638001,-1.57455825567503,,-0.43075710872162476,-0.16926383512544796,-1.1001187216248507,temp,JJASO,Mon
10.75_105.25,-1.0892307168458781,1.7514761768219835,0.013379301075268697,-1.9928968697729987,,-0.2722520131421744,-0.6420931481481479,-1.0596347729988054,temp,JJASO,Mon
10.75_105.75,-0.863268231780167,1.549011965352449,0.04151123655913985,-2.0729238112305852,,-0.19054821385902043,-0.7525018637992833,-1.0242371505376342,temp,JJASO,Mon
11.25_104.25,-1.0473532019115892,1.738352461170848,0.32426602150537626,-2.2162505734767026,,-0.2837492771804061,-0.2784256391875746,-1.2711126403823179,temp,JJASO,Mon
11.25_104.75,-1.2507940143369172,1.878660256869773,0.28106903225806434,-2.5111576702508955,,-0.27919763440860207,-0.5755828136200714,-1.4692153464755078,temp,JJASO,Mon
11.25_105.25,-1.0754010752688175,1.7322579749103941,0.2217860573476701,-2.574852586618877,,-0.10146067502986872,-0.703327640382318,-1.2595221684587816,temp,JJASO,Mon
11.75_104.25,-1.2364395221027482,1.350829468339307,0.6770950896057344,-2.9352181959378734,,0.10021694145758644,-0.7398909498207887,-1.4532447729988054,temp,JJASO,Mon
11.75_104.75,-1.3922966308243727,1.6947380764635607,0.688926851851852,-3.0398163739546,,0.04542902628434911,-0.8949696356033453,-1.2828772700119475,temp,JJASO,Mon
11.75_105.25,-1.0545159856630824,1.503723853046595,0.37502787335722826,-2.972956463560334,,-0.04817388291517328,-0.8877524133811229,-1.1710120131421744,temp,JJASO,Mon
12.25_103.25,0.5325280406212665,1.1597322162485066,0.7787322162485069,-1.6229468757467145,,-0.1474662843488647,-0.4028706212664278,-0.4795473775388293,temp,JJASO,Mon
12.25_103.75,-1.1035572520908006,0.8466908721624848,0.30945710274790894,-3.241908004778973,,-0.15476891278375174,-0.8520167025089608,-1.6003756093189967,temp,JJASO,Mon
12.25_104.25,-0.7231527479091997,1.946772813620072,0.8031703524492235,-2.9007738769414577,,0.16326906810035852,-0.43326148148148164,-0.6752466427718035,temp,JJASO,Mon
12.25_104.75,-1.176878327359618,1.7051353464755077,0.2901211708482678,-3.25939940860215,,-0.21903807048984456,-0.9882169235364396,-0.9140709856630826,temp,JJASO,Mon
12.25_105.25,-0.8486056391875745,1.4995062664277181,0.2862290919952211,-3.250457413381123,,-0.11230434289127823,-0.9430540442054959,-1.1580343130227002,temp,JJASO,Mon
12.25_105.75,-0.8354206093189963,1.3579074014336916,0.21078203106332186,-3.3792389964157703,,-0.03807746714456381,-0.9172670908004777,-1.5392031899641576,temp,JJASO,Mon
12.25_106.25,-0.6502224850657111,1.6686118399044207,0.47872974910394256,-3.1950377598566306,,0.2648020071684585,-0.5796324970131422,-1.41390270609319,temp,JJASO,Mon
12.25_106.75,-0.19930007168458744,1.6401889187574672,0.7046910334528077,-2.9940223536439663,,0.8077082497013145,-0.37896627240143355,-1.1848432377538827,temp,JJASO,Mon
12.25_107.25,1.462615495818399,1.1097213261648748,0.6192764874551973,-1.1542800657108723,,1.13333284348865,0.8946624910394263,0.004044749103942438,temp,JJASO,Mon
12.25_107.75,1.1679080525686978,0.9495727419354839,1.393017652329749,-1.0308577240143373,,1.1095257945041819,0.4889487873357229,-1.1160460692951018,temp,JJASO,Mon
12.25_108.25,2.0983837753882915,0.8192867502986859,1.2147533333333331,-0.2741167383512546,,1.2876685185185184,0.5297228255675027,-0.3105481302270009,temp,JJASO,Mon
12.75_102.75,0.19216204301075251,1.618100221027479,0.20050994623655888,-2.5882625925925926,,-0.4970183333333335,-0.28497149342891304,-1.1390428912783754,temp,JJASO,Mon
12.75_103.25,-0.5988770848267619,1.7407680346475507,0.9539070669056156,-3.4688673357228197,,0.7861789784946236,0.03209199522102754,-1.628114796893668,temp,JJASO,Mon
12.75_103.75,-0.9421657467144566,2.093087126642772,1.5768350477897248,-3.60469798088411,,1.0439276642771802,-0.06809695937873393,-1.2863887753882917,temp,JJASO,Mon
12.75_104.25,-0.884159617682198,1.9952671266427722,0.942866612903226,-3.6289670430107526,,0.40501480884109947,-0.6116701971326162,-1.067568512544803,temp,JJASO,Mon
12.75_104.75,-1.0018431302270014,1.7930856332138587,0.35354472520908004,-3.5068151792114697,,-0.06857467741935486,-0.9379628733572285,-1.286861869772999,temp,JJASO,Mon
12.75_105.25,-0.7903959617682202,1.1892572341696535,0.2508855913978495,-3.6388379868578253,,-0.17827684587813622,-1.047341146953405,-1.5629094086021504,temp,JJASO,Mon
12.75_105.75,-0.6483010155316611,1.0786048685782552,0.32994635005973655,-3.6429585902031065,,0.08656252090800472,-0.8951455973715661,-1.682486774193549,temp,JJASO,Mon
12.75_106.25,-0.5635197013142172,1.6356381541218636,0.49189120669056124,-3.3620289068100364,,0.2550969056152925,-0.7069875448028673,-1.721072467144564,temp,JJASO,Mon
12.75_106.75,0.04645491039426525,1.8246423476702505,0.5756841756272402,-2.9937347729988057,,0.47959292114695307,-0.267950071684588,-1.293612401433692,temp,JJASO,Mon
12.75_107.25,0.5892127837514938,2.1991781123058547,0.697094988052569,-2.5062045579450416,,0.2820159737156515,0.14261364994026338,-0.9526166129032254,temp,JJASO,Mon
12.75_107.75,0.05232476702508981,1.9863845519713266,0.4741776702508961,-2.8673491338112305,,0.1713515412186384,-0.23267264038231766,-1.9490817264038225,temp,JJASO,Mon
12.75_108.25,0.8724360334528075,1.8651880943847068,1.1668345221027479,-1.988466356033453,,0.04364217443249711,-0.4864024731182795,-1.242087329749104,temp,JJASO,Mon
13.25_102.75,-0.712541278375149,1.615854575866189,0.42828722819593756,-3.610974898446834,,0.579325101553166,-0.19797645758661903,-1.8668225328554362,temp,JJASO,Mon
13.25_103.25,-0.5630304898446832,2.2079995161290324,1.0892954540023896,-3.476625579450418,,0.5902504778972519,-0.11506599163679788,-1.438724778972521,temp,JJASO,Mon
13.25_103.75,-0.3916468817204299,1.915328596176822,0.9841282556750299,-3.2674140262843485,,0.5664312664277179,-0.28579252090800467,-1.0052580824372759,temp,JJASO,Mon
13.25_104.25,-0.31964682198327365,1.7859342054958185,0.520398201911589,-3.3927746475507763,,0.11175924731182808,-0.6049673118279573,-1.1937178315412187,temp,JJASO,Mon
13.25_104.75,-0.5336432138590202,1.6297662066905616,0.30099147550776567,-3.512855740740741,,-0.1675946236559139,-0.812442258064516,-1.5748830585424136,temp,JJASO,Mon
13.25_105.25,-0.5096679450418161,1.2273763321385902,0.47378902031063336,-3.7039175746714452,,-0.06015453405017893,-0.9748575388291518,-1.6922874671445638,temp,JJASO,Mon
13.25_105.75,-0.3153566308243729,1.0965457347670249,0.5617683811230585,-3.5622839486260456,,0.30804087216248477,-0.7323522879330943,-1.4792792054958186,temp,JJASO,Mon
13.25_106.25,-0.31004606929510176,1.62111756869773,0.4375645818399043,-3.307300442054958,,0.19986229988052565,-0.5649230943847071,-1.413400083632019,temp,JJASO,Mon
13.25_106.75,-0.1350342532855438,1.9183525985663084,0.7100672281959379,-3.08897527479092,,0.3392596654719235,-0.29028718040621276,-1.2618319235364392,temp,JJASO,Mon
13.25_107.25,-0.3359492353643968,2.406026624850657,0.8992768876941457,-3.316292765830347,,0.5263189008363202,-0.062020955794504375,-1.5238562246117087,temp,JJASO,Mon
13.25_107.75,-0.2924276941457582,2.3513012604540022,0.6637730585424134,-3.226248375149343,,0.8313718279569895,-0.19574059139784955,-1.70150554958184,temp,JJASO,Mon
13.25_108.25,1.1090230585424132,2.9070857885304657,1.24469390083632,-1.7896245758661888,,0.524131248506571,0.0922282556750301,-0.2764282198327359,temp,JJASO,Mon
13.75_102.75,-0.5873041816009557,1.591068357228196,0.2832008781362005,-3.96659958781362,,-0.07550787933094409,-0.6365248685782555,-2.330811762246117,temp,JJASO,Mon
13.75_103.25,-0.38929413381123035,1.902153237753883,0.5949807526881723,-3.647166409796893,,0.18587528076463608,-0.5076877897252088,-1.9850124193548384,temp,JJASO,Mon
13.75_103.75,-0.08108554360812434,1.899691230585424,0.6981575328554357,-3.3986320489844686,,0.27878804062126616,-0.5789057287933097,-1.6557839605734768,temp,JJASO,Mon
13.75_104.25,0.04128913978494601,1.8289332795698923,0.6736518458781362,-3.3018399581839906,,0.23607012544802852,-0.5333570549581841,-1.6054761589008364,temp,JJASO,Mon
13.75_104.75,-0.2910928554360813,1.766062520908005,0.6188571326164874,-3.37010201911589,,0.11682712664277177,-0.7822441696535244,-1.8306666367980882,temp,JJASO,Mon
13.75_105.25,-0.45469750298685785,1.4804464456391875,0.7106483572281961,-3.632630896057348,,0.22433463560334516,-0.9944464038231783,-1.842020925925926,temp,JJASO,Mon
13.75_105.75,-0.3055229868578256,1.3792755137395463,0.7166656332138591,-3.492486965352449,,0.3297212724014336,-0.6934102628434887,-1.4867045041816007,temp,JJASO,Mon
13.75_106.25,-0.5057900358422937,1.5572064277180409,0.2902498088410991,-3.5111855913978496,,0.195256816009558,-0.7066671146953405,-1.4465040979689368,temp,JJASO,Mon
13.75_106.75,-0.42989949820788553,1.7085074372759854,0.4011056810035839,-3.4616638530465953,,0.10438574671445602,-0.7431937753882917,-1.3517402090800479,temp,JJASO,Mon
13.75_107.25,-0.19798811230585403,2.041074229390681,0.26156461170848283,-3.3682348685782553,,0.3276830107526885,-0.4380074731182793,-1.4443779988052565,temp,JJASO,Mon
13.75_107.75,0.5140710991636801,2.145356475507766,0.26294998805256886,-2.700248775388291,,0.22142673835125476,-0.3727748387096772,-1.333577443249701,temp,JJASO,Mon
14.25_102.25,0.3634578614097966,0.2456979569892473,-0.2085353942652328,-2.9331660215053765,,-0.15583743130227018,-0.42966609318996457,-1.539528375149343,temp,JJASO,Mon
14.25_102.75,-0.10809452807646365,0.7364578016726404,0.12901678614097953,-3.6587912007168457,,-0.308421063321386,-0.6484220370370369,-1.98868554958184,temp,JJASO,Mon
14.25_103.25,-0.3037566069295104,1.258673733572282,0.258151589008363,-3.7432556451612906,,-0.1267333452807648,-0.7763724133811233,-2.208227903225807,temp,JJASO,Mon
14.25_103.75,-0.1864993309438471,1.2127764157706094,0.27618577060931915,-3.574442395459976,,-0.16170112903225814,-0.9880387395459973,-2.121923817204301,temp,JJASO,Mon
14.25_104.25,0.0649049103942648,1.1820619593787332,0.4576396236559139,-3.216236045400239,,-0.04302295698924752,-0.7957383273596179,-1.7085297491039424,temp,JJASO,Mon
14.25_104.75,-0.261429761051374,1.4635238948626046,0.538362025089606,-3.2573278793309437,,0.07529855436081223,-0.9758587037037036,-1.8494486081242532,temp,JJASO,Mon
14.25_105.25,-0.0006335125448029623,1.37544729390681,0.764929641577061,-2.9984486081242534,,0.35291983273596184,-0.6458796057347674,-1.3632418936678616,temp,JJASO,Mon
14.25_105.75,-0.7785506212664277,1.684496170848268,0.49508047789725224,-3.446101403823178,,0.10310693548387112,-0.8648195579450421,-1.7829057526881718,temp,JJASO,Mon
14.25_106.25,-1.1437976224611708,1.2729972700119472,-0.00980034647550758,-3.7827135722819594,,-0.2882557646356031,-1.1971049999999996,-1.871107108721625,temp,JJASO,Mon
14.25_106.75,-0.23901264038231793,1.7133282437275983,0.282638733572282,-2.9803260274790917,,0.19311764038231796,-0.6333222879330943,-1.0355294145758662,temp,JJASO,Mon
14.25_107.25,-0.37521167264038247,1.2451554778972518,-0.27390634408602144,-3.0563434528076465,,-0.2080976164874554,-0.9572023058542416,-1.6394443548387099,temp,JJASO,Mon
14.25_107.75,0.20657572281959363,0.9868695758661886,-0.38671390681003587,-2.6866863739546,,-0.4626843847072882,-1.0275207108721627,-1.904739593787336,temp,JJASO,Mon
14.25_108.25,1.4214303703703703,1.0018317443249705,0.4910163859020312,-1.2073747729988051,,-0.008933530465949562,-0.12908649342891287,-0.524237138590203,temp,JJASO,Mon
14.75_101.75,0.06915947431302259,0.8271068100358422,-0.22809123655913993,-3.137003882915174,,-0.8701086977299883,-0.8921651075268818,-2.1751107885304664,temp,JJASO,Mon
14.75_102.25,-0.6907869772998806,0.9699296833930707,0.19243876941457588,-3.9602408243727596,,-0.6265785902031065,-0.8186380585424136,-2.658341391875747,temp,JJASO,Mon
14.75_102.75,-0.36918053763440895,1.0756563201911586,0.23401151135005946,-3.811860997610514,,-0.416383482676225,-0.8215166308243729,-2.3169552867383514,temp,JJASO,Mon
14.75_103.25,-0.1981931182795698,1.1369172461170853,0.26516716248506594,-3.6221510454002384,,-0.3553005973715646,-0.9381916308243725,-2.1991353285543607,temp,JJASO,Mon
14.75_103.75,-0.07663629629629617,1.1926848028673835,0.4241485483870968,-3.345965501792115,,-0.1678380047789727,-0.9431104181600953,-2.038494958183991,temp,JJASO,Mon
14.75_104.25,-0.21824275985663102,1.1112149163679805,0.3722452210274789,-3.2399432676224618,,-0.20416273596176843,-0.9923949761051375,-1.8588191577060937,temp,JJASO,Mon
14.75_104.75,-0.22989770609319027,1.3925468399044205,0.3904660215053767,-3.0548375686977303,,-0.10351396057347664,-0.8938969892473119,-1.6550019653524493,temp,JJASO,Mon
14.75_105.25,-0.24843140979689388,1.477741445639187,0.28266299880525675,-3.036424516129032,,-0.08594465352449253,-0.700304569892473,-1.6161789008363208,temp,JJASO,Mon
14.75_105.75,-0.7977283751493429,1.490747622461171,-0.037081636798088506,-3.6410389486260453,,-0.2542232676224612,-1.2260275149342894,-2.0011870310633215,temp,JJASO,Mon
14.75_106.25,-1.0876302628434884,0.3766799581839902,-0.6497015471923538,-4.134212873357228,,-0.8716356810035846,-2.1592242592592594,-2.2479862186379926,temp,JJASO,Mon
14.75_106.75,-0.9028889127837515,0.355036176821983,-0.602753136200717,-3.9414096535244925,,-0.7711463918757467,-1.7294955316606928,-2.4166369115890087,temp,JJASO,Mon
14.75_107.25,-1.0671369175627234,0.33579317204301085,-0.4681208542413376,-3.9840727060931904,,-0.03609358422939049,-1.6950548984468337,-2.994253458781362,temp,JJASO,Mon
14.75_107.75,1.14750523297491,0.1167836140979689,-0.40957143369175636,-2.223283124253286,,-0.701211403823178,-1.1023612724014338,-1.4015409498207887,temp,JJASO,Mon
14.75_108.25,2.157277228195938,0.7819654480286741,0.7394872222222221,-0.7968895639187574,,-0.009503775388291065,-0.13825210872162463,0.19234532258064535,temp,JJASO,Mon
15.25_101.75,0.017659569892473175,1.3278944205495817,0.22122559139784959,-3.7038246714456386,,-0.41581421744324953,-0.6029276284348866,-2.5354465173237752,temp,JJASO,Mon
15.25_102.25,-0.37121928315412195,1.5424418040621266,0.5230078673835125,-4.067157246117085,,-0.06501506571087193,-0.4697771146953404,-2.5552793070489845,temp,JJASO,Mon
15.25_102.75,-0.054910334528076435,1.5957727598566307,0.4101070430107526,-3.8294067323775387,,-0.2683119892473118,-0.6010913679808841,-1.957664844683393,temp,JJASO,Mon
15.25_103.25,-0.07852707287933139,1.502919480286738,0.3290635483870967,-3.7399506630824373,,-0.3026241816009557,-0.8605221804062132,-1.8010505854241339,temp,JJASO,Mon
15.25_103.75,-0.07123882915173212,1.5886438351254482,0.33832920549581874,-3.5729918219832735,,-0.26189485663082385,-0.9091836678614095,-1.8748163440860213,temp,JJASO,Mon
15.25_104.25,-0.27168945041816017,1.582882258064516,0.22101465949820792,-3.5441472939068106,,-0.33869257467144603,-1.0288042234169654,-1.9587506929510161,temp,JJASO,Mon
15.25_104.75,-0.5127349462365592,1.5045507108721625,0.10345424731182808,-3.476201941457587,,-0.37801532855436065,-1.1544549701314217,-1.9963898028673837,temp,JJASO,Mon
15.25_105.25,-0.5890618040621266,1.764559139784946,0.18616651135005996,-3.431662311827957,,-0.2452805495818396,-1.1249240143369172,-1.9621106093189964,temp,JJASO,Mon
15.25_105.75,-1.1923746594982074,0.7841204898446833,-0.503806111111111,-4.164687150537634,,-0.5580763201911585,-1.6854830167264037,-2.37589894265233,temp,JJASO,Mon
15.25_106.25,1.8079949581839907,1.9228114456391874,1.0703526702508959,-1.1946724790919951,,1.1879957526881721,0.328782467144564,0.5959780107526881,temp,JJASO,Mon
15.25_106.75,-0.8785530943847072,-0.01398139784946228,-1.3550032915173236,-4.010975412186379,,-1.4316085722819594,-1.7061043428912783,-2.6775293189964153,temp,JJASO,Mon
15.25_107.25,0.6736222222222222,1.2905305913978495,0.7789525507765831,-2.217275579450418,,0.5631568458781364,-0.688425872162485,-1.102106863799283,temp,JJASO,Mon
15.75_101.75,0.060584528076463445,1.1735604898446834,0.48804089605734746,-3.7688490501792113,,-0.10900738948626057,-0.5781729808841096,-2.3405340979689364,temp,JJASO,Mon
15.75_102.25,-0.17626587813620048,1.695105704898447,0.5475363440860216,-3.851723799283154,,-0.013646415770609287,-0.24025866786140987,-2.0512951732377536,temp,JJASO,Mon
15.75_102.75,0.07656583034647528,1.8847493787335723,0.48778317204301075,-3.6559444324970136,,-0.17461705495818355,-0.43956049581839884,-1.5376645280764634,temp,JJASO,Mon
15.75_103.25,-0.0025427837514936553,1.776007216248506,0.37431019713261643,-3.6476494982078855,,-0.28284311230585457,-0.8125803405017924,-1.5629636499402633,temp,JJASO,Mon
15.75_103.75,-0.1107724372759859,1.8140031421744327,0.2869268578255676,-3.6404523237753885,,-0.3214776164874552,-0.9474572401433695,-1.8829712962962963,temp,JJASO,Mon
15.75_104.25,-0.3232507048984472,1.7816183154121863,0.1655402031063318,-3.6045890740740743,,-0.40824985065710856,-1.077007401433692,-2.0542276941457587,temp,JJASO,Mon
15.75_104.75,-0.5472235244922342,1.5743296117084826,0.0015976344086023491,-3.553580621266428,,-0.46886448028673866,-1.1916304838709677,-1.9566636021505377,temp,JJASO,Mon
15.75_105.25,-0.7874327240143368,1.4678663500597369,-0.18720697132616493,-3.6585519772998807,,-0.5773115113500601,-1.3361497013142178,-1.9085741935483873,temp,JJASO,Mon
15.75_105.75,-0.9734587096774194,1.5843757287933096,-0.12083859617682226,-4.051798494623656,,-0.56724784348865,-1.5809924492234166,-2.0884331362007167,temp,JJASO,Mon
15.75_106.25,-1.624772329749104,1.104275191158901,-0.328413954599761,-4.609805627240144,,-0.9309290979689366,-2.1858875627240137,-3.0142742951015533,temp,JJASO,Mon
15.75_106.75,-0.304281804062127,0.21767477897252058,-1.2814904898446835,-3.8519420250896057,,-1.3555633034647552,-1.8434748864994033,-2.6113230286738354,temp,JJASO,Mon
16.25_101.75,1.143134528076464,1.1681426881720434,1.9011205854241338,-3.180215442054958,,1.2209304002389485,-0.3941255555555553,-1.3990841457586616,temp,JJASO,Mon
16.25_102.25,0.10099357228195968,1.7550195459976103,0.3795232437275989,-3.748449838709677,,-0.22457298685782534,-0.19362263440860247,-1.5925694743130228,temp,JJASO,Mon
16.25_102.75,0.12679892473118284,1.8712257885304666,0.39582543608124277,-3.657074737156511,,-0.2897135244922341,-0.40154948028673787,-1.3215373416965348,temp,JJASO,Mon
16.25_103.25,-0.00020857825567534386,1.7562866965352448,0.33024169653524477,-3.626130704898447,,-0.3645008482676224,-0.7622240023894864,-1.5612970310633216,temp,JJASO,Mon
16.25_103.75,-0.058529534050179105,1.7528613440860217,0.16659461768219835,-3.6171712365591397,,-0.48196130824372757,-1.0004515412186377,-2.0555641099163675,temp,JJASO,Mon
16.25_104.25,-0.07728768219832732,1.5268173536439664,0.007668841099163773,-3.393659755077658,,-0.509709540023895,-1.0319048566308244,-1.911806302270012,temp,JJASO,Mon
16.25_104.75,-0.5363672520908006,1.3665454540023896,-0.18817505973715656,-3.5416717801672637,,-0.6290238351254481,-1.1896171385902032,-1.683289826762246,temp,JJASO,Mon
16.25_105.25,-1.1449786738351257,1.2636722043010755,-0.2999593847072879,-3.9771736200716847,,-0.7988566427718045,-1.541726714456392,-1.8887422998805254,temp,JJASO,Mon
16.25_105.75,-1.3731456989247313,1.452292180406212,-0.3951107467144568,-4.217482849462366,,-0.6571248327359621,-1.6089716606929512,-2.244694480286739,temp,JJASO,Mon
16.25_106.25,-0.8752348864994025,1.3717586559139787,-0.6606632974910395,-3.776126308243728,,-0.5872345041816008,-1.4920553405017924,-2.1023710035842296,temp,JJASO,Mon
16.25_106.75,0.792495555555556,1.0304474193548387,-0.49881007168458774,-2.4690221146953406,,-1.047396594982079,-0.823841146953405,-0.6786931362007168,temp,JJASO,Mon
16.25_107.25,0.8400515651135012,0.4898504062126644,0.061343381123058906,-2.813747150537634,,-0.6608020788530462,-0.8353797431302269,-0.33161272401433634,temp,JJASO,Mon
16.75_101.75,1.1189334886499398,1.660911863799283,1.647606571087216,-3.391034097968937,,0.8873920609318997,-0.1553158781362008,-0.9577177837514935,temp,JJASO,Mon
16.75_102.25,-0.2843954958183989,1.6832708124253286,0.16086235961768236,-4.0540039844683395,,-0.41247844683393076,-0.42986070489844674,-1.409637246117085,temp,JJASO,Mon
16.75_102.75,0.06537935483870999,1.6932249342891277,0.3977792712066907,-3.6692933632019114,,-0.3468741816009554,-0.6410151493428909,-1.1006749462365593,temp,JJASO,Mon
16.75_103.25,0.016326081242532965,1.5401993249701313,0.390476714456392,-3.508952682198327,,-0.3521401732377537,-0.7484421505376342,-1.3224705675029866,temp,JJASO,Mon
16.75_103.75,0.18325718040621225,1.33796284348865,0.12145145161290315,-3.2905810931899646,,-0.48018181600955817,-0.9074111111111113,-1.6415833512544802,temp,JJASO,Mon
16.75_104.25,0.24233677419354838,1.4747360155316607,0.23824277180406206,-2.982864719235364,,-0.30438572879330933,-0.8259407706093188,-1.286425698924731,temp,JJASO,Mon
16.75_104.75,-0.819429211469534,1.570903154121864,0.07680108124253336,-3.6673855913978497,,-0.6137977837514935,-1.2937144145758657,-1.572248303464755,temp,JJASO,Mon
16.75_105.25,-1.3073549701314218,1.3308895579450415,-0.14172149342891294,-4.145818339307049,,-0.7171496893667862,-1.5980665173237756,-1.9875712126642775,temp,JJASO,Mon
16.75_105.75,-1.4395070609318998,1.414662341696535,-0.2593666069295099,-4.2388507526881725,,-0.725415191158901,-1.7147303703703702,-2.3761920250896056,temp,JJASO,Mon
16.75_106.25,0.0039037514934287445,1.394570681003584,-0.2741575448028675,-3.4574493189964164,,-0.9897518518518521,-1.2854536140979689,-1.658547502986858,temp,JJASO,Mon
17.25_101.75,0.42257796893667854,1.5640149283154121,0.02332727001194724,-4.266643912783751,,-0.7074475866188773,-0.5183302270011948,-1.196682449223417,temp,JJASO,Mon
17.25_102.25,-0.1586692473118281,1.9907374671445637,0.7736722281959378,-4.044145119474313,,0.047765238948626,-0.3793112604540026,-0.7860109976105137,temp,JJASO,Mon
17.25_102.75,0.008510752688172118,1.8237217741935483,0.6965308960573477,-3.586512670250896,,-0.0862948028673837,-0.6952811409796897,-0.6196806212664279,temp,JJASO,Mon
17.25_103.25,-0.19890675029868582,1.4632645639187578,0.43056199522102745,-3.4338641816009554,,-0.2992784587813621,-0.7672351792114692,-0.8597276881720429,temp,JJASO,Mon
17.25_103.75,-0.1852754241338116,1.3627483094384705,0.2692712246117085,-3.267714181600956,,-0.4756175866188771,-0.91360229390681,-1.110508614097969,temp,JJASO,Mon
17.25_104.25,-0.7500233094384706,1.6051359199522102,0.3247178195937874,-3.477709647550777,,-0.36901858422939093,-0.9736477359617683,-1.4077945519713264,temp,JJASO,Mon
17.25_104.75,-1.3038048984468344,1.9876115113500594,0.3343325866188766,-3.819033518518519,,-0.26605876941457607,-1.191147054958184,-1.7530893249701316,temp,JJASO,Mon
17.25_105.25,-1.2476177299880529,1.466903022700119,-0.10425010155316651,-4.335463183990442,,-0.5675507646356037,-1.5295412246117088,-2.2887322520908007,temp,JJASO,Mon
17.25_105.75,-0.4257117443249702,0.9943292413381118,-0.4403047132616492,-4.048932365591398,,-0.8500528614097972,-1.5536928195937878,-2.105968620071685,temp,JJASO,Mon
17.25_106.25,1.0066318040621263,1.3296163918757464,0.05739439665471906,-2.6183882258064517,,-0.9073532317801674,-0.6583491039426526,-0.8715815173237756,temp,JJASO,Mon
17.75_101.25,0.33004058542413406,1.7885773416965354,0.16035755077658345,-3.961505949820788,,-0.6212551612903224,-0.6752564755077656,-1.1339176344086017,temp,JJASO,Mon
17.75_101.75,-0.10601968936678594,1.996081135005974,0.504883649940263,-4.3867959976105135,,-0.08020936678614107,-0.2603008482676224,-0.9543401075268818,temp,JJASO,Mon
17.75_102.25,-0.17743714456391863,2.594342729988053,0.976239761051374,-3.9105594922341695,,0.10964981481481485,-0.11030881720430104,-0.42921722819593777,temp,JJASO,Mon
17.75_102.75,-0.3360910155316602,2.4617343369175626,0.9286819115890086,-3.7962939068100354,,0.06982268219832766,-0.37741209677419324,-0.5725569354838708,temp,JJASO,Mon
17.75_103.25,-0.5759154241338108,2.020312891278375,0.612550704898447,-3.5820709796893673,,-0.08899780167264026,-0.48951680406212644,-0.6120169832735961,temp,JJASO,Mon
17.75_103.75,-0.8186949342891279,2.0916434647550775,0.44544844683393064,-3.6627309677419357,,-0.20206675029868587,-0.5255343727598565,-1.070003136200717,temp,JJASO,Mon
17.75_104.25,-1.201086845878136,2.056383554360812,0.48215008960573474,-4.069184504181601,,-0.07174579450418138,-0.9834090262843486,-1.6735989426523297,temp,JJASO,Mon
17.75_104.75,-0.5543290681003588,1.5065169653524493,0.20655479689366768,-3.583493512544803,,-0.28834945041816024,-1.2422540501792116,-1.4586149701314222,temp,JJASO,Mon
17.75_105.25,0.699118028673835,1.179002891278375,0.3670444384707287,-2.7691548745519716,,-0.37860721027479105,-0.9540116367980884,-0.7263415173237758,temp,JJASO,Mon
18.25_101.25,0.17486322580645133,1.9391877956989247,0.040352622461170676,-3.8264985842293906,,-0.4077150358422939,-0.7328152986857825,-0.8828125925925927,temp,JJASO,Mon
18.25_101.75,-0.4408496774193548,2.03547913381123,0.2951595639187573,-4.409118643966547,,-0.17031197132616493,-0.27253605137395476,-1.165958548387097,temp,JJASO,Mon
18.25_102.25,-0.7064202867383516,2.7772777240143367,1.076788912783751,-4.429962347670251,,0.18189928912783723,-0.14381636798088435,-1.2457905077658304,temp,JJASO,Mon
18.25_102.75,-0.43508610513739543,2.1362123357228198,0.7907810931899639,-3.9278216786140985,,0.31389256869772997,-0.22917882317801694,-0.8294243369175629,temp,JJASO,Mon
18.25_103.25,-1.079033715651135,2.3993282138590204,0.3451233691756274,-4.25446013739546,,-0.6578587694145758,-0.9719407586618879,-1.287840268817204,temp,JJASO,Mon
18.25_103.75,-1.5726447789725206,2.553286821983274,0.40443675029868603,-4.614940884109916,,-0.3990586081242531,-0.9789451911589008,-1.9107577419354838,temp,JJASO,Mon
18.25_104.25,-0.7582589486260457,1.8032580346475504,0.17727280167264,-4.003610812425328,,-0.316009336917563,-0.9727172401433692,-1.4039105077658305,temp,JJASO,Mon
18.25_104.75,0.7784862724014336,0.8724475209080048,-0.21646871565113537,-2.709251750298686,,-0.761509062126643,-0.9198350358422938,-0.20783132019115888,temp,JJASO,Mon
18.25_105.25,1.6936202867383514,1.061220209080048,0.43286145161290307,-1.3597322222222221,,-0.9319921863799283,-0.06392456989247337,0.7099125866188767,temp,JJASO,Mon
18.75_101.25,0.7521597849462363,0.8233212903225807,-0.4680425925925928,-2.9654077538829156,,-0.8629616069295106,-0.7694450716845883,-0.029550758661887815,temp,JJASO,Mon
18.75_101.75,-0.9348672998805257,1.3328868578255675,-0.13994325567502972,-4.480584916367981,,-0.8107219593787339,-0.5926036559139786,-1.4605691218637993,temp,JJASO,Mon
18.75_102.25,-1.6978342891278373,1.8290104002389487,0.49537801672640364,-5.162627945041816,,-0.6445554420549581,-1.3122101015531662,-2.218505459976105,temp,JJASO,Mon
18.75_102.75,-0.9073294743130226,0.9030343309438474,-0.3433197132616486,-4.223910752688172,,-0.73258591995221,-1.2316509617682196,-1.24565215651135,temp,JJASO,Mon
18.75_103.25,0.755778100358423,0.6486786917562724,0.2196618219832739,-2.5317532437275982,,0.3382389784946238,0.23340680406212677,0.35748862007168475,temp,JJASO,Mon
18.75_103.75,-1.8023544922341697,1.6108706212664274,-0.08770506571087233,-5.037932992831542,,-1.3132455077658305,-1.6789087694145761,-2.2848088649940266,temp,JJASO,Mon
18.75_104.25,-0.09398078853046579,1.1380693249701315,-0.3615444504181599,-3.4822463381123057,,-0.6492971983273595,-0.9696852329749103,-0.6411542413381122,temp,JJASO,Mon
18.75_104.75,1.8178194145758662,1.5847451194743127,0.7177259259259258,-1.7423002508960577,,-0.5074187813620075,0.22599985065710826,1.260393452807646,temp,JJASO,Mon
19.25_101.25,1.5459416726403825,0.7781432676224611,0.6163747132616492,-2.5425970370370368,,-0.006339360812425612,-0.6398414157706092,0.5321130107526879,temp,JJASO,Mon
19.25_101.75,-0.9035574432497013,0.6517754301075269,-0.2664026881720429,-4.882371589008363,,-0.871809569892473,-1.2291865830346476,-1.7049049701314216,temp,JJASO,Mon
19.25_102.25,0.5445480884109917,0.9664823058542412,0.07086425328554348,-3.400033853046595,,-0.5719489784946237,-0.9234166308243728,-0.20205372162485064,temp,JJASO,Mon
19.25_102.75,1.1156325925925927,0.19426719235364417,-0.0190759976105136,-2.6318518339307047,,-0.3588035125448028,-0.8104484707287934,0.32496486857825574,temp,JJASO,Mon
19.25_103.25,1.2565086738351252,0.0319515890083631,-0.361341965352449,-2.485495645161291,,-0.759787246117085,-0.9073276941457588,0.030915424133811067,temp,JJASO,Mon
19.25_99.75,0.40662186379928267,1.995292359617682,0.9638381541218637,-3.1431848805256872,,0.13569069295101507,-0.5699223775388295,-1.1854118876941462,temp,JJASO,Mon
19.75_100.25,-0.2824112425328553,2.174849318996416,0.32487528076463557,-3.888263010752688,,-0.04488654121863824,-0.5565273835125452,-0.9668203285543611,temp,JJASO,Mon
19.75_100.75,0.24160753882915162,1.325166827956989,-0.029772706093190177,-4.078682317801673,,-0.5765614516129033,-1.1061700597371567,-0.7381873655913983,temp,JJASO,Mon
19.75_101.25,0.0015738351254481605,0.2141925627240147,-0.41054219235364386,-4.360585603345281,,-1.0151960334528078,-1.5488823894862602,-0.9349531123058542,temp,JJASO,Mon
19.75_101.75,-0.9753884468339303,0.8808191995221026,-0.23967510155316565,-5.085572652329748,,-0.8517846296296296,-1.552797562724014,-1.500663506571087,temp,JJASO,Mon
19.75_102.25,-0.8734301433691758,0.5588936738351251,-1.2397108183990444,-4.678725788530466,,-1.8316986260454002,-1.6711709796893668,-0.9608735065710869,temp,JJASO,Mon
19.75_102.75,-0.3422685902031064,0.8127678434886502,-0.23060746714456373,-3.839146804062126,,-0.7676137753882913,-1.5855749283154121,-0.3580586379928314,temp,JJASO,Mon
19.75_103.25,0.062058530465950036,1.070053512544803,0.37730469534050154,-3.1608192891278373,,-0.061781511350059756,-1.1976694145758664,-0.32595446236559145,temp,JJASO,Mon
19.75_99.25,0.039354074074073805,1.1677894862604534,-0.01860025686977321,-3.0585276105137402,,-0.5104028434886502,-1.0139172461170851,-1.1197060215053767,temp,JJASO,Mon
19.75_99.75,-0.2697447431302269,2.250667789725209,0.7485162126642773,-3.608164486260454,,-0.027631666666666437,-0.5066751373954599,-1.29342458781362,temp,JJASO,Mon
20.25_100.25,-1.3923267383512545,1.900118853046595,0.1115641696535246,-5.002903608124253,,-0.2101629928315411,-0.8928577180406214,-1.497892096774194,temp,JJASO,Mon
20.25_100.75,-0.7284525925925928,1.0177362126642773,0.051776087216248476,-4.904369510155317,,-0.8785896654719236,-1.6073130406212663,-1.0363818219832734,temp,JJASO,Mon
20.25_101.25,-0.21528064516129056,0.7896358602150536,-0.25025588410991645,-4.538541690561529,,-0.7360687037037036,-1.4756651612903224,-0.790335292712067,temp,JJASO,Mon
20.25_101.75,0.121254229390681,1.0813335961768225,0.4876581421744329,-3.894774695340501,,-0.22720330346475476,-0.9006560812425325,-0.08682790322580591,temp,JJASO,Mon
20.25_102.25,-1.2263933094384707,1.512808136200717,-0.13309870967741952,-4.811045215651135,,-1.021824336917563,-1.4585995101553169,-0.7319516547192353,temp,JJASO,Mon
20.25_102.75,-0.6401190681003586,1.9523029689366789,0.35014977299880495,-3.97257256869773,,-0.6322768817204301,-1.015884109916368,0.03457440860215056,temp,JJASO,Mon
20.25_103.25,0.452867311827957,2.207974330943847,1.1322637395459976,-2.7114512228195937,,-0.35680860812425297,-0.9397619952210274,0.6649789844683394,temp,JJASO,Mon
20.25_99.25,0.47566444444444406,1.0407880167264039,-0.4717110633213858,-2.6716915173237754,,-0.8984457526881718,-0.9270054778972519,-0.41707010155316576,temp,JJASO,Mon
20.25_99.75,-0.5284488769414575,2.0735881780167267,0.40346936081242546,-3.835632520908004,,-0.686121762246117,-0.719681505376344,-1.0881716487455193,temp,JJASO,Mon
20.75_100.25,-0.47889367980884073,1.4462028375149345,0.319584181600956,-4.270585752688173,,-0.032676827956989424,-0.874820854241338,-0.9103023058542413,temp,JJASO,Mon
20.75_100.75,-0.342754516129032,1.1072267443249704,0.058214396654719516,-4.497034701314217,,-0.7479713142174432,-1.638972425328554,-0.4553626463560333,temp,JJASO,Mon
20.75_101.25,0.10007023894862649,0.5729903225806455,-0.023587329749103682,-4.129959127240143,,-0.537786463560334,-1.4803323237753878,-0.06342706690561507,temp,JJASO,Mon
20.75_101.75,-0.36104700119474353,0.7158164456391876,0.30786704301075246,-4.350976857825568,,-0.7344365591397851,-1.532518070489845,-0.3304838112305857,temp,JJASO,Mon
20.75_102.25,-0.2266191397849465,1.9407356152927118,0.2617784348864991,-3.803110307646356,,-0.02675204898446803,-0.7007068578255679,0.4687988649940261,temp,JJASO,Mon
20.75_102.75,-0.8152598327359617,2.0670940143369183,0.39026307048984493,-4.001775256869773,,-0.33028587813620075,-1.0825961887694142,0.3323219354838713,temp,JJASO,Mon
20.75_103.25,0.8882165949820786,2.1297539665471916,1.0402136200716845,-2.073693721624851,,0.4495362066905612,-0.10258986260454017,1.9540666129032256,temp,JJASO,Mon
20.75_99.75,0.311357861409797,1.0518820430107527,-0.19926370967741944,-3.096022849462366,,-1.6195975268817202,-1.2275013022700125,-0.5665668219832736,temp,JJASO,Mon
21.25_100.25,-0.1646510513739548,0.7271782915173238,1.28767119474313,-3.6893298088410993,,0.16880852449223405,-1.5520616666666667,-0.9071726941457592,temp,JJASO,Mon
21.25_100.75,-0.2272083393070487,0.9894323835125451,0.028033817204301512,-4.070918734169653,,-0.5667638172043007,-1.348695866188769,-0.17430447431302226,temp,JJASO,Mon
21.25_101.25,-0.24969130227001193,0.5844030107526884,-0.061435065710872094,-4.125948423536439,,-0.695159635603345,-1.6492618876941454,0.12766753285543594,temp,JJASO,Mon
21.25_101.75,0.37299882915173244,0.7248976702508962,0.2938915471923538,-3.409241144563919,,-0.2863980406212667,-1.0449719295101554,0.733255191158901,temp,JJASO,Mon
21.25_102.25,0.34161941457586603,2.0281341338112306,0.050418267622461245,-3.132744496415771,,-0.5839896953405019,-0.4393707467144566,1.070542341696535,temp,JJASO,Mon
21.25_102.75,-0.1547765710872161,2.1561519295101554,0.4179504540023896,-3.2854775459976104,,-0.7072509498207882,-0.5121579988052569,1.005920113500598,temp,JJASO,Mon
21.25_99.75,0.5919929151732378,0.16371725806451584,-1.5983112485065716,-2.357173327359618,,-2.374579838709678,-1.6178382497013144,-0.5258116248506574,temp,JJASO,Mon
21.75_100.25,0.8400162724014333,0.4100805973715652,0.29498991039426525,-2.6103713399044204,,0.07819971923536456,-1.1277831003584229,0.36609413978494654,temp,JJASO,Mon
21.75_100.75,-0.5708792831541215,0.645695639187575,-0.004915232974910132,-4.279220088410991,,-0.7422464097968932,-1.5014435424133812,-0.24635937873357205,temp,JJASO,Mon
21.75_101.25,-0.38419111111111115,1.8036035543608124,1.0636414516129031,-4.034356285543608,,0.3911332198327361,-1.0130409020310638,0.25990927120669066,temp,JJASO,Mon
21.75_101.75,0.6660219713261653,1.326452347670251,0.8643610035842294,-2.6574788422939064,,0.11991956391875737,-0.606235322580645,1.4756261708482679,temp,JJASO,Mon
21.75_102.25,0.10098689366786139,2.0756336917562725,0.5503483751493428,-2.8287493405017923,,-0.40402327359617723,-0.5116712186379928,1.11018596176822,temp,JJASO,Mon
21.75_99.25,0.3926755197132619,-0.02329297491039427,-2.1848314336917563,-1.9373641935483867,,-2.2848866069295104,-1.8433818518518517,-0.15330452210274798,temp,JJASO,Mon
21.75_99.75,-0.14178602150537573,0.23666197132616457,-1.1323709976105136,-2.8219905077658303,,-2.509702216248506,-2.010893679808841,-0.8917102986857824,temp,JJASO,Mon
22.25_100.25,1.0563091397849464,0.8847171810035844,-0.06926738948626046,-2.577848299283154,,-0.5012285782556751,-1.026092821385902,0.7992770191158899,temp,JJASO,Mon
22.25_100.75,-0.35691943847072877,1.3231343847072878,1.1422821146953404,-4.173522353046596,,0.049997048984468426,-1.1408064671445641,-0.14212547192353636,temp,JJASO,Mon
22.25_101.25,0.33418848267622464,1.7993705794504182,1.6679153584229387,-3.2541164044205497,,0.990214330943847,-0.6091583154121867,0.8142305555555553,temp,JJASO,Mon
22.25_101.75,0.4191072759856629,1.7304778494623652,0.9525809976105137,-2.732962582437276,,0.19697004778972513,-0.5093679342891284,1.1149006869773002,temp,JJASO,Mon
22.25_102.25,0.04757758661887676,2.003490495818399,0.8890736798088409,-2.88031343130227,,0.1963523835125447,-0.4084744026284349,0.8707986021505375,temp,JJASO,Mon
22.25_99.75,0.002683476702508969,0.27002669653524464,-0.9907841218637992,-2.795843264038232,,-1.207170597371565,-1.9550267043010754,-0.3723012485065711,temp,JJASO,Mon
22.75_100.25,-0.7943241099163679,-0.6062316612903224,-0.8810996356033454,-4.070103678016727,,-0.6256675149342891,-1.977094696535245,-0.7495255137395458,temp,JJASO,Mon
22.75_100.75,-0.8261438112305853,0.6364532437275982,0.6158923536439663,-4.118663771804062,,0.27313301672640383,-1.808582860215054,-0.3579781899641576,temp,JJASO,Mon
22.75_101.25,0.6980657228195936,1.171226845878136,0.18219279450418127,-2.5927198076463562,,-0.3864173416965354,-0.7007570692951017,1.2365970788530465,temp,JJASO,Mon
22.75_99.75,0.5331399163679806,-0.06667490621266485,-0.012627025089605858,-2.56927516786141,,-0.9618841756272403,-1.6381975023894861,0.23304797491039408,temp,JJASO,Mon
23.25_100.25,-1.568794205495819,-1.0084175615292716,-1.7561566481481485,-4.565050818399045,,-2.133130657108722,-2.4973702096774195,-1.5855299342891285,temp,JJASO,Mon
23.25_100.75,-1.9877829390681008,-0.8822730029868581,-1.6510681959378732,-5.074857695937873,,-2.870240788530466,-2.8611416421744322,-1.4556334528076462,temp,JJASO,Mon
23.25_99.25,-0.22950225806451588,0.031107078853046723,-1.0372314755077654,-3.357538262246117,,-1.1777385304659496,-2.129881248506571,-0.5526338769414576,temp,JJASO,Mon
23.25_99.75,0.014220740740740822,-0.5293225537634407,-1.1484609384707285,-3.0207993817204297,,-1.2214581780167262,-1.8614348626045396,-0.34261226403823153,temp,JJASO,Mon
23.75_100.25,-1.995713906810036,-2.5214026063321384,-2.853287512544803,-4.454535272998806,,-3.078116720430107,-3.5569593685782555,-2.5327316917562723,temp,JJASO,Mon
23.75_100.75,-1.5962153763440863,-1.0180820776583035,-1.7389301391875749,-4.2957318942652325,,-2.370601075268817,-2.780352735961768,-1.5910202933094386,temp,JJASO,Mon
24.25_100.25,-1.848974468339307,-2.3310975358422943,-1.6325794139784948,-3.2057337461170854,,-2.14110770609319,-3.6579545543608125,-2.5096262968936682,temp,JJASO,Mon
24.25_100.75,-1.9277108721624847,-1.8900653584229388,-0.6028372873357228,-3.4942108888888885,,-1.3933422939068096,-3.218521230585424,-2.4121140675029866,temp,JJASO,Mon
24.25_99.75,-1.1018183154121866,-1.3579741744324971,-2.4127565101553166,-2.444298327359618,,-3.033372622461171,-2.996772710872163,-1.494154775985663,temp,JJASO,Mon
24.75_100.25,-1.627445029868578,-1.9896979677419353,-1.1430856469534045,-2.778885632616487,,-1.1830057765830344,-3.166650513739546,-2.138357488052569,temp,JJASO,Mon
24.75_99.75,-1.1413818518518517,-0.9240027043010753,-1.3944756571087216,-2.1875742270011953,,-1.7252759062126646,-2.511482833333334,-1.1709233082437278,temp,JJASO,Mon
25.25_99.75,-1.0934200047789728,-1.400686551971326,-0.6300312915173237,-2.7930331654121865,,-1.4406015800477898,-2.7631867437275988,-1.7272816965352449,temp,JJASO,Mon
25.75_100.25,0.809990948626045,0.21793623058542408,1.1023689946236555,-0.2048735471923539,,1.19457130167264,-0.4724902037037039,-0.17791728614097993,temp,JJASO,Mon
25.75_99.25,0.25676002389486224,-0.6313721009557945,-1.063200100358423,-1.6186508448387096,,-1.5351741792114697,-1.7874109115890087,-1.2998719229390685,temp,JJASO,Mon
25.75_99.75,0.1601445639187576,-0.6478926087216248,-0.830854103942652,-1.1644691099163678,,-0.979067150537634,-1.5035289181600955,-0.8580772323775389,temp,JJASO,Mon
26.25_99.25,0.45515585065710895,-1.311208409796894,-2.078122198924731,-0.7215856608124254,,-2.6241968924611707,-1.8798759946714454,-1.3059350589008363,temp,JJASO,Mon
26.25_99.75,0.5937570203106333,-0.6709698020908006,-1.3433579868578256,0.09392120812425324,,-1.252003855017921,-1.186311991636798,-0.6913728261648744,temp,JJASO,Mon
26.75_99.25,0.7423222186379927,-1.5233149629629632,-3.451074951971326,0.33413115669056137,,-3.7176985261648747,-1.6892989834277181,-1.121157581242533,temp,JJASO,Mon
27.25_99.25,-0.31991040979689345,-1.8295086421744322,-3.023733007945042,-0.37445289749103927,,-3.439520082019116,-2.2864564701135004,-1.8648745858303464,temp,JJASO,Mon
27.75_98.75,-1.5525200250896056,-2.6846417146953407,-4.310251983691756,-1.795288097040621,,-4.2792133759856625,-2.781939568518518,-1.938528119199522,temp,JJASO,Mon
28.25_98.75,-0.07209201051373965,-3.6851039811290325,-3.42876093390681,-1.817855925804062,,-3.7971791437718045,-3.0503632727234176,-1.5393147493548387,temp,JJASO,Mon
28.75_98.75,0.04349087574671445,-2.354961014808841,-1.5690820025167265,-2.1788948069115888,,-1.2798894041971325,-2.8351659633255677,-1.538338339879331,temp,JJASO,Mon
29.25_98.25,0.06819670476702483,-2.5140301892855437,0.4965123587013141,-3.063458811100956,,-0.9080510760854243,-3.2857523048094386,-1.0752987656839905,temp,JJASO,Mon
29.75_98.25,-1.2589204664277178,-3.1958672135424133,-0.9205270262037035,-4.024338154925329,,-0.4347294549504182,-5.472917949161291,-1.8106987343888887,temp,JJASO,Mon
30.25_97.75,-0.8413047549223418,-2.838472453527479,-3.4848732007323773,-2.6823280542281958,,-3.823796660753285,-5.249130491941457,-1.394261919749104,temp,JJASO,Mon
30.25_98.25,-1.274277789725209,-2.7936761407341697,-2.851317269010693,-4.16710801412963,,-3.0952669650149347,-5.311749564314815,-1.4377614859378733,temp,JJASO,Mon
30.75_97.25,-2.3371231960095575,-2.875649437154122,-7.426961048327359,-3.2198971613701315,,-7.621218961863202,-5.606407888946833,-3.8202659021624847,temp,JJASO,Mon
30.75_97.75,-2.550359991589008,-3.231096999187694,-5.26492397244086,-3.8148695716547194,,-4.885176097763799,-5.873496127951015,-3.514149121229988,temp,JJASO,Mon
31.25_96.25,-1.5694898803106332,-2.236672123585424,-6.710680118970788,-2.2154639960878137,,-7.032470635195937,-4.1091563745256865,-2.663240359957228,temp,JJASO,Mon
31.25_96.75,-2.1400105632019115,-2.159366138642772,-7.591871516346475,-2.7702464540023892,,-7.799590606917563,-4.776006375831542,-2.9290277261326163,temp,JJASO,Mon
31.25_97.25,-3.193015685005974,-2.3429220632198327,-8.925878126710872,-3.6390024884707284,,-9.144748338272402,-5.905161622731182,-4.0843190690621265,temp,JJASO,Mon
31.75_95.75,-0.22104252513739553,-1.1352295444021505,-3.8361709132174435,-1.1738697505867384,,-5.049676134748734,-3.8382023395388294,-1.77234422475092,temp,JJASO,Mon
31.75_96.25,-1.7664975471923536,-1.7303950077789725,-5.796398609635602,-2.7560199524492237,,-6.144082071473118,-4.493099466682199,-2.5304544404492235,temp,JJASO,Mon
31.75_96.75,-2.08232109916368,-1.47226173218638,-6.170658775603345,-3.4974346149103943,,-6.361296943880526,-4.834154126857825,-2.511716513737156,temp,JJASO,Mon
31.75_97.25,-1.8015416222222222,-1.2861422195758663,-5.918731442362008,-2.7686212528793313,,-6.214337856675029,-4.4218254214910395,-2.0538568034994027,temp,JJASO,Mon
31.75_97.75,-1.467773930752688,-2.3063288419896057,-6.352251647157707,-2.6381361023405017,,-6.250153291919892,-4.56540587022812,-2.4582000208997608,temp,JJASO,Mon
32.25_94.75,-1.1887498386989246,-1.659447144020908,-2.06691453613405,-2.0871824663548386,,-3.3887535391929506,-4.01561630492055,-2.2683752105948027,temp,JJASO,Mon
32.25_95.25,-1.736028738506571,-1.9542673146720428,-1.658986175014337,-2.5106314927419358,,-0.8781286411212665,-4.110106711990442,-2.7319383597091993,temp,JJASO,Mon
32.25_95.75,-2.2584272118399045,-1.7256996755925926,-2.807858042826762,-3.326167126690562,,-2.246598268549582,-4.473599459360813,-3.02837438376583,temp,JJASO,Mon
32.25_96.25,-2.4062284512903225,-0.9653596566487455,-4.8493152709904415,-3.374910066236559,,-4.567413190819594,-4.37300143732258,-2.479356374548387,temp,JJASO,Mon
32.25_96.75,-2.2071259959378735,-1.2026594079402628,-5.808248844989246,-3.8291713626284354,,-6.021793827953404,-4.600891124750299,-2.1674103889832734,temp,JJASO,Mon
32.25_97.25,-1.3412494902150538,-1.127828484200717,-5.339275535306691,-2.972565430837515,,-5.745866425014934,-3.7688687854691163,-1.2581700976224015,temp,JJASO,Mon
32.25_97.75,-0.7130051279330943,-0.8010322374139786,-4.377593459192951,-2.2925697823160096,,-4.793698710531362,-3.288461972021087,-1.3296898827562724,temp,JJASO,Mon
32.75_94.75,-1.6459773795937875,-1.5500442398715653,-2.376464832049319,-2.914449663099761,,-3.3310161893064514,-4.06590118644086,-2.7710335314146954,temp,JJASO,Mon
32.75_95.25,-2.962754405017921,-1.8147564625041817,-4.194430649129033,-3.978351380358423,,-5.069864855755077,-4.888526349187575,-3.8810344984109917,temp,JJASO,Mon
32.75_95.75,-1.9724868428291518,-1.1273130390860213,-5.428050867228196,-3.0507221876810036,,-6.381844828059737,-4.019603303655914,-2.742458527945042,temp,JJASO,Mon
32.75_96.25,-2.0324555143130225,-1.1102373554719236,-5.381499769672043,-3.2194501755137397,,-5.406872278400479,-3.9576258793083032,-2.416237613614098,temp,JJASO,Mon
32.75_96.75,-0.6514829791039426,-0.4506008709826762,-5.528767396171917,-2.433720943345878,,-5.710769084782915,-3.1077048843200714,-1.1707841659074074,temp,JJASO,Mon
33.25_94.25,-1.381920484268817,-0.7532292088082438,-4.332178548936679,-2.472938361101135,,-4.759566502291518,-3.370238473257467,-2.0422982661678613,temp,JJASO,Mon
33.25_94.75,-1.9975332767025087,-1.069344297455197,-4.847087385710872,-3.320831651299881,,-5.125055359850657,-4.322315950197132,-2.827278615497013,temp,JJASO,Mon
33.25_95.25,-1.3168383273596176,-1.140962802060693,-5.494818233155317,-2.3567723502587814,,-5.462622544500598,-3.4498485878857226,-2.1301645056821985,temp,JJASO,Mon
33.25_95.75,-0.5973105496302389,-0.8250872597102746,-5.249612974563918,-1.2370150698948625,,-9.47526871666129,-2.5315909219007766,-1.2358085548132018,temp,JJASO,Mon
9.25_105.25,0.14940236559139825,1.881163888888889,0.6820554778972523,0.3614736081242535,,0.4565965651135007,-0.0449892293906809,0.40213144563918757,temp,JJASO,Mon
9.25_105.75,-0.04747832735961761,1.8668662962962965,0.6934560513739547,0.19054182795698912,,0.27875744324970125,0.1879970967741936,0.43176416367980897,temp,JJASO,Mon
9.75_105.25,-0.31195612903225794,1.655744115890084,0.4586112066905618,-0.4843420609318991,,-0.006930155316606346,-0.45747203703703637,0.08053745519713283,temp,JJASO,Mon
9.75_105.75,-0.322720394265233,2.1233676164874553,0.39024451015531664,-0.6592004540023897,,0.12623337514934305,-0.11361396654719218,0.031381917562724286,temp,JJASO,Mon
9.75_106.25,-0.22782775388291548,1.952487508960573,0.7622563799283155,-0.6661997849462367,,0.4429602986857828,0.32991135603345234,-0.037159313022700105,temp,JJASO,Mon
10.25_104.75,-0.6068907044299193,1.5774291938997824,0.014013435003632205,-0.5250199709513438,,-0.29110548293391425,-0.18878340595497434,-0.3780052650689907,temp,JJASO,Yr
10.25_105.25,-0.7040595497458244,1.5798847131445184,0.09337581699346467,-1.27024655047204,,-0.25397222222222227,-0.6459598765432086,-0.4784689542483661,temp,JJASO,Yr
10.25_105.75,-0.6522004357298472,1.877170116194626,0.2787140522875819,-1.468189179375454,,0.08921169208424079,-0.36372185911401583,-0.5333271604938263,temp,JJASO,Yr
10.25_106.25,-0.5147189542483659,1.8717757806826438,0.5080426652142336,-1.5158858024691362,,0.2188422294843859,-0.11877668845315803,-0.5291574074074072,temp,JJASO,Yr
10.25_106.75,-0.25086492374727815,1.594995824255628,0.9745835148874351,-1.1544987291212785,,0.6072129629629625,0.2341986201888165,-0.041844408133624396,temp,JJASO,Yr
10.75_104.75,-1.0518391430646339,1.8431161946259982,-0.07645769789397308,-1.5727381989832974,,-0.4309771241830064,-0.16989324618736448,-1.1000492011619467,temp,JJASO,Yr
10.75_105.25,-1.0883311546840952,1.7489204793028323,0.014502904865650102,-1.992104030501089,,-0.2722903050108933,-0.6424339143064639,-1.0593509440813367,temp,JJASO,Yr
10.75_105.75,-0.8627676107480033,1.546582788671024,0.04241122004357242,-2.072985475671751,,-0.1910528322440095,-0.7527770515613654,-1.0239671387073348,temp,JJASO,Yr
11.25_104.25,-1.0458714596949885,1.736331699346405,0.32534931009440843,-2.2145076252723315,,-0.28405047204066847,-0.2781541394335514,-1.2706699346405224,temp,JJASO,Yr
11.25_104.75,-1.2493540305010897,1.8766434277414663,0.28241521423384164,-2.510517066085693,,-0.27935929557008027,-0.5757596223674647,-1.4685546477850397,temp,JJASO,Yr
11.25_105.25,-1.0740101670297741,1.7305597312999288,0.22327959331881037,-2.5746336238198984,,-0.10114705882352916,-0.7036023965141608,-1.2585319535221489,temp,JJASO,Yr
11.75_104.25,-1.2346815541031235,1.3484992737835875,0.6782623456790117,-2.9341417937545393,,0.09991702977487292,-0.7395740740740746,-1.4520339506172844,temp,JJASO,Yr
11.75_104.75,-1.3904593318809018,1.6928848946986197,0.6906187363834424,-3.0397608932461875,,0.04562327523601972,-0.895117283950618,-1.2810000000000008,temp,JJASO,Yr
11.75_105.25,-1.05287327523602,1.502671023965142,0.37703503994190396,-2.9731977124183,,-0.047534858387799,-0.8879395424836596,-1.1692365649963685,temp,JJASO,Yr
12.25_103.25,0.5343238925199716,1.1585602759622364,0.7799288307915764,-1.620784495279593,,-0.14723983297022553,-0.40120751633986906,-0.4795137981118377,temp,JJASO,Yr
12.25_103.75,-1.1016136528685554,0.8448999636891799,0.31076597676107454,-3.2405664488017427,,-0.15526997095134376,-0.8510649963689187,-1.5994484386347139,temp,JJASO,Yr
12.25_104.25,-0.7213489469862018,1.9445168845315903,0.8048872549019607,-2.900213689179375,,0.16330664488017435,-0.4331920842411036,-0.6731501452432824,temp,JJASO,Yr
12.25_104.75,-1.1750737109658669,1.7033845315904144,0.2922794117647063,-3.2596023965141607,,-0.21832443718227998,-0.9888576615831506,-0.9111479665940444,temp,JJASO,Yr
12.25_105.25,-0.8468580246913571,1.4985586419753099,0.2886227305737121,-3.2504397240377623,,-0.11099527959331804,-0.9434734931009436,-1.1559331880900494,temp,JJASO,Yr
12.25_105.75,-0.8335261437908498,1.3572044299201167,0.2136868191721136,-3.3785748002904863,,-0.03618409586056595,-0.9174435366739293,-1.538062454611474,temp,JJASO,Yr
12.25_106.25,-0.6479215686274513,1.6682552650689908,0.48219662309368316,-3.1942111474219317,,0.26755283224400883,-0.5797151416122003,-1.4130573710965864,temp,JJASO,Yr
12.25_106.75,-0.1969535221496008,1.6402178649237467,0.7081594045025414,-2.9927919389978217,,0.810484749455337,-0.3788453159041403,-1.1835433914306464,temp,JJASO,Yr
12.25_107.25,1.46466158315178,1.1096345315904144,0.6227901234567904,-1.1532844952795933,,1.135898692810457,0.8947269426289033,0.005380718954248643,temp,JJASO,Yr
12.25_107.75,1.1691830065359476,0.9494509803921571,1.3955019970951346,-1.0306454248366006,,1.1109241103848948,0.4891416122004358,-1.1156011256354388,temp,JJASO,Yr
12.25_108.25,2.0996401597676106,0.8197111474219313,1.2160506535947708,-0.2740994916485114,,1.2878435003631081,0.5303132716049378,-0.3103173565722586,temp,JJASO,Yr
12.75_102.75,0.19348075526506944,1.6153672839506175,0.20139215686274506,-2.5873583877995636,,-0.49711782861292636,-0.28392156862745094,-1.1401325344952795,temp,JJASO,Yr
12.75_103.25,-0.597269063180828,1.7388845315904138,0.9547160493827155,-3.468483478576616,,0.7858189905591867,0.03266848220769742,-1.6283198983297027,temp,JJASO,Yr
12.75_103.75,-0.9403380537400147,2.092096768336964,1.5780167029774872,-3.604488743645607,,1.044276325344953,-0.06821496005809734,-1.2854364560639073,temp,JJASO,Yr
12.75_104.25,-0.8822650689905591,1.9942670660856936,0.9446866376180112,-3.6285490196078425,,0.4058730936819168,-0.6125777051561359,-1.0653478576615827,temp,JJASO,Yr
12.75_104.75,-0.9999132171387086,1.7920818809005072,0.35602759622367525,-3.506560820624546,,-0.06737745098039206,-0.9389428104575175,-1.284770334059551,temp,JJASO,Yr
12.75_105.25,-0.7883779956427001,1.1883313362381989,0.25405355846042155,-3.6376492374727665,,-0.17621804647784955,-1.0479143064633256,-1.5615354030501087,temp,JJASO,Yr
12.75_105.75,-0.6461074800290485,1.07763144517066,0.33311347131445146,-3.641412490922295,,0.08908986928104608,-0.8955435729847494,-1.6817775962236745,temp,JJASO,Yr
12.75_106.25,-0.5610704429920114,1.6354878358750904,0.49532770515613694,-3.361263798111837,,0.2579132171387073,-0.7073957879448073,-1.7208614742193176,temp,JJASO,Yr
12.75_106.75,0.04894589687727012,1.8244324618736378,0.579084059549746,-2.9926835511982564,,0.48262073347857637,-0.2684014161220046,-1.2930949527959332,temp,JJASO,Yr
12.75_107.25,0.5915275962236751,2.19872385620915,0.7000196078431367,-2.5050829702251267,,0.28436292665214324,0.14205446623093662,-0.9518453159041399,temp,JJASO,Yr
12.75_107.75,0.05390050835148882,1.9861603122730576,0.47639832970225116,-2.866591503267974,,0.1725190631808281,-0.23322185911401583,-1.9485157952069718,temp,JJASO,Yr
12.75_108.25,0.8739008714596955,1.8654805737109668,1.1683785403050113,-1.9878202614379081,,0.04404702251270898,-0.4862605301379806,-1.2414522512708785,temp,JJASO,Yr
13.25_102.75,-0.71110058097313,1.6132213144517071,0.4289054103122726,-3.6111545025417575,,0.5783257080610014,-0.19862781408859811,-1.868646877269426,temp,JJASO,Yr
13.25_103.25,-0.5615421205519245,2.2061639433551203,1.090200980392157,-3.4771218228031953,,0.5897307552650697,-0.11568355119825628,-1.4399023238925204,temp,JJASO,Yr
13.25_103.75,-0.3898841684822067,1.9149123093681923,0.9856310820624556,-3.267555737109658,,0.5670415758896152,-0.2869170297748725,-1.00541920842411,temp,JJASO,Yr
13.25_104.25,-0.31778867102396585,1.7858378721859107,0.5226258169934636,-3.3923369644153967,,0.1130956790123455,-0.6060686274509813,-1.1932004357298487,temp,JJASO,Yr
13.25_104.75,-0.5317106027596227,1.629401960784313,0.30383823529411713,-3.511743645606391,,-0.16567755991285477,-0.8133660130718956,-1.5744471677559917,temp,JJASO,Yr
13.25_105.25,-0.507662672476398,1.226674291938998,0.477041031227305,-3.70209767610748,,-0.05763071895424786,-0.9756038489469862,-1.6920517429193904,temp,JJASO,Yr
13.25_105.75,-0.3131793754538865,1.0954595134350025,0.5650383079157574,-3.5601966230936832,,0.3107777777777765,-0.7330305010893257,-1.4791555918663775,temp,JJASO,Yr
13.25_106.25,-0.30765032679738585,1.6203097312999277,0.4408516702977479,-3.3061132897603485,,0.20278994190268781,-0.5657296659404507,-1.4134224763979664,temp,JJASO,Yr
13.25_106.75,-0.1324629629629618,1.9176305374001454,0.7137084241103848,-3.087751089324618,,0.3424404502541767,-0.29129466230936807,-1.2614653231663036,temp,JJASO,Yr
13.25_107.25,-0.33326506899055963,2.4058928830791575,0.9030408496732023,-3.3146165577342046,,0.5288890704429912,-0.06344571532316579,-1.5229533405954974,temp,JJASO,Yr
13.25_107.75,-0.29033006535947753,2.351583877995642,0.6671628540305008,-3.2246118373275237,,0.8326488743645611,-0.19693700072621687,-1.7004694989106754,temp,JJASO,Yr
13.25_108.25,1.1110406681190996,2.9077407407407403,1.247711147421932,-1.7881445170660852,,0.5254437182280322,0.09233097312999325,-0.2752688816267245,temp,JJASO,Yr
13.75_102.75,-0.5859575163398699,1.5892002541757444,0.28401252723311604,-3.9675709876543213,,-0.0761454248366018,-0.637905410312274,-2.3329415395787954,temp,JJASO,Yr
13.75_103.25,-0.3880508351488739,1.90038543936093,0.5960807915758901,-3.6483747276688456,,0.1854798474945534,-0.5093727305737102,-1.9870551924473487,temp,JJASO,Yr
13.75_103.75,-0.07979121278140847,1.8985726216412493,0.699734386347132,-3.3992670660856934,,0.27913816267247704,-0.5808787218591142,-1.6574319172113288,temp,JJASO,Yr
13.75_104.25,0.04297276688453206,1.8284041394335522,0.6760472040668117,-3.3013533042846777,,0.23752450980392187,-0.5349001452432822,-1.6066966230936817,temp,JJASO,Yr
13.75_104.75,-0.28927160493827153,1.7656167392883078,0.6217102396514171,-3.3690840595497455,,0.11885984023238984,-0.7834197530864196,-1.8317334785766155,temp,JJASO,Yr
13.75_105.25,-0.45292447349310155,1.4795720769789389,0.7135933188090046,-3.6311029411764704,,0.22675526506899069,-0.9956279956427019,-1.8428605664488025,temp,JJASO,Yr
13.75_105.75,-0.3036285403050108,1.3779288307915762,0.7198129992737835,-3.4907585330428463,,0.33236964415395714,-0.6946733841684822,-1.4871383442265795,temp,JJASO,Yr
13.75_106.25,-0.5035475671750174,1.5558709150326806,0.2937781408859846,-3.5097565359477114,,0.19808823529411868,-0.7078511256354381,-1.4465250544662298,temp,JJASO,Yr
13.75_106.75,-0.4273046477850393,1.7073164488017432,0.40498166303558514,-3.459832970225126,,0.10754302832244081,-0.7442078794480749,-1.3510631808278866,temp,JJASO,Yr
13.75_107.25,-0.1950591866376177,2.0403193536673934,0.26559023238925206,-3.3657890341321712,,0.3306713870733478,-0.439305010893246,-1.4432249455337685,temp,JJASO,Yr
13.75_107.75,0.5163863471314453,2.1454121278140885,0.2664566085693545,-2.698004720406681,,0.2236795570079886,-0.37338598402323875,-1.3327376543209875,temp,JJASO,Yr
14.25_102.25,0.36453013798111855,0.24353576615831507,-0.20815305010893306,-2.933988743645607,,-0.15640196078431381,-0.4320964052287582,-1.541754175744372,temp,JJASO,Yr
14.25_102.75,-0.10702069716775695,0.7344473493100927,0.12973529411764673,-3.659918663761802,,-0.3089045025417576,-0.6504698620188822,-1.9911688453159044,temp,JJASO,Yr
14.25_103.25,-0.30276216412490875,1.2567022512708794,0.2593360566448809,-3.744796659404502,,-0.12690704429920135,-0.778887436456064,-2.210764342774146,temp,JJASO,Yr
14.25_103.75,-0.18547276688453096,1.21098602033406,0.27784422657952035,-3.5755395787944813,,-0.16121550472040644,-0.9905032679738568,-2.1243202614379086,temp,JJASO,Yr
14.25_104.25,0.06617901234567904,1.1804064996368917,0.4596149237472764,-3.216226034858388,,-0.041846586782861316,-0.7976249092229488,-1.7107013435003635,temp,JJASO,Yr
14.25_104.75,-0.2601670297748725,1.4621060275962237,0.5405704429920122,-3.257188816267247,,0.0767650689905598,-0.9774763979665939,-1.8515206971677556,temp,JJASO,Yr
14.25_105.25,0.0007668845315901902,1.374186819172113,0.7676519607843137,-2.997477668845316,,0.3549972766884532,-0.6474756717501822,-1.3645094408133631,temp,JJASO,Yr
14.25_105.75,-0.7768696441539578,1.6832109658678283,0.4980900508351487,-3.4449555192447354,,0.10562854030501019,-0.8664083151779235,-1.7834549745824257,temp,JJASO,Yr
14.25_106.25,-1.141770878721859,1.27120751633987,-0.006158133623819574,-3.7810795206971672,,-0.2853273420479303,-1.1982830428467688,-1.8710401234567904,temp,JJASO,Yr
14.25_106.75,-0.23732570806100284,1.7111403413217134,0.2859273783587507,-2.978472766884531,,0.19553449527959346,-0.6347496368917948,-1.0355570079883811,temp,JJASO,Yr
14.25_107.25,-0.3735025417574437,1.2436350762527233,-0.27084150326797385,-3.0540568264342776,,-0.20598892519970885,-0.958209150326797,-1.6395851488743642,temp,JJASO,Yr
14.25_107.75,0.20783660130718967,0.9862125998547572,-0.3840827886710236,-2.6848024691358017,,-0.4612799564270149,-1.02733024691358,-1.9056341684822071,temp,JJASO,Yr
14.25_108.25,1.4223482207697904,1.001675199709514,0.4925495642701531,-1.206396151053013,,-0.009029956427014381,-0.12862618010166985,-0.5258237109658671,temp,JJASO,Yr
14.75_101.75,0.07025090777051525,0.8248549382716046,-0.22759713144517077,-3.139013435003631,,-0.8708180827886705,-0.8949934640522871,-2.1773916122004358,temp,JJASO,Yr
14.75_102.25,-0.6897287581699358,0.9675511982570798,0.193233660130718,-3.9623536673928843,,-0.6271387073347865,-0.8210777051561373,-2.6611261801016712,temp,JJASO,Yr
14.75_102.75,-0.3681997095134343,1.0734023238925208,0.23504302832244012,-3.81405646332607,,-0.4167351125635427,-0.8244978213507613,-2.3199079520697157,temp,JJASO,Yr
14.75_103.25,-0.1972897603485835,1.1347394698620201,0.2664760348583894,-3.6244126724763976,,-0.35528740014524235,-0.9415170660856939,-2.2021937182280307,temp,JJASO,Yr
14.75_103.75,-0.075655410312273,1.1906367102396516,0.42589651416122126,-3.3480147058823526,,-0.1672336601307186,-0.9461134713144516,-2.041419389978213,temp,JJASO,Yr
14.75_104.25,-0.2170185185185175,1.1093756354393625,0.3744201161946265,-3.241250907770516,,-0.20314669571532307,-0.994724582425563,-1.861427378358751,temp,JJASO,Yr
14.75_104.75,-0.22858206245461213,1.3907200435729838,0.3926948075526495,-3.055371278140887,,-0.10208877995642772,-0.8960668119099502,-1.6573249818445905,temp,JJASO,Yr
14.75_105.25,-0.2472109658678288,1.4760157952069732,0.2850403050108944,-3.036450435729847,,-0.08417338416848234,-0.7026098402323887,-1.618030319535221,temp,JJASO,Yr
14.75_105.75,-0.7962149600580969,1.4887797748729126,-0.03415359477124172,-3.6402383805374003,,-0.2520326797385615,-1.2276534132171397,-2.0020984023238926,temp,JJASO,Yr
14.75_106.25,-1.0864157588961507,0.37405573710965867,-0.647154502541758,-4.1328500363108205,,-0.8697194989106757,-2.160509985475672,-2.2488848946986204,temp,JJASO,Yr
14.75_106.75,-0.9016525054466236,0.3528037400145241,-0.6004270152505455,-3.93978830791576,,-0.7697472766884531,-1.7309121278140889,-2.41775054466231,temp,JJASO,Yr
14.75_107.25,-1.0660849673202606,0.3337648874364574,-0.46610711692084156,-3.982349491648511,,-0.03541176470588149,-1.6955486564996365,-2.9959513435003626,temp,JJASO,Yr
14.75_107.75,1.148179375453885,0.11581935366739336,-0.40831535947712383,-2.222151416122004,,-0.7011245461147423,-1.1016387073347857,-1.4038396877269423,temp,JJASO,Yr
14.75_108.25,2.1577076978939718,0.7812501815541033,0.7402372912127811,-0.7966505083514885,,-0.010376543209876132,-0.13806621278140913,0.18989015976761062,temp,JJASO,Yr
15.25_101.75,0.018133623819897693,1.3249337327523603,0.22156753812636054,-3.7065177923021064,,-0.41644589687727085,-0.6056810094408142,-2.538314996368918,temp,JJASO,Yr
15.25_102.25,-0.3707755991285391,1.5394348220769798,0.5238832607116931,-4.069860748002903,,-0.06520134350036264,-0.47218536673928807,-2.558451888162672,temp,JJASO,Yr
15.25_102.75,-0.05438562091503307,1.5926819172113291,0.4114874727668847,-3.83203140885984,,-0.2684353667392884,-0.6041292665214227,-1.960626543209877,temp,JJASO,Yr
15.25_103.25,-0.07777959331880899,1.500201161946261,0.33105228758169836,-3.7422554466230937,,-0.3021136528685542,-0.863884350036311,-1.8038120915032678,temp,JJASO,Yr
15.25_103.75,-0.07030392156862814,1.5862596223674652,0.3405546477850396,-3.57495751633987,,-0.2608894335511987,-0.912364379084968,-1.8775072621641253,temp,JJASO,Yr
15.25_104.25,-0.2706067538126368,1.580590777051561,0.2234709513434997,-3.5454929193899787,,-0.3371575889615104,-1.031659767610748,-1.961067719680465,temp,JJASO,Yr
15.25_104.75,-0.5114923747276685,1.502244553376907,0.1058493100944084,-3.4770088961510526,,-0.37634658678286137,-1.157153957879448,-1.9984399055918667,temp,JJASO,Yr
15.25_105.25,-0.5878979665940446,1.762251452432825,0.18841575889615195,-3.4320929557007993,,-0.24374800290486556,-1.1276276325344956,-1.9639976397966592,temp,JJASO,Yr
15.25_105.75,-1.1915457516339871,0.7816196441539572,-0.5017990196078439,-4.164959694989107,,-0.5571379811183736,-1.688073529411765,-2.3778327886710247,temp,JJASO,Yr
15.25_106.25,1.8088703703703706,1.9212311183732755,1.0722632534495282,-1.1937990196078425,,1.1894003267973863,0.32729054103122773,0.5943854393609301,temp,JJASO,Yr
15.25_106.75,-0.8779023238925201,-0.016258896151053175,-1.353479121278141,-4.0098001089324615,,-1.4310393972403779,-1.707344045025417,-2.679846042120552,temp,JJASO,Yr
15.25_107.25,0.6736132897603478,1.2882414669571531,0.7801417937545388,-2.216395969498911,,0.5629896514161218,-0.6882997458242563,-1.1051853667392886,temp,JJASO,Yr
15.75_101.75,0.060785039941901035,1.169764524328249,0.48840250544662234,-3.7712717864923757,,-0.10946187363834525,-0.5809540668119104,-2.343470769789398,temp,JJASO,Yr
15.75_102.25,-0.17609005083514992,1.691580973129993,0.5486145606390702,-3.854247821350763,,-0.01377868554829457,-0.24232915758896034,-2.0542812273057383,temp,JJASO,Yr
15.75_102.75,0.07695860566448944,1.8815731663035595,0.48969135802469155,-3.658213870733478,,-0.17423129992737746,-0.44221350762527145,-1.5402124183006527,temp,JJASO,Yr
15.75_103.25,-0.0019785766158313895,1.773157952069717,0.3767155047204065,-3.6496719317356567,,-0.28204248366013,-0.8157946623093681,-1.565533405954974,temp,JJASO,Yr
15.75_103.75,-0.10996477850399404,1.81152614379085,0.28970352214960077,-3.642032498184459,,-0.32013707334785735,-0.9506479665940455,-1.8852570806100215,temp,JJASO,Yr
15.75_104.25,-0.3221078431372548,1.7792988380537393,0.1686089324618742,-3.605497458242557,,-0.4064346405228767,-1.0799538852578063,-2.05602033405955,temp,JJASO,Yr
15.75_104.75,-0.5458816267247644,1.5717503631082068,0.004520152505446105,-3.5541975308641987,,-0.46702487291212846,-1.1944086782861298,-1.9582169571532317,temp,JJASO,Yr
15.75_105.25,-0.7869727668845314,1.4645361292665204,-0.18557788671023998,-3.65971804647785,,-0.5763447712418306,-1.339856027596224,-1.9107066085693545,temp,JJASO,Yr
15.75_105.75,-0.9730722585330428,1.5812009803921576,-0.11904629629629662,-4.05220461147422,,-0.5664604212055193,-1.584400689905592,-2.090436819172113,temp,JJASO,Yr
15.75_106.25,-1.624730573710966,1.1014143064633262,-0.32693464052287563,-4.609619099491649,,-0.9306951706608574,-2.1884731663035586,-3.016838235294118,temp,JJASO,Yr
15.75_106.75,-0.3044059549745819,0.21498148148148133,-1.2806748366013068,-3.851401416122004,,-1.3560128903413216,-1.8446189179375452,-2.6145760711692088,temp,JJASO,Yr
16.25_101.75,1.143229484386348,1.1641220043572984,1.9018182643427746,-3.1821755628177195,,1.2211457879448073,-0.39680600944081373,-1.401485112563544,temp,JJASO,Yr
16.25_102.25,0.10095679012345708,1.751076071169208,0.3807556281771962,-3.7506307189542483,,-0.22479738562091534,-0.19592933914306482,-1.5948002904865648,temp,JJASO,Yr
16.25_102.75,0.1271597676107484,1.8678264342774153,0.3982870370370364,-3.6589320987654315,,-0.28928830791575816,-0.4042649055918661,-1.32325526506899,temp,JJASO,Yr
16.25_103.25,0.0002999273783584518,1.7531098402323884,0.3332006172839509,-3.6278269789397246,,-0.3637394698620198,-0.7656169208424115,-1.563283950617285,temp,JJASO,Yr
16.25_103.75,-0.057687000726216714,1.7501666666666666,0.1698838053740014,-3.6183636528685548,,-0.4806724763979666,-1.0037501815541026,-2.0574832970225128,temp,JJASO,Yr
16.25_104.25,-0.07583079157588912,1.5246668482207713,0.011236383442267024,-3.3939814814814806,,-0.5077572621641243,-1.0346312636165573,-1.912960965867828,temp,JJASO,Yr
16.25_104.75,-0.5353311546840962,1.3636641249092225,-0.18546968046477869,-3.542232752360204,,-0.6277260348583885,-1.1929640522875822,-1.6846998910675386,temp,JJASO,Yr
16.25_105.25,-1.1448253449527959,1.259801924473492,-0.2979642338416859,-3.9782874001452435,,-0.7983999636891803,-1.5462512708787224,-1.8908231663035582,temp,JJASO,Yr
16.25_105.75,-1.3731292665214225,1.448847494553378,-0.39338289760348527,-4.2177999273783575,,-0.6568373275236008,-1.6134313725490184,-2.247029230210601,temp,JJASO,Yr
16.25_106.25,-0.875452432824982,1.3683692810457508,-0.659410130718954,-3.775657407407408,,-0.5876543209876546,-1.49505174291939,-2.1052745098039214,temp,JJASO,Yr
16.25_106.75,0.7920816993464056,1.0271704793028322,-0.4982712418300641,-2.4684411764705874,,-1.0479627814088595,-0.8253676470588229,-0.6816013071895417,temp,JJASO,Yr
16.25_107.25,0.8395388525780684,0.4870098039215688,0.061642701525054217,-2.813472385620915,,-0.6621419753086418,-0.83683429557008,-0.33346477850399403,temp,JJASO,Yr
16.75_101.75,1.1188217138707337,1.6566452432824983,1.6483823529411772,-3.392864742193174,,0.887869281045751,-0.1576127995642707,-0.9593249818445899,temp,JJASO,Yr
16.75_102.25,-0.2844404502541761,1.6792583514887425,0.162274872912128,-4.055992919389978,,-0.4122042483660131,-0.43235092592592633,-1.4106042120551927,temp,JJASO,Yr
16.75_102.75,0.06546586782861298,1.689150508351489,0.40008641975308673,-3.6713454974582427,,-0.34674219317356564,-0.6449062273057368,-1.1016401597676109,temp,JJASO,Yr
16.75_103.25,0.01662563543935964,1.5362371096586775,0.3932759622367463,-3.5106833696441533,,-0.3515415758896159,-0.7523449527959338,-1.3237140522875823,temp,JJASO,Yr
16.75_103.75,0.1838823529411753,1.3342667029774875,0.12447240377632499,-3.2918015613652867,,-0.4791187363834422,-0.910986746550472,-1.6430542846768341,temp,JJASO,Yr
16.75_104.25,0.24359949164850983,1.4716347131445158,0.24155791575889551,-2.983226216412492,,-0.30276216412490975,-0.8291332607116928,-1.2873861655773426,temp,JJASO,Yr
16.75_104.75,-0.8187643427741462,1.5676141975308648,0.07990541031227336,-3.6677650689905588,,-0.6128344226579517,-1.297944571532316,-1.5735511982570798,temp,JJASO,Yr
16.75_105.25,-1.3078928830791574,1.3265259622367467,-0.1397075163398688,-4.146676652142337,,-0.7171802832244006,-1.6035995642701522,-1.98973493100944,temp,JJASO,Yr
16.75_105.75,-1.4402396514161224,1.410804466230936,-0.25762091503267964,-4.238737109658678,,-0.7257283950617288,-1.719464034132172,-2.3787131445170666,temp,JJASO,Yr
16.75_106.25,0.003377269426288897,1.3908961510530138,-0.27250544662309334,-3.456437381989833,,-0.9902572621641246,-1.2882837690631805,-1.6610170660856935,temp,JJASO,Yr
17.25_101.75,0.42262672476397944,1.5594357298474941,0.024327705156136088,-4.268705773420479,,-0.7069720406681195,-0.5210393609295569,-1.1977721496005818,temp,JJASO,Yr
17.25_102.25,-0.15865686274509727,1.9863326071169212,0.7754624183006538,-4.046589143064633,,0.048328612926652546,-0.3829677196804645,-0.7864524328249816,temp,JJASO,Yr
17.25_102.75,0.008565722585330468,1.8189478939724038,0.698741103848948,-3.5889270152505435,,-0.08606354393609313,-0.6999718954248364,-0.6202832244008702,temp,JJASO,Yr
17.25_103.25,-0.19882352941176487,1.4580510167029785,0.4327325708061011,-3.436084785766158,,-0.2990359477124173,-0.7719980755265069,-0.8607850399419021,temp,JJASO,Yr
17.25_103.75,-0.18497966594044968,1.3577334785766162,0.2717227668845307,-3.2694462599854757,,-0.4749466230936815,-0.918182970225128,-1.1120147058823528,temp,JJASO,Yr
17.25_104.25,-0.7495363108206254,1.6008816267247634,0.32757879448075555,-3.4787031590413946,,-0.3682343863471331,-0.9783289941902686,-1.4095246913580255,temp,JJASO,Yr
17.25_104.75,-1.3040177923021057,1.9835306826434271,0.337030682643427,-3.819796296296296,,-0.26579193899782044,-1.196613707334785,-1.7553431372549018,temp,JJASO,Yr
17.25_105.25,-1.2481550472040663,1.4624952795933188,-0.1017912127814091,-4.3358311546840955,,-0.5675530137981115,-1.534531862745098,-2.2910259622367466,temp,JJASO,Yr
17.25_105.75,-0.4262879448075524,0.990287581699346,-0.43813253449527995,-4.048519644153959,,-0.850329520697168,-1.5573498547567177,-2.107795388525781,temp,JJASO,Yr
17.25_106.25,1.0062291212781407,1.326079520697168,0.05944698620188858,-2.6171679375453882,,-0.9075183369644153,-0.6606764705882351,-0.8731116557734201,temp,JJASO,Yr
17.75_101.25,0.33060675381263693,1.7843678286129274,0.16147149600581004,-3.9629172657952063,,-0.6204428104575155,-0.6786631989832964,-1.1352789034132171,temp,JJASO,Yr
17.75_101.75,-0.1057407407407401,1.9919504357298479,0.5064386347131443,-4.388906463326071,,-0.07963035584604168,-0.26376408859840184,-0.9550635439360925,temp,JJASO,Yr
17.75_102.25,-0.17744517066085644,2.5899711328976025,0.9777231299927368,-3.913162127814089,,0.1097728758169924,-0.11465272331154727,-0.4300372185911401,temp,JJASO,Yr
17.75_102.75,-0.3362309368191705,2.456631626724766,0.9307078794480764,-3.7988340595497454,,0.0698572984749472,-0.38258861655773324,-0.573812091503267,temp,JJASO,Yr
17.75_103.25,-0.5760984023238931,2.0141875453885256,0.6146163761801016,-3.5845461147421926,,-0.08900980392156813,-0.49511653957879453,-0.6136165577342049,temp,JJASO,Yr
17.75_103.75,-0.8187080610021789,2.0858961510530127,0.44760330428467693,-3.6647737835875094,,-0.201743100944082,-0.5310029230210609,-1.0719912854030507,temp,JJASO,Yr
17.75_104.25,-1.2015025417574434,2.0513338779956434,0.4848287944807564,-4.070796659404503,,-0.07159767610748011,-0.989176561365287,-1.6762961147421926,temp,JJASO,Yr
17.75_104.75,-0.5548289760348588,1.5017814088598405,0.209032498184459,-3.584443246187364,,-0.2881328976034856,-1.246755392156862,-1.4614368191721128,temp,JJASO,Yr
17.75_105.25,0.6987480029048656,1.1747803195352216,0.3690043572984752,-2.769556227305737,,-0.3785860566448803,-0.9571077886710236,-0.7282592592592587,temp,JJASO,Yr
18.25_101.25,0.17531299927378402,1.9357516339869285,0.04104448075526593,-3.8280618191721123,,-0.40725617283950577,-0.7370934822076981,-0.8847196804647783,temp,JJASO,Yr
18.25_101.75,-0.44062273057371193,2.03216049382716,0.2963293391430633,-4.411014270152506,,-0.17010875090777133,-0.27630216049382855,-1.1676971496005817,temp,JJASO,Yr
18.25_102.25,-0.7067712418300656,2.7728478576615836,1.0779026870007256,-4.432287073347858,,0.18177087872186012,-0.14808062817719658,-1.2481566448801744,temp,JJASO,Yr
18.25_102.75,-0.435757080610022,2.130372185911401,0.7923783587509072,-3.9300944807552654,,0.3138255265068989,-0.23415009077705168,-0.8318547567175014,temp,JJASO,Yr
18.25_103.25,-1.079236383442266,2.394321713870733,0.3476465141612199,-4.256259912854031,,-0.6571534132171389,-0.9767592955700803,-1.289720406681191,temp,JJASO,Yr
18.25_103.75,-1.5729284676833692,2.5481677559912854,0.4074598765432103,-4.6167492737835865,,-0.39826452432824944,-0.9838434458968762,-1.9128990559186636,temp,JJASO,Yr
18.25_104.25,-0.7591866376180094,1.7977961147421933,0.17933278867102528,-4.00522156862745,,-0.31607697893972364,-0.9776156318082783,-1.4065498910675374,temp,JJASO,Yr
18.25_104.75,0.777927741466957,0.8675045388525778,-0.2151383442265793,-2.7104803376906315,,-0.761542483660131,-0.923333641975309,-0.2097899963689185,temp,JJASO,Yr
18.25_105.25,1.6932320261437912,1.057273420479303,0.4344177559912854,-1.3609614560639076,,-0.9319622367465504,-0.06564222948438687,0.7091995279593317,temp,JJASO,Yr
18.75_101.25,0.7529186637618009,0.8197264161220037,-0.4666862745098046,-2.9659704248366023,,-0.8617367465504719,-0.7729204974582427,-0.03126610384894768,temp,JJASO,Yr
18.75_101.75,-0.9345217864923756,1.329390885984023,-0.13800907770515577,-4.4813792483660135,,-0.8100985838779948,-0.5954908496732023,-1.4626455337690631,temp,JJASO,Yr
18.75_102.25,-1.6979811183732754,1.8245996732026144,0.49736746550472016,-5.163290323166304,,-0.6440092592592589,-1.3156053013798112,-2.220958678286129,temp,JJASO,Yr
18.75_102.75,-0.9079157588961514,0.8978647785039952,-0.34144571532316603,-4.224366775599129,,-0.7319179375453884,-1.2352928467683368,-1.2477406862745102,temp,JJASO,Yr
18.75_103.25,0.754898329702251,0.6443442265795204,0.22159949164851098,-2.532756917211329,,0.3389816630355844,0.2297891612200432,0.35567158678286126,temp,JJASO,Yr
18.75_103.75,-1.8034596949891066,1.6059030501089322,-0.08535167029774884,-5.039279956427015,,-1.3128425925925926,-1.6829628177196807,-2.28684241103849,temp,JJASO,Yr
18.75_104.25,-0.0954295570079881,1.1324822258533043,-0.360402868554829,-3.4837649782135074,,-0.6493476761074795,-0.9739404684095861,-0.6428677923021058,temp,JJASO,Yr
18.75_104.75,1.8168943355119826,1.579510530137981,0.7191088598402329,-1.7439107116920838,,-0.5074769426289039,0.2230999455337693,1.2601853485838779,temp,JJASO,Yr
19.25_101.25,1.546990922294844,0.7745556100217866,0.6181187363834424,-2.5423504720406678,,-0.005196441539578187,-0.6429222948438628,0.5306248002904871,temp,JJASO,Yr
19.25_101.75,-0.902651779230212,0.6475044117647057,-0.26433896151053127,-4.882129175744372,,-0.8707708787218595,-1.2318223311546848,-1.7065684458968777,temp,JJASO,Yr
19.25_102.25,0.5448017429193901,0.9613039941902684,0.07214251997095092,-3.4000279956427013,,-0.5713396877269425,-0.9270728395061726,-0.2041899419026877,temp,JJASO,Yr
19.25_102.75,1.1153053740014522,0.18985493827160482,-0.018321169208423724,-2.6322682098765426,,-0.3585862018881624,-0.8136687182280318,0.3226915032679744,temp,JJASO,Yr
19.25_103.25,1.2558979665940455,0.02756131082062474,-0.3606285947712416,-2.486488888888888,,-0.7596006354393611,-0.9103505446623095,0.02890281408859864,temp,JJASO,Yr
19.25_99.75,0.4079310094408132,1.9906532316630343,0.9656356209150325,-3.1443175562817727,,0.13684458968772675,-0.5736468772694268,-1.1864720406681197,temp,JJASO,Yr
19.75_100.25,-0.28105265068990626,2.1696399782135076,0.32694843863471273,-3.8887649419026866,,-0.043849673202614646,-0.5610117828612936,-0.967971132897604,temp,JJASO,Yr
19.75_100.75,0.2430620915032683,1.3197420116194627,-0.027685729847494598,-4.078624618736383,,-0.5754881989832974,-1.1107613834422652,-0.739388743645606,temp,JJASO,Yr
19.75_101.25,0.0028696441539576905,0.20953064633260748,-0.4085802469135806,-4.360290922294845,,-1.0143447712418299,-1.5525370370370373,-0.9361911220043572,temp,JJASO,Yr
19.75_101.75,-0.9741259985475677,0.8763685185185182,-0.23752777777777842,-5.08532436456064,,-0.8506966230936828,-1.555650363108207,-1.501755047204067,temp,JJASO,Yr
19.75_102.25,-0.8725108932461872,0.5541902142338415,-1.2380050835148875,-4.678843155410313,,-1.8306928104575166,-1.6740155954974578,-0.9621910856935361,temp,JJASO,Yr
19.75_102.75,-0.3421481481481485,0.8078620733478574,-0.22966975308641954,-3.8397091866376183,,-0.7672628903413217,-1.5886950617283953,-0.3598634531590413,temp,JJASO,Yr
19.75_103.25,0.06158569353667451,1.0649111655773422,0.3781409586056647,-3.161990668119099,,-0.06193373275235972,-1.2004847494553372,-0.3277948983297016,temp,JJASO,Yr
19.75_99.25,0.04008097312999226,1.1626045751633987,-0.017404139433550805,-3.0595691902686997,,-0.5095706245461149,-1.0172122367465501,-1.1203291757443719,temp,JJASO,Yr
19.75_99.75,-0.2685994916485114,2.2457854030501085,0.7502832244008716,-3.6091771060275963,,-0.026689542483659463,-0.5101994008714595,-1.2942854030501088,temp,JJASO,Yr
20.25_100.25,-1.3909818445896878,1.895026870007262,0.11370969498910692,-5.002869843863471,,-0.20920461147421954,-0.8967081880900505,-1.4983596586782857,temp,JJASO,Yr
20.25_100.75,-0.7270744371822803,1.0121265976761082,0.0537919389978211,-4.904127378358751,,-0.8776350762527235,-1.6117524872912132,-1.0372055192447354,temp,JJASO,Yr
20.25_101.25,-0.21399019607843112,0.7841219862018879,-0.24836183732752362,-4.538290740740741,,-0.7354344589687722,-1.4796769970951344,-0.791222113289761,temp,JJASO,Yr
20.25_101.75,0.12234749455337696,1.0762140159767615,0.48925889615105334,-3.8953130174291934,,-0.22664106753812618,-0.9043133260711689,-0.08760511982570741,temp,JJASO,Yr
20.25_102.25,-1.2252930283224397,1.5080194807552656,-0.13142138707334816,-4.812497058823529,,-1.0210366739288306,-1.4615527596223674,-0.7327714415395786,temp,JJASO,Yr
20.25_102.75,-0.6395137981118376,1.9469352578068257,0.35136728395061684,-3.9744118191721136,,-0.6316810094408145,-1.0192040123456794,0.03337033405954889,temp,JJASO,Yr
20.25_103.25,0.45279448075526474,2.202231499636892,1.133408514887436,-2.7131866194625993,,-0.3564868191721138,-0.9429379992737841,0.6635707516339868,temp,JJASO,Yr
20.25_99.25,0.47646332607116904,1.035012835875091,-0.47054302832244016,-2.67223716412491,,-0.8977124183006538,-0.9298640159767613,-0.4171003631082062,temp,JJASO,Yr
20.25_99.75,-0.5273137254901958,2.0684856572258528,0.40543536673928887,-3.836070860566448,,-0.6851294480755263,-0.7226432098765431,-1.0882096949891062,temp,JJASO,Yr
20.75_100.25,-0.4775896877269427,1.4407685185185186,0.321810275962237,-4.269929756717502,,-0.03184059549745872,-0.8775978758169938,-0.9101407044299198,temp,JJASO,Yr
20.75_100.75,-0.3415043572984751,1.1012331154684096,0.060235838779956,-4.496622494553376,,-0.7473438634713143,-1.6430176470588236,-0.4556988017429197,temp,JJASO,Yr
20.75_101.25,0.10122549019607893,0.566942901234569,-0.021858024691357433,-4.129962926652142,,-0.5373603848946973,-1.4841430101670292,-0.06375217864923657,temp,JJASO,Yr
20.75_101.75,-0.3601554103122733,0.7100167392883078,0.30912599854756706,-4.351889088598402,,-0.7341036673928831,-1.536451924473493,-0.33085275962236793,temp,JJASO,Yr
20.75_102.25,-0.2258765432098762,1.9352108569353672,0.2629716775599131,-3.804880973129992,,-0.026399600580972224,-0.7044771968046475,0.4680595134350042,temp,JJASO,Yr
20.75_102.75,-0.814612200435729,2.0610486201888176,0.3914852941176484,-4.004077233115467,,-0.3299852941176462,-1.0866318809005076,0.3312933006535956,temp,JJASO,Yr
20.75_103.25,0.8883068264342767,2.123234150326797,1.0412862745098037,-2.0762438816267257,,0.44981045751633986,-0.10650777051561396,1.952675816993464,temp,JJASO,Yr
20.75_99.75,0.3126325344952797,1.0463940813362376,-0.19714106753812644,-3.0958122185911403,,-1.6184266521423387,-1.2292245642701525,-0.5659823529411767,temp,JJASO,Yr
21.25_100.25,-0.16375889615105305,0.7208336782861294,1.2889936456063915,-3.68882269426289,,0.16891140159767679,-1.5541194989106748,-0.906340323166303,temp,JJASO,Yr
21.25_100.75,-0.22641503267973878,0.9831300472040662,0.029666848220769124,-4.07082035221496,,-0.5666842774146696,-1.3517851488743646,-0.1737568990559194,temp,JJASO,Yr
21.25_101.25,-0.2489891067538126,0.5777648692810461,-0.0601964415395781,-4.1263557189542475,,-0.6952752178649241,-1.6528448438634713,0.12802492737835872,temp,JJASO,Yr
21.25_101.75,0.3736873638344221,0.7187316085693541,0.2950032679738565,-3.4101353304284676,,-0.2863451343500366,-1.0488533587509081,0.73343253449528,temp,JJASO,Yr
21.25_102.25,0.34225272331154716,2.0223200617283954,0.051505119825708254,-3.134119389978214,,-0.5836492737835874,-0.44343246187363783,1.0703281590413942,temp,JJASO,Yr
21.25_102.75,-0.15434132171387105,2.1500494734931004,0.41907031590413957,-3.287437454611474,,-0.7069625635439366,-0.516819880174292,1.005237327523602,temp,JJASO,Yr
21.25_99.75,0.5929560639070437,0.15699736746550463,-1.5970167029774882,-2.3569887981118374,,-2.373632879448076,-1.6190163761801022,-0.5250900145243287,temp,JJASO,Yr
21.75_100.25,0.8402850399419024,0.4029043391430647,0.2955867283950625,-2.6107567356572257,,0.07790844226579591,-1.129790177923021,0.3672014161220051,temp,JJASO,Yr
21.75_100.75,-0.5705105301379816,0.6391763979665949,-0.004132189542483487,-4.279863525780683,,-0.7429288489469857,-1.503415904139433,-0.24503246187363795,temp,JJASO,Yr
21.75_101.25,-0.3838206245461142,1.7967193718228032,1.0643347857661585,-4.035436510530137,,0.3901272694262897,-1.0163935911401598,0.26101554103122815,temp,JJASO,Yr
21.75_101.75,0.6663859840232393,1.3196331517792301,0.8651813725490203,-2.658960711692084,,0.11939224763979696,-0.6101500726216409,1.4763095315904138,temp,JJASO,Yr
21.75_102.25,0.10138525780682646,2.0696319353667394,0.5512123275236019,-2.830606172839507,,-0.4042811728395065,-0.5158056826434275,1.1106055918663758,temp,JJASO,Yr
21.75_99.25,0.3933108206245461,-0.031084150326797615,-2.1847904684095862,-1.9377822076978939,,-2.2847224945533773,-1.8450916122004353,-0.15323079157588954,temp,JJASO,Yr
21.75_99.75,-0.1412102396514165,0.22862594408133555,-1.1320657952069715,-2.8220756899055925,,-2.5094712236746552,-2.0122525599128545,-0.8910215867828618,temp,JJASO,Yr
22.25_100.25,1.0560795206971674,0.8769466957153232,-0.06897861292665297,-2.578982824981845,,-0.5017962599854763,-1.0281353667392894,0.8006147421931726,temp,JJASO,Yr
22.25_100.75,-0.356961873638344,1.3159863289760354,1.1424393427741468,-4.174907298474945,,0.048624727668845305,-1.1428040668119095,-0.14017142338416771,temp,JJASO,Yr
22.25_101.25,0.3342240377632532,1.7925,1.668363471314452,-3.2558118010167028,,0.9887200254175741,-0.6128837509077703,0.816016466957153,temp,JJASO,Yr
22.25_101.75,0.4191463326071169,1.7237261982570804,0.9531396151053012,-2.7351019426289036,,0.19614026870007273,-0.5132855301379813,1.1162660312273056,temp,JJASO,Yr
22.25_102.25,0.047752723311546674,1.9974712236746552,0.8898709513435004,-2.8823994553376915,,0.19562574437182256,-0.41235163398692837,0.8720036310820625,temp,JJASO,Yr
22.25_99.75,0.002693173565722715,0.2611239651416126,-0.9914249818445894,-2.7966929193899777,,-1.2082334967320258,-1.9572812817719678,-0.3718266702977484,temp,JJASO,Yr
22.75_100.25,-0.7946107480029045,-0.613955192447349,-0.8811833333333328,-4.071830519244734,,-0.6267696259985472,-1.9790214052287578,-0.747698002904865,temp,JJASO,Yr
22.75_100.75,-0.8263554829339134,0.6290760348583881,0.6156279411764708,-4.1209220588235285,,0.27161127450980455,-1.8115310275962233,-0.35549987291212776,temp,JJASO,Yr
22.75_101.25,0.6981013071895421,1.1645827160493827,0.18249776688453107,-2.5950459150326797,,-0.38686348946986254,-0.7036504538852585,1.2391456063907043,temp,JJASO,Yr
22.75_99.75,0.532938634713145,-0.07474413580246894,-0.014007607116920125,-2.5704518881626717,,-0.9628140885984023,-1.6402840050835144,0.23375691721132913,temp,JJASO,Yr
23.25_100.25,-1.5688660130718952,-1.0159140341321709,-1.7560359658678284,-4.566853576615831,,-2.1337203522149597,-2.499198238925199,-1.583066684822077,temp,JJASO,Yr
23.25_100.75,-1.9877233115468398,-0.8892332244008718,-1.650878939724037,-5.076996574074074,,-2.8706332244008714,-2.8635147785039945,-1.4522502360203342,temp,JJASO,Yr
23.25_99.25,-0.22892846768336936,0.022399836601307004,-1.0385686274509809,-3.3579122730573707,,-1.1787685185185193,-2.132065668119099,-0.5521046114742193,temp,JJASO,Yr
23.25_99.75,0.014273420479303035,-0.536718899782135,-1.1487280864197538,-3.021956663035585,,-1.221956808278867,-1.863296732026144,-0.34132352941176514,temp,JJASO,Yr
23.75_100.25,-1.995757806826434,-2.527944462599854,-2.852378086419753,-4.4561598583877995,,-3.078112527233115,-3.558938253449528,-2.5295233841684825,temp,JJASO,Yr
23.75_100.75,-1.596086782861293,-1.0243620551924477,-1.7380191539578798,-4.297435484749457,,-2.370638471314452,-2.782548129992738,-1.5867875635439361,temp,JJASO,Yr
24.25_100.25,-1.8489222948438642,-2.336677269426289,-1.631061437908497,-3.2070308932461873,,-2.1406406136528684,-3.660208496732025,-2.5057144517066083,temp,JJASO,Yr
24.25_100.75,-1.9275239651416116,-1.895425744371823,-0.6014449527959328,-3.495652821350762,,-1.3930600762527228,-3.220666049382716,-2.4073291212781402,temp,JJASO,Yr
24.25_99.75,-1.101579883805374,-1.3640181372549016,-2.411164451706609,-2.445183260711692,,-3.032214488017429,-2.9994827523602035,-1.4914421931735657,temp,JJASO,Yr
24.75_100.25,-1.627750544662309,-1.994634531590413,-1.140493155410311,-2.7797268899782135,,-1.1820015613652868,-3.169275326797385,-2.1339724582425563,temp,JJASO,Yr
24.75_99.75,-1.141423057371097,-0.9292835511982575,-1.3920060094408129,-2.187762037037037,,-1.7237959876543216,-2.514645951343501,-1.1674223311546843,temp,JJASO,Yr
25.25_99.75,-1.0935832607116922,-1.404656535947713,-0.6268561365286863,-2.7926369141249103,,-1.4383417211328977,-2.766089887436457,-1.7225790486565002,temp,JJASO,Yr
25.75_100.25,0.8088597312999277,0.2153680827886717,1.1056591866376182,-0.20486654139433547,,1.1970795570079884,-0.47481993464052263,-0.17165432098765385,temp,JJASO,Yr
25.75_99.25,0.25695464778503996,-0.6340919934640515,-1.0601592955700796,-1.6171837189905591,,-1.532883859840232,-1.7894929702251265,-1.2954576252723307,temp,JJASO,Yr
25.75_99.75,0.1596198257080612,-0.6502870551924469,-0.8275536310820624,-1.1637884023238927,,-0.9764724582425557,-1.5056827832244009,-0.8525423747276686,temp,JJASO,Yr
26.25_99.25,0.455266775599129,-1.3128181009440811,-2.0746797167755995,-0.7202728075526506,,-2.621907526615831,-1.8815332286855484,-1.3013238692810458,temp,JJASO,Yr
26.25_99.75,0.5933284313725496,-0.6717271677559912,-1.3400783024691358,0.09479660094408161,,-1.2491923948801742,-1.1874851924473493,-0.6849420715323169,temp,JJASO,Yr
26.75_99.25,0.742901597676108,-1.5235567302106026,-3.4480198024691355,0.33613536328976085,,-3.7154359789397233,-1.6909216559295568,-1.11637119825708,temp,JJASO,Yr
27.25_99.25,-0.3185324981844588,-1.828429943718228,-3.0204464271968043,-0.3713303954248365,,-3.43682351724764,-2.287692547185911,-1.8603331691358025,temp,JJASO,Yr
27.75_98.75,-1.5524702832244008,-2.6833990295933194,-4.308224731844589,-1.7915304057407409,,-4.2733513344226575,-2.7821562977487293,-1.9359502980755268,temp,JJASO,Yr
28.25_98.75,-0.07150352795933153,-3.6818785455882352,-3.426139902142338,-1.8139286309041391,,-3.7929656690958606,-3.047589225635439,-1.53535152567175,temp,JJASO,Yr
28.75_98.75,0.04433132897603503,-2.3496864576797387,-1.5673723425381265,-2.1734941571296296,,-1.2768460251633986,-2.8318386875998547,-1.5328643346405229,temp,JJASO,Yr
29.25_98.25,0.06966903565722597,-2.5073514046659406,0.49942257007988367,-3.0546162858569357,,-0.902376056427015,-3.281266425617284,-1.069783017229484,temp,JJASO,Yr
29.75_98.25,-1.2570514299201159,-3.1897439724582424,-0.9169472241285399,-4.014611622458243,,-0.43024813774509796,-5.468409203580247,-1.8049549373819898,temp,JJASO,Yr
30.25_97.75,-0.8394200315541025,-2.835859476960784,-3.479704178740014,-2.673021531127451,,-3.816853322930283,-5.24527818917756,-1.389433032970225,temp,JJASO,Yr
30.25_98.25,-1.2731245461147418,-2.790385966957153,-2.846180613959695,-4.158808657788672,,-3.0890272440268705,-5.307398492719681,-1.4328876114379088,temp,JJASO,Yr
30.75_97.25,-2.335236212672476,-2.876148318264343,-7.423675785822439,-3.212246972160494,,-7.617268201615831,-5.604134168119099,-3.8163078501089323,temp,JJASO,Yr
30.75_97.75,-2.5487189358024693,-3.2307201026361656,-5.260498232316631,-3.8068815631808284,,-4.881471068946986,-5.870823588779957,-3.509866119734931,temp,JJASO,Yr
31.25_96.25,-1.5674078507625273,-2.239780293598402,-6.71090978254902,-2.210665996387073,,-7.03420768848947,-4.108379680159768,-2.6605274588307912,temp,JJASO,Yr
31.25_96.75,-2.1382719535221497,-2.1618789051924474,-7.590939459912854,-2.764646793754539,,-7.798982251997095,-4.774164099128541,-2.9255712717138707,temp,JJASO,Yr
31.25_97.25,-3.191846032679739,-2.3453137887799564,-8.923815853594771,-3.632743533042847,,-9.142309364342774,-5.902760031771968,-4.08080056013072,temp,JJASO,Yr
31.75_95.75,-0.21966472040668114,-1.1400777962999273,-3.8375983199527957,-1.1699370400181555,,-5.051893165229593,-3.838427430439361,-1.7716397771938996,temp,JJASO,Yr
31.75_96.25,-1.7649608932461878,-1.7343908894698623,-5.795866764742193,-2.7513329244734934,,-6.144770673166303,-4.491895240050835,-2.527883753122731,temp,JJASO,Yr
31.75_96.75,-2.081444081336238,-1.4758621474219316,-6.170053649092229,-3.492289706971677,,-6.360384499891067,-4.832105704066811,-2.508254943100944,temp,JJASO,Yr
31.75_97.25,-1.8014039288307921,-1.2896823127450983,-5.916924693173566,-2.7629304193899786,,-6.212328645860566,-4.419812064124909,-2.0506541611474223,temp,JJASO,Yr
31.75_97.75,-1.4680806757443716,-2.3098622616122007,-6.349636527095134,-2.6323051798656496,,-6.2474819163017425,-4.56445524738297,-2.4554870957371095,temp,JJASO,Yr
32.25_94.75,-1.1875512375816994,-1.666757130610022,-2.0674403284386345,-2.0844253799564267,,-3.3888617855555556,-4.017405450998548,-2.26947095810276,temp,JJASO,Yr
32.25_95.25,-1.7346184517066086,-1.960655572519971,-1.6583596142156862,-2.5072015395243286,,-0.879346361328976,-4.1113793329339146,-2.7323204893645605,temp,JJASO,Yr
32.25_95.75,-2.2567523605664492,-1.7309648357661587,-2.807311661546841,-3.322203437545389,,-2.2470394965141613,-4.473682786964416,-3.0273303795570086,temp,JJASO,Yr
32.25_96.25,-2.40462008583878,-0.9700423269426288,-4.848078068119099,-3.3700663950617282,,-4.566797539433551,-4.371869487472767,-2.47702798718228,temp,JJASO,Yr
32.25_96.75,-2.2062865432098766,-1.2070599306100216,-5.807580884132172,-3.823956442628903,,-6.02175630355846,-4.599463430718954,-2.1643585566811914,temp,JJASO,Yr
32.25_97.25,-1.341274695715323,-1.1320997559912853,-5.338019241321714,-2.9670548791394338,,-5.745544920388526,-3.767500559409949,-1.255379014667756,temp,JJASO,Yr
32.25_97.75,-0.7135043342774146,-0.8049266380718954,-4.376274191176471,-2.2871334929375453,,-4.792448710230574,-3.2875626022567177,-1.3273841340032682,temp,JJASO,Yr
32.75_94.75,-1.6448298973129993,-1.5574113673928833,-2.3782919820816995,-2.9116160317047934,,-3.3320932509840233,-4.067998100708061,-2.772238374411765,temp,JJASO,Yr
32.75_95.25,-2.961274030501089,-1.8214137128540306,-4.196239153231662,-3.9746565021786497,,-5.0688901023602035,-4.89006452389252,-3.8819105966230936,temp,JJASO,Yr
32.75_95.75,-1.9707099135076251,-1.1329717189179374,-5.428884142447349,-3.045978574146696,,-6.3805744082425555,-4.020270219462599,-2.7421942512345674,temp,JJASO,Yr
32.75_96.25,-2.0305920898692813,-1.114944776143791,-5.37993996835512,-3.21433786637618,,-5.404712654691358,-3.957196421098402,-2.414770541049383,temp,JJASO,Yr
32.75_96.75,-0.6506433180827889,-0.45511164635076284,-5.526817325384713,-2.4284267501089323,,-5.709871225374002,-3.1068592327523605,-1.1687921395842413,temp,JJASO,Yr
33.25_94.25,-1.3804291093681915,-0.7600857334168484,-4.334411767901234,-2.46986472625817,,-4.762227082244008,-3.3725868922857662,-2.0435805947893972,temp,JJASO,Yr
33.25_94.75,-1.9957891285403049,-1.0761282709150326,-4.849778109077706,-3.3172722838053743,,-5.125767113834423,-4.323613471750182,-2.8282536004720407,temp,JJASO,Yr
33.25_95.25,-1.3147156862745097,-1.1474574204778507,-5.498604388997822,-2.352419810733479,,-5.464760399600582,-3.451497246599492,-2.131241329660494,temp,JJASO,Yr
33.25_95.75,-0.5949933861732029,-0.83078172875817,-5.252056031681191,-1.2319847761256355,,-9.480038316091141,-2.533877459802106,-1.2364452065377636,temp,JJASO,Yr
9.25_105.25,0.14942846768336931,1.8808380537400151,0.6822494553376903,0.3628191721132905,,0.45649854756717567,-0.04575871459694961,0.40215014524328335,temp,JJASO,Yr
9.25_105.75,-0.04722766884531539,1.866674655047204,0.6937839506172848,0.1919297385620913,,0.27854520697167673,0.18687799564270158,0.4318997821350765,temp,JJASO,Yr
9.75_105.25,-0.31161002178649233,1.6551145606390707,0.45918373275236096,-0.4822342047930268,,-0.007058097312999223,-0.45762182280319486,0.08059822076979017,temp,JJASO,Yr
9.75_105.75,-0.32271387073347807,2.122137254901961,0.39030029048656545,-0.6583805374001452,,0.12545461147421952,-0.11447676107479923,0.03135511982570765,temp,JJASO,Yr
9.75_106.25,-0.22717138707334764,1.951962599854757,0.7625933188090054,-0.6651194625998547,,0.4425847857661584,0.3284914669571541,-0.036752723311546456,temp,JJASO,Yr
