Coord,ERA-I,HIRHAM (EAS),HadRM3P (EAS),RegCM4-1 (WAS),RegCM4-4 (WAS),HadRM3P (WAS),RCA4 (WAS),CCLM (EAS),Var,Season,TScale
10.25_104.75,0.6531760000000001,1.485e-13,0.0136425,0.859275,0.908755,0.0037938499999999997,0.0,23.533994149999998,preci,All,Day
10.25_105.25,0.3821619999999995,1.3976e-13,0.0006231800000000001,0.07967650000000001,0.2141,0.0002722,0.41119499999999987,18.044510000000002,preci,All,Day
10.25_105.75,0.18615974999999998,-0.0333416999999283,1.2760999999999999e-05,0.140325,0.045090000000000005,6.4377e-07,0.46552781,12.6756753,preci,All,Day
10.25_106.25,0.2909050000000001,-0.0364279999999346,5.7407e-07,0.256865,0.045381000000000005,7.3414e-12,0.09449199999999999,12.809415000000001,preci,All,Day
10.25_106.75,0.2957255,1.393e-13,-0.011626300000000003,0.19164,0.05692495,0.0,0.0,17.653554999999997,preci,All,Day
10.75_104.75,0.945565,-0.021385149999923476,0.01578,0.21686895,0.7087220700000001,0.00981515,0.033941499999999875,11.60118,preci,All,Day
10.75_105.25,0.5211964999999998,1.2821999999999998e-13,0.0059140500000000006,0.1095265,0.10102,0.00740515,1.1271,8.785777,preci,All,Day
10.75_105.75,0.09724800000000006,1.2676e-13,0.000219305,0.000125415,0.062093499999999996,1.437e-06,0.739975,10.843895,preci,All,Day
11.25_104.25,1.2813800000000002,1.3462e-13,0.009133199999999873,0.45617930000000007,0.060745499999999994,0.020143,0.00131595,6.029525,preci,All,Day
11.25_104.75,0.788825,-0.0018939149998745053,0.0018803499999999998,0.2560300000000001,0.08561665,0.01007515,0.24022685000000002,3.50669,preci,All,Day
11.25_105.25,0.47719,1.33265e-13,0.0066910500000000005,0.3056500000000001,0.0866795,0.010301999999999999,1.444099845,2.9943049999999998,preci,All,Day
11.75_104.25,1.02723,1.39145e-13,4.0057499999999997e-07,0.6848475999999999,0.061393,6.9401e-05,0.13402807,0.8127250000000001,preci,All,Day
11.75_104.75,0.5808379499999999,1.31675e-13,8.7519e-05,0.19079000000000002,0.0877165,0.00085302,0.5029299999999997,0.132765,preci,All,Day
11.75_105.25,0.382895,1.3734e-13,0.0056104,0.382475,0.09712,0.0178635,1.629715,0.35829999999999995,preci,All,Day
12.25_103.25,1.1322474500000004,0.327962,0.00229875,0.8646700000000015,0.0239455,0.07742550000000001,1.0158099999999999,12.014289200000002,preci,All,Day
12.25_103.75,1.0296349999999999,0.0063102,0.0,0.57464,0.036414,0.0,0.037590799,2.3304750000000003,preci,All,Day
12.25_104.25,0.2260609775,1.34805e-13,1.68645e-05,0.40854900000000016,0.0534935,0.0026002,0.4953750000000001,0.0,preci,All,Day
12.25_104.75,0.1266549999999999,1.33555e-13,0.00044779,0.045505500000000004,0.06931049999999989,0.0043024,0.469075,0.0,preci,All,Day
12.25_105.25,0.08230449999999984,1.3879e-13,0.0015565,0.5283500000000001,0.067573,0.0036629,1.380465,8.767700000000001e-05,preci,All,Day
12.25_105.75,0.0735915,1.3771e-13,0.00041670499999999996,1.0207435,0.0540705,0.0020875,1.48745,0.79874595,preci,All,Day
12.25_106.25,0.07393949999999999,1.3214e-13,0.00088474,1.0172499999999998,0.0533015,0.00329065,0.782385,4.9483999999999995,preci,All,Day
12.25_106.75,0.0066051,-0.006052949999857915,5.0883e-07,1.391613,0.01246655,2.90185e-07,0.072331165,6.078128850000001,preci,All,Day
12.25_107.25,0.0009124249999999999,1.45485e-13,0.00413015,0.9539000000000001,-0.06882555000000001,6.538449999999999e-05,0.973754,8.939454999999999,preci,All,Day
12.25_107.75,0.09060468,0.19972499999999996,-0.011077109509999999,1.3193,-0.08063875000000004,-0.021250151000000002,0.006449399999999713,13.410899999999998,preci,All,Day
12.25_108.25,0.2297801000000001,1.2493501500000002,-0.018071399999999998,2.232585,-0.0628695,-0.058377899999999996,1.3515260000000002,2.3899804499999995,preci,All,Day
12.75_102.75,1.41669,1.3686e-13,0.0417085,0.36021349999999996,0.027711,0.2501000000000003,0.0,10.333219999999999,preci,All,Day
12.75_103.25,0.925125,1.3506e-13,3.54455e-07,0.317088,0.0820635,3.58875e-07,0.0,4.4957305000000005,preci,All,Day
12.75_103.75,0.4534735,1.2951e-13,0.0,0.07555200000000001,0.07808999999999999,0.0,0.0,0.8003860000000004,preci,All,Day
12.75_104.25,0.099112,1.32675e-13,8.964699999999999e-06,0.043495200000000005,0.204485,0.000125375,0.0,0.12290165,preci,All,Day
12.75_104.75,0.17551095,1.33925e-13,0.0006539250000000001,0.060687,0.0529005,0.0034440499999999997,0.20896499999999996,0.21007499999999996,preci,All,Day
12.75_105.25,0.15068,1.3857e-13,0.00043511,0.8826799999999999,0.01884085,0.003658999999999241,1.1820349999999993,0.3020335,preci,All,Day
12.75_105.75,0.06794259999999999,1.39035e-13,0.00027822,1.4102,0.0222175,0.0008184800000000001,0.7726705,1.17346,preci,All,Day
12.75_106.25,0.0271415,1.2873e-13,6.8134e-05,0.44776799999999994,0.033931,3.7125e-05,0.065654,2.66512435,preci,All,Day
12.75_106.75,0.0071185,-0.025661549999863198,3.06695e-06,0.67314915,0.012979000000000001,3.0922e-05,0.0,4.012585,preci,All,Day
12.75_107.25,0.0012838100000000002,-0.13913149999986524,0.0,0.6033972500000002,-0.025039399999999996,4.00895e-06,0.0,4.501817999999999,preci,All,Day
12.75_107.75,0.08749756,-0.3377354999999999,-0.025834095,0.7641550000000001,-0.04349245,-0.007708665,-0.031044649999999476,9.0499875,preci,All,Day
12.75_108.25,0.2260737,-0.015914400000000002,-0.06395150000000012,1.071875,-0.05972750000000002,0.0018857649999999998,0.4140634999999999,4.483242000000001,preci,All,Day
13.25_102.75,1.182662,1.3248500000000002e-13,6.67915e-05,0.0133335,0.0641355,2.2774e-06,0.0,4.0576555,preci,All,Day
13.25_103.25,0.670865,1.3073e-13,9.83665e-05,0.00568955,0.0841035,0.00115205,0.0,2.0526118,preci,All,Day
13.25_103.75,0.34477500000000005,1.4343e-13,0.003765545,0.0043261,0.129798,0.0254065,0.0,0.96552328,preci,All,Day
13.25_104.25,0.18335450000000003,1.4567499999999998e-13,0.024592000000000065,0.0389255,0.110915,0.10052150000000003,0.364785,1.2699099999999999,preci,All,Day
13.25_104.75,0.3364000000000001,1.37815e-13,0.010297125,0.30461000000000005,0.023952150000000002,0.06828999999999999,0.396435,1.7285434999999998,preci,All,Day
13.25_105.25,0.20720000000000005,1.3971000000000002e-13,0.00029982,0.939805,0.005515900000000001,0.0049532,1.0532605,1.10685602,preci,All,Day
13.25_105.75,0.048422,1.3989e-13,6.56175e-05,1.5855000000000001,0.00667745,0.000186465,0.643805,0.81380265,preci,All,Day
13.25_106.25,0.012659695,1.30825e-13,5.5368e-05,0.5597149499999996,0.0105375,0.000496865,0.10185499999999995,1.24079345,preci,All,Day
13.25_106.75,0.0043848,-0.01828564999992638,2.8582e-05,0.0320067,0.00262655,5.2258e-06,0.0,1.2814975,preci,All,Day
13.25_107.25,0.0028320999999999997,-0.231394999999873,0.0,0.030300500000000015,-0.006216589999999999,0.0,-0.01441328,2.3457255,preci,All,Day
13.25_107.75,0.09359700000000001,-0.23733049999993827,-0.0038505299984513503,0.12015,-0.007964028494,-0.0135963,-0.06920375000000001,3.45631,preci,All,Day
13.25_108.25,0.0854955,-0.20318894999999987,5.6435499999999995e-06,0.178346,-0.0982905,0.000500475,-0.0122445,2.80265,preci,All,Day
13.75_102.75,0.348014395,1.30585e-13,9.12115e-05,0.0069235,0.0697257185,0.00011476499999999999,0.0,1.6870999999999987,preci,All,Day
13.75_103.25,0.5897916405000001,1.3323499999999999e-13,0.0019556499999999997,0.0043762,0.063905,0.00209885,0.0,1.1435600000000001,preci,All,Day
13.75_103.75,0.43525999999999976,1.3546e-13,0.00755925,0.0134875,0.0744975,0.0073808,0.0392955,1.0486805000000001,preci,All,Day
13.75_104.25,0.3380900000000003,1.36015e-13,0.00643025,0.030834,0.041254,0.0120065,0.42034799999999994,1.07437,preci,All,Day
13.75_104.75,0.27494978649999996,1.3506e-13,0.0011606,0.019471000000000002,0.0182135,0.0040460045,0.12221499999999999,1.4008500000000002,preci,All,Day
13.75_105.25,0.12469999999999981,1.3536e-13,4.86645e-06,0.126135,0.012021495,0.000321465,0.4563964,0.7521896155000001,preci,All,Day
13.75_105.75,0.0136935,1.3542e-13,1.0924e-05,0.5931649999999999,0.003485349999999999,0.00024634,0.19729249999999993,0.6038675,preci,All,Day
13.75_106.25,0.00620745,1.3071500000000001e-13,5.8856e-05,0.36071605,0.00042102000000000003,2.7123e-05,0.008139999999999967,0.5310999999999999,preci,All,Day
13.75_106.75,0.0026560999999999998,-0.005836149999999998,4.2535e-06,0.2421402655,0.0,1.1336e-06,0.0,0.46592500000000003,preci,All,Day
13.75_107.25,0.0023792500000000003,-0.06731179999993459,0.00034679000000000003,0.19542999999999994,-0.025771959999999868,0.0,0.0,0.835264555,preci,All,Day
13.75_107.75,0.0696547,-0.04645550000000002,0.000626065,0.043316999999999994,-0.021170350500000004,0.00045444500000000004,0.0,1.860725,preci,All,Day
14.25_102.25,0.9702283,1.4723e-13,8.270550000000001e-05,0.0334545,0.0329835,5.5710999999999996e-05,0.05750915000000034,0.058482,preci,All,Day
14.25_102.75,0.5580145000000001,1.4217e-13,6.34855e-05,0.0246035,0.0504835,0.00023930000000000002,0.0,0.29922228,preci,All,Day
14.25_103.25,0.5337449999999996,1.37155e-13,3.49915e-05,0.008464900000000001,0.0569325,7.059899999999999e-05,0.0,0.46318000000000004,preci,All,Day
14.25_103.75,0.39727999999999997,1.3723e-13,0.000235975,0.0086069,0.036041500000000004,0.0005689849999998687,0.1585285,0.457962,preci,All,Day
14.25_104.25,0.3632699999999999,1.39815e-13,0.001814,0.0140625,0.019177,0.00274205,0.96172,0.3745699999999999,preci,All,Day
14.25_104.75,0.261131,1.35565e-13,9.8994e-08,0.0046968,0.022879999999999998,1.4936e-05,0.15329999999999955,0.15610000000000002,preci,All,Day
14.25_105.25,0.10098499999999999,1.3965999999999998e-13,0.00026554,0.0095286,0.024537,0.00035286,0.90443595,0.35926750000000013,preci,All,Day
14.25_105.75,0.0191085,1.30205e-13,0.0,0.00680455,0.0076299,1.83865e-05,0.0,0.38021499999999997,preci,All,Day
14.25_106.25,0.006470699999999999,-0.00017314299986549502,0.0,0.031757,0.0,1.91725e-06,0.0,0.1339116,preci,All,Day
14.25_106.75,0.021915,-0.00035408649986946503,1.4967000000000001e-05,0.020673999999999998,-0.05127565,9.63685e-05,0.0,0.19200999999999974,preci,All,Day
14.25_107.25,0.037017313499999996,1.2581e-13,0.000379045,0.050142400000000004,-0.05127695,0.000102675,0.0,0.9884020000000001,preci,All,Day
14.25_107.75,0.2854315000000003,1.39035e-13,0.0006478949999999999,0.11318500000000001,-0.0224513,0.0,0.0,2.0124000000000004,preci,All,Day
14.25_108.25,0.49576709500000005,0.15674765000000002,0.0160765,0.4738435,-0.025979050000000004,0.00020436,0.080544,0.14891205,preci,All,Day
14.75_101.75,1.3306099999999996,1.4116e-13,0.0,0.00808525,0.051392999999999994,0.0,0.0,1.2373550000000001e-08,preci,All,Day
14.75_102.25,0.9678103999999998,1.3429e-13,0.0,0.005281350000000001,0.0484375,0.0,0.0,1.5275000000000002e-06,preci,All,Day
14.75_102.75,0.42269,1.3567999999999998e-13,0.0,0.0034034,0.083731,0.0,0.0,1.8752e-09,preci,All,Day
14.75_103.25,0.34738000000000024,1.3626000000000002e-13,2.9399999999999996e-07,0.00255565,0.096597,1.59555e-05,0.0,3.0310000000000003e-06,preci,All,Day
14.75_103.75,0.3575155,1.36845e-13,8.9946e-07,0.0025976000000000003,0.0766025,4.3486500000000005e-05,0.0,2.57245e-05,preci,All,Day
14.75_104.25,0.42179500000000003,1.38555e-13,2.11265e-05,0.0036234500000000003,0.0969515,9.7892e-05,0.010876,0.0001060805,preci,All,Day
14.75_104.75,0.22051999999999994,1.3782e-13,1.0966e-06,0.0025481,0.08833250000000001,2.8213e-05,0.0,0.0032914,preci,All,Day
14.75_105.25,0.06539900000000001,1.3676999999999998e-13,1.34985e-05,0.00361205,0.06325449999999999,5.8953e-05,0.0,0.00189835,preci,All,Day
14.75_105.75,0.00665925,-0.001952954999863275,0.0,0.011348,0.00140485,0.0,0.0,0.072463,preci,All,Day
14.75_106.25,0.021666499999999998,1.2852e-13,5.85505e-11,0.0223545,-0.07719735,1.9103e-05,0.7802632,0.080124,preci,All,Day
14.75_106.75,0.069421,1.33415e-13,0.00014036000000000002,0.0251545,-0.0935521,0.00168555,0.0,0.337545,preci,All,Day
14.75_107.25,0.088180485,-0.013968749999933649,-0.00123786,0.074727,-0.094443,-0.011063399999753358,0.0,1.2692875,preci,All,Day
14.75_107.75,0.523589,0.14646499999999993,0.031442735,0.4648107,-0.06604500000000002,0.022481135,0.07788385000000017,0.28648914000000003,preci,All,Day
14.75_108.25,0.667631355,1.3350399999999998,0.114395,1.3514260000000002,-0.030440500000000023,0.0586054999999997,2.0645655935000002,0.07141549999999997,preci,All,Day
15.25_101.75,0.6179100000000002,1.3399000000000002e-13,0.0,0.0029134,0.091144,0.0,0.0,0.0,preci,All,Day
15.25_102.25,0.3584795,1.3016e-13,0.0,0.000859395,0.083374,0.0,0.0,0.0,preci,All,Day
15.25_102.75,0.12129000000000001,1.3123e-13,0.0,0.000172695,0.073752,0.0,0.0,0.0,preci,All,Day
15.25_103.25,0.13897500000000002,1.3278e-13,0.0,0.00070341,0.07442805,8.66895e-09,0.0,0.0,preci,All,Day
15.25_103.75,0.17632,1.3438499999999999e-13,1.4824e-06,0.0018318499999999999,0.12332300000000002,1.22975e-05,0.0,0.0,preci,All,Day
15.25_104.25,0.22991450000000002,1.35755e-13,5.501950000000001e-06,0.0036476,0.120395,3.8088e-05,0.0,0.0,preci,All,Day
15.25_104.75,0.136822,1.3488e-13,7.3771e-07,0.00427135,0.132195,1.03935e-06,0.0,1.34295e-10,preci,All,Day
15.25_105.25,0.045950500000000005,1.3171e-13,0.0,0.00670585,0.1095278,1.4997e-06,0.0,4.77225e-10,preci,All,Day
15.25_105.75,0.0117795,1.3785000000000001e-13,0.0,0.021845,0.01146545,0.0,0.0,0.000150145,preci,All,Day
15.25_106.25,0.04808972,1.47335e-13,0.0007692549999999999,0.031340400000000004,-0.161765,0.00025019500000000004,1.8200701,0.0311045,preci,All,Day
15.25_106.75,0.13756654999999998,-0.002622199999858575,0.00083452,0.0733665,-0.1322409,9.010100000000001e-05,0.0,0.32855500000000004,preci,All,Day
15.25_107.25,0.06666230000000002,-0.2152095,-0.405729,0.17891345,-0.39841000000000004,-0.541183,6.597e-05,0.006947074999999988,preci,All,Day
15.75_101.75,0.945275,1.34805e-13,0.0,0.00226205,0.0520105,0.0,0.0,0.0,preci,All,Day
15.75_102.25,0.5949300000000006,1.32285e-13,0.0,0.000392005,0.06866900000000001,0.0,0.0,0.0,preci,All,Day
15.75_102.75,0.24146250000000005,1.3228e-13,0.0,5.2799999999999996e-05,0.0863358,0.0,0.0,0.0,preci,All,Day
15.75_103.25,0.265015,1.34155e-13,0.0,0.00043787,0.061695749999999994,9.097299999999999e-07,0.0,0.0,preci,All,Day
15.75_103.75,0.27868550000000003,1.3432499999999999e-13,1.58335e-10,0.00150105,0.113295,1.0892e-05,0.0,0.0,preci,All,Day
15.75_104.25,0.21004,1.3429499999999998e-13,1.38325e-09,0.0023182999999999997,0.175375,1.089e-06,0.0,0.0,preci,All,Day
15.75_104.75,0.1000265,1.3209e-13,1.2609999999999999e-11,0.0024878,0.0658745,0.0,0.0,0.0,preci,All,Day
15.75_105.25,0.0863235,1.3030500000000002e-13,1.08335e-06,0.00491415,0.07824099999999999,6.37135e-07,0.0,3.2249500000000003e-13,preci,All,Day
15.75_105.75,0.086779945,-0.009038999999864485,1.0101e-07,0.017747,0.0008453350000000009,2.7078e-08,0.0,1.9237e-06,preci,All,Day
15.75_106.25,0.26627449999999997,-0.0287366499999314,0.0,0.06374811999999999,-0.0061283499999999986,4.0963e-11,0.013339400000000001,0.058053,preci,All,Day
15.75_106.75,0.29325100000000004,-0.043555799999927314,-0.05504730000000002,0.15088999999999964,-0.21343499999999982,-0.17664349999999984,-0.01350645,6.7871e-05,preci,All,Day
16.25_101.75,1.1870639,1.4083e-13,0.0,0.0048232,0.014390499999999206,0.0,0.0,0.0,preci,All,Day
16.25_102.25,0.8306625,1.32765e-13,0.0,0.00044207000000000035,0.055884500000000004,1.2422e-10,0.0,0.0,preci,All,Day
16.25_102.75,0.29471,1.3351e-13,0.0,9.8377e-05,0.1158,0.0,0.0,0.0,preci,All,Day
16.25_103.25,0.270395,1.3467499999999998e-13,0.0,0.000321185,0.07943705,0.0,0.0,0.0,preci,All,Day
16.25_103.75,0.22535500000000008,1.3413500000000001e-13,0.0,0.000761585,0.07242699999999999,0.0,0.0,0.0,preci,All,Day
16.25_104.25,0.0713135,1.3555000000000001e-13,0.0,0.0010519,0.083429,0.0,0.0,0.0,preci,All,Day
16.25_104.75,0.0599135,1.3232e-13,0.0,0.0010436,0.04184499999999999,0.0,0.0,0.0,preci,All,Day
16.25_105.25,0.0755446,1.2892e-13,0.0,0.0010072,0.0225945,0.0,0.0,1.1348500000000002e-12,preci,All,Day
16.25_105.75,0.12130800000000003,-0.026853049999863758,1.5157e-08,0.010271,0.00722555,0.0,0.0,1.741e-07,preci,All,Day
16.25_106.25,0.39905805499999997,-0.03986993499993603,0.007694783,0.045407499999999955,-0.01537735,0.0,0.0,0.08111950000000001,preci,All,Day
16.25_106.75,0.37418849999999987,1.3732999999999998e-13,0.01792934999999997,0.1651910000000001,-0.204711992944,0.030449,0.0,2.3674999999999998e-11,preci,All,Day
16.25_107.25,0.57489,0.06258025000000003,-0.0572557,0.9752850000000002,-0.2414489575,-0.078409,0.194755,0.0,preci,All,Day
16.75_101.75,1.3964599999999998,1.3662499999999999e-13,0.0,0.0029043,0.00319935,0.0,0.0,0.0,preci,All,Day
16.75_102.25,0.874745,1.2986999999999998e-13,0.0,5.47775e-06,0.0329705,0.0,0.0,0.0,preci,All,Day
16.75_102.75,0.2710699999999999,1.3297e-13,0.0,7.87565e-13,0.0584425,0.0,0.0,0.0,preci,All,Day
16.75_103.25,0.20853300000000013,1.34755e-13,0.0,3.5612e-05,0.052812,0.0,0.0,0.0,preci,All,Day
16.75_103.75,0.130105,1.36935e-13,0.0,0.000229875,0.055813,0.0,0.0,0.0,preci,All,Day
16.75_104.25,0.0704375,1.3664e-13,0.0,0.00034608,0.0671895,0.0,0.0,0.0,preci,All,Day
16.75_104.75,0.14021,1.3165e-13,0.0,0.000846085,0.06977449999999999,0.0,0.0,0.0,preci,All,Day
16.75_105.25,0.1226,1.20335e-13,0.0,0.00076373,0.0071421,0.0,0.0,4.1998e-12,preci,All,Day
16.75_105.75,0.136610745,-0.01313904999985928,8.375550000000001e-05,0.005363985,0.00042932200000000005,0.0,0.0,2.78015e-07,preci,All,Day
16.75_106.25,0.6529235,-0.028262349999999995,0.015888500000000017,0.027844,-0.035034285,0.0207315,0.0040561500000000006,1.41325e-05,preci,All,Day
17.25_101.75,1.31504485,1.3134e-13,0.0,0.00026792600000000004,0.000404285,0.0,0.0,0.0,preci,All,Day
17.25_102.25,0.692585,1.2638999999999998e-13,0.0,0.0,0.00850155,0.0,0.0,0.0,preci,All,Day
17.25_102.75,0.25973,1.31545e-13,0.0,0.0,0.029964,0.0,0.0,0.0,preci,All,Day
17.25_103.25,0.22183999999999998,1.3264e-13,0.0,0.0,0.0261915,0.0,0.0,0.0,preci,All,Day
17.25_103.75,0.12824499999999994,1.3367499999999998e-13,0.0,0.0,0.032666,0.0,0.0,0.0,preci,All,Day
17.25_104.25,0.0456815,1.3198500000000002e-13,0.0,0.0,0.0340655,0.0,0.0,0.0,preci,All,Day
17.25_104.75,0.062161499999999995,-0.0056452899999364405,3.82315e-06,0.0,0.00925845,0.0,0.0,1.0685099999999999e-13,preci,All,Day
17.25_105.25,0.3083026,-0.020058499999932474,6.824799999999999e-07,0.0006496,-0.00010544749999999594,0.0,-0.000121368,2.47705e-12,preci,All,Day
17.25_105.75,0.6130368500000001,-0.08953599999993309,0.003452775,9.3700016216e-24,-0.1923325,0.0,0.0,4.319e-12,preci,All,Day
17.25_106.25,0.7986005000000003,-0.0670634,0.01206465,0.019764,-0.208513,0.084201,0.040964499999999966,-0.0026216396,preci,All,Day
17.75_101.25,1.7333649999999998,1.3081e-13,0.0,1.8967e-06,0.0,0.0,0.0,0.0,preci,All,Day
17.75_101.75,1.1954985000000007,-4.757049999999996e-05,0.0,0.0,0.0,0.0,0.0,0.0,preci,All,Day
17.75_102.25,0.55762757,-0.0070242699998730295,0.0,0.0,0.0015573000000000002,0.0,0.0,0.0,preci,All,Day
17.75_102.75,0.21976500000000052,1.28275e-13,0.0,0.0,0.017051,0.0,0.0,0.0,preci,All,Day
17.75_103.25,0.0711985,1.2797500000000002e-13,0.0,0.0,0.00972485,0.0,0.0,0.0,preci,All,Day
17.75_103.75,0.0325965,1.2328e-13,0.0,0.0,0.0026082500000000003,0.0,0.0,0.0,preci,All,Day
17.75_104.25,0.016182500000000002,-0.08882764999992854,0.0,0.0,-0.010534299999999996,0.0,0.0,0.0,preci,All,Day
17.75_104.75,0.12956938,-0.03320394999992651,1.33805e-07,0.0,-0.10141950000000001,0.0,0.0,6.59955e-13,preci,All,Day
17.75_105.25,0.399980575,-0.007042944999872795,0.018517,-0.00507275,-0.1531130000000001,0.0009162949999999999,0.066742,0.0,preci,All,Day
18.25_101.25,1.61755,1.2947e-13,0.0,0.0,0.0,0.0,0.0,0.0,preci,All,Day
18.25_101.75,1.0481249999999998,-0.04058059999985768,0.0,0.0,0.0,0.0,-0.005980425000000001,0.0,preci,All,Day
18.25_102.25,0.444185,-0.10028049999987165,0.0,0.0,0.0,0.0,0.0,0.0,preci,All,Day
18.25_102.75,0.0900135,-0.004808129999933564,0.0,0.0,0.0,0.0,0.0,0.0,preci,All,Day
18.25_103.25,0.0109645,-0.0854386750000001,0.0,0.0,-0.0046054999999999985,0.0,0.0,0.0,preci,All,Day
18.25_103.75,0.0117855,-0.35261849999987616,0.0,0.0,-0.061976149999999994,0.0,-0.0517114,0.0,preci,All,Day
18.25_104.25,0.006862,-0.26718299999993644,0.0,-0.004460169999999999,-0.28321399999999997,0.0,0.0,0.0,preci,All,Day
18.25_104.75,0.34890673,-0.020504049999863046,0.0013237499999999925,-0.021532549999999998,-0.23198495,0.0,0.0,0.0,preci,All,Day
18.25_105.25,0.60336445,1.3248e-13,0.05670925,-0.0015128149999999996,-0.2422515,0.084317,0.1112,-0.007507165,preci,All,Day
18.75_101.25,2.2202954999999998,1.37375e-13,0.00043773,0.0,0.0,1.19535e-05,0.13485,0.0,preci,All,Day
18.75_101.75,1.7325249999999999,1.2791e-13,0.0,0.0,0.0,0.0,0.0,0.0,preci,All,Day
18.75_102.25,0.5709095,-0.1603124999998634,0.0,0.0,0.0,0.0,0.0,0.0,preci,All,Day
18.75_102.75,0.17774,1.2605e-13,0.0,0.0,-0.0154368,0.0,0.0,0.0,preci,All,Day
18.75_103.25,0.11790000000000005,1.3567999999999998e-13,5.80135e-06,0.0,-0.06048875,5.1946499999999995e-06,0.0,0.0,preci,All,Day
18.75_103.75,0.09157199999999999,-0.32616999999987123,-0.002975625,0.0,-0.135774817,0.0,-0.032394599999999996,0.0,preci,All,Day
18.75_104.25,0.11793735,-0.056569349999860824,0.0051445,-0.01457121905,-0.220999,0.000621975,0.0,0.0,preci,All,Day
18.75_104.75,0.46955099999999994,-0.006291664999859235,0.04123972000000001,-0.00642787,-0.30503905,0.049548545,0.0,-0.008926855000000001,preci,All,Day
19.25_101.25,2.46955,1.39745e-13,0.0,1.6197e-06,0.0,0.0,0.54695,0.0,preci,All,Day
19.25_101.75,2.1152499999999996,1.3079e-13,0.0,0.0,0.0,0.0,0.0,0.0,preci,All,Day
19.25_102.25,0.9742349999999997,1.3205e-13,8.31405e-10,0.0,0.0,1.135e-07,0.0,0.0,preci,All,Day
19.25_102.75,0.5519499999999999,1.3821499999999998e-13,2.4211499999999997e-07,0.0,0.0,3.3835e-08,0.0,0.0,preci,All,Day
19.25_103.25,0.5670249999999999,1.37945e-13,9.898900000000001e-06,0.0,0.0,1.1853e-05,0.0,0.0,preci,All,Day
19.25_99.75,2.52914,1.30795e-13,0.0,0.0,0.004968,0.0,0.0,0.0,preci,All,Day
19.75_100.25,2.4420984999999997,1.2753000000000001e-13,0.0,0.0,0.0010211,0.0,0.0,0.0,preci,All,Day
19.75_100.75,2.470028,1.305e-13,0.0,0.0,0.0,0.0,0.0,0.0,preci,All,Day
19.75_101.25,2.48466,1.3478500000000002e-13,0.0,0.0,0.0,0.0,0.0,0.0,preci,All,Day
19.75_101.75,2.0957099999999995,1.288e-13,0.0,0.0,0.0,0.0,0.0,0.0,preci,All,Day
19.75_102.25,1.396315,1.318e-13,8.0552e-07,0.0,0.0,2.1932e-07,0.0,0.0,preci,All,Day
19.75_102.75,0.67904415,1.26345e-13,0.0,0.0,0.0,0.0,0.0,0.0,preci,All,Day
19.75_103.25,0.5220050000000004,-0.005525139999862005,0.0,0.0,-0.00336145,-0.00189204528,0.0,0.0,preci,All,Day
19.75_99.25,2.1436499999999996,1.30585e-13,0.0,0.0,0.00033370000000000003,0.0,0.0,0.0,preci,All,Day
19.75_99.75,2.0499799999999997,1.25105e-13,0.0,0.0,0.000926325,0.0,0.0,0.0,preci,All,Day
20.25_100.25,1.8014899999999998,-0.02058449999986873,0.0,0.0,1.72985e-06,0.0,0.0,0.0,preci,All,Day
20.25_100.75,1.9681044999999995,1.2455e-13,0.0,0.0,0.0,0.0,0.0,0.0,preci,All,Day
20.25_101.25,2.0782586,1.2164e-13,0.0,0.0,0.0,0.0,0.0,0.0,preci,All,Day
20.25_101.75,1.9117499999999996,1.29275e-13,0.0,0.0,0.0,0.0,0.0,0.0,preci,All,Day
20.25_102.25,1.6587385,-0.013963049999867496,0.0,-0.00046109704999999996,0.0,0.0,0.0,0.0,preci,All,Day
20.25_102.75,0.8208420300000001,-0.07216884999985898,0.0,-0.005114359999995948,-0.001084275,0.0,-0.003047035,0.0,preci,All,Day
20.25_103.25,0.6415499199999999,-0.08814325,-0.0006025220000000001,-0.012799656,-0.04040095,0.0,0.0,0.0,preci,All,Day
20.25_99.25,1.7214600000000002,1.32165e-13,0.0,0.0,0.00042937,2.6247499999999996e-10,0.0,0.0,preci,All,Day
20.25_99.75,1.6203874999999996,1.2674499999999998e-13,0.0,0.0,0.0,0.0,0.0,0.0,preci,All,Day
20.75_100.25,1.6649599999999998,-0.007688659999930795,0.0,0.0,0.0,0.0,0.0,0.0,preci,All,Day
20.75_100.75,1.690666,-0.026817699999928425,0.0,0.0,0.0,0.0,0.0,0.0,preci,All,Day
20.75_101.25,1.7489021500000004,1.2662999999999999e-13,0.0,0.0,0.0,0.0,0.0,0.0,preci,All,Day
20.75_101.75,1.66035,1.2641000000000001e-13,0.0,0.0,0.0,0.0,0.0,0.0,preci,All,Day
20.75_102.25,1.4796499999999995,-0.016298399999857785,0.0,-0.0026652792905,-0.0007860355,0.0,0.0,0.0,preci,All,Day
20.75_102.75,1.062295,-0.042804200000000056,0.0,-0.006929205,-0.012193350000000006,0.0,-0.007088795,0.0,preci,All,Day
20.75_103.25,0.7469049999999999,-0.03126939999986589,0.0,-0.027254149999999998,-0.07714050000000011,0.0,0.0,0.0,preci,All,Day
20.75_99.75,1.7602045,1.30825e-13,0.0,0.0,0.000708755,4.3076e-06,0.0,0.0,preci,All,Day
21.25_100.25,1.551345,-0.01580519,0.0,0.0,0.0,0.0,0.0,0.0,preci,All,Day
21.25_100.75,1.5678065315000005,-0.036039999999858685,0.0,0.0,0.0,0.0,0.0,0.0,preci,All,Day
21.25_101.25,1.562987,1.2013000000000001e-13,0.0,0.0,0.0,0.0,0.0,0.0,preci,All,Day
21.25_101.75,1.4301999999999997,1.2892e-13,0.0,0.0,0.0,0.0,0.0,0.0,preci,All,Day
21.25_102.25,1.36165,-0.0068889249998613095,0.0,0.0,0.0,0.0,0.0,0.0,preci,All,Day
21.25_102.75,1.03639885,-0.023160049999862185,0.0,-0.003807495,-0.015014539999999995,0.0,-0.000489751,0.0,preci,All,Day
21.25_99.75,1.6288799999999999,1.3181e-13,2.95065e-05,0.0,2.2261999999999998e-05,2.71345e-06,0.0,0.0,preci,All,Day
21.75_100.25,1.0573510000000002,1.2827e-13,0.0,0.0,0.0,0.0,0.0,0.0,preci,All,Day
21.75_100.75,1.3418074999999998,-0.039188149999862865,0.0,-0.0007615044999999997,0.0,0.0,-0.00395961,0.0,preci,All,Day
21.75_101.25,1.300193105,-0.041538699999861164,0.0,-0.00041290049999999996,0.0,0.0,0.0,0.0,preci,All,Day
21.75_101.75,1.34781909,1.25135e-13,0.0,-0.0033565799999999996,-0.0023589949999999996,0.0,0.0,0.0,preci,All,Day
21.75_102.25,1.2501,-0.024695949999862937,0.0,-0.009976625,-0.00897901265,0.0,-0.000412225,0.0,preci,All,Day
21.75_99.25,0.7912039500000001,1.292e-13,0.0020303,0.0,0.0,1.01075e-06,0.0,0.0,preci,All,Day
21.75_99.75,0.8422392999999999,-0.01041174999987586,0.0,0.0,0.0,0.0,0.0,0.0,preci,All,Day
22.25_100.25,0.663185,-0.012885800000000001,2.2301499999999998e-09,-0.011602359500000001,0.0,2.1314e-06,0.0,0.0,preci,All,Day
22.25_100.75,0.9272954,-0.08699984999986404,0.0,0.0,0.000155665,0.0,-0.01483425,0.0,preci,All,Day
22.25_101.25,0.837305,-0.056353549999853564,0.0,-0.006250195000000004,0.0,0.0,-0.001172935,0.0,preci,All,Day
22.25_101.75,0.8231625,-0.05651169999986885,0.0,-0.023543435,-0.01884781,0.0,-0.001360315,0.0,preci,All,Day
22.25_102.25,0.8115882999999999,-0.13263599999985953,0.0,-0.0460917,-0.054904299999999996,-0.006579465,-0.0393911,0.0,preci,All,Day
22.25_99.75,0.37677583000000003,-0.039392099999859626,0.0,0.0,0.0,0.0,0.0,0.0,preci,All,Day
22.75_100.25,0.20977499999999996,-0.006319829999935805,0.0,-0.037041300000000346,0.0,0.0,0.0,0.0,preci,All,Day
22.75_100.75,0.320645,-0.07834899999999999,0.0,-0.02920684999999999,0.0,0.0,-0.007867625,0.0,preci,All,Day
22.75_101.25,0.376885,-0.00694990499986979,0.003746399999999999,-0.027149000000000034,-0.0036911249999999995,0.0272735,0.0,0.0,preci,All,Day
22.75_99.75,0.162015,1.2965e-13,0.0,0.0,0.0,2.7372999999999998e-11,0.0,0.0,preci,All,Day
23.25_100.25,0.22651300000000002,-0.020599899999873585,0.0,-0.0059756499999999695,0.00117455,0.0,-0.0006240964999999999,0.0,preci,All,Day
23.25_100.75,0.31458584999999994,-0.015601049999869235,2.74935e-08,-0.01026435,0.00216785,4.85635e-06,0.0,0.0,preci,All,Day
23.25_99.25,0.21586,-0.01214079999993389,0.0,0.0,0.00022637999999999998,0.0,0.0,0.0,preci,All,Day
23.25_99.75,0.15753000000000011,1.2852e-13,0.0,0.0,4.99415e-06,0.0,0.0,0.0,preci,All,Day
23.75_100.25,0.2561125,1.34285e-13,6.77105e-06,0.0,0.00451085,2.2562e-06,0.0,0.0,preci,All,Day
23.75_100.75,0.302807302,1.2112e-13,5.1943000000000004e-08,-0.0008419145,0.0091229,1.04465e-07,0.0,0.0,preci,All,Day
24.25_100.25,0.1714822,1.3081e-13,0.0,-0.00037684999999999455,0.00201125,0.0,0.0,0.0,preci,All,Day
24.25_100.75,0.18269145,1.2745e-13,0.0,-0.00109383,0.0164315,0.0,0.0,0.0,preci,All,Day
24.25_99.75,0.10489,1.2123e-13,0.0,-0.00183605,0.0014199999999999998,0.0035179649999999996,0.0,0.0,preci,All,Day
24.75_100.25,0.118268895,1.29685e-13,8.48135e-06,0.0,0.016201,0.0,0.0,2.5774e-09,preci,All,Day
24.75_99.75,0.11724499999999999,1.2774999999999999e-13,0.001664649999999919,0.0,0.010924,5.50355e-05,0.0,2.5906e-09,preci,All,Day
25.25_99.75,0.10897418,1.2897e-13,0.00033437,0.0,0.01409241,8.6588e-05,0.0,0.0018944,preci,All,Day
25.75_100.25,0.0271137,1.3171e-13,0.000209555,0.0,0.011453000000000001,0.0,0.0,0.06297500000000011,preci,All,Day
25.75_99.25,0.351363395,1.3780499999999999e-13,0.0227295,0.0,0.021155,0.0056598,0.0,3.864,preci,All,Day
25.75_99.75,0.062269000000000005,1.3304500000000002e-13,0.0514467,0.0,0.0142945,7.03275e-05,0.0,1.0126024500000002,preci,All,Day
26.25_99.25,0.347545,0.02406734,0.10370837,0.0,0.036318500000000004,0.114490185,0.0,11.359465,preci,All,Day
26.25_99.75,0.07901050000000001,1.4088e-13,0.113796,0.0,0.025480500000000003,0.022581499999999997,0.0,4.230985,preci,All,Day
26.75_99.25,0.39247500000000013,0.0722532,1.5724865,5.71445e-05,0.0830075,1.7204149999999998,0.0,15.949570000000001,preci,All,Day
27.25_99.25,0.44021397500000004,0.0418095,0.8251295999999997,0.00185955,0.14269335,1.0052018999999999,0.0,21.889908,preci,All,Day
27.75_98.75,0.40003500000000003,0.10383219999999999,2.13758,0.009040699999999999,0.1618795,1.4113700000000002,0.0,21.12701,preci,All,Day
28.25_98.75,0.6144499999999999,2.1499635,0.6284959999999999,0.0050629,0.35464405499999996,0.8543085499999999,0.13620427000000002,23.015549999999998,preci,All,Day
28.75_98.75,0.891161,0.16965,0.005208999999999998,2.11795e-05,0.6908791649999999,0.0232295,0.0,22.05648,preci,All,Day
29.25_98.25,0.4452585,1.3899e-13,0.0002263895,0.0038349,0.45117604999999994,0.17576065000000002,0.0,8.29099429,preci,All,Day
29.75_98.25,0.4552195,1.36465e-13,0.000224825,0.00328257,0.3481735,5.6826e-05,0.0,3.069711,preci,All,Day
30.25_97.75,0.21837349999999991,1.43575e-13,0.045586,6.82105e-06,0.14184380000000002,0.332265,0.0032628,1.8364355099999998,preci,All,Day
30.25_98.25,0.2732905,1.4049e-13,0.241969,0.0016324030000000002,0.12411775,0.231815715,0.0,2.315848,preci,All,Day
30.75_97.25,0.2822075650000002,1.3049e-13,0.521332355,-0.00186935,0.08235250000000008,0.43601000000000006,0.0,4.65982,preci,All,Day
30.75_97.75,0.31020615,1.33955e-13,0.150732,0.0,0.08028895,0.11584894999999999,0.0,5.9985,preci,All,Day
31.25_96.25,0.45242439999999995,1.30705e-13,0.770808925,-0.009308595,0.041485209999999995,0.6668175000000001,0.0,7.684660000000001,preci,All,Day
31.25_96.75,0.25716572000000004,-0.000454004499859565,0.463535,-0.00859201,0.0542054,0.44749249999999996,0.0,4.778815,preci,All,Day
31.25_97.25,0.307025,1.2535000000000002e-13,0.765253,-0.01846371,0.044939,0.825695,0.0,6.6309165,preci,All,Day
31.75_95.75,0.394932175,1.3025e-13,1.0763,-0.0006286460000000001,0.03106637000000002,2.1009469999999997,0.0,12.429730150000001,preci,All,Day
31.75_96.25,0.3089479999999999,1.26475e-13,0.667825,-0.0033707150000000003,0.03256145,1.01376275,0.0,8.201485000000002,preci,All,Day
31.75_96.75,0.21208500000000002,-0.016455299999860902,0.13351649999999998,-0.00199041,0.0269559,0.1431073,-0.0105041,6.379737499999999,preci,All,Day
31.75_97.25,0.305728,-7.8390449871795e-05,0.2502242,0.0,0.014374499999999998,0.31975045,0.0,7.5696815,preci,All,Day
31.75_97.75,0.3216083355,1.30445e-13,0.9279005,0.0,0.016609050000000007,0.7585499999999998,0.0,10.62153525,preci,All,Day
32.25_94.75,0.302523,-0.00054441,0.18793499999999985,0.0,0.0344415,0.43246300000000004,0.0,14.440514,preci,All,Day
32.25_95.25,0.38412250000000003,1.278e-13,0.10618140000000001,0.0,0.0310295,0.0098239,0.0,15.1992845,preci,All,Day
32.25_95.75,0.33429999999999993,-0.0033842899998728,0.021978499999999998,0.0,0.02649717,0.035726321500000005,-0.01169844999999991,11.9853433,preci,All,Day
32.25_96.25,0.327965,-0.022560599999862853,0.5232747,0.0,0.028929999999999997,0.17777500000000002,-0.0117195,8.785789999999999,preci,All,Day
32.25_96.75,0.313029255,1.2098e-13,0.8230615,0.0,0.027833050000000005,0.7010410000000001,0.0,8.539896500000001,preci,All,Day
32.25_97.25,0.35712714999999995,1.3013499999999998e-13,1.09120035,0.0,0.016900071500000002,1.0592219,0.0,10.06579,preci,All,Day
32.25_97.75,0.3728223999999999,1.21445e-13,0.3751555,0.0,0.006355700000000004,0.5259450000000003,0.0,11.070492,preci,All,Day
32.75_94.75,0.28254749999999995,-0.0064649849998731695,0.004031968,0.0,0.056930865,0.013003500000000001,-0.00937551,15.784181,preci,All,Day
32.75_95.25,0.31065705,-0.047898499999929026,0.381281105,0.0,0.0486228,0.6180445,-0.0445833,15.823512999999998,preci,All,Day
32.75_95.75,0.2939761,-0.042736599999928876,1.2230054,0.0,0.038832,1.8387444999999998,-0.031252,13.21395,preci,All,Day
32.75_96.25,0.29674,-0.03117049999993325,0.9475483,0.0,0.035191200000000006,0.7560705,-0.02307315,12.0429405,preci,All,Day
32.75_96.75,0.262554585,1.2501e-13,1.9195560499999997,-0.0013689499999999999,0.0225396,1.4838194999999998,0.0,11.56901628,preci,All,Day
33.25_94.25,0.1550335,-0.020319799999936675,0.31901,0.0,0.07820099999999999,0.30174265999999994,-0.011092850000000001,12.021831,preci,All,Day
33.25_94.75,0.16917275,-0.042726285,0.37526879999999996,0.0,0.06607125,0.63460735,-0.0138209,15.5539845,preci,All,Day
33.25_95.25,0.1917256,1.1857e-13,1.2963599999999997,0.0,0.060653,1.37737219,-0.011022549999999999,17.231037,preci,All,Day
33.25_95.75,0.19442199999999998,1.28735e-13,1.81296,0.0,0.04592700000000001,3.3374800999999996,0.0,17.694,preci,All,Day
9.25_105.25,0.10982549999999999,-0.2613149499999359,2.8368e-05,0.015147,0.051235,9.406050000000001e-06,0.0,10.702305,preci,All,Day
9.25_105.75,0.10233,-0.000321753999932491,2.10255e-06,1.0556999999999999,0.10008500000000001,8.93585e-06,0.0,18.4176,preci,All,Day
9.75_105.25,0.136465,-0.01163039999993048,6.538849999999999e-06,0.034807000000000005,0.12887500000000002,4.07025e-05,0.0273215,15.980715,preci,All,Day
9.75_105.75,0.10607499999999995,-0.17430249999993488,1.4860999999999999e-05,0.051366499999999995,0.0642575,3.30475e-06,0.0319455,11.66405,preci,All,Day
9.75_106.25,0.24889920499999998,-0.08940000000000059,2.04095e-06,0.41894350000000014,0.09431065,2.35735e-09,0.0,12.710928500000001,preci,All,Day
10.25_104.75,1.2588038080645159,0.031270496666686035,0.3767319320053764,2.612454640774194,3.2123331503833334,0.6152688235631669,0.6829921196904765,93.45123939838709,preci,All,Mon
10.25_105.25,0.9426458474193552,0.019587305818006294,0.07210414376932878,2.7522214768777418,0.8986014186559137,0.06477149048263867,1.9696914013870972,91.19391015553764,preci,All,Mon
10.25_105.75,1.1280385168845484,-0.3962010764904942,0.0009910715490679938,3.4266583959420522,0.10751671428571428,-0.015145466154707724,2.0964070032258064,85.813512984398,preci,All,Mon
10.25_106.25,1.1575954430107522,-0.26215020329021665,0.005015015564360787,4.918608281240323,0.0852149737857143,-0.030497589422237903,1.2869165692258062,83.23585508373066,preci,All,Mon
10.25_106.75,1.0300944380107522,0.09449696764600202,-0.6825441708321744,6.194692738503871,0.06802818192396314,-0.19781088099199984,0.27869446548387095,96.19636787078494,preci,All,Mon
10.75_104.75,2.0053103138919384,-0.18283062609674494,0.5641020381393065,3.5771464915923117,2.763884349032258,0.6040005458064513,0.9750789332795698,69.75868712704839,preci,All,Mon
10.75_105.25,1.418705164357768,0.011550097695958376,0.5599677595878092,2.788524038595887,1.1078645893548387,0.5519375973166665,2.981089117741935,64.52602695290805,preci,All,Mon
10.75_105.75,0.9077252365591391,-0.08419689387087995,0.09018070894259167,2.9553936936570055,0.5312061038460215,0.1279890967741939,2.7948870275215043,75.65181689213978,preci,All,Mon
11.25_104.25,2.1469943379564724,-0.03723176129022908,0.49893214254004836,4.966337480216129,2.045091737641398,0.845532754011995,0.6205980595666664,53.90263324,preci,All,Mon
11.25_104.75,1.7240880600000001,-0.16761320596766222,0.3843834859551916,3.713600314535943,2.0285236566666667,0.7877045510752687,1.56240314516129,44.286881764516124,preci,All,Mon
11.25_105.25,1.5611415933333332,0.14430674951621159,0.8904810828338219,3.1507356696096354,1.794073114516129,0.9376647784708604,3.756321761376344,46.36428529037686,preci,All,Mon
11.75_104.25,1.9890182645161287,0.0800664076613129,-0.07793873504583576,4.506982116262883,2.057047332578599,-0.00047041225820403836,1.62579550054505,34.6232647416129,preci,All,Mon
11.75_104.75,1.5129242690230322,-0.056903686182733546,0.17068682526881784,2.9741206803781117,2.343348400833334,0.27284760358240323,2.1918768430860216,28.90721555419355,preci,All,Mon
11.75_105.25,1.5767923685689156,0.32668274976780676,0.8738375484750625,3.6073234012795696,2.386298677096774,0.8886619640322584,4.323575510801075,36.58892667747581,preci,All,Mon
12.25_103.25,1.657381609520887,3.808370766129043,0.37269170815666686,4.386935002025333,0.5504885662258063,0.8789002966666665,2.973282988387097,68.66524999148159,preci,All,Mon
12.25_103.75,1.7518388226816928,0.8949852080645456,-0.05523936746183444,3.9373270665582805,0.7203501095238096,-0.036275591872846964,1.1373126533709677,45.053841729569896,preci,All,Mon
12.25_104.25,1.0444575127367857,0.07152746965441298,0.2748568816096776,3.3797185881608063,0.9965427191344081,0.48799858685655906,2.7566753735091396,28.055173072580647,preci,All,Mon
12.25_104.75,0.9886021003534808,0.01895671913817492,0.4403966018387099,2.2809533631084413,1.233049068177419,0.5419588845920496,2.704572373283333,27.019473131666665,preci,All,Mon
12.25_105.25,1.0866402107167925,0.34732852142863857,0.825510672408602,3.596648187181538,1.4473215324032258,0.7333222148883333,3.952133835376344,43.458420541223234,preci,All,Mon
12.25_105.75,1.1955648346913503,0.02156075255768592,0.7624049570982595,4.660042944095647,1.3984237375483866,0.7364929664141335,4.478036558064517,59.77806006241936,preci,All,Mon
12.25_106.25,1.3022574846132824,-0.07210375564504504,0.8374439517289657,3.9802265539784933,1.6468528086021514,1.0425823826597862,3.470604088225806,68.83362652901057,preci,All,Mon
12.25_106.75,0.7714991725806453,-0.2056484588709061,0.5452777948,5.019537503478494,1.1036705448225808,-0.0165891494282842,1.7260332925,86.5666869511627,preci,All,Mon
12.25_107.25,-0.11452129975738709,2.404849559511526,2.143989337775708,4.740115099848999,-0.027321953078279792,0.5324049240217748,5.455269661666667,105.22261155608223,preci,All,Mon
12.25_107.75,-0.17356602258064524,2.3023562133333333,-0.5293032679717227,3.7022220504730647,-0.3309839699882572,-0.5795532272575679,0.07215393627956988,140.80000162279416,preci,All,Mon
12.25_108.25,0.1925485033986175,5.9915659845967735,-0.8443427960000003,5.397497638346666,-0.17226493186520736,-1.1833301746774194,2.281563397258065,80.30043307162272,preci,All,Mon
12.75_102.75,2.166651683327839,0.04957101290331464,0.5776797612813225,3.182181147920968,0.20655074546774163,1.513062299252688,0.5621559539139784,65.57792446069892,preci,All,Mon
12.75_103.25,1.704057292827957,-0.11016244164280112,-0.012646698626881725,2.710717779766666,0.7740969302376013,-0.20942058578623274,-0.012578987903225806,55.48196353064516,preci,All,Mon
12.75_103.75,1.2107735485679354,-0.5357909145160968,-0.06445747124532258,1.9675516594564626,0.4883376747258068,-0.058718889075967735,0.04203885331423806,33.954197346988934,preci,All,Mon
12.75_104.25,0.9058042867217084,-0.20386950731562792,0.25912778470322606,2.235076062289502,1.555458562311828,0.2699608514965437,0.6915225408225807,31.321843690440865,preci,All,Mon
12.75_104.75,1.1362531940821985,-0.09148130495378792,0.5909544594677417,2.3345861525806453,0.6677422551094466,0.42257690080817767,1.4562836135483872,39.16472729736559,preci,All,Mon
12.75_105.25,1.2093715683333337,0.11809113419357697,0.7581324483456988,4.4788945350055815,0.8921200954215058,0.8354665280161293,3.690032510190476,53.08140268225807,preci,All,Mon
12.75_105.75,1.4402870986587064,0.06402852315480506,0.714359714,5.187926066141291,1.0822336055,0.5789904172024258,3.0123231290322576,63.56121329403226,preci,All,Mon
12.75_106.25,1.1013989239323156,-0.34397680743001346,0.6301946388530811,3.2369041561075265,1.211179586129032,0.42127649136041667,2.0973842204301074,64.91816442425299,preci,All,Mon
12.75_106.75,0.4871406583333333,-0.22242418243306342,0.8889389838709674,3.9848392828580117,0.6656139022580649,0.657240713715419,1.3936513204354843,80.59535214439246,preci,All,Mon
12.75_107.25,-0.10592634758160943,-0.4204410008601268,0.07916218377093812,3.7950230751290324,-0.012228474892473022,0.7560321777157999,0.35880319709677344,81.27000066175992,preci,All,Mon
12.75_107.75,-0.006270691146889371,-1.2519910616666663,-0.4467908306407785,2.7102974605913976,-0.12119798266935485,-0.29800048895720044,-0.37719278025714287,99.94395728220681,preci,All,Mon
12.75_108.25,0.1489576485322581,0.0031506362526925596,-1.0523406900118277,3.040496405215054,-0.14659636070548387,-0.12198056411568034,0.5819242029421581,70.02035613666666,preci,All,Mon
13.25_102.75,2.1596645385574176,-0.16983736538005162,0.15253177667375006,1.589286308660597,0.18696027135806453,-0.08073188151612926,0.00042502790322580645,50.498084790327326,preci,All,Mon
13.25_103.25,1.6062444907890667,-0.20441596499991524,0.2388622344559087,1.3385969505467743,0.20525692649182792,0.4298110304262899,0.4478203235483874,47.27807471731979,preci,All,Mon
13.25_103.75,1.1730303593360372,0.034571469072645994,0.6309193263440864,1.433994232954892,0.8741014306451611,0.7681783122376344,1.1728012925115205,43.18264266,preci,All,Mon
13.25_104.25,1.2015922136159949,0.10989582806454574,1.1096720806451612,2.569948356952187,0.6660698148387094,1.1415314708387099,2.6297348735483865,44.86227871000935,preci,All,Mon
13.25_104.75,1.4033437061391125,0.036915379228217776,1.252114712903226,3.5711135716666673,0.2705596589731183,1.0055374689340546,2.212301729032258,52.379589282134404,preci,All,Mon
13.25_105.25,1.4997606071526834,0.11140885002690754,0.8190857209727419,4.604997811955913,0.4454391932916667,0.7256539227207666,3.5586869177419347,55.095192016258224,preci,All,Mon
13.25_105.75,1.3540409514887313,0.15114205529574637,0.615644051847742,5.576316279352488,0.3675564568387093,0.4344434034688812,3.27091059075,64.46856975701917,preci,All,Mon
13.25_106.25,0.8452102204301077,-0.10756248387092218,0.9093185972419351,3.9941227920322575,0.4665738516129036,1.1408650927354835,2.361943941505376,68.35658378995046,preci,All,Mon
13.25_106.75,0.35149973579948857,-0.2647788249135407,0.6475818404838709,2.7427606529354844,0.11919580622536946,0.9733983436370957,1.0382526154408604,71.05270343725644,preci,All,Mon
13.25_107.25,0.007838078981999909,-1.2218299607526384,-0.159448660159677,2.375201666075269,-0.09507029722419355,-0.0013815090355849063,-0.3718384529822581,74.32890621477432,preci,All,Mon
13.25_107.75,0.10631664742165897,-1.2288782893010737,-0.38434303895161304,2.0080732656989246,-0.2606708679504939,-0.6254323151759795,-0.9586054357645162,83.58161387448817,preci,All,Mon
13.25_108.25,0.08024626881666674,-0.5703218842472909,-0.17375313799999997,2.3487024804838708,-0.2693713564336877,0.2436259922069895,-0.0752950031182794,76.25450174032578,preci,All,Mon
13.75_102.75,1.511312930483871,-0.27943265870960154,0.17151081529354828,1.1404527597669307,0.11251437240698925,0.1333213458567981,0.09026692940322581,40.16503002306656,preci,All,Mon
13.75_103.25,1.87196582895803,-0.0629893569892035,0.4911417150044085,0.9992943886870971,0.25296150649999993,0.7451622968125445,0.7996640612634409,44.909485995596505,preci,All,Mon
13.75_103.75,1.6567575157122425,0.0010653435485147317,0.791783228091398,2.2899075136614697,0.3399435707043011,0.8990902431950107,1.7699299383870954,48.47722963205389,preci,All,Mon
13.75_104.25,1.6506129399173517,0.006877337096895329,0.851537285430301,2.982676298200667,0.14436207950000005,0.7802437341290327,2.473300638709677,49.79504185200506,preci,All,Mon
13.75_104.75,1.6673233845225486,-0.0048800354739458145,0.8452954384972042,2.40892782853765,0.14062436747311827,0.6159801380630645,1.1045601233870967,52.30470595833333,preci,All,Mon
13.75_105.25,1.4394359690507517,-0.03454963548379464,0.37430801910832834,3.409735563891212,0.1282549102704999,0.39385357446774194,2.185931318817204,55.308637667672045,preci,All,Mon
13.75_105.75,1.1969156884239343,0.0041874001729335,0.4689143049471255,4.157312997564516,0.18189371925107567,0.515276246774194,1.551093906989247,63.115696606983875,preci,All,Mon
13.75_106.25,0.7851316612903223,-0.13096546392847946,0.8267082549833336,3.5708248001935488,0.07204394642857143,0.4511270263691397,1.1193406612903223,60.77063366135484,preci,All,Mon
13.75_106.75,0.34920913971517625,-0.3316029627418301,0.06813768939762888,2.783067028333334,-0.038387322574884794,0.20553483621412372,1.1467961099768815,65.13051137544397,preci,All,Mon
13.75_107.25,0.009942394838708984,-0.6957556363064186,0.005927779381061516,2.663359909151613,-0.2041750547097831,-0.020028216444110753,-0.18775606857142857,71.16664119647521,preci,All,Mon
13.75_107.75,0.06618869794335525,-0.6438965959676579,-0.12774360231530663,1.6708162342799544,-0.5595513000645165,-0.010435293048781484,-0.0007870975921659287,78.17304875746089,preci,All,Mon
14.25_102.25,2.087950083870968,3.0840427810000413,0.5652305945771614,2.723572230463441,0.0009155920967741892,0.19406511144623312,2.1416737836405533,35.26458925487215,preci,All,Mon
14.25_102.75,1.5387291252929143,1.3322223161667264,0.2976972840062903,2.0730391999999997,0.055036755506912435,0.29734243147323547,1.328203559870968,36.92162427271505,preci,All,Mon
14.25_103.25,1.5251380550000002,0.0765656296291533,0.3120201750073175,1.5328782582258067,0.08716138629032258,0.24184763016129107,1.333927631145161,42.36818466613447,preci,All,Mon
14.25_103.75,1.4833925902409515,0.052623089483964935,0.5083628161972669,2.0981526545490325,0.06418741435483871,0.4756845743070968,2.2308656018279565,40.62752041445472,preci,All,Mon
14.25_104.25,1.582807912404771,0.3320406295161572,0.8599521888114515,2.9211769817741926,0.05157090032258066,0.860359048551129,3.934950103069893,44.946491480645165,preci,All,Mon
14.25_104.75,1.1733168585376355,-0.03133520438927757,0.16249961730483878,2.0271315567553305,0.062453760380184326,0.09843363362133076,1.8051157782258063,47.2977976311936,preci,All,Mon
14.25_105.25,1.0615390206658795,0.22509192870436767,0.7216074402932184,2.37267942837,0.04620971511520737,0.5745605492150792,4.8117667918709675,53.14904059318074,preci,All,Mon
14.25_105.75,0.7423134898977554,-0.3938427160568915,0.23349382150645162,1.641543188110119,0.005574362741935481,0.19744595453720432,0.17311017258064515,55.469617297258125,preci,All,Mon
14.25_106.25,0.39646269546136015,-0.33254538967353475,0.10655303706025268,1.8583217967210568,-0.08488025694047543,0.28538114115123664,0.43286772291434933,52.675905857640984,preci,All,Mon
14.25_106.75,0.06470024102150583,-0.29886555416122224,0.2143585395686084,1.977270142204301,-0.27437919633753083,0.4424425471788232,1.2502594218548384,50.34010640166405,preci,All,Mon
14.25_107.25,0.05286978191175806,-0.35435914276129776,-0.007972426646840669,1.445891256096774,-0.49226493656451586,0.07507819538921631,0.31293926290322555,57.132657575671246,preci,All,Mon
14.25_107.75,0.3862438518758602,-0.028229074523754498,-0.47367274201801085,1.41947061344086,-0.40207990497577967,-0.6482655054435633,-0.0479918497235023,81.76510955570053,preci,All,Mon
14.25_108.25,0.6374299379032258,2.4575910836666663,-0.37513949096774213,3.0994218596666667,0.07589781244716351,-0.2880458427741937,0.7793499335344828,62.062314220074484,preci,All,Mon
14.75_101.75,2.527471629833334,1.0660725365000536,0.03756205479525028,1.0703800747741936,0.05870612253225807,0.034355179589500004,1.2245152825,30.587840624795398,preci,All,Mon
14.75_102.25,2.052802881036011,-0.13973023475797075,-0.18304552158822573,0.5968702413225807,0.043286189716096775,-0.08175159262903257,0.0,29.891618354870968,preci,All,Mon
14.75_102.75,1.384691774193548,-0.017793315887009407,0.00030193061761290326,0.30622838333333346,0.0722618642857143,0.0003670814143548387,0.22124170083333317,31.662621219241935,preci,All,Mon
14.75_103.25,1.2754261289134188,9.385983884320548e-05,0.12211927421612934,0.6228210614083605,0.05123206196571421,0.1017187555126728,0.6982416824193549,37.25131100260107,preci,All,Mon
14.75_103.75,1.3017463519408605,-0.006280504838572211,0.04800197324787443,0.5906567955620312,0.06932106647465439,0.0973773746268871,0.905062634204301,39.23470181731319,preci,All,Mon
14.75_104.25,1.3788496387652902,0.017963213387199854,0.15213539749999994,0.5960591078520008,0.10673645951612902,0.17250717670645188,1.170224787333333,38.817655709660684,preci,All,Mon
14.75_104.75,1.0670820710332642,-0.017067664999950292,0.15864536873901552,0.29731575851612907,0.0822660964516129,0.2043255438892622,0.6868165443709677,40.49823088655442,preci,All,Mon
14.75_105.25,0.7600080627559873,-0.03552592436625382,0.3283613220336129,0.3116391753370968,-0.0262690279835125,0.33494522955154643,0.508420761375,50.16166318583333,preci,All,Mon
14.75_105.75,0.23980220808422523,-0.5428174412173323,0.11035755563435548,0.852741375016129,-0.2908204572023811,0.0005793622741935484,0.18683525387096778,45.765680146839664,preci,All,Mon
14.75_106.25,0.008710204268274197,-0.2631306046450925,-0.10286323387096807,1.2901372715402295,-0.6233280700293076,-0.17858350290714453,4.651725817661291,52.392644928803094,preci,All,Mon
14.75_106.75,0.014405807317204311,-0.0830387322579806,0.04301080722711195,0.533160860483871,-0.5746992815328023,0.1883788248469569,0.2726010322903224,52.68410855337682,preci,All,Mon
14.75_107.25,0.12217543415083874,-0.43812366514512635,-0.47600440504640407,0.7395294011112903,-0.7540298780032259,-1.0133598473010748,-0.51616950491129,70.74479484174452,preci,All,Mon
14.75_107.75,0.5702989198997581,2.342050235225808,-0.017744563903225853,1.336251994016667,-0.23645205216123133,-0.5642486790322581,0.29592424666666695,72.4514999768895,preci,All,Mon
14.75_108.25,0.8644031550483872,5.685123085000004,0.17520296185483866,4.0303862173225795,0.10601592455895373,-0.1168918767699092,3.433556930913979,50.35445903731806,preci,All,Mon
15.25_101.75,1.8404108347898225,-0.007738288225673975,0.0103593056166663,0.4023324223761826,0.09678310693548388,-7.523973870967744e-06,0.0,27.390603451774197,preci,All,Mon
15.25_102.25,1.536785310983871,-0.36478651602142664,-0.0008078524499516128,0.10483953470525999,0.08043860069892485,-0.06516260799654378,-0.06713902129032259,26.81398806774194,preci,All,Mon
15.25_102.75,1.1121582513884034,-0.1937166221379779,0.046370396530668205,0.14754027529625657,0.05694244371344087,0.08312893017225825,0.003554503398617513,26.69700006853333,preci,All,Mon
15.25_103.25,1.0243712743966449,-0.0857739791934719,0.12903269150000002,0.34651811591920345,0.06839118372042997,0.05718834343835491,0.12266154497619053,30.808629270967742,preci,All,Mon
15.25_103.75,0.9528189458032332,-0.21410287647844337,0.09861181544477415,0.31335766272865595,0.01383825800000027,0.047563967572478924,0.18140154423963123,32.985535345161296,preci,All,Mon
15.25_104.25,1.1851716740612184,-0.07864036419353682,0.2867850294532258,0.45369018162418384,0.10139783870967743,0.257229441341079,0.3921599135322581,31.073775520222085,preci,All,Mon
15.25_104.75,0.8119401979175569,-0.10693612999997365,0.20835459758854852,0.1959430155276341,0.024105035392857257,0.10892127329248388,0.7110034914516129,32.526090098493434,preci,All,Mon
15.25_105.25,0.5222794248008693,-0.5974885833332976,0.0003639710387080645,0.02831471558387097,-0.03466105767857147,0.0011100651678873396,0.20621313333333335,44.5731744947468,preci,All,Mon
15.25_105.75,0.3184662789492661,0.008306539623753861,0.07377063525229031,0.5557753087832142,-0.29641400257373274,-0.05649806377133197,0.280870536,41.123499366090925,preci,All,Mon
15.25_106.25,-0.19687418821877883,1.2640877204892862,0.6484062663738042,0.4488215938387097,-1.2265182740033338,0.25897260509435305,7.734469682258064,54.28247161906109,preci,All,Mon
15.25_106.75,0.13730507937964517,-0.5340522321235672,-0.10759002612986648,0.3377482319700461,-0.9038424811017236,-0.37347146057681185,-0.3809444774193549,57.936586278239204,preci,All,Mon
15.25_107.25,0.1273371066406933,-0.8449661780817594,-1.4729217195161293,0.49230499892473156,-1.0455377339919356,-1.9887640138136449,-0.055412787177419404,57.76756749657493,preci,All,Mon
15.75_101.75,2.2877447497494545,-0.0007457188708293876,0.06332340621532259,0.18032735287980828,0.06370839615053764,0.010181611854940448,-0.014774373387096775,29.618475107851268,preci,All,Mon
15.75_102.25,1.7785768871165162,-0.3513376832419137,0.0017308577580645165,0.09065685088949423,0.09417182161290942,0.02040584709629032,-0.047508784101382484,27.199121520700537,preci,All,Mon
15.75_102.75,1.415843622785393,-0.21673950763057787,0.12662302068172043,0.12250713832403237,0.11828385987327186,0.10767116895483872,0.0004751059139784947,25.126531961671507,preci,All,Mon
15.75_103.25,1.0861963134634989,-0.0382804540475532,0.18385387634551612,0.20682571407860867,0.061048142258064514,0.19062986714531102,0.3254393790672413,25.88782111186514,preci,All,Mon
15.75_103.75,1.2064011957526883,-0.05203369841656808,0.14731071500500015,0.28086251014299196,0.11506874018279489,0.14227052053628772,0.4046037522634408,26.812667958,preci,All,Mon
15.75_104.25,1.0846260085786286,-0.09361277403218204,0.07809716185754603,0.30175939163476345,0.05478970564516404,0.16229397115334948,0.8790476725806444,26.68962097699621,preci,All,Mon
15.75_104.75,0.7253260498467027,-0.1742621069321744,0.09288386202420434,0.1446040662551713,-0.21285351288172027,0.1526745191838709,1.0433651820430112,34.20494885570275,preci,All,Mon
15.75_105.25,0.5035703777499999,-0.14980743919343226,0.3560960960958048,0.01353055154516129,-0.27277595720430103,0.1623785856612911,0.6881349561290317,40.86582098503718,preci,All,Mon
15.75_105.75,0.308415219591048,-0.45499005437089035,0.19015422366251464,0.3788644241935484,-0.4195663458325918,0.23843890318531086,0.29849603698924715,46.28655582341284,preci,All,Mon
15.75_106.25,0.3737561104999998,-0.9185102962902788,-0.5407770963483871,0.49512202620967705,-0.5037926193847926,-0.13290003562517136,0.3683974519966631,57.20373496564657,preci,All,Mon
15.75_106.75,0.20752313148392512,-0.43803771593010743,-0.5796937190407833,0.5908653922580649,-0.9326645424725803,-1.5328774527171953,-0.5635483686715057,61.028666371565635,preci,All,Mon
16.25_101.75,2.6797907094246844,0.9517420107527353,0.17309568678382048,0.2285573554805862,0.025151228709677422,0.0933188391237679,0.4442610279032258,30.28121465092271,preci,All,Mon
16.25_102.25,2.287753493564274,-0.15860763166660802,0.1938535094881722,0.15800216029194258,0.07040986193548787,0.294512211309516,-0.005043434354838709,28.85019750229032,preci,All,Mon
16.25_102.75,1.384639997914218,-0.22037470783327628,0.033466973145162004,0.07181538701155968,0.099357685,0.016706817921290324,0.0,23.09283982936405,preci,All,Mon
16.25_103.25,1.128472155710594,-0.11659617561564023,0.06657409912365653,0.14540683677207997,0.047210362816091964,0.012220900451491398,0.12452418883333331,25.43890456844086,preci,All,Mon
16.25_103.75,1.2236997304139785,-0.1691358174192769,0.07668329057822582,0.19974587378233333,-0.12417159603373779,0.10287813252739259,0.6734805824193546,23.723838523300003,preci,All,Mon
16.25_104.25,0.9834385515641445,-0.07349010224186531,0.1831556722576945,0.25028532759980837,-0.29814094376862904,0.18901625852688142,1.540690335752688,29.2880197545,preci,All,Mon
16.25_104.75,0.6794402967795695,-0.2037656985321524,0.1496488092643546,0.041699172295795006,-0.41387964049462367,0.09273393034058175,1.589450835641936,31.928350483561466,preci,All,Mon
16.25_105.25,0.4141330369677419,-0.2621328192732733,-0.0066570566037307145,-0.047241628419096696,-0.5564152680333332,-0.006527241323958319,0.48250304225806495,33.89681585517303,preci,All,Mon
16.25_105.75,0.5144615446214,-0.5914702037827437,0.014108728412774885,0.15752228454377906,-0.6572599467741935,0.05384782658098573,0.010542743426028919,37.37299259410956,preci,All,Mon
16.25_106.25,0.5036124602150536,-0.7485475340237465,0.06179307884950461,0.5314731592850952,-0.8326484102235632,-0.30869556298573714,-0.0014210965633640557,52.64629568381699,preci,All,Mon
16.25_106.75,0.39430167849885933,0.4922743436504142,0.07137548112680728,1.1123408512903223,-0.7436466833933117,0.0818034326795369,0.36313687741935397,49.14351742208581,preci,All,Mon
16.25_107.25,0.45817394547940304,1.6922046514516218,-0.6877593647719409,2.4500352580470914,-0.9246355483548387,-0.9653292382303947,1.4651036457526883,55.44644039943783,preci,All,Mon
16.75_101.75,2.9670622837493266,0.0399117362366075,0.32727887955,0.28304735143038706,-0.012834606540476178,0.4748976008333333,0.07142380426843317,31.29850176116667,preci,All,Mon
16.75_102.25,2.3543715096098063,-0.291271793666587,0.13548222770161297,0.18833392268059485,0.0350797322580645,0.03478161998387097,-0.10123809835714287,22.950265612833334,preci,All,Mon
16.75_102.75,1.5599333606155001,-0.042815199473068194,0.009598363917419351,0.14725301177961128,0.006644383532258073,0.043073317802645165,0.05138780845698898,23.51776077213441,preci,All,Mon
16.75_103.25,1.3162026155824638,-0.03770012629019644,0.002595192548,0.18955294597072314,-0.14496948935483855,0.017802756809076038,1.0478158848387098,23.56030321261828,preci,All,Mon
16.75_103.75,1.1069219033,-0.0006888951611811018,0.12609242001188667,0.29966621491591877,-0.27642472034482757,0.12807559369274193,2.0745643511935494,27.483031541460036,preci,All,Mon
16.75_104.25,0.9536822953125002,0.00145227177431947,0.12563583285187074,0.22203962499584426,-0.43479189821428565,0.2876264731915055,2.8584302073817205,26.30729485378245,preci,All,Mon
16.75_104.75,0.9693206094100221,-0.165730326066564,0.03257269989829931,0.01815532330835346,-0.45322124877965697,0.1189715687774193,0.8358380262096787,29.987842149224186,preci,All,Mon
16.75_105.25,0.5597927785172385,-0.2788053290321555,0.0035089825887161816,2.9954643971773047e-05,-0.646474040829263,0.01084322738726459,0.1381259204946238,27.25786104232278,preci,All,Mon
16.75_105.75,0.4205229535708817,-0.7668604036478512,-0.0069473640633591184,0.0760732575235599,-0.9567024900333334,-0.00018993416709677403,0.017426548158064513,34.86784243636257,preci,All,Mon
16.75_106.25,0.8721871041935483,-0.4142172289745697,0.09325431887419354,0.7242708657282877,-0.689572231994086,0.11801348657932256,0.1633695698333325,55.710872519913096,preci,All,Mon
17.25_101.75,2.7229943903404843,-0.11474471347142007,0.07722576258064517,0.1324255470890323,-0.026714422935483866,0.2357382849139784,-0.021547199458525346,23.846084592096773,preci,All,Mon
17.25_102.25,2.267333437980897,-0.4433774322580202,-0.15871438606333355,0.08359345015774354,-0.08416829495161293,-0.23606749993444698,-0.2556384755990784,22.302060417333333,preci,All,Mon
17.25_102.75,1.4906826668631035,-0.1748781155283087,1.484900262483871e-05,0.10900418180376344,-0.1637942126182796,0.012110293346209677,0.053718935483870967,25.38877155516149,preci,All,Mon
17.25_103.25,1.2209727837612423,-0.05061922489621951,9.51225220967742e-05,0.02774945251273085,-0.27761146365476186,0.05386036670096774,0.7651063645161287,28.641382804462367,preci,All,Mon
17.25_103.75,0.9224449621381905,-0.00977645967731657,0.006597937123513333,0.0294349457033843,-0.3755769626728111,0.22562770494483309,1.7450203680645164,26.636450523253924,preci,All,Mon
17.25_104.25,0.46094448824423334,-0.44434468604751387,-0.0014353940363470428,-0.04175990975034562,-0.7032308964666125,0.0026964822726720052,0.17044658795698925,25.71380332766129,preci,All,Mon
17.25_104.75,0.27452821604438343,-0.9444816768391606,-0.05095431949099999,-0.2028277716327586,-0.9039457374999993,-0.10427004132069782,-0.20013345672580646,26.608408364151344,preci,All,Mon
17.25_105.25,0.48284958435864056,-0.9561569068063709,-0.08278285451258072,-0.15754795444667744,-1.0154502497962365,-0.12891257257061844,-0.4899423299693548,29.65692156461705,preci,All,Mon
17.25_105.75,0.9818849668661613,-0.5074695754769526,0.04855197458172042,0.12749584738709668,-1.0033950460499996,-0.09197337931242859,-0.11808344773041475,49.66908170097418,preci,All,Mon
17.25_106.25,1.0197425594247314,-0.31903366064512895,0.1570938568356127,1.2666222206935482,-0.7459724974779146,0.9676540645806452,1.0402825710752683,38.49852897068412,preci,All,Mon
17.75_101.25,3.6287747859134067,-0.09638104246545043,-0.04829812569629624,0.07980671522817856,-0.10615881743387098,-0.005502590777473117,0.16865876225806442,23.204563222866668,preci,All,Mon
17.75_101.75,2.8650522745600684,-0.6528897033689867,-0.2372091834854837,0.00948617240302784,-0.09285467622580645,-0.15270970446132792,-0.5753178491397848,21.889750098833332,preci,All,Mon
17.75_102.25,2.0843333315340598,-0.7491131781332475,-0.0021991931564516124,0.008298219641359447,-0.17537472538940085,7.826945554231183e-05,-0.3872325364880952,23.233534006021507,preci,All,Mon
17.75_102.75,1.2713853080107524,-0.7829618512095726,-0.10029633725632739,-0.0063400093757143335,-0.37374990921529105,-0.012573921591290319,-0.17772187212903223,23.26327967037097,preci,All,Mon
17.75_103.25,0.7119018090322575,-0.5960594118108609,-0.018116301134655323,-0.07685358808071428,-0.6787979577849451,-0.00730716467924486,-0.024413352741935485,31.76301007103833,preci,All,Mon
17.75_103.75,0.3592290765535714,-0.8902694635310009,-0.005790080258134564,-0.2758899570345238,-0.9400287277516131,0.0027940337713548424,-0.40329406453520583,24.558953452043013,preci,All,Mon
17.75_104.25,0.03982083195642669,-1.6259606956220152,-0.6351107525399362,-0.5713314133758061,-1.4065818619354837,-0.4984623455792434,-0.9336981650537641,21.50384403744818,preci,All,Mon
17.75_104.75,0.16358358865207373,-1.1847630870967312,-0.6274098202112903,-0.7646846914739784,-1.3358390403225804,-0.4273066515451609,-0.21100188727419356,26.74233710855698,preci,All,Mon
17.75_105.25,0.5479875465437787,-0.15799883943537196,0.05893327159511291,-0.234453064662548,-0.9741573797396272,-0.08703493908115327,1.367304507629032,40.82328952992516,preci,All,Mon
18.25_101.25,3.5768425695955486,-0.24659683919286834,0.027048639124532252,0.023013800834946235,-0.013417960315251191,-0.02969630150423227,0.03260995080645161,21.692155922580646,preci,All,Mon
18.25_101.75,3.055103152300857,-0.8027068571666254,-0.013693882122202298,-0.025235383856480102,-0.06219172134892466,-0.0900375808217401,-0.8877454241935485,19.562848922205347,preci,All,Mon
18.25_102.25,1.9481207322580647,-1.5207166905376173,-0.11636670868613301,-0.1511428809193549,-0.44181054185541474,-0.07027985569399187,-1.0652769601290322,20.153612746566665,preci,All,Mon
18.25_102.75,0.9126579113034405,-0.6618558945902069,1.4462183037096774e-07,-0.4155163504631335,-0.8059746322413792,-0.018756606918563644,-0.44811545258064517,23.377096381333335,preci,All,Mon
18.25_103.25,0.12571120249477385,-1.8086282620391145,-0.09856429591217891,-0.751218822641268,-1.0748153828898122,-0.042740368796666046,-0.521427550997696,25.64465969945484,preci,All,Mon
18.25_103.75,-0.028363553628849417,-2.7435236661343403,-0.7378953688015601,-1.1117664365703042,-1.673022519354839,-0.6813709737876097,-1.7167935102150538,23.43237392469159,preci,All,Mon
18.25_104.25,-0.23556102704081794,-1.7375476443977629,-0.3451420458953447,-0.6599336644360425,-1.5255982210238095,-0.45686246261777985,-0.40516195666474664,22.494210803559447,preci,All,Mon
18.25_104.75,0.5915382525557473,-0.20948385585481688,0.10851534892643201,-0.38574911267661294,-1.2182306314822577,-0.03801167976572872,0.8719372475967742,29.85990866936206,preci,All,Mon
18.25_105.25,0.8832350496774195,0.5917858420484332,0.577945164900475,0.02926729487209101,-0.9049920528548387,1.3447921037176462,2.625392446935484,29.554027086971843,preci,All,Mon
18.75_101.25,3.7730216368355642,0.5421044551667111,1.5559588146693557,0.041975838773118376,-0.046739286540092156,0.853658936527957,2.3374987652741934,22.771623028440857,preci,All,Mon
18.75_101.75,3.308242911935483,-0.35682598175802005,0.002297232639027075,0.020731728802419358,-0.011843022969354841,-2.1829149041989237e-07,-0.7961362354838706,20.527143691876343,preci,All,Mon
18.75_102.25,1.5902320401612902,-1.7802058071504796,-0.7906775189659989,-0.5875286857083336,-0.6115029106229142,-0.625314863861858,-1.2772391892856318,22.424226158464347,preci,All,Mon
18.75_102.75,0.7636700635126501,-0.809558187964338,-0.10644505554881753,-0.5995670958133756,-1.0510857277833332,-0.01726992166269503,-0.08658675866666574,24.038785286099994,preci,All,Mon
18.75_103.25,0.6400489471529849,0.6134087987097756,0.5642132928364956,-0.44219423238103445,-0.7362760734251153,0.025524450119776998,0.16059556774193548,26.726603989849533,preci,All,Mon
18.75_103.75,0.17817477500261292,-2.082772833666612,-0.7594482818302981,-0.8464287426292971,-1.2156268663333334,-0.7793337646551721,-1.2630153991954023,25.081654611663964,preci,All,Mon
18.75_104.25,0.320713197015367,-0.36872692564506826,0.3276927748986661,-0.33332648702059686,-0.9982525852741936,-0.015990135810000305,-0.10416906474654364,29.96464288503919,preci,All,Mon
18.75_104.75,0.8382064726840636,0.19700477833334729,0.8680274744951613,0.031726809636904496,-0.7980695685483871,1.0032690542532259,1.0416623162903227,20.80453923419318,preci,All,Mon
19.25_101.25,3.901666288245817,0.8451780370968207,0.20965417598387098,0.012558472145708065,-0.0367595383218894,0.12983588766322968,3.600498254301075,33.354322700979196,preci,All,Mon
19.25_101.75,3.4672519833124196,-0.2815679190321756,-0.1914637162419357,-0.017885136736451243,-0.031035519792626677,-0.30570600332789644,-0.7906917455483868,32.63930184141613,preci,All,Mon
19.25_102.25,2.2175386105953985,-0.14981581935478025,0.05117715754223531,-0.44635706537311826,-0.4156637481885429,0.3167160021004857,0.0,30.01237930363124,preci,All,Mon
19.25_102.75,1.6062997451612908,0.19978829241942514,0.0006090361384885484,-0.4315981893873544,-0.45760467363292545,-0.000695988782855079,0.8689916709677411,29.026225900340904,preci,All,Mon
19.25_103.25,1.6492351703333328,0.39440659833335134,0.11382157807157428,-0.231288677419355,-0.22262114993173696,0.025617861132196672,1.6163034924550692,32.828024057795744,preci,All,Mon
19.25_99.75,4.069049900488323,-0.3289719345160732,-0.294837541281553,-0.008656673658917067,0.02176391022580645,-0.13815868163118333,-0.23166642483870958,28.60010428662624,preci,All,Mon
19.75_100.25,3.762728348045849,-0.8967072467741353,-0.007363466987008227,-0.2630710184814516,-0.013976205143548389,-0.023704255755112903,-0.3992444841344086,30.571980594579742,preci,All,Mon
19.75_100.75,3.728687640406445,-0.321879373548276,0.05584890594062904,-0.13650449641432788,-0.10514189133870966,0.0009536145959949402,-0.006040816129032258,33.18794172436559,preci,All,Mon
19.75_101.25,3.8955207324815664,0.1022119975231463,0.0004213459049688709,-0.08174863994193532,-0.15734372464516128,0.0003801243975391032,0.6311387387096775,30.854620568821304,preci,All,Mon
19.75_101.75,3.3524922193010758,-0.40298567999994084,-0.19759774203628047,-0.25576925586373744,-0.13073030115177364,-0.35286614500199986,-0.5964192855000001,27.858406348333332,preci,All,Mon
19.75_102.25,2.53273228583474,-0.22593890838699696,0.290022231046855,-0.5946295188645716,-0.30882704824249163,0.44549722390571905,-0.09171346043202767,25.517117153077955,preci,All,Mon
19.75_102.75,1.6755449965593223,-0.45874766958115165,-0.23615847774669074,-0.5385256283451614,-0.3978858633333333,-0.3790942144073981,-0.07450571324193547,30.036694658469184,preci,All,Mon
19.75_103.25,1.5150222310753096,-0.39174015580102295,-0.27839469684999985,-0.40875631717933336,-0.32031058396999446,-0.656929457188913,-0.42753882551785716,32.02440870412206,preci,All,Mon
19.75_99.25,3.4379865033679997,-0.2809829113816139,-0.08149209067645158,0.02635020599944368,0.02255600664516129,-0.07118967881445516,-0.07043851651666588,33.863397694950436,preci,All,Mon
19.75_99.75,3.5643858641411286,-1.2257779130547535,-0.7027897491709776,-0.4922560591070966,-0.05920879264539716,-0.6182593899238293,-0.9555013740161289,28.634991291706342,preci,All,Mon
20.25_100.25,3.3948364013901866,-1.753754004354753,-0.49807313025046007,-0.9144686730888715,-0.16361271233870958,-0.6358798492096774,-1.7009737121075268,27.794984518728924,preci,All,Mon
20.25_100.75,3.5526021402302304,-0.8858557687633194,-0.36854417705322606,-0.6777921363643553,-0.2571650981526437,-0.026743007139032566,-0.23059842353170187,30.73868209841521,preci,All,Mon
20.25_101.25,3.6397800477939195,-0.5902192419354083,-0.045066531171501445,-0.5140898679985,-0.39034539796839074,-0.07423145943557616,-0.08006666924731154,32.62415718632311,preci,All,Mon
20.25_101.75,3.4466777313110026,-0.1340836356036079,-0.030110461154762052,-0.6739240816612366,-0.319617360125,-0.04679677224588047,-0.06606917903225808,27.676918523067407,preci,All,Mon
20.25_102.25,2.9003554518159045,-0.9467048019123235,-0.25497244329134394,-0.9925957270881733,-0.316027267070507,-0.13210566758451614,-0.9701756328801077,25.113981804233333,preci,All,Mon
20.25_102.75,1.9789983519709837,-1.0257839725165718,-0.12069957889850003,-0.8941885494088708,-0.5562763487096776,-0.18061887608320326,-1.1967348409833334,24.92700375280136,preci,All,Mon
20.25_103.25,1.686622116627657,-0.8820065318332377,-0.17471865220430116,-0.6150042973308959,-0.4910415771666665,-0.03991102251176871,-0.07844482564516114,26.815825959166666,preci,All,Mon
20.25_99.25,3.260997416623298,1.6599642993815918e-05,0.03860556270892898,0.043892069265553,0.026610375654378664,0.022176514514784328,0.020188696774193545,31.60465190624195,preci,All,Mon
20.25_99.75,3.431230548078344,-1.4036066417741875,-0.4370305493334516,-0.5956396507594999,0.005891307483870966,-0.2093721749009388,-0.8649848873655914,29.068286883064513,preci,All,Mon
20.75_100.25,3.4008543551075268,-1.253763374784933,-0.057726804875714355,-0.7834230533333333,-0.06942199039577533,-0.2628310573064523,-1.4462576233333335,32.09186827419355,preci,All,Mon
20.75_100.75,3.3682217838709687,-1.1391184829407737,-0.05022683089946235,-0.9929004781740323,-0.17346410021443665,0.01781574317562547,-0.16092483867741936,27.390748286316118,preci,All,Mon
20.75_101.25,3.2305720141657783,-0.3388455898749243,-0.04932866261688937,-1.0024748046774197,-0.41816689452333367,-0.02054831320238068,-0.03768117130952363,30.574205872489266,preci,All,Mon
20.75_101.75,3.2204572948768915,-0.37302706911973726,-0.43169253073534514,-0.8899616637803971,-0.5323400904701612,-0.16307093559254301,-0.22134351726451612,28.980447080398147,preci,All,Mon
20.75_102.25,2.9630094831720433,-0.6910753745466868,0.10445196009865,-0.7853796879310346,-0.6546416255748845,-0.30109308494338705,-0.7097553541935484,23.7421257415,preci,All,Mon
20.75_102.75,2.289443199973069,-0.9301850446998832,-0.11034470619417981,-0.6920697771166668,-0.5384129685252688,-0.3953385714433894,-0.839775089892473,22.716899195935486,preci,All,Mon
20.75_103.25,1.8585573155897404,-0.44310296444688124,0.2182111029442454,-0.8129702389462395,-0.6839870074622767,-0.0004121013205966688,-0.041410107345622116,23.06050694645161,preci,All,Mon
20.75_99.75,3.7261054391171458,-0.24243249758054136,-0.0017142833332051172,-0.18811150610274008,0.024635213844193548,0.4476151073048388,0.06164981068064516,32.22808391451667,preci,All,Mon
21.25_100.25,3.4727684904969194,-0.6549455101190126,-0.7114798535967742,-0.667945649575238,0.027943964983870966,-0.42157818726990015,-0.775249728548387,37.32096865230146,preci,All,Mon
21.25_100.75,3.404882999304922,-0.8316709141703309,0.09714793602892102,-1.0145428289655167,-0.20513959062430473,0.025401208233279567,-0.6665461616666664,27.840809736359446,preci,All,Mon
21.25_101.25,3.0240907993514163,-0.5790751631321795,-0.1240897344276992,-1.1262313240497872,-0.2685157134044856,-0.024771613392103,-0.19933035282758635,26.718545051951615,preci,All,Mon
21.25_101.75,3.000286067124166,-0.012750849886967099,-0.13943024709985388,-1.0601079483870968,-0.5266984880000001,-0.22567220682293165,-0.08849731287096774,27.13784939146737,preci,All,Mon
21.25_102.25,2.871723028476338,-0.6363007350537281,0.054013298507419004,-0.8503786979072581,-0.6461743305203915,-0.02911474049485374,-0.3752853716129029,27.150713579496234,preci,All,Mon
21.25_102.75,2.399063467715017,-1.0074785065322196,-0.08970079717754034,-0.7550198326382995,-0.7876111903466616,-0.21153466034183468,-0.7443337240322581,24.84948429697312,preci,All,Mon
21.25_99.75,3.358663424475452,0.004062002833433793,0.8602004591935483,-0.22782479990549998,0.07186881046612903,0.9076244100769366,0.17743472403225863,37.19859518818113,preci,All,Mon
21.75_100.25,2.808900869205874,0.027646717016195997,-0.010814841025356924,-0.8132892129032263,0.010541174354838711,0.016644443836437116,-0.16204923935714316,34.10440813365591,preci,All,Mon
21.75_100.75,2.9541576535483864,-0.43092762716658706,0.07325360645161319,-0.8346544076566402,-0.0077132141935482845,0.10280594848664744,-0.766078737096774,27.726526230401365,preci,All,Mon
21.75_101.25,2.9403158428225806,-0.9498683172522835,-0.33269963217548665,-0.9338342496182794,-0.09819734958064466,-0.37664697699018035,-0.8359504858064517,26.680079625069702,preci,All,Mon
21.75_101.75,2.655004877734226,-0.17269467496764712,0.010055117096209676,-1.0502877923170033,-0.5233774850415057,-0.09806453958215113,-0.24696146403629027,25.964705801333334,preci,All,Mon
21.75_102.25,2.5141064151445356,-1.0571803644437407,-0.3389082243331536,-1.1953523863573958,-0.6694283075795693,-0.37642445971332256,-0.9042571948548387,23.627131156426664,preci,All,Mon
21.75_99.25,2.535622217687747,0.1134222135861075,1.6395428183467915,-0.08131822032500005,0.06163331738018431,0.7752494562702146,0.3364476130645161,25.480825419053765,preci,All,Mon
21.75_99.75,2.484826116620543,-0.38353218276408035,-0.029183792031368193,-0.21646586181458546,0.0996874891935484,-0.0626284930523538,-0.35162265806451615,32.85987687875108,preci,All,Mon
22.25_100.25,1.9534774425432735,-0.2045886572579527,0.6819552534308211,-0.9310041638709678,-0.10244468040322581,0.8516984343629026,-0.2015540919911012,25.057540511954493,preci,All,Mon
22.25_100.75,2.3141799469721334,-0.9383115281289918,-0.24328926944669518,-0.8261639093253427,-0.12590344250000005,-0.11683299995915698,-1.0811336592914746,25.49941528806086,preci,All,Mon
22.25_101.25,2.286764360343053,-1.023702325672013,-0.1156702187928658,-1.0406088559742948,-0.3444426409274194,-0.28893657275840917,-0.9276028109523811,27.81278699133334,preci,All,Mon
22.25_101.75,1.8896226925115793,-1.3878729719085572,-0.14209842115824678,-1.690871467335161,-0.8750845708499997,-0.18640009968098856,-1.0725552107718903,27.912663005661287,preci,All,Mon
22.25_102.25,1.894185286954984,-1.9538057250333059,-0.6416802875676819,-1.8362895986175007,-1.0625896958974654,-1.034887197142507,-1.7217012259333333,25.502990093997976,preci,All,Mon
22.25_99.75,1.7367922723262423,-0.45300444290320835,0.12233273446803883,-0.8105912590452687,-0.03432941671866359,-0.485701669824917,-0.4945171446428572,27.098630671148392,preci,All,Mon
22.75_100.25,1.139850141723785,-0.16496649127406945,-0.022121283546658987,-1.326248096005055,-0.2861738345322582,-0.31775491660536687,-0.7904145567396313,25.251675289828775,preci,All,Mon
22.75_100.75,1.329011210461616,-0.8669761649192962,-0.19087004235214286,-1.1361758314841002,-0.35053342895811845,-0.8114536457619885,-0.9475306488306449,28.87113639374408,preci,All,Mon
22.75_101.25,1.3200181935997812,-0.373593503225763,1.2220412293962535,-1.2897453185999994,-0.7095333538924732,2.18826177759182,-0.15945689161751148,29.90128855532258,preci,All,Mon
22.75_99.75,1.2005494753813388,0.14292282198392361,0.013477289420045446,-0.9478897896774194,-0.20172240625741936,-0.0155137198645,-0.10713187118279559,28.351469067310497,preci,All,Mon
23.25_100.25,1.1600115812919292,-0.40388037826183154,-0.10166917459190775,-1.0381830500000004,-0.056616798563261905,-0.24426659726584365,-0.7702896921500001,31.810740305349462,preci,All,Mon
23.25_100.75,1.2677447975742144,-0.4829248113094418,0.027370854460569385,-0.958243209825161,-0.04375684179953865,0.29979835861149995,-0.7205342605758065,32.30572067744946,preci,All,Mon
23.25_99.25,1.4339265560591397,-0.2657065320967405,0.022491156342138212,-0.42150530989643176,-0.06581595448387094,-0.19832092920112904,-0.20975487519354838,33.04836492546055,preci,All,Mon
23.25_99.75,1.0883600429762104,0.13205258729042857,0.12025859995462154,-0.83109760857,-0.15275587624731185,-0.07020017109354958,-0.11292730287096772,33.44692964940765,preci,All,Mon
23.75_100.25,1.2619020204290161,0.7076975903226734,0.18994238423680246,-0.6552123578311827,0.13007678720967758,0.24118456933758065,-0.077732208640553,33.44803149693593,preci,All,Mon
23.75_100.75,1.2536716735231943,-0.16368961309753155,0.09585560781426891,-0.5895071755569894,0.2406211774354839,0.10536896725115218,-0.2858442540000001,35.91016613319272,preci,All,Mon
24.25_100.25,1.0716521070735716,0.20911806800004326,-0.03973340069695003,-0.4752786527935893,0.22457315574193523,-0.13518043267261906,-0.0008711891666666471,38.39191824733531,preci,All,Mon
24.25_100.75,1.0783810471545974,0.04827891627890549,-0.2555056176172177,-0.65085083145159,0.3253726561774195,-0.11730990160161288,-0.2881087500731182,38.18640680449066,preci,All,Mon
24.25_99.75,1.1295812781806338,-0.11914157083329303,0.5377663271182903,-0.4538771436290321,0.3106313266559142,1.4080672439967743,-0.1583324811827957,35.859130530395,preci,All,Mon
24.75_100.25,0.7411313803565324,0.11269119388823146,0.3422219291599713,-0.13342600211612907,0.5881891838397422,0.06460907966142623,-0.20839089466666683,36.948509204884694,preci,All,Mon
24.75_99.75,0.8916029098387095,-0.06519765205287117,0.9324974007633252,-0.1335075266075274,0.6898810023041477,0.5356190154369329,-0.2545734467903229,36.64672570309959,preci,All,Mon
25.25_99.75,0.754112289245392,0.053710316021563856,0.4270849996306453,-0.0015893836977666134,0.7535531564516144,0.588586916306516,-0.28127341568333336,43.122581319395984,preci,All,Mon
25.75_100.25,0.15434936853136327,0.4108139023925633,0.39142634632387097,-0.16184369773978496,0.5883410941935485,0.08895765112748143,-0.4200896145161292,40.869509938685134,preci,All,Mon
25.75_99.25,1.4971071091698227,0.7625965603226289,1.1786676689438824,-0.0809303166290322,1.1409249514849467,1.180591898957977,-0.3294441291658986,69.7215373881366,preci,All,Mon
25.75_99.75,0.4769272921624516,0.6256927580645669,1.5176142584930106,-0.1910551212755,0.7983133353225811,0.8935178290010877,-0.3602158351129032,52.92696227509424,preci,All,Mon
26.25_99.25,1.4859460261774196,2.585174212869255,1.4735275014048386,-0.14849631753263431,1.5105173968624193,2.056804934718894,-0.050450974946236724,88.7239208405799,preci,All,Mon
26.25_99.75,0.5124302749202743,1.3710500947064646,1.4008431696643475,-0.22389804546567318,1.0150388919193547,1.2869104556482145,-0.20237130180645158,62.75253881314576,preci,All,Mon
26.75_99.25,1.4669706948064518,3.1572031091590063,4.238300554660139,0.1773663683333331,1.5184244668279572,4.9489753670747305,-0.10440015082258054,97.00841849897239,preci,All,Mon
27.25_99.25,1.5652124289612768,2.5465280074193655,2.2523606305,0.20970637893516086,1.8808155590345248,3.3686803643721195,-0.3774623920595236,110.49798576003549,preci,All,Mon
27.75_98.75,0.9050688721274192,4.156910546117539,5.522026491073733,0.2736636098420966,1.9498296470238095,6.224099777419355,-0.16290559300000002,112.16638288024824,preci,All,Mon
28.25_98.75,1.227246400699742,7.543584447419369,2.20389228135,0.6328007596380647,2.1842402401672043,3.0719608672043015,0.8309174950537637,92.90522723933258,preci,All,Mon
28.75_98.75,1.4485794799953227,2.6305519743548507,0.32627202276666645,0.24199006630709674,2.520782652419354,0.42658676079544333,0.27193865725806443,77.64542676625807,preci,All,Mon
29.25_98.25,1.0464723301665484,1.2261883271452056,0.04614642385148383,0.07482474324086028,1.8904779155048388,1.7606799053319642,0.18006386417619047,53.251538816469164,preci,All,Mon
29.75_98.25,1.1686873999295355,1.0654159122440972,0.13554385911861166,0.1567481312976191,1.5143012994193548,0.0418329359486119,0.3622798045161293,40.07002115402362,preci,All,Mon
30.25_97.75,0.9417104343709679,2.35548190800003,1.1588428316694839,0.15391592340935484,0.9399266950806451,2.437879550903226,0.7724572691935483,45.636259047571,preci,All,Mon
30.25_98.25,0.9912214009888065,1.5862839524516388,1.673130447464871,0.34979195071677416,0.9285950313306452,2.041050654754838,0.33448446968333306,40.0372603322,preci,All,Mon
30.75_97.25,1.0421478898455807,0.4398319360476551,1.9616262584891397,0.15303559934314515,0.6194289075528364,1.480235731435484,0.0948859312419355,52.10504538262808,preci,All,Mon
30.75_97.75,1.0343749496758066,1.1369632251580897,1.548990998714516,0.19264193400645163,0.6307115296666665,0.6620872422282258,0.15343961967741937,58.49438990739186,preci,All,Mon
31.25_96.25,1.1310361837735483,0.7527489032796135,1.7718239636324886,-0.020397471419892503,0.2618780632258065,1.4557832848387098,-0.04301537265053774,52.676943960161296,preci,All,Mon
31.25_96.75,0.7567322358228548,0.14443309152909437,1.3436225020967743,0.0035968099354838773,0.32477588719354833,1.2138246523306668,-0.05946048377419354,45.27520905417583,preci,All,Mon
31.25_97.25,1.0079521059407421,0.1282113894286529,1.9331489100686559,0.03577346052795698,0.3489400114516129,1.9680248185409677,-0.06333542693548393,49.05806409034532,preci,All,Mon
31.75_95.75,1.2514824199583334,0.8354325461250448,2.3430507955852535,0.12794225022695857,0.13609874056451615,3.759411805357143,0.2611001728188172,58.222637930204456,preci,All,Mon
31.75_96.25,1.1227310146397849,0.5537799878095938,1.5957576720012314,0.09893176401876344,0.15967929184331792,1.9863186490645164,0.05092412405231183,52.75354253319516,preci,All,Mon
31.75_96.75,0.8478571057027644,0.09035167084417428,0.7634568113767282,0.1420019141983872,0.16991647603225807,0.7375059841397849,-0.08892198864285715,46.58620482675806,preci,All,Mon
31.75_97.25,1.0605302930237164,0.33530933225810966,0.9905515292903225,0.24496626801666688,0.19844281670967745,1.218631626080645,-0.03420851896236542,47.410285525941305,preci,All,Mon
31.75_97.75,1.0886494916666667,1.1243888865238516,2.0033816501505375,0.18875810344139798,0.2346410382666667,2.072007438537635,0.10090308441935483,54.57915246848933,preci,All,Mon
32.25_94.75,1.1585387406451613,0.21285248732961917,0.8841038794623655,0.1474766488368433,0.052651348026881706,1.3482731052166668,0.014184436633333353,58.62830308037215,preci,All,Mon
32.25_95.25,1.3841841351989248,0.42825138682031605,0.7277281399569893,0.1283461253728661,0.05817382527141268,0.12873636721827955,-0.023037436290322587,59.65017992538518,preci,All,Mon
32.25_95.75,1.258947302982242,0.22629245206459578,0.4918177841,0.16686414759889406,0.09358904983870966,0.20943833703763443,-0.07236759838709682,56.055111812499625,preci,All,Mon
32.25_96.25,1.2127576732258065,0.012369659225896681,1.2664119553119049,0.155641485944516,0.11093262838709672,0.5912372018112904,-0.10183479446428573,51.582318471618805,preci,All,Mon
32.25_96.75,1.1180587237438901,0.24181412470007257,1.7014160378494625,0.23118840199965485,0.12809979895161294,1.6249583560333334,-0.03653033877419353,48.57266118234894,preci,All,Mon
32.25_97.25,1.2896720614973118,0.9188609045968044,2.2512739837096776,0.3646975990645164,0.12264960378387105,2.343044357526882,0.08178378712672807,51.83086737994658,preci,All,Mon
32.25_97.75,1.250110824890481,0.5443694958408627,1.2321852913505746,0.27194231350035875,0.12139674651612903,1.6003441719462363,0.032519748822580644,56.75440400516489,preci,All,Mon
32.75_94.75,1.22129654257957,0.15840729051503896,0.22052753452004603,0.09624269192419727,0.1038049262096774,0.2855508768448276,-0.05179893423559909,55.54734032991466,preci,All,Mon
32.75_95.25,1.3337910476670052,-0.07154101469116937,1.1093715585057473,0.08622815023763447,0.055937204875806404,1.5869317410011123,-0.15381860218894022,57.4146626700043,preci,All,Mon
32.75_95.75,1.34181148843955,-0.011723677257967368,2.558095560806451,0.1421930439543602,0.09101616060806454,3.502936973064516,-0.0970812875,54.37805450555054,preci,All,Mon
32.75_96.25,1.2916305574526001,0.055969764150637015,2.187693638064516,0.1418314946946774,0.09550997241935483,1.9607782143655914,-0.07767995994623655,53.560574093334395,preci,All,Mon
32.75_96.75,1.193264543207914,0.40660088139086586,3.76666403166129,0.16728271614000004,0.11324006725806454,3.4565000684333334,0.0008839495290322381,53.46226105887098,preci,All,Mon
33.25_94.25,0.8414083037,0.0480935685000856,1.020097758362069,0.10786953603064517,0.20504339452150536,1.0908202298333334,-0.04953720247311828,45.613376910259674,preci,All,Mon
33.25_94.75,0.8926959227518613,-0.047671711080595154,0.9794551861290322,0.16334707465844095,0.16242020192396311,1.3170619910714287,-0.03944171988479264,50.58472830018358,preci,All,Mon
33.25_95.25,1.0411684971617834,0.1958989528376708,2.683132647419355,0.18878867941609295,0.14218328191129037,2.691192841451613,-0.035151074542261906,55.15649714086559,preci,All,Mon
33.25_95.75,1.1256503057569034,0.5092143574194058,3.568627777037634,0.15189656217091013,0.1262355309586023,5.632527482844086,0.05036612772811059,58.633242320196075,preci,All,Mon
9.25_105.25,0.24335589317741935,-1.8208652592223,-0.10056351335596511,2.3041295641397848,0.01922926857063416,-0.5274412848420967,0.24539968651075286,69.19325008333334,preci,All,Mon
9.25_105.75,0.42711898984166696,-0.6222006792795596,-0.14745381463504698,2.869242109677418,-0.06455530179032254,-0.15391317455048392,-0.0019800230370966565,79.58615620053763,preci,All,Mon
9.75_105.25,0.4005385557526884,-0.5263933098924451,-0.19862404710598175,3.3257914286666668,0.31621690452380946,-0.12446432290175224,0.9683153480645157,89.13388423370967,preci,All,Mon
9.75_105.75,0.6725616018872538,-0.9276347125978568,-0.02248355734715366,4.0645944326666665,0.024868720897107906,-0.0930956666781729,1.2696642462365584,78.61321766827957,preci,All,Mon
9.75_106.25,0.8691810688026244,-0.5798252875214459,0.013715935312104358,4.654873995619386,0.08150695846496107,-0.07117727082660594,0.13728839497004608,80.2913786844086,preci,All,Mon
10.25_104.75,1.7735072357007111,-0.034577697985360034,1.5662596264223727,11.005441308810235,4.947900523967837,1.4025684939816914,0.4401545451879181,111.0262867642274,preci,All,Yr
10.25_105.25,1.4707367806673903,-0.22081567095888577,0.8985921602804345,9.733109124669161,1.4368617132602741,0.6092472741817658,2.546231487815068,102.63127956082747,preci,All,Yr
10.25_105.75,1.5203552385492958,-0.8057895367835302,0.3105878750271549,8.751798176052016,0.5798019577302462,0.20622394703684477,2.760097362217288,93.49491621567824,preci,All,Yr
10.25_106.25,1.5492040100941133,-0.8563966651122943,0.61313524132325,7.517749593762579,0.8513074325464778,0.5146418759827258,1.8685211208246577,95.65070531197802,preci,All,Yr
10.25_106.75,1.5523026946718042,0.6463199924753691,-1.012455789210624,8.124147429176107,0.4683708348474287,-0.15216000528380835,0.5090311619205479,114.33508906451422,preci,All,Yr
10.75_104.75,2.2729296419810856,-0.6863918413304902,1.4133102568939362,12.055524612494061,4.0699361945149715,1.2757065032200203,1.504525346161643,87.86651714423425,preci,All,Yr
10.75_105.25,1.9412517881268418,-0.2202396433944791,1.2636187514616601,9.16354083379596,1.6730680719999997,1.2446540971383464,3.5023805116442093,86.61649850178725,preci,All,Yr
10.75_105.75,1.50027839960813,-0.1722733005068129,0.7510212834290593,7.359667576653619,1.058889008414345,0.7050266832625169,3.3338388360341717,89.2710732704951,preci,All,Yr
11.25_104.25,2.5062030270586333,-0.27202217315393007,1.2304324462723055,12.12548261292449,2.6486973290892495,1.0709092544915488,1.334353749411962,69.73954278681896,preci,All,Yr
11.25_104.75,2.1524511077078383,-0.5896578293314612,0.8787689235124463,9.05197600460419,2.6771931583328765,1.083603345659714,2.2690869432767724,61.82525975383427,preci,All,Yr
11.25_105.25,1.9323923816402244,0.3254941756524199,1.4807691869903052,7.212717239575751,2.5033690033195573,1.4356059045442013,4.298823873466314,63.51466998957084,preci,All,Yr
11.75_104.25,2.420946169615892,0.03327617845892661,-0.1528747288821899,8.792886555574029,3.131926836482095,-0.1486293038251525,2.8329513705380824,51.99638688518807,preci,All,Yr
11.75_104.75,1.9744531648651122,-0.3194234362052708,0.3923195178179615,5.9651845858609835,3.1290271235234517,0.47136019948366137,2.807813247157534,44.524185115596566,preci,All,Yr
11.75_105.25,2.008880235025662,0.6640447461233268,1.4102440993679806,6.2556663409679185,3.076735497331078,1.329144461272286,4.480934907754794,57.98588756883581,preci,All,Yr
12.25_103.25,1.8284465334276163,4.0520338330084655,0.8707362317613094,18.031226024730053,1.770477747424318,2.2191285718582,5.346688867661502,113.84286026661316,preci,All,Yr
12.25_103.75,2.196745118361089,1.3556404967466034,-0.4720460504694952,11.396071141553069,2.330076417254078,-0.38919536803687627,2.6628261255485812,66.50540305394968,preci,All,Yr
12.25_104.25,1.6298957178919145,0.047264429503026006,0.5110249950532357,6.710208685411994,2.2535492454323984,0.7860263038611559,3.9407015134794525,49.93638379136439,preci,All,Yr
12.25_104.75,1.3030607667918392,-0.17047054791776817,0.6104314718362611,4.595260621344027,2.3947458010320917,0.8343969216417211,2.8832695768287673,54.230272429198955,preci,All,Yr
12.25_105.25,1.436277291004448,0.8260485902281676,1.4065544374837184,6.51479226182421,2.5704319711676176,1.0061698187516703,4.236937569539725,65.55089229129655,preci,All,Yr
12.25_105.75,1.7237626098318737,0.4499178403983093,1.4215850263838838,7.837743906151095,2.411290421430678,1.24777506776244,4.484776523536986,93.73280504576302,preci,All,Yr
12.25_106.25,1.6736537063322832,-0.09753564556095728,1.4736347621068737,7.458973208892468,2.634209841767172,1.5367682011811317,3.734544804475343,138.09503108462735,preci,All,Yr
12.25_106.75,1.1514708921907295,-0.2050964489054372,1.4579244333422994,7.554392772081657,2.0779459443786306,0.34587495545644,2.3476691963906355,212.21050170336684,preci,All,Yr
12.25_107.25,-0.1344125554790616,3.9172178419018557,3.9304310390268444,6.7669659863512415,0.6037650711871212,1.4426247556845384,6.257557418306123,266.9973585977086,preci,All,Yr
12.25_107.75,-0.5285538600381341,2.9393054039027477,-0.7846539970555904,5.823007935562842,0.05580985045681652,-1.0705610682203257,0.09049586114931518,178.1233076952551,preci,All,Yr
12.25_108.25,0.3099277417278328,7.127388584052056,-0.9777164647032877,7.2844581558224935,0.593116523617772,-1.42455375747189,3.3612789323819294,102.06407306865589,preci,All,Yr
12.75_102.75,2.3457714286676445,0.29872415191261137,1.703472430490405,16.537355716384308,1.5034689316462813,2.6232384261709756,1.7091491596038253,101.48494642642893,preci,All,Yr
12.75_103.25,1.781433499219592,-0.3507622095040741,-0.11842768402049497,11.149398301468786,1.9560097901023785,-0.47368587653406635,0.08690181864246571,73.2710346069772,preci,All,Yr
12.75_103.75,1.4613513180848958,-1.1786841835931172,-0.42332838057903466,6.265191577404725,1.7032136230342465,-0.20269345335157385,0.09171301625753436,53.06940992394536,preci,All,Yr
12.75_104.25,1.2908711779381656,-0.9123674388099455,0.3314871440324725,5.208808701922285,2.565592986751011,0.4424985088336235,1.1401051014054797,54.92667872940905,preci,All,Yr
12.75_104.75,1.5017516555100734,-0.4333211608794094,0.9703608680259277,4.87895232860228,1.4148982569492787,0.8703819556322931,2.487513247373972,68.41998741226871,preci,All,Yr
12.75_105.25,1.513465136338596,0.3279318726410563,0.9863714840295732,7.337253014069026,1.877000625304616,1.1586844654057809,4.146190044566849,86.44340704817819,preci,All,Yr
12.75_105.75,1.7702686639920857,0.1625789043910113,1.1583869001976723,8.430564407456576,1.8914347615463676,1.0155557896002094,3.6162052781428766,100.39531175538852,preci,All,Yr
12.75_106.25,1.5811264070304039,-0.8782484042369418,1.174607680489276,5.186159564086082,2.248746758054412,0.7879423434276982,2.4659162212194365,125.30287210282071,preci,All,Yr
12.75_106.75,0.9408904275102419,-0.792746538461597,1.5576182933299527,5.454435486660507,1.5141339967261414,1.261983149712238,2.1220384291796357,158.9705036346956,preci,All,Yr
12.75_107.25,-0.11517828866535429,-1.1269404200911624,0.4702511664723943,5.448332935295078,0.4316854352033639,1.4112645991412074,1.3403078780958904,172.96457138454076,preci,All,Yr
12.75_107.75,-0.2656190348508318,-2.1424678548987552,-1.1073401457394294,4.595968379617861,-0.09409650065436548,-0.5893302510222143,-1.6233064821449605,131.5225838452545,preci,All,Yr
12.75_108.25,0.19350977479337517,-0.2557115082246504,-1.4708445777209183,4.282969852727961,0.4399697473772357,-0.15527874988545443,1.0402711046054791,84.58213296477614,preci,All,Yr
13.25_102.75,2.251276110394361,-0.340969065499072,0.4408825924551141,9.469600432337065,1.6776753668405222,-0.1580506771848238,0.13354697046986308,78.00657131423034,preci,All,Yr
13.25_103.25,1.697179143567256,-0.5031224001221122,0.7258017179732227,5.201022496199721,1.3410984502901369,0.8987580134952218,1.153485319083109,69.18124783671611,preci,All,Yr
13.25_103.75,1.338118717406861,-0.01188283910956689,1.2864854078214507,4.38761734838844,2.0727567555890416,1.1716440402679988,2.07811820317863,68.40424864972752,preci,All,Yr
13.25_104.25,1.5042107541914504,0.20587498396184167,1.7343679582917164,4.857850633423687,1.4915200505307091,1.7915452055835073,3.255355946990437,82.70995152394187,preci,All,Yr
13.25_104.75,1.8279984488206251,0.21077390720141587,1.8380045554046005,6.19177925151423,1.129941138877787,1.772204587530145,2.9736785944315067,93.76489060882602,preci,All,Yr
13.25_105.25,1.8003482078475839,0.3853718037260665,1.2694804851194588,7.299309808301217,1.4324797799760132,1.3856770233328384,4.05370233040959,101.897278647517,preci,All,Yr
13.25_105.75,1.5843893439297771,0.760483767102778,1.2499975964836272,8.209919696187413,1.3214253583977786,0.8440408847523508,3.6726997819192397,109.02941800908758,preci,All,Yr
13.25_106.25,1.190582387372285,-0.5231859004109136,1.6999677685108623,5.652962644086527,1.0381114159930143,1.6117966300496063,3.236372248772813,122.34501103166346,preci,All,Yr
13.25_106.75,0.739039569364059,-0.9480035943794092,1.339956361684661,3.9426893812196577,0.6096979379422007,1.67036138726974,2.048511190882735,145.10358909894853,preci,All,Yr
13.25_107.25,0.07420581468752308,-2.3963966481663945,-0.28951120826098364,3.165822579299946,-0.2375439267385926,0.19246871403820354,-1.3852409934258578,152.13231165014872,preci,All,Yr
13.25_107.75,-0.10682019980821966,-2.522806622349277,-0.9144371102723179,3.376432032493444,-0.7481915559803993,-1.2157990074450595,-1.9579252381471235,120.09164013168197,preci,All,Yr
13.25_108.25,-0.009137431091144288,-1.271803050653404,-0.04905331575182248,4.042803343011517,-0.6031036029124828,0.6084777583170544,0.6815476279616439,81.60073008415206,preci,All,Yr
13.75_102.75,1.7600715935792295,-0.8456933735698088,0.7583160771687834,4.298786902668025,1.1141043846849314,0.5133139380359573,0.4901582698975333,81.8831279749271,preci,All,Yr
13.75_103.25,1.9777220820722636,-0.22033661084789558,1.246696278585184,4.161965338685755,1.4776765807636438,1.1164367782261455,1.4656240765465753,86.7700808598299,preci,All,Yr
13.75_103.75,1.8936959460759304,0.24783170918587794,1.4283808727284393,4.8804563984264835,1.3225750846739726,1.3607151270642142,2.6121603246205476,100.69206906252491,preci,All,Yr
13.75_104.25,1.9637251217513039,0.13533238450415652,1.4246049019927391,5.297657975436977,0.941123187652323,1.4329478967983893,3.197223870411633,115.22510845880021,preci,All,Yr
13.75_104.75,1.89675931230543,-0.48479031673338,1.3224769719586955,4.3607218918417106,0.9041299383237682,1.2414620465745192,1.8933007003657534,109.77950682044121,preci,All,Yr
13.75_105.25,1.6522491539432511,-0.5558214883342059,0.8063314820319152,4.883575246109755,0.9655729140489469,0.849750022292582,2.936033972378082,111.68638025230027,preci,All,Yr
13.75_105.75,1.4555433968137532,0.06343562252196455,1.1399795241047426,5.487733236994231,0.7064218250495071,1.0710382456527106,2.3398550435000005,119.11844702400396,preci,All,Yr
13.75_106.25,1.1321593152065748,-0.524618710567361,1.791123647892376,4.572303184966691,0.5989659231620625,1.002287125050457,2.1373292906438355,144.00020110763066,preci,All,Yr
13.75_106.75,0.5538261159189259,-1.0320646232278194,0.6140584952072343,3.567357008150414,-0.0037049406607079227,0.6233787737134793,2.2676474985965265,184.7482365923459,preci,All,Yr
13.75_107.25,0.16716900176310157,-1.7666255062616032,0.7956179394442247,3.50907350384558,-0.8889719491184209,0.07493710922186692,-0.7176283975479454,213.3568802744673,preci,All,Yr
13.75_107.75,-0.4198109446578586,-1.732812221094491,-0.40740732487616027,2.4218617585042628,-1.5068349059469617,0.21048940233221325,0.408845732162026,159.67967124112283,preci,All,Yr
14.25_102.25,2.435830292333909,4.144281459634698,1.8579650307984579,7.091644111065251,1.0911610830929948,1.0471619100287808,3.7698904758643836,88.44971475498899,preci,All,Yr
14.25_102.75,2.0002502781599487,1.9579122546077987,0.9399372813449643,6.014493349451026,0.9538904874005483,1.0081543639889945,2.73575087219169,80.74000326136414,preci,All,Yr
14.25_103.25,1.8305747328435715,0.3607940541918253,0.909676089064626,4.473866362513717,0.9596571066386461,0.6823496658211794,2.0449100446534247,89.67073517177232,preci,All,Yr
14.25_103.75,1.7544464835585396,0.34333526281237026,1.1407965994771896,4.294229426766943,0.6974467337145629,1.0121641134219663,3.265567085828123,101.12090630515237,preci,All,Yr
14.25_104.25,1.8493627543398083,1.203421346835655,1.7573593447659643,5.133454489219124,0.6814905926120651,1.5589642889433204,5.100061706006849,102.4183197330365,preci,All,Yr
14.25_104.75,1.4437774237187708,-0.2878870593188445,0.6104519653242988,3.550041545046957,0.31227301778087924,0.26454173992048013,2.4177344099671236,102.49014459540854,preci,All,Yr
14.25_105.25,1.183397738686905,1.2036104391918223,1.6405762229216694,3.5537245902447334,0.14431346789462007,0.8178452868616652,5.338075110356165,111.79363990651223,preci,All,Yr
14.25_105.75,0.9880355315451419,-1.583845276242114,0.6110692330980023,1.9019133566616784,-0.09933227030747682,0.445435915412175,0.18076044509726064,138.3654413027129,preci,All,Yr
14.25_106.25,0.7061562139691366,-1.0644608900451586,0.5494831527072406,2.4779582581655344,-0.37997686186501123,0.891902818537647,1.2011915089130278,186.17733195434178,preci,All,Yr
14.25_106.75,0.15682803886965146,-0.9658519002632171,1.1404422327974375,2.5586826607512,-1.1778331217039706,1.1673778163641781,2.293176773780822,232.24320772389837,preci,All,Yr
14.25_107.25,-0.20233955433308815,-1.1723672502301041,0.6065314437028309,1.7632009593167375,-1.464892540679934,0.5186810662071468,0.7321896509287669,231.60903596209332,preci,All,Yr
14.25_107.75,0.07922578238958877,-0.478447094678887,-1.0508791838363014,2.3400416148657532,-1.4587693194228653,-1.1968968239538564,-0.4293182741780819,143.75068008609372,preci,All,Yr
14.25_108.25,0.6587512036012453,3.6479291712893085,-0.6825011840464386,4.010104147248876,0.09780042957600976,-0.559958747472574,2.307072336453425,77.7584452111656,preci,All,Yr
14.75_101.75,2.8247135564088923,2.009820408292283,0.6030468349868454,4.097804381734667,1.2951625097321438,0.8649499560534184,2.3677046728977205,96.67887913148104,preci,All,Yr
14.75_102.25,2.4392084758535724,-0.3873879730411329,-0.2023804803247371,3.2817592113974072,1.0391005183894222,-0.06055527304615471,0.28729402127534254,75.63297193843684,preci,All,Yr
14.75_102.75,1.7869603179244493,-0.17462314409726143,0.23819452970194877,2.453020903640879,0.6252251035444394,0.208455818366855,0.9708623120027398,69.95855451849332,preci,All,Yr
14.75_103.25,1.5797418230526332,0.018167838392327607,0.5111811964608144,2.107020553305216,0.29766800731761145,0.5394460617729346,1.6383499975300546,75.74747724257665,preci,All,Yr
14.75_103.75,1.44883512178996,-0.16213960558625717,0.4360714782372461,1.95711550093882,0.24001194233879208,0.541866208338192,1.9548951839876707,82.62212764403355,preci,All,Yr
14.75_104.25,1.5909504796646363,0.3159245420959367,0.5258190306221966,2.120287423269387,0.1467663331360478,0.5933399040973975,2.045542852380274,86.23394086939349,preci,All,Yr
14.75_104.75,1.2528435404171663,-0.13690612765749233,0.40348794588661385,1.2316020140359323,0.0011255927501263585,0.5742567346112049,1.4716096907013696,95.69799704811255,preci,All,Yr
14.75_105.25,0.7185010265384288,-0.1985353667453702,0.7990209714852026,0.8889460769654365,-0.5249276235836331,0.8769078519997655,1.3051722088371362,121.789452151271,preci,All,Yr
14.75_105.75,0.03369553025171079,-2.0257359668068027,0.6952202051744347,0.9489892019949107,-1.0971355239261218,0.19319194365326675,0.49080796615493183,168.48733124867027,preci,All,Yr
14.75_106.25,-0.03237256678527611,-0.27747952827940514,0.10233371964985194,1.7460949445016554,-1.559492896277816,0.04847976611052829,6.322489728217868,218.44827258396282,preci,All,Yr
14.75_106.75,-0.16813792429247787,-0.2466370998890004,0.8231405543113004,0.748679879313249,-1.738409066150775,1.0361379560633601,0.7503032650136991,209.48799964274792,preci,All,Yr
14.75_107.25,-0.43552747056618824,-1.5896481672355882,-1.555210610456923,1.005026852353161,-1.8874783180853705,-2.1723337151071345,-1.8212980011868491,152.67004075571847,preci,All,Yr
14.75_107.75,0.02167042674684483,2.969700825646181,-0.5654619125850684,2.639756325690232,-0.742932391383772,-1.2564282111064928,0.9439448510307167,94.29458034001615,preci,All,Yr
14.75_108.25,0.8016896976583419,6.597805603356674,-0.04399617176409576,5.63284165126438,0.24994081134901558,-0.4343029689340141,4.91445500840274,82.05835532839711,preci,All,Yr
15.25_101.75,2.0407516509995496,0.17308609326491187,0.38189667423395446,2.740095573821776,1.38906334714894,0.5587994376825396,0.3480022442037878,90.10358146299467,preci,All,Yr
15.25_102.25,1.627590587403353,-0.7882638814788299,0.15934295773611118,2.005258257869601,1.0066184315882059,0.10155759494970784,-0.15931681777123274,65.8621885921714,preci,All,Yr
15.25_102.75,1.4417572736680917,-0.43457080076508015,0.690065926891847,1.6834042065008599,0.5724543538107898,0.5001611965685575,0.47515390854246564,57.327583570865755,preci,All,Yr
15.25_103.25,1.3585927655117656,-0.32108428899309294,0.7660101260994878,1.8302240627042003,0.3140226901230734,0.5242201811202263,0.8219515907518902,59.71505757786334,preci,All,Yr
15.25_103.75,1.2348130990187132,-0.6169346767533732,0.7727473195872263,1.5397786449127537,0.12363109979381948,0.6289422709961425,0.9028837670232883,70.13043561233019,preci,All,Yr
15.25_104.25,1.3284395932511752,-0.46511627135885136,1.0547933752617955,1.858466633028176,0.11798264108402678,0.6518245570018784,1.4000966559219172,79.80674978548161,preci,All,Yr
15.25_104.75,1.0545196776227497,-0.5611702056642927,0.5161510071005999,1.1002061200420752,-0.18675844427010202,0.47587546758097066,1.641944831626207,98.20896909857157,preci,All,Yr
15.25_105.25,0.6602037451737801,-1.5648615281645621,-0.060937183243001014,0.10661422488726746,-0.6537579589469538,0.08477639468699438,0.9931767336164381,129.6311785642654,preci,All,Yr
15.25_105.75,0.5335784461846851,0.14950379681806414,0.4096725560519361,0.9129819183127754,-1.2400611640939576,-0.22335537488948098,1.0214139785249996,176.71194997695966,preci,All,Yr
15.25_106.25,-0.7751356806701497,4.458227012362062,2.5919237566111355,0.31371582763411254,-2.436769301202726,1.2369611792740844,8.603844161614152,192.31797767206308,preci,All,Yr
15.25_106.75,-0.2114824816601426,-1.2841649497944803,-0.3563628931680065,0.6613143163262598,-1.422451500681965,-0.8318145882121062,-1.6207093351095891,142.12175186054526,preci,All,Yr
15.25_107.25,-1.0580674205541856,-2.013994524327382,-3.605462184621995,0.3843328462504645,-1.9929047312565846,-3.5744800616736,-0.4052679988808219,95.81828017326248,preci,All,Yr
15.75_101.75,2.3162065656831476,0.31951395092731705,0.6935346334908954,1.8831626547203082,0.9335461251891071,0.69231880344786,0.3530838039548998,93.05482853773489,preci,All,Yr
15.75_102.25,1.849732736758453,-0.7454417575832438,0.35219934987730905,1.3816143957179747,0.6559507969726774,0.5315968219283564,-0.1231037880429704,61.635617410183386,preci,All,Yr
15.75_102.75,1.600675383334868,-0.4500248517516826,0.6471483527568809,1.3767922299091344,0.4736639252375816,0.7998269553408037,0.5897437379452057,54.92175454319151,preci,All,Yr
15.75_103.25,1.3171033002108194,-0.3604672518684344,0.7489632391848549,1.6791974445539433,0.31048344603517486,0.8885599669968023,1.5974367562520546,60.695083190066,preci,All,Yr
15.75_103.75,1.4127638590547533,-0.4259946320222805,0.7333638721378473,1.481851518568358,0.1563522160098878,0.817147091394236,1.6246010057438356,70.31674626363747,preci,All,Yr
15.75_104.25,1.3837088465200766,-0.6765736348314566,0.5789618387382325,1.265751731229346,0.11208191284497815,0.8504471069573796,1.8125973082630138,79.65842128617179,preci,All,Yr
15.75_104.75,0.9513356366987704,-0.5857108296848761,0.32418811574706075,0.782987855576702,-0.6254508002875827,0.6714426891511034,2.5053343741684926,88.2815900715058,preci,All,Yr
15.75_105.25,0.766540425549652,-0.7176907517982989,1.065587986671657,-0.06494974030352152,-0.9697025322256188,0.8496341614861671,1.9940344004445771,114.30369164305691,preci,All,Yr
15.75_105.75,0.35718597633350035,-1.5097697123488845,0.576570317632628,0.9808229630743315,-1.2280887155189517,0.783364437988952,1.4305007577753428,154.136563454405,preci,All,Yr
15.75_106.25,0.17459437741029427,-2.1875161349142624,-1.7007005378107853,0.8812179525098043,-1.5350744265810912,-0.35786073690243003,0.7707080545282055,146.25934284587527,preci,All,Yr
15.75_106.75,-0.806271064607631,-1.4449485976172562,-2.423023866559169,0.07710589613837282,-2.405644321068911,-2.8425685174291777,-2.1992392797119003,95.69473780740313,preci,All,Yr
16.25_101.75,2.9818356565811452,1.7683023605952546,1.1749389160648316,2.00951650761968,0.9863105225195268,1.131679801137155,2.0382331461568497,83.45002447951471,preci,All,Yr
16.25_102.25,2.492894252214761,-0.2973490760382984,1.2613604711732984,1.4962299292558408,0.7538714363742387,1.389942194499537,0.15015051505753418,55.172467236568615,preci,All,Yr
16.25_102.75,1.5571796729942677,-0.6213015494533645,0.4395852897807062,1.1689100117355895,0.13899900603561766,0.6375208230086735,0.39775844869452026,52.60589597978603,preci,All,Yr
16.25_103.25,1.3438182630223379,-0.5417142784807605,0.4381730278680931,1.452086513693197,-0.05036574216155154,0.5486096222475241,1.1159424960947153,60.68714796018739,preci,All,Yr
16.25_103.75,1.4154736024331314,-0.6563923235026805,0.3923327546714883,1.6030381228091395,-0.20127141431218365,0.655641611129163,1.4956442933175342,70.36306792178598,preci,All,Yr
16.25_104.25,1.171115286019599,-0.20722312945200194,0.6637091848945045,1.270705014686399,-0.6476816427754819,0.9839511826906391,2.7510588987821913,74.98621669963961,preci,All,Yr
16.25_104.75,0.7924055421093699,-0.15642081298076604,0.7575853195934468,0.6565791896675248,-1.2121632047276,0.7028611563279143,2.9356952373698633,80.68556593200144,preci,All,Yr
16.25_105.25,0.5916144243395167,-0.627464268328713,-0.032778951667712164,-0.46553472028747844,-1.639128457601773,0.21234488369145232,2.1487833733068493,101.16806981835309,preci,All,Yr
16.25_105.75,0.6125980975367167,-1.4212276394453804,0.2101708319427129,0.48779978001469404,-1.3793213835080085,0.44063864312379364,0.6078608964767125,125.68623602997424,preci,All,Yr
16.25_106.25,0.33422426417599693,-1.927589103315037,-0.29313435938440024,0.6196500284690933,-1.7894480328018407,-0.8267623851636872,0.006984757121004659,99.248142957911,preci,All,Yr
16.25_106.75,-0.22949232343984471,0.4433714692974089,-0.8346850000369832,1.1820497514614647,-2.135541284734285,-0.3601215593570122,0.49149656758965454,78.30109902541217,preci,All,Yr
16.25_107.25,-0.030103572287724756,2.212951228876721,-1.544889060458368,3.5342195984591873,-1.6455950778196509,-1.8417676234271219,2.1993816532013692,92.1739025889391,preci,All,Yr
16.75_101.75,3.236021345945801,0.558925548384364,1.672045518833948,1.4860276549966678,0.4298151795181604,2.125445608800092,1.192146533166352,65.56467455002762,preci,All,Yr
16.75_102.25,2.583365231495268,-0.8603316499688428,1.023697472937936,1.0950581590670516,0.2492793450327686,0.9437759499208662,-0.360941934338356,48.04533746732374,preci,All,Yr
16.75_102.75,1.751686342812631,-0.2798361660780204,0.26511241040766964,1.1326781196363114,0.05127154238924492,0.6667422429923302,0.9904315122739722,48.390605829791625,preci,All,Yr
16.75_103.25,1.5410778528551456,-0.1547307446425441,0.3601142884842685,1.894018392426624,-0.08235752125542395,0.6689248473562541,2.4140894786287665,57.57989790106389,preci,All,Yr
16.75_103.75,1.3980980016581528,0.34537228322607993,0.8841416099466648,1.9305890711411609,-0.5008894841999787,1.128376589141807,3.501297085128767,67.10574457074779,preci,All,Yr
16.75_104.25,1.2329497486368806,0.7775582014096447,1.1352311095215424,1.122691465237028,-1.0272761173838736,1.2998006300071183,4.224248795883561,73.43587454701438,preci,All,Yr
16.75_104.75,1.2159147697300021,-0.3666901475836406,0.012857227015836692,0.4685209998898605,-1.2055335721308067,0.8609335741121154,2.37691361103,86.65727709884368,preci,All,Yr
16.75_105.25,0.8412810703493261,-0.7129560523526435,0.17860528104243945,-0.08526553160192107,-1.548889384149092,0.6337618742293385,1.7569750354213935,110.27368817229343,preci,All,Yr
16.75_105.75,0.35367148176004104,-1.8901391710784494,-0.26663955731907607,0.029607953997739633,-1.7359820615377723,0.014961245661471168,0.19574899430164394,107.25223683861398,preci,All,Yr
16.75_106.25,0.6963982589636273,-1.4060432239725782,-0.6080875658347407,1.1188955874823083,-1.4710273186579228,-0.05729680578468166,0.3788996243890408,77.45175952320182,preci,All,Yr
17.25_101.75,3.0582715848322346,-0.4669275857364301,0.8952262847540917,1.0355532671520935,0.17451720457497832,1.4133236016318353,-0.013468656343955443,51.85700314672208,preci,All,Yr
17.25_102.25,2.4063830390094223,-1.0782381396259595,-0.3469573219481614,0.7140595906142293,-0.1821908911128538,-0.38494865562067826,-0.5713759561921916,43.81468806355569,preci,All,Yr
17.25_102.75,1.6693216815707625,-0.46551619276980305,-0.03361225505775245,0.7236069721709386,-0.5960195267807955,0.4282982354056539,1.3603633249015419,44.714656315030425,preci,All,Yr
17.25_103.25,1.4866720097939174,0.10912705622608798,0.23723299214526805,1.129267062939779,-0.7369645885251879,0.7438084064074388,2.3394270152545475,54.30783344526,preci,All,Yr
17.25_103.75,1.2621302526774216,0.28980665665485006,0.8889903518506996,0.8623808534881139,-0.878179127519793,1.3699680012586974,3.579892293768493,64.65945119316085,preci,All,Yr
17.25_104.25,0.4115439188399599,-0.9911965323287051,-0.21083341242515896,-0.4540573798257703,-1.7111939563800882,0.17121614616832392,1.4896525780821914,74.97411442242263,preci,All,Yr
17.25_104.75,0.1312918533975096,-2.454291669612268,-0.7393368129356397,-1.0785058321794154,-2.225233214274472,-0.514546297399894,-0.7995624576965754,92.69386784879944,preci,All,Yr
17.25_105.25,0.07818692488632895,-2.664187965118181,-0.8670483081985061,-0.8394174931469653,-2.4165907675576612,-0.4237506418903463,-1.2464669045602743,101.5560941634368,preci,All,Yr
17.25_105.75,0.79090540457073,-1.246303267439695,-0.12740641527479846,0.4083000570002029,-1.9005018834344518,-0.27139500369520353,0.16980229823013726,81.21818857926962,preci,All,Yr
17.25_106.25,1.0546133860108546,-0.15592164306846557,0.31531045166158966,2.5738758402020943,-1.4198185180207454,1.665395820436853,2.6114986850027395,67.88408648919884,preci,All,Yr
17.75_101.25,4.123003383726301,-0.31375175196888727,0.19622817887990163,0.5295351296855304,0.1120604431384884,0.510699546056472,1.3525327262041096,61.25204467093649,preci,All,Yr
17.75_101.75,3.024841527137027,-1.1235931955687064,-0.6314185337907903,0.3719422390516669,-0.049530087897635244,-0.22406095372704726,-0.9336911120582219,45.05276647411631,preci,All,Yr
17.75_102.25,2.284035368706328,-1.5704814593080116,0.19381671874625428,-0.09963594388044927,-0.46617026569891573,0.3083398002137858,-0.8262019413863575,43.60191129290389,preci,All,Yr
17.75_102.75,1.4925406725476202,-1.6656214968364456,-0.4821792121662003,-0.2623612122441876,-0.9242057330226849,0.11212733040552458,-0.5458557894412568,52.612989174055386,preci,All,Yr
17.75_103.25,0.9375166570238571,-1.3191015859711688,-0.19871095362475533,-0.5363435753011563,-1.5490471290186412,0.12233424549727867,-0.0376593480563292,57.884505505075246,preci,All,Yr
17.75_103.75,0.3305565260842318,-1.9510965924930836,-0.18751364680500382,-1.1181441521463638,-2.0372963759673914,0.4483001567534268,-0.808407171545205,74.62383366463658,preci,All,Yr
17.75_104.25,-1.0818877725451355,-3.7385138591807587,-2.1108081545358637,-2.179641923937572,-3.4671247636346068,-1.4980268071134455,-2.2374749402876715,89.90373584687434,preci,All,Yr
17.75_104.75,-1.1818811006485797,-3.2586603724721463,-2.1195960983908204,-2.668812572396863,-3.8183474345109065,-0.732786655716158,-0.08740740630506849,86.96896227556034,preci,All,Yr
17.75_105.25,-0.38421920472468485,-0.55253263200134,-0.6810728618432114,-0.9477029939705286,-2.946892719310523,0.07960314883693265,3.6297997323506843,71.32064961953205,preci,All,Yr
18.25_101.25,4.029256602093796,-0.5222438920780197,0.5771880887493714,0.1403329890007723,0.35671018493062356,0.04677022497698213,0.7958767663354107,55.89646137773531,preci,All,Yr
18.25_101.75,3.39452964745774,-1.4322151098766507,0.12052548088877368,-0.1928781816505154,0.09087054406664419,-0.0038856958856556822,-1.548800083478898,52.286520190100305,preci,All,Yr
18.25_102.25,2.3033692002754678,-2.7281068742749666,-0.5941533237904617,-0.9578961355830651,-0.8605869672254798,-0.06487182660550217,-2.11882488360274,58.48316357959311,preci,All,Yr
18.25_102.75,1.4121594313372112,-1.9619280978149995,-0.09050332300972919,-1.1413820394273049,-1.588756812135383,0.4127115870236433,-0.933322261658563,67.65921868268973,preci,All,Yr
18.25_103.25,-0.4486941608357151,-4.074574387671169,-0.957287995021249,-2.2290635210506347,-2.850774513652868,0.06943677629583256,-1.3392732135095895,79.0766060943586,preci,All,Yr
18.25_103.75,-1.8048351256099946,-5.531281943698559,-2.9788326776296117,-3.268446224250014,-4.260726858917598,-2.1281871016985607,-4.282406338260273,87.48726875887795,preci,All,Yr
18.25_104.25,-1.7043651122978445,-3.9473815757670625,-1.5960886268952885,-2.3032421848434907,-3.951703034730214,-0.9742843466465154,-0.9695217032698631,80.9176692709179,preci,All,Yr
18.25_104.75,-0.5044974748168187,-0.6800679405996619,-0.004269995883405819,-1.2743842231551894,-3.1456960558681892,0.18594210336755213,3.8877965350223285,67.16606158354526,preci,All,Yr
18.25_105.25,0.6537300174218408,2.251384089469888,1.0166460865046367,0.05069215247116898,-1.7701968301406064,2.6586633772965107,4.647481996363288,58.222785531251965,preci,All,Yr
18.75_101.25,4.519529048317098,2.9404197782308623,3.684628629434844,0.13325251498930135,0.36618403666790034,3.23103340068985,5.2552427565499285,65.94851375768087,preci,All,Yr
18.75_101.75,4.087740600551928,-0.7862089331519966,0.5509172607750057,-0.23609039137992838,0.08749242655016976,0.7000311168016049,-1.6133187939747944,64.46633283288983,preci,All,Yr
18.75_102.25,2.222698890299233,-3.347797661616373,-2.381141236575338,-1.794965370845549,-1.3609237934839835,-1.4664833975671316,-2.269646118179452,70.23439819450161,preci,All,Yr
18.75_102.75,0.9705733310215452,-1.9898322346163981,-0.43701513851258067,-1.9117328459718401,-2.192685133407171,0.35673526496865193,0.0917910650547955,87.4109389297598,preci,All,Yr
18.75_103.25,0.6281080335903955,2.841447503701421,1.557719204311494,-1.6584405658032395,-2.056222216005904,1.334954241519529,1.9753767622199083,95.65412498950245,preci,All,Yr
18.75_103.75,-0.953622214195263,-4.534428478062974,-2.986037443609968,-2.79190295584304,-3.5443833122342117,-2.186930213194816,-3.3781108923894747,90.6155257447925,preci,All,Yr
18.75_104.25,-0.4944381242299771,-1.5102279822348035,0.7331311834065066,-1.21578018847778,-2.4529584393262214,0.007619165515948989,0.7654875868916533,69.89914599045031,preci,All,Yr
18.75_104.75,0.5583039528915057,1.6661114121123575,1.7667099548787046,0.3764133829715617,-1.8762073388086085,2.4868974192220437,2.900611778606712,58.905513302854565,preci,All,Yr
19.25_101.25,4.643437332788322,3.6925230591864975,1.2630367895257903,-0.11049640410546369,0.0003622312181161824,1.7233170545973346,6.447581290191121,71.24510053436592,preci,All,Yr
19.25_101.75,4.280989836586277,-0.6651796704355619,-0.5648404807568423,-0.2067186489314261,0.17682738109140494,-0.5040894971587109,-1.3616228080136987,72.38054108064242,preci,All,Yr
19.25_102.25,2.8081983472093746,0.138710683391833,0.5819495895493945,-1.2912336971190532,-1.1120665088029877,1.7668955746017194,1.4198349134073278,71.00978990703277,preci,All,Yr
19.25_102.75,2.0843202122179085,2.336361168971275,0.08811272222403055,-1.2250519931066477,-0.9906588590228682,0.5460026621240357,2.427961218752054,78.82976525832719,preci,All,Yr
19.25_103.25,1.8635044158664986,2.076102371678126,0.8739840531654572,-0.6841070239431131,-0.7655349023350435,1.1063955491701132,2.830714951958904,81.43640544487144,preci,All,Yr
19.25_99.75,4.824544288221023,-0.6758369245509539,-0.15866985874017114,-0.19685510329912748,0.392473643724657,-0.08029587700941754,-0.3184361672338125,66.99629801783709,preci,All,Yr
19.75_100.25,4.814646979399852,-1.4347404983751688,0.13273109380954096,-1.2016333549842226,-0.05428962745083776,0.3330110395005563,-0.43116241141844425,62.469563672796795,preci,All,Yr
19.75_100.75,4.922440551424145,-0.3835521616206754,0.8352518674689073,-0.7626240553693457,-0.004438665596798064,1.028592511541134,0.7881464010821915,65.33874856463913,preci,All,Yr
19.75_101.25,4.780315115847734,1.2500029140822446,0.6180845619327446,-0.500649723648164,-0.10114439121681751,1.2868070432245495,1.6357746418269707,69.01995558752418,preci,All,Yr
19.75_101.75,3.9888985972675677,-0.8256263796300827,-0.5807245585408576,-0.7020414699868296,-0.10992680208258587,-0.5358901993769496,-0.9667779211876714,65.19429458038373,preci,All,Yr
19.75_102.25,3.192612787361153,0.18003042617540155,1.3723353195130774,-1.1867541231037744,-0.6574487936060875,1.6866913338097027,0.15869744141095898,59.33390062706695,preci,All,Yr
19.75_102.75,2.0288706897447324,-1.2065061808706374,-0.8288393867246653,-1.1782606533590836,-1.0911402180673806,-0.7975174382355446,0.023057134525956258,56.85741426587413,preci,All,Yr
19.75_103.25,1.431648191162896,-1.0644374665799516,-0.9635849818969908,-0.9824390928865299,-1.0812132419002423,-1.4070631848952222,-1.01121016309589,57.83293811296246,preci,All,Yr
19.75_99.25,4.545562864243178,-0.5712561265802576,-0.2606949098088982,0.1514936054605045,0.4644992184178527,0.0110379431468981,-0.17476445763424664,73.73542663626782,preci,All,Yr
19.75_99.75,4.295024227515745,-1.8919220017285663,-1.1219438473905117,-1.363677382866941,-0.2509374605408723,-0.9320012609497337,-1.6296166282039728,67.74587068649421,preci,All,Yr
20.25_100.25,4.037472005203135,-2.6786372148094264,-1.178738598622365,-1.8303990116909135,-0.7728313267297668,-1.065240443448998,-2.6156440304463655,65.39955562656688,preci,All,Yr
20.25_100.75,4.380278686926274,-1.2464958327241924,-0.4809753212186534,-1.6126713183476562,-0.6503776440505007,0.5150209988282906,-0.22199006215342476,62.31779460142957,preci,All,Yr
20.25_101.25,4.765081851096019,-0.5707092263697986,0.2251050736352238,-1.087253631918676,-0.662813485623863,0.28651315321722715,0.2630487293424657,62.59670307437689,preci,All,Yr
20.25_101.75,4.095488896838465,0.08249864944937046,0.17332084721094532,-1.2537536854343592,-0.5978177176910691,0.25372946864227486,0.025812840767123202,58.69945544797383,preci,All,Yr
20.25_102.25,3.443196403804996,-1.4654545209636531,-0.6458102629867835,-1.6699423707409164,-0.8080423881849197,-0.2002609263685906,-1.4924478910410959,47.16776750193114,preci,All,Yr
20.25_102.75,2.228961395199673,-1.6994166333653458,-0.42827741275654807,-1.6355853636150315,-1.1290518214341005,-0.31249562047530066,-1.6871785906031507,45.89333992440599,preci,All,Yr
20.25_103.25,1.5955248759075964,-1.3373419204451515,-0.7073713497763614,-1.261303754688019,-1.1026564471729534,0.25911612400029393,-0.0017313251866122314,51.48900069581225,preci,All,Yr
20.25_99.25,4.021752874257656,0.07662330542743057,0.6175250203540543,-0.04477764105091775,0.16808782842462078,0.7922954567596956,0.6700374227104946,71.14412643796132,preci,All,Yr
20.25_99.75,4.056287608493771,-1.8882102792577948,-1.1531208789171183,-1.5878744407277745,-0.5970867775752742,-0.3554243920094291,-1.4894027885253687,69.3408410548611,preci,All,Yr
20.75_100.25,4.069712048516875,-1.8169638077382932,-0.41156832301459234,-1.5309984732615671,-0.4577583142624395,-0.3874477848229123,-2.1522403685178078,72.3470913496675,preci,All,Yr
20.75_100.75,4.233291492359749,-1.5344628989124949,0.15672817718716026,-1.669220522856118,-0.5969319499427028,1.1023061535454202,0.2389437992726029,58.77699898889745,preci,All,Yr
20.75_101.25,4.34656552732523,-0.28544390776706874,0.3121412971005697,-1.5241754992482497,-0.9460766989893288,1.0683108153175942,1.0374327840438355,53.3950452798866,preci,All,Yr
20.75_101.75,3.9707097337886172,-0.5519203078177577,-0.7188355261260275,-1.4266363071397312,-1.0766092235420295,0.12032810728365351,-0.33211475342399677,55.433217310117485,preci,All,Yr
20.75_102.25,3.4298207450270985,-1.2116205729643175,0.6563768442496007,-1.5039798470146744,-1.1334966430644657,-0.12839947536095364,-1.1167464140560108,49.29791946443417,preci,All,Yr
20.75_102.75,2.8025966196326153,-1.5694908813314443,-0.3061712655768176,-1.3762531128335191,-1.260320377001498,-0.5224850379990906,-1.2348051828320548,43.60728253093692,preci,All,Yr
20.75_103.25,2.129765197689439,-0.48976654907323436,0.9842839075838776,-1.3987365450349796,-1.4515620388126858,0.762324050877786,0.7198479615712323,44.90041536776974,preci,All,Yr
20.75_99.75,4.235795907480158,-0.49498438098861985,-0.0872214347792204,-0.9466281201728382,-0.2638595089054263,1.911924790596088,0.7980156633404072,73.33261397914788,preci,All,Yr
21.25_100.25,4.325841477124552,-0.8099181376917284,-1.4795631753543035,-1.2013174105158513,0.07435592889354514,-0.6341888499233808,-1.1280732340458868,69.23290890550984,preci,All,Yr
21.25_100.75,4.004647887254325,-1.136036896549263,0.9214664307924718,-1.5001422048358357,-0.29459986243332525,1.1156724177408537,-0.7232334916465752,54.593287970671525,preci,All,Yr
21.25_101.25,3.709864413560831,-0.7947539914684367,0.06699459933214702,-1.629633044376537,-0.95892942039005,0.8203301977005095,0.42374630250704715,51.4854908369724,preci,All,Yr
21.25_101.75,3.4628524695690537,0.5370388735863603,-0.06315735827472535,-1.378987368783206,-1.232924420379053,0.19902909733887553,0.4874698201186731,50.24426217439348,preci,All,Yr
21.25_102.25,3.1860150447102287,-1.1614108785122665,0.5680521999898138,-1.4255828305563947,-1.30390865325198,0.7688423905534936,-0.6177599433527075,49.91180701754459,preci,All,Yr
21.25_102.75,2.588033498865402,-1.74877760168309,-0.09948227544759747,-1.5149742155901715,-1.679630399625255,0.19690078130630972,-0.9928216368356164,47.30559219773367,preci,All,Yr
21.25_99.75,4.133443926713735,0.6502070788945771,2.2507916515900073,-0.5990755878219063,0.1745992848380289,2.341048771416245,1.2804014699424875,71.84057410395302,preci,All,Yr
21.75_100.25,3.37303233454616,0.7400260540288139,0.4280650729780089,-1.0902082400228983,-0.08238444986372762,0.6090172338788407,0.012432275624657763,60.804310325999346,preci,All,Yr
21.75_100.75,3.5529011109772277,-0.8958114028232327,0.8687581220615668,-1.1362104262279569,-0.05545559695423585,0.9715397999437971,-1.1301901429390295,52.70561175791166,preci,All,Yr
21.75_101.25,3.3627831674386988,-1.447695135980819,-0.48214986280934036,-1.177837024598135,-0.29236270802246156,-0.4545546438791319,-0.9118517906136983,46.97582067700421,preci,All,Yr
21.75_101.75,2.961894768433638,0.17557735289292942,0.38197887078286286,-1.5390534822847057,-1.0941101856495792,0.7007948065831138,0.6489866825998694,47.43508174774844,preci,All,Yr
21.75_102.25,2.7937910066895824,-1.5063010057752868,-0.47577092234698526,-1.86800613841883,-1.5199554391362107,-0.3077008349757757,-1.1401905182591139,49.570327091555676,preci,All,Yr
21.75_99.25,3.370678982020099,1.2903299643904609,3.508841032703107,-0.4772760762797592,0.1599666230453718,2.2754270570647246,1.8259648004291678,56.970988243502504,preci,All,Yr
21.75_99.75,3.2820504179437373,-0.3269067635177558,0.17417566070555734,-0.5318314874038732,0.1780011390014864,0.09239604105308508,-0.7631160008223032,61.81175215261101,preci,All,Yr
22.25_100.25,2.503478513771494,-0.28335101585199984,1.5856247127744671,-1.2110425589254603,-0.46199347144830627,2.3390577914667796,-0.3406845618410961,51.43038395508178,preci,All,Yr
22.25_100.75,2.704476627667775,-1.554670263034187,-0.44223626155784945,-1.1606734975975928,-0.20001697714789635,0.18443331056547452,-1.60891914970137,50.45928996877182,preci,All,Yr
22.25_101.25,2.6902177152234836,-1.4586541483121338,0.21038153981479368,-1.371966232938085,-0.6012710202772606,-0.3483618228912535,-1.242376262291553,49.528439756202445,preci,All,Yr
22.25_101.75,2.2541472739618635,-1.8616708069754455,0.14130053523252606,-2.061634091210027,-1.4238330521599178,0.2265410178405851,-1.4626384741684928,49.92840826539369,preci,All,Yr
22.25_102.25,2.0674341939559797,-2.6788886403183785,-0.9860020103772704,-2.3124973168571694,-1.8070714357187512,-1.5497913989250423,-2.2748275549281605,49.84158079346024,preci,All,Yr
22.25_99.75,2.5055935596438923,-0.5729643327821361,0.7653987501764836,-0.904064791060528,-0.2243519374268903,-0.7948668554239948,-0.9392978929416649,50.158927352219195,preci,All,Yr
22.75_100.25,1.5793307223397173,-0.4740096224259722,0.06813850814830325,-1.6454849914567102,-0.6467280546415546,-0.4045379084217502,-1.5349467645359807,48.27519098888303,preci,All,Yr
22.75_100.75,1.5535695385557233,-1.4059365880081747,-0.46049867880128725,-1.6668883660346268,-0.7611769351575339,-1.1669744736912402,-1.317424717551127,47.05713132089427,preci,All,Yr
22.75_101.25,1.4397935766148326,-0.542503203672549,2.4641896237681777,-1.68181983405555,-1.1614890826328765,4.364752566844862,-0.09561948891198813,51.81487753020799,preci,All,Yr
22.75_99.75,1.9589731911023953,0.6790239805562155,0.12420231867123555,-1.3035190479861856,-0.5103630505886303,0.735107772513433,-0.2073203400480388,48.94428443829607,preci,All,Yr
23.25_100.25,1.3755870582751968,-0.8008617360373484,-0.5071377150684528,-1.3496785646523022,-0.15962747756849383,-0.41231996094694634,-1.5465911874199754,52.59415455798606,preci,All,Yr
23.25_100.75,1.4543308448498853,-0.9141378770100601,0.16087008810109493,-1.3333533152117707,-0.19751814013430247,0.9615434887547072,-1.019102323019126,51.59597477424852,preci,All,Yr
23.25_99.25,2.2112368267131512,-0.34300652970132606,-0.04170560471226192,-0.743976901383919,0.08412291706995867,-0.40838856988142,-0.5038220724332876,60.98157237853602,preci,All,Yr
23.25_99.75,1.822208002194651,0.871810011805523,0.1829935286262443,-1.0965484129868461,-0.18509335568589047,-0.0383487725301348,-0.31996105379987627,58.1859074692849,preci,All,Yr
23.75_100.25,1.4862331867291192,1.3374922797466022,0.3147112355745312,-0.9648554264438702,0.2157446482868497,0.7247071123424855,-0.33231716150569635,63.14000580511396,preci,All,Yr
23.75_100.75,1.5332347173182523,-0.39271845050487286,0.2980783167033836,-0.9260339941317769,0.3118001770958192,0.5450192219072978,-0.5669997150629611,58.68013256265644,preci,All,Yr
24.25_100.25,1.434145478048649,0.4741681379513325,-0.28796762673889575,-0.8505704010743748,0.33003954244320277,-0.22256306460516617,-0.09984160895611582,69.33419575431671,preci,All,Yr
24.25_100.75,1.3836038261974366,0.14441208728190658,-0.6379085356954264,-0.9930116839487444,0.30813638187776604,-0.2173233655441329,-0.7469043093301371,70.19028617135545,preci,All,Yr
24.25_99.75,1.6453529686607076,0.18299249743293333,0.8436683138159335,-0.703721166610291,0.4475680420160608,2.0163167860273807,-0.10002267231029305,59.650110433775325,preci,All,Yr
24.75_100.25,1.1465412242009314,0.4137673067192511,0.6135403864340427,-0.4224336614008002,0.6776719378264386,0.29126724312927554,-0.3075035594592297,60.027315702866375,preci,All,Yr
24.75_99.75,1.4407457070802876,0.08669842290963192,1.5125254428736692,-0.2713470810790102,0.8578066098041046,1.3117144912470604,-0.282418166528011,55.830751225000895,preci,All,Yr
25.25_99.75,1.2589891193498441,0.3906471639785971,0.9141986803451854,-0.011290219733780305,0.9766859373566512,1.1649767478979531,-0.39279890849866006,62.3879691103805,preci,All,Yr
25.75_100.25,0.29361738206128263,0.7970879648877105,1.0538730974885608,-0.7130192932032705,0.43902491415775025,0.39983421534762886,-0.5071177676501611,65.23224513084698,preci,All,Yr
25.75_99.25,2.0031271184095045,2.123500655101682,2.163495109899581,-0.2459274772757728,1.2458203834834325,1.7087446076186241,-0.29142507413798846,96.81058291433467,preci,All,Yr
25.75_99.75,0.8165545472072502,1.2893894513825908,2.766459959345174,-0.44770317154769,0.7749254898459901,1.41977247851378,-0.38524689050830907,75.63069231234886,preci,All,Yr
26.25_99.25,2.13984322434615,4.232453773320457,2.397503527865462,-0.5210828269924108,1.5482090423404384,2.496664107889916,0.3806598431246573,113.473765462785,preci,All,Yr
26.25_99.75,0.6406381953790286,2.333409743571889,2.6653719885972604,-0.7120874834224412,0.9577580225055584,1.877068072127977,0.1448989449413698,88.99531929548817,preci,All,Yr
26.75_99.25,2.237918471227239,4.5554804243013995,5.204700231677214,0.06408326257166741,1.8398110348433951,5.3209908243915836,0.26369607306246734,121.90246951804004,preci,All,Yr
27.25_99.25,2.495863000487895,4.576535671391804,3.054886531652766,0.3465821819832411,2.1726174860846186,3.845336371841925,-0.38196334000137,129.35953383282705,preci,All,Yr
27.75_98.75,1.4982042023441267,7.543235207686315,6.1853858910520545,0.294669597329849,2.268049811357534,7.090175995876712,-0.19397086454520562,137.45997521319072,preci,All,Yr
28.25_98.75,1.6709860562069467,11.135762366149331,3.129436208630552,0.7820504322013206,2.311695118875365,4.02174332311073,1.9161641796519948,109.56536927350542,preci,All,Yr
28.75_98.75,1.8685620902703386,5.52043389058833,0.9535617994537904,0.15686228664430724,2.629920208710237,0.7995999989787492,0.8032247261277079,94.26002812398941,preci,All,Yr
29.25_98.25,1.3925072516264239,4.471006383620036,0.49269169294760673,-0.16626724751665456,1.7211099209764802,2.044289326593681,0.5165907620934244,61.53257243449909,preci,All,Yr
29.75_98.25,1.4405411617341322,3.315240331586346,0.5027216101320252,-0.25618733395686466,1.2769673989568329,0.16488293337964421,0.8033811649312329,46.92848680634819,preci,All,Yr
30.25_97.75,1.1808561991228668,3.9259359786527774,1.526775446877917,-0.0805681545839041,0.6198203653724763,2.7871412368146173,1.207393590479452,52.545195813833246,preci,All,Yr
30.25_98.25,1.2001269846041147,2.81953162383702,2.249091370148834,0.20202077162630971,0.5747286476250879,2.2284172679358054,0.5898937482616439,45.83825243441456,preci,All,Yr
30.75_97.25,1.1757601803219813,1.1319588355192733,2.266161582504237,-0.11848173295189424,0.256981059954691,1.9778060342541233,0.31154475712328755,57.706733369742096,preci,All,Yr
30.75_97.75,1.2139155315829797,1.9560293270970277,1.819836446595995,-0.023534819706206966,0.1875099194417411,0.787220967038005,0.3940052317123288,65.03182268273474,preci,All,Yr
31.25_96.25,1.207220234816156,1.3730966069925612,1.930770488781452,-0.2775921852257236,-0.16355324842032193,1.673590569252466,0.06417130193561638,57.035156147581745,preci,All,Yr
31.25_96.75,0.9838578960535667,0.5023331249685506,1.5875958993230534,-0.3570884879175955,-0.15518109587640816,1.441972936454052,-0.038118727579178,48.75714572682513,preci,All,Yr
31.25_97.25,1.150312961837303,0.5018461014082315,2.2242757408880824,-0.2830027763534456,-0.1019381774520548,2.2001944316191357,-0.0963034054323676,52.467596267401916,preci,All,Yr
31.75_95.75,1.3451470256077456,1.5537621783914894,2.5890120596848494,0.07514982577573603,-0.3268767438495711,4.115585083017809,0.9511816485755182,65.65796946679079,preci,All,Yr
31.75_96.25,1.1764600087865156,1.1635480155584284,1.9489565933096369,-0.0042916594301705135,-0.3361516189054383,2.2748859273223285,0.4666466623907104,58.363005978299725,preci,All,Yr
31.75_96.75,0.9891762818079503,0.4294095270243169,0.9189019784193436,0.03939893807222594,-0.32880805925385526,0.9667983816976026,-0.18309886509863016,48.92249913585734,preci,All,Yr
31.75_97.25,1.217780976296804,0.8009917679428196,1.2061256329810015,0.10031676815214385,-0.34119942221683486,1.4175524565218085,-0.02306615892931496,48.50899393753785,preci,All,Yr
31.75_97.75,1.2706654893555127,1.6989735688169374,2.452661307896051,-0.01939115484859566,-0.34009528480462636,2.2515104977804383,0.2791509245356165,57.715160796775315,preci,All,Yr
32.25_94.75,1.5580002604285252,0.47440846832868355,1.137907340501946,0.31612481577858587,-0.48935290561724665,1.8138600416253596,0.353666164909863,65.9721667654461,preci,All,Yr
32.25_95.25,1.5725181451152337,0.9102808928540193,1.1230294133311505,0.3014415165817743,-0.49333582677304955,-0.059832705836198485,0.21366197745890403,68.50373362593079,preci,All,Yr
32.25_95.75,1.3632340994635104,0.6006260749900836,0.6876890403445817,0.3023003864124524,-0.5073128958537877,0.22940237993586543,-0.023619502473912757,62.96501825007473,preci,All,Yr
32.25_96.25,1.2947883122118462,0.27875086828014484,1.6651118008652896,0.1237325844262932,-0.4853810634004191,0.8322135083015069,-0.15188832554349507,54.017406690409494,preci,All,Yr
32.25_96.75,1.2764490742806023,0.6737328825838893,1.9040859921434425,0.2641049310617476,-0.3807820340279796,1.8298687015372606,-0.027849376860684893,50.97807788057951,preci,All,Yr
32.25_97.25,1.380232071179158,1.5352565951740225,2.547546485934727,0.4742999915758481,-0.38381061295862706,2.4698657446339727,0.29241928556861374,53.98402095802601,preci,All,Yr
32.25_97.75,1.3294151779572694,0.9139684748809181,1.4730686243841236,0.3278998122898792,-0.4120933241804229,1.712997093119043,0.16197296206438372,60.351150233419446,preci,All,Yr
32.75_94.75,1.5347551866380937,0.4194919360027879,0.273447680509454,0.09731842708627625,-0.37975381427755683,0.4525163929823287,-0.02011866374561644,69.60344555690665,preci,All,Yr
32.75_95.25,1.5695021471858155,-0.10169427479163384,1.4749285819925686,0.16465495687962162,-0.40907972557446803,1.8544782584521857,-0.31056227060079333,69.2642314749057,preci,All,Yr
32.75_95.75,1.4528714466580772,0.1409586729178729,3.048638641657808,0.23346137836273007,-0.41969013378692266,4.055787292679167,-0.1387296012054796,64.68386708944587,preci,All,Yr
32.75_96.25,1.3877534179348527,0.27898572203123306,2.6038001068290324,0.20457766950112788,-0.3998706699423728,2.056166682121577,-0.11603714585342473,61.40224636576317,preci,All,Yr
32.75_96.75,1.325440180395508,0.8798575809000433,4.444218880966302,0.181647903150694,-0.388428865920765,3.5691922361903017,0.12105374453415318,58.90531902495704,preci,All,Yr
33.25_94.25,1.255235300424005,0.1549851758722368,1.2552761324515203,0.027239877965540504,-0.22684368990051362,1.1124450899843015,-0.15628772308222916,63.78965816233537,preci,All,Yr
33.25_94.75,1.3246105728261672,-0.05720253976831757,1.1376606243446712,0.2040107095010314,-0.22037095907253623,1.5791928911512327,-0.182271059347481,68.24367364466909,preci,All,Yr
33.25_95.25,1.4114508765474914,0.5847705198726387,2.918068723121918,0.4013905075082431,-0.2816744056996585,2.8317168027397264,-0.05590797822677607,70.86247275667586,preci,All,Yr
33.25_95.75,1.4367361597878876,1.246149998579062,3.9974686721205615,0.38532656983125246,-0.2607854745928956,6.540283300712328,0.34442800709568844,68.85888649855752,preci,All,Yr
9.25_105.25,0.3502119788193818,-2.682274989191736,0.1601083702035937,2.8549114204966477,-0.1019663359342462,-0.7817201411233479,0.370397270001535,98.21947742668493,preci,All,Yr
9.25_105.75,1.0991173054786851,-1.1558323538410828,-0.3337622099224995,4.923800526247534,-0.26805961540372625,0.19479715717202506,-0.1924224311263667,100.34926956724921,preci,All,Yr
9.75_105.25,0.6189240056480672,-1.158366591585284,-0.055479758511903565,7.37541043454906,0.30594265732876735,-0.0033980909869453235,1.2175260989642713,111.03434614520629,preci,All,Yr
9.75_105.75,1.2468836751318082,-1.7758955920310957,0.3627297788855106,7.850295518884458,0.1128257820417895,0.09922650396101274,1.7137277259629762,98.7821429055971,preci,All,Yr
9.75_106.25,1.3508586844678732,-1.3228722945469678,0.7165553760373382,6.607848276091437,0.2684848107842748,0.35033182762053783,0.6482612789760647,98.0186550228266,preci,All,Yr
10.25_104.75,3.3343599999999998,-0.5968564999999999,3.5010400000000006,5.7583899999999995,1.956671,3.8605250000000004,-0.341356,112.95838499999999,preci,JJASO,Day
10.25_105.25,3.1624049999999997,-0.888255,2.4799499999999997,2.4767900000000003,0.28485500000000047,2.47278,2.3023149999999997,97.61802,preci,JJASO,Day
10.25_105.75,3.20706,-1.7526700000000002,1.8981849999999993,2.7702810000000007,0.16913500000000048,1.6865299999999999,3.2652900000000002,84.51504,preci,JJASO,Day
10.25_106.25,3.43961,-1.9001439999999408,1.9395150000000003,2.40583285,0.53051125,2.2350849999999998,2.74142,88.67380849999999,preci,JJASO,Day
10.25_106.75,3.400365,-0.19103899999999988,-0.8205449999999999,2.2643999999999997,-0.09563750000000004,1.237285,1.62832,113.919975,preci,JJASO,Day
10.75_104.75,3.9535735,-1.1885295,2.94832,5.2634658000000005,2.28316,3.4703649999999997,0.07160869999999997,72.635895,preci,JJASO,Day
10.75_105.25,3.496325,-0.6983924999999427,3.002515,5.2293,0.87718655,3.1329400000000005,3.963568,68.65519,preci,JJASO,Day
10.75_105.75,2.99510115,-1.0836397500000001,2.12934,3.2976946499999995,0.46254149999999994,1.9168600000000002,3.4060700000000006,79.454765,preci,JJASO,Day
11.25_104.25,3.983575,-0.5289684999999411,1.5339750000000003,10.268972999999999,1.5647450000000005,3.0115600000000002,-0.4827669999999997,50.073605,preci,JJASO,Day
11.25_104.75,3.2804694999999997,-1.1159789999999412,1.1692500000000003,6.5490775,1.6433169499999998,2.3138945,1.5576049999999997,38.580389999999994,preci,JJASO,Day
11.25_105.25,3.023185,-0.45590949999999997,2.4392449999999997,6.646745,1.5558275,2.730092,5.4579825,44.631,preci,JJASO,Day
11.75_104.25,3.131165,-0.53042845,-0.52465,8.76153,1.688265,0.28875534999999997,-0.13022899999999998,22.321399,preci,JJASO,Day
11.75_104.75,2.6089640000000003,-0.9618895,0.4691999999999996,5.2020245,1.91668,0.990597,2.8714699999999995,16.7491365,preci,JJASO,Day
11.75_105.25,2.7879950000000004,-0.059702699999999956,2.1593065,6.725775,1.6971349999999998,2.8424799999999997,5.960248,31.388070000000003,preci,JJASO,Day
12.25_103.25,2.810823,5.826007,1.0710149999999998,18.156914999999998,0.0007283400000000001,3.1935000000000002,1.415985,90.39333199999999,preci,JJASO,Day
12.25_103.75,2.7793445,0.810513,-0.6419699999999997,11.713370000000001,0.7248800000000002,-0.02332500000000004,-0.6190775,30.4105037,preci,JJASO,Day
12.25_104.25,1.5526500000000003,-0.9013399999999996,0.15729999999999997,7.0595300000000005,0.496325,1.3426209999999996,1.6472000000000002,14.05853505,preci,JJASO,Day
12.25_104.75,1.63795,-0.8153707499999999,1.0488584999999997,4.487373,0.7594379999999998,2.04998,3.3251,16.310345,preci,JJASO,Day
12.25_105.25,2.237978,0.08337649999999998,2.42305,7.944979999999999,0.9736899999999999,3.0760450000000006,5.730180000000001,37.836259999999996,preci,JJASO,Day
12.25_105.75,2.8179100000000004,-0.106376625,2.1444149999999995,9.922925000000001,0.98241,3.0339449999999997,6.327344999999999,86.692905,preci,JJASO,Day
12.25_106.25,2.9384,-0.8492500000000001,2.4854100000000003,8.732033500000002,1.0947004999999992,3.462708,5.5495220000000005,175.22153893499998,preci,JJASO,Day
12.25_106.75,2.1827134999999998,-0.8332050000000001,1.83631,8.37969,0.36455499999999963,1.3368300000000004,3.7004600000000005,294.857105,preci,JJASO,Day
12.25_107.25,0.4516499999999999,3.897990000000001,5.540525000000001,7.4031145,-1.241625,2.7546635000000004,8.315535,377.05415500000004,preci,JJASO,Day
12.25_107.75,0.21398499999999987,1.36619,-0.13661499999999993,6.04214,-1.2301225,-0.23208750000000067,-0.5527399999999999,179.89267999999998,preci,JJASO,Day
12.25_108.25,0.8553950000000019,5.780705,-0.8996584999999997,7.2743199999999995,-0.6635050000000001,-1.1758450000000003,3.0073350000000003,33.880465,preci,JJASO,Day
12.75_102.75,3.0697899999999994,-0.09309384999994175,2.416174999999999,15.52918,0.23708400000000007,4.0428049999999995,-0.66065,108.3145155,preci,JJASO,Day
12.75_103.25,2.39323,-0.3781119999999999,-0.000964449999999277,10.992070000000002,0.9278740000000001,0.0,-1.0422799999999999,55.40573500000001,preci,JJASO,Day
12.75_103.75,1.6382349999999999,-1.2492399999999995,-0.2807479999912599,6.28599,0.4110900000000004,0.20896149999999997,-0.0901785,30.3182705,preci,JJASO,Day
12.75_104.25,1.2051060000000002,-1.4066825000000003,0.3151999999999999,5.27891,0.8319199999999999,1.0980180000000002,1.00371,25.396475000000002,preci,JJASO,Day
12.75_104.75,2.1583449999999997,-0.741285,1.847025,5.262535,0.07071750000000016,2.5514,3.02626,38.630904,preci,JJASO,Day
12.75_105.25,2.67018,-0.13422849999993522,2.2185829999999997,9.2846685,0.3872150000000003,3.2562699999999998,5.787248999999999,65.0687705,preci,JJASO,Day
12.75_105.75,2.923485,-0.18738999999999995,2.13254,10.781785000000001,0.585855,2.745185,4.92694,105.347999,preci,JJASO,Day
12.75_106.25,2.350385,-1.487284999999933,1.9851950000000003,5.738435,0.3727500000000008,2.464865,3.751442,159.245285,preci,JJASO,Day
12.75_106.75,1.6574250000000008,-1.71953,2.3741529999999997,6.38742,-0.16343600000000003,2.8472775,3.26357,216.081206,preci,JJASO,Day
12.75_107.25,0.02634785000000003,-2.21321,0.4728250000000007,5.89568,-1.06952,2.5647349999999998,0.007911499999999948,235.289625,preci,JJASO,Day
12.75_107.75,0.1906699999999999,-3.09808,-0.85616648,4.74429765,-1.07181455,-0.018706235850000252,-2.4071550000000004,154.89846,preci,JJASO,Day
12.75_108.25,0.6538649999999999,-1.5493804999999998,-1.0112299999999999,4.1853,-0.60477,0.44085500000000033,0.74383555,40.547685,preci,JJASO,Day
13.25_102.75,2.7730635999999995,-0.4648284999999418,0.34429950000000026,9.208738,0.4257735000000003,0.0514955,-0.9805155,86.389145,preci,JJASO,Day
13.25_103.25,1.9273949999999997,-0.6778195,0.27312549999999997,6.36946805,0.4531851000000001,1.3586003500000001,0.05277199999999957,67.0296065,preci,JJASO,Day
13.25_103.75,1.4658965000000002,-0.32178550000000006,1.5108799999999998,5.108465000000001,0.7474400000000001,2.5763305,2.106292,60.4672235,preci,JJASO,Day
13.25_104.25,1.6530375,-0.2874565,2.331718,6.2090646,0.20175500000000002,3.598825,4.000539999999999,70.7181305,preci,JJASO,Day
13.25_104.75,2.6265500000000004,-0.28828349999994296,2.6955299999999998,7.643000000000001,0.011422950000000029,3.8704599999999996,3.715115,90.766541,preci,JJASO,Day
13.25_105.25,2.7624099999999996,-0.12569009999993508,2.0196518,9.263485,0.1786849999999993,3.227995,5.512755,107.31987000000001,preci,JJASO,Day
13.25_105.75,2.557624999999999,-0.04010839999993153,1.9824100000000011,9.963095000000001,0.08093850000000005,2.3394399999999997,5.06229,126.273372,preci,JJASO,Day
13.25_106.25,2.094785,-1.0799350000000003,2.626325,6.516595000000001,-0.06740199999999999,3.4521150000000005,4.754875,155.04851,preci,JJASO,Day
13.25_106.75,1.1523999999999996,-1.7151274999999384,1.898775,4.244547,-0.779865,3.36622,2.6475349999999995,207.68374,preci,JJASO,Day
13.25_107.25,0.20040149999999962,-3.084850649999941,-0.1470549999999997,3.4234649999999998,-1.5790305999999998,1.0442345,-1.408615,231.649665,preci,JJASO,Day
13.25_107.75,0.195195,-2.957989999999878,-0.40227949998971174,3.15583,-1.373915,-0.4214835000000001,-1.6487843999999998,161.92687,preci,JJASO,Day
13.25_108.25,0.29989850000000007,-1.7183550000000003,0.23083999999999993,3.4044255000000003,-1.2083239,1.39757,-0.13114449499999997,71.25457,preci,JJASO,Day
13.75_102.75,1.7616400000000003,-0.7052115000000001,0.3566299999999999,5.86886775,0.29157000000000033,0.9882400000000005,-0.01307455,103.04551000000001,preci,JJASO,Day
13.75_103.25,2.296155,-0.3827836,1.2610899999999994,5.3221855,0.3797429999999999,1.954465,0.958969,106.21489,preci,JJASO,Day
13.75_103.75,2.24166,-0.20810249999993502,2.052405,6.70979,0.28753099999999987,2.83871,3.5454185000000003,120.4914639,preci,JJASO,Day
13.75_104.25,2.4419999999999997,-0.3237349999999368,2.1482899999999994,7.347290000000001,0.04501550000000015,3.2908299999999997,4.3346376499999995,136.54802999999998,preci,JJASO,Day
13.75_104.75,2.562965,-0.7327600000000003,1.7344650000000006,5.816765,0.0,2.7982299999999998,2.4720549999999992,140.155485,preci,JJASO,Day
13.75_105.25,2.496499,-0.7280199999999406,0.9958449999999999,5.776931,-0.03174099999999999,2.2575645,4.27185875,140.8366265,preci,JJASO,Day
13.75_105.75,2.340174999999999,-0.4812735,1.759242,6.800405,-0.05347105,2.7455600000000007,3.5293029999999996,155.39395,preci,JJASO,Day
13.75_106.25,2.000114999999999,-1.0468079999999387,2.7570999999999994,5.381495,-0.37046349999999983,2.4341150000000003,3.5971600000000006,213.8288,preci,JJASO,Day
13.75_106.75,0.9771355,-1.6517749999999998,0.7862449999999992,3.6419299999999994,-1.3840700000000004,1.817715000000001,3.4724000000000004,305.82791000000003,preci,JJASO,Day
13.75_107.25,0.6266949999999998,-2.327448,1.1059345,2.94311,-1.97215,0.9510299999999998,-0.09529500000000002,338.001005,preci,JJASO,Day
13.75_107.75,0.26559875,-1.9618599999999997,-0.046340825,1.4888655,-2.0162099984546997,0.6955200000000006,0.43839499999999987,207.656475,preci,JJASO,Day
14.25_102.25,2.80227,2.2006399999999995,1.4434100000000003,9.798200000000001,0.029968500000000002,2.05263807,1.69632715,104.845195,preci,JJASO,Day
14.25_102.75,2.2990769999999996,0.3299194999999999,0.567524,8.444035,0.0397215,1.9947765,0.7696449999999999,97.879515,preci,JJASO,Day
14.25_103.25,2.1220950000000003,-0.03308419999994161,0.7621950000000004,6.0273394499999995,0.0058479,1.7009144999999997,1.6933325000000001,111.804805,preci,JJASO,Day
14.25_103.75,2.01875,-0.033939999999999915,1.4724150000000003,6.255986045,0.0,2.41623095,4.575978,129.133845,preci,JJASO,Day
14.25_104.25,2.54072,0.037878999999999996,2.1378399999999997,7.333571149999999,5.4846500000000004e-05,3.38942,6.389745,140.976355,preci,JJASO,Day
14.25_104.75,2.2545450000000002,-0.47679449999993573,0.7061500000000002,4.315315,-0.15725650000000002,1.4878200000000006,3.4098450000000002,143.46459499999997,preci,JJASO,Day
14.25_105.25,1.9511650000000005,1.26855e-13,2.253355,3.9049500000000004,-0.4801199999999999,2.3577850000000002,8.48226,163.19120500000002,preci,JJASO,Day
14.25_105.75,2.071440999999999,-1.55109685,0.94665,2.3460835600000003,-0.5199120000000002,2.0722350000000005,1.1780799999999996,218.5711465,preci,JJASO,Day
14.25_106.25,1.5374499999999998,-1.5656999999999996,0.8088612500000001,2.178095000000001,-1.134042,2.087385,2.8051999999999997,318.53198,preci,JJASO,Day
14.25_106.75,0.8445249000000004,-1.142055,1.2025400000000002,1.2180168500000002,-1.9694599999999998,2.4316650000000006,4.210514999999999,378.90518,preci,JJASO,Day
14.25_107.25,0.1478112,-1.6049300000000002,0.7123069500000002,0.7824609999999999,-2.46681,1.5668574,1.5451159999999997,308.237865,preci,JJASO,Day
14.25_107.75,0.5507499999999999,-0.99095,-0.5334075,1.1628249999999998,-1.9939446999999997,-0.24879895000000007,-0.09839999999999982,124.792205,preci,JJASO,Day
14.25_108.25,1.20316,2.2912,-0.5683370000000001,3.4611735,-1.06867705,-0.15826499999999988,1.1407550000000002,17.360735,preci,JJASO,Day
14.75_101.75,3.57717,0.7550889999999999,0.8495650000000001,6.1611439500000005,0.12907999999999997,1.7781249999999997,0.9428435000000001,126.41445,preci,JJASO,Day
14.75_102.25,2.9975499999999995,-0.15470087500000002,-0.059209029015,4.8183615,0.040886500000000006,0.3977350499999999,-0.06890134999999997,89.78317,preci,JJASO,Day
14.75_102.75,2.0597939,-0.130058375,0.0060164000000000155,3.970252,0.0082576,1.0860599999999996,0.4176350000000002,76.38695000000001,preci,JJASO,Day
14.75_103.25,1.8353750000000002,-0.1029470000000001,0.3730173500000004,3.4225700000000003,0.0,1.5693519999999999,1.4003050000000004,89.0427313,preci,JJASO,Day
14.75_103.75,2.0990849999999996,-0.0109915,0.7234350000000007,3.3371010000000005,7.20125e-05,1.95377,2.49125,102.149475,preci,JJASO,Day
14.75_104.25,2.7520664999999997,0.0020188,0.9438629649999999,3.39573,0.0006519550000000001,2.247083,2.58995185,116.37879000000001,preci,JJASO,Day
14.75_104.75,2.2913549999999994,-0.0448709,0.6051435000000007,1.9693450000000001,-0.055061799999999966,1.8808764999999998,2.4543449999999996,138.864105,preci,JJASO,Day
14.75_105.25,1.6811249999999993,-0.48775999999999997,1.5170433,0.9948650000000001,-0.543858,2.6965200000000005,2.3097700000000003,190.228879,preci,JJASO,Day
14.75_105.75,1.2037549999999997,-2.1968699999999997,1.1050199999999997,0.8983900000000001,-1.6317599999999999,1.350375,1.8916854,286.003995,preci,JJASO,Day
14.75_106.25,0.6748999999999996,-0.8482400000000005,0.0019851400000000003,1.304505,-1.91882195,0.7820999999999994,10.4886005,352.50651000000005,preci,JJASO,Day
14.75_106.75,0.7142019999999993,-0.502075,0.7086499999999996,0.3824035,-2.3616823655,2.045325,1.3656600000000008,284.0587,preci,JJASO,Day
14.75_107.25,0.014916850000000068,-1.94675,-1.22586905,0.2861999999999997,-2.714125,-1.1956075000000002,-0.9497100000000003,139.42770000000002,preci,JJASO,Day
14.75_107.75,0.4927450000000002,1.02161,-0.9152780000000007,1.5306807500000001,-2.1243115,-0.3576550000000003,0.5350849999999999,29.558165,preci,JJASO,Day
14.75_108.25,1.3880850000000002,4.541015,-0.4031485000000001,4.53204,-0.993953,-0.192195,4.24522,0.9542350000000002,preci,JJASO,Day
15.25_101.75,2.54333335,-0.009657854999940683,0.53172745,4.180275,0.0986317,1.0151890000000003,-0.0210237,111.0551662,preci,JJASO,Day
15.25_102.25,1.87976,-0.2980326,0.0,2.9287660000000004,0.028733,0.31438999999999995,-0.0392859,70.131731,preci,JJASO,Day
15.25_102.75,1.0786581050000001,-0.3354659999999999,0.26154999999999995,2.5943099999999997,0.001138075,1.2914184600000003,0.06148600000000004,51.577185,preci,JJASO,Day
15.25_103.25,1.401996,-0.34368399999988253,0.42632000000000037,3.0185512,-0.004518885000000005,1.6459600000000003,0.4823365,59.74776,preci,JJASO,Day
15.25_103.75,1.7812290000000002,-0.264521,0.8098549999999998,2.9078100000000004,5.138037006e-15,1.9368400000000006,1.08583,80.898085,preci,JJASO,Day
15.25_104.25,2.18599,-0.07941054999999998,1.032915,2.982075,0.00038833000000000227,2.1704635,1.921305,105.36102000000001,preci,JJASO,Day
15.25_104.75,2.0665699999999996,-0.25734500000000005,0.8657149999999999,1.8270615000000003,-0.18451750000000008,1.888455,2.6262259,137.78184,preci,JJASO,Day
15.25_105.25,1.7959245000000004,-0.9932550000000002,0.3656305000000001,0.5175499999999995,-0.3164285,1.6051200000000008,1.9467974999999997,195.22379999999998,preci,JJASO,Day
15.25_105.75,1.4375510000000005,1.2416e-13,0.6223100000000001,0.9795269500000007,-1.137925,0.7075300000000002,2.630690499999999,271.90499,preci,JJASO,Day
15.25_106.25,0.07439299999999965,3.6210198,2.5337699999999996,0.4164699999999999,-2.666274,2.669600000000001,12.958440000000001,257.83508500000005,preci,JJASO,Day
15.25_106.75,0.3145135,-1.6320100000000002,-0.34731120000000015,0.43226500000000034,-2.6843014999999997,-0.146705725,-0.8884099999999997,127.31944999999999,preci,JJASO,Day
15.25_107.25,-1.0857450000000002,-3.15543,-4.4288050000000005,0.0019718350000000003,-3.876925,-4.02912,-0.09754999999999958,28.730195000000002,preci,JJASO,Day
15.75_101.75,3.2942296,-3.139819988036e-05,0.5606724,3.18516625,0.014525,1.411584,-0.039606,106.58031414999999,preci,JJASO,Day
15.75_102.25,2.613945,-0.21887249999993919,0.12662635,2.1967950000000003,0.0039656,1.074805,-0.07877199999999998,48.56402,preci,JJASO,Day
15.75_102.75,1.78265085,-0.19768299999993993,0.4509400000000001,2.319468275,0.00306885,1.6081400000000001,0.09073099999999999,35.434745,preci,JJASO,Day
15.75_103.25,1.8229399999999991,-0.0831213499999432,0.77651,2.9236649999999997,0.0,2.0113649999999996,1.1574900000000001,51.033199499999995,preci,JJASO,Day
15.75_103.75,1.9599050000000005,-0.12598635000000002,0.8576450000000001,2.696795,4.089337e-20,2.10928405,1.5293934,75.40154,preci,JJASO,Day
15.75_104.25,2.021159,-0.23448499999993677,0.5935711399999994,2.3087950000000004,-0.07118254999999998,2.0122099999999996,2.3495375999999997,93.239306,preci,JJASO,Day
15.75_104.75,1.7006745,-0.36700395,0.5663399999999994,1.3516564999999998,-0.49918699999999927,1.5614648500000001,3.3058335000000003,111.39078649999999,preci,JJASO,Day
15.75_105.25,1.212845,-0.865745,1.263806,0.18929855000000007,-0.8807427749999999,2.0172529999999993,2.725015,162.41543000000001,preci,JJASO,Day
15.75_105.75,1.1138720359999996,-1.5908549999999992,0.8486500000000001,0.7879549999999998,-1.1931275,1.68736,2.29475584,212.262942,preci,JJASO,Day
15.75_106.25,0.8376959500000001,-1.880865,-1.1588949999999993,0.5773874999999999,-1.6229200000000006,0.16141849999999985,1.2758150000000006,159.606285,preci,JJASO,Day
15.75_106.75,-0.149304,-1.3691300000000002,-2.2177645,0.00030339500000000003,-3.0085170000000003,-2.35271,-1.32592225,39.256249999999994,preci,JJASO,Day
16.25_101.75,3.6984105,0.21475441,0.9357945,2.46746,0.0,1.8299941,0.014574199999999978,75.71767,preci,JJASO,Day
16.25_102.25,2.88507,-0.17624249999987626,0.96006745,2.0866,0.0,2.1042799999999993,-0.233684,27.248711,preci,JJASO,Day
16.25_102.75,2.0231565,-0.07952319999993841,0.43420400000000003,2.315454,0.00259195,1.4037249,0.035067500000000126,22.135955,preci,JJASO,Day
16.25_103.25,2.07115815,-0.06808939999987947,0.42454382999999984,2.813777,0.0,1.6097008000000002,0.9822235,40.060629950000006,preci,JJASO,Day
16.25_103.75,1.9831845499999998,-0.12469449999999997,0.35354500000000044,2.55135,-9.87017e-05,1.8339660000000002,1.8482850000000002,65.7609695,preci,JJASO,Day
16.25_104.25,1.66106,-0.06927199999999988,0.5244150000000003,2.0727070000000003,-0.344282,1.960915,3.6374250000000004,79.24138595,preci,JJASO,Day
16.25_104.75,1.2197350000000002,-0.32763949999987685,0.6660050000000006,1.145336,-0.978543,1.6654149999999999,3.9163635,92.483555,preci,JJASO,Day
16.25_105.25,0.7535,-1.0064525,0.0,0.0029005499999999115,-1.4761250000000001,1.01391,2.7256203349999995,140.896510845,preci,JJASO,Day
16.25_105.75,1.1033100000000002,-1.46205385,2.105925e-06,0.35870499999999983,-1.2219630000000001,1.2771099999999997,0.5925050000000002,159.21601850000002,preci,JJASO,Day
16.25_106.25,0.67002335,-1.8044775,-0.11527519148499998,0.223806,-1.74670575,-0.1013744999999997,0.0008959999999997303,79.11959,preci,JJASO,Day
16.25_106.75,0.04835255,-0.37472749999993377,-1.0694050000000002,0.04010068500000006,-2.5083235,-0.07612850000000004,0.08206549999999968,0.5258475,preci,JJASO,Day
16.25_107.25,0.29125,0.45840899999999996,-1.3559200000000002,2.4950750000000004,-1.5303520000000002,-1.2878395,-0.0960192,-0.6133495,preci,JJASO,Day
16.75_101.75,3.9677350000000002,1.1789999999999998e-13,1.3276658000000001,1.5790450000000003,-0.034611199999999995,3.0296024999999998,-0.11530799999999994,32.981515,preci,JJASO,Day
16.75_102.25,2.7863984450000006,-0.445323499999943,0.67346,1.41214,-0.019487400000000002,1.4271049999999996,-0.35625589999999996,10.169854999999998,preci,JJASO,Day
16.75_102.75,1.7916949999999998,-0.1027409999999378,0.10398000000000085,1.8846335,-0.03709015,0.865466,0.08276800000000051,12.964780000000001,preci,JJASO,Day
16.75_103.25,2.03914,-0.03372414999993725,0.030789,2.726795,-0.0810459815,1.0944150000000001,2.0229075,29.700184999999998,preci,JJASO,Day
16.75_103.75,1.955864,1.3004999999999999e-13,0.5391805000000001,2.8483499999999995,-0.22911750000000008,2.098325,4.5590028,52.963035000000005,preci,JJASO,Day
16.75_104.25,1.7084799999999998,1.3015500000000001e-13,0.824005,1.95525,-0.47114500000000004,2.112154999999999,5.7631715,70.75357,preci,JJASO,Day
16.75_104.75,1.7697800000000004,-0.10733209999999999,0.00026843,1.00332,-0.38344399999999995,1.734395,3.1666299999999996,92.4563795,preci,JJASO,Day
16.75_105.25,1.0977155000000007,-0.6157224999999997,0.0,0.08782249999999997,-1.077701,1.1164605,1.6250199999999997,126.16494,preci,JJASO,Day
16.75_105.75,0.9290995,-1.3969275,-0.06142650000000001,0.04559194999999999,-1.3333136129999998,0.3141851,0.22194499999999984,115.09976499999999,preci,JJASO,Day
16.75_106.25,0.8676190000000001,-0.9775950000000001,-0.3556400000000002,0.6012400000000001,-1.1330590000000003,0.411952,0.43937,28.9790435,preci,JJASO,Day
17.25_101.75,3.7184920000000004,-0.30690875000000006,0.6042085000000003,0.6584499999999998,-0.14905849999999998,2.2339469999999997,-0.546851,14.495515,preci,JJASO,Day
17.25_102.25,2.3157853,-1.0054195,-0.14836199999999988,0.46595984,-0.434249,0.0,-0.4927685,5.051915000000001,preci,JJASO,Day
17.25_102.75,1.93988,-0.40185199999999854,0.0,0.740119035,-0.4166355000000001,0.46586000000000083,0.0,9.390368500000001,preci,JJASO,Day
17.25_103.25,2.1435424999999997,-0.1288294999999421,0.0,1.2620944,-0.47337724999999997,0.9365523499999997,1.6446929999999997,23.5204775,preci,JJASO,Day
17.25_103.75,1.7365754999999994,-0.06028715,0.10609300000000016,0.86585445,-0.724856,2.0191416350000004,4.224259,47.2136,preci,JJASO,Day
17.25_104.25,0.9061500000000001,-0.5247049999999991,0.0,0.0053293,-1.3104250000000002,0.2969100000000009,1.6784415,70.87546499999999,preci,JJASO,Day
17.25_104.75,0.5539855,-1.8651900000000001,-0.20075829999999992,-0.012436354999999979,-1.7129409999999998,0.0,-0.0123442,84.01262,preci,JJASO,Day
17.25_105.25,0.5747700000000002,-2.379020999999941,-0.30976029499999996,-0.010821749999999918,-1.9699595,-0.001820235,-0.3267549999999999,80.959825,preci,JJASO,Day
17.25_105.75,0.6204170000000001,-1.458885,-0.449297,-0.0022814800000000002,-1.8740799732995002,-0.0057610625000000006,0.04326299999999966,42.608765000000005,preci,JJASO,Day
17.25_106.25,0.8558199999999999,-0.5345350000000002,-0.07472300000000001,1.8850350000000002,-1.288395,2.3564599999999998,1.5040249999999997,0.6059720000000001,preci,JJASO,Day
17.75_101.25,5.30473,-0.411790999999942,2.23465e-09,0.02600050000000001,-0.32503625,0.9577300000000002,0.1554239500000007,29.234099999999998,preci,JJASO,Day
17.75_101.75,3.683077,-1.01582435,-0.311963,0.000607605,-0.3828405,1.610805e-07,-0.8047,9.389785000000002,preci,JJASO,Day
17.75_102.25,2.3088265000000003,-1.16672345,-0.012512200000000001,0.0,-0.5591539999999999,0.30064500000000005,-0.5429945,6.110215,preci,JJASO,Day
17.75_102.75,2.0140350000000002,-1.42741785,-0.03780160000000007,0.0,-0.8392035,0.3196249999999998,-0.10077875,11.391539999999999,preci,JJASO,Day
17.75_103.25,1.059018,-1.36914625,-0.055579843,0.0,-1.6194234,9.1228e-06,-6.6728e-05,27.4071,preci,JJASO,Day
17.75_103.75,0.47881310000000044,-1.839909999999941,-0.00384455,-0.0742098,-2.08134,0.47999350000000013,-0.15659800000000001,48.59143,preci,JJASO,Day
17.75_104.25,-0.0006518152474999999,-3.840944999999942,-1.1855449999999994,-0.7953995000000011,-3.341925,-0.3065095,-1.301496,61.15797,preci,JJASO,Day
17.75_104.75,-0.027976500000000487,-2.923374999999941,-1.276265,-1.2566629000000002,-3.659250215,-0.12584348615499996,-0.000200547,47.4713019,preci,JJASO,Day
17.75_105.25,0.2535995,-0.62588,-0.7624110774999999,-0.08907983049999998,-2.4265085791999996,-0.0028032000000000005,3.4229105,24.894945,preci,JJASO,Day
18.25_101.25,5.53773,-0.6552149999999997,0.05412300000000001,2.7257000000000002e-09,-0.3159815,0.2821199999999998,0.0,22.928225,preci,JJASO,Day
18.25_101.75,3.9542995000000003,-1.8407225,-0.19699738199999944,0.0,-0.6491149999999997,1.2532495e-08,-1.745053365,16.39801,preci,JJASO,Day
18.25_102.25,2.438699999999999,-2.8580600000000005,-0.4069000000000005,-0.05195801405749999,-1.1075250000000003,0.0,-1.693265,14.679854500000001,preci,JJASO,Day
18.25_102.75,1.3829799999999999,-2.51378125,-0.011186037900000001,-0.250172,-1.9174799999999999,0.553985,-0.5336699999999999,22.98497,preci,JJASO,Day
18.25_103.25,-2.6122e-08,-5.375616249999999,-0.752405,-1.74207,-3.92909,0.0,-1.3479599999999996,40.89782,preci,JJASO,Day
18.25_103.75,-0.5121004999999996,-6.675234999999942,-3.0652969999999997,-2.539315,-4.863230000000001,-0.8833375000000001,-4.34773,55.87288000000001,preci,JJASO,Day
18.25_104.25,-0.7417100186654999,-4.5300049999999406,-1.23632,-1.9591949999999996,-4.443067,-0.5276300000000003,-0.766601,39.8249195,preci,JJASO,Day
18.25_104.75,0.0187612175,-0.8827999999999996,-0.3315449962486,-0.5657605,-3.23979355,-0.03261182000000074,3.2602800000000007,12.185206999999998,preci,JJASO,Day
18.25_105.25,0.5588892499999993,0.15495000000000037,-0.24068063999999958,0.06140150000000004,-1.65203945,0.9326050000000001,1.5669584500000004,0.045919500000000016,preci,JJASO,Day
18.75_101.25,6.436652,0.0541195,3.8160099999999995,0.018136500000000014,-0.3798315,5.346349999999999,7.7602139999999995,35.622339999999994,preci,JJASO,Day
18.75_101.75,5.06845,-1.1552900000000002,-0.0060032300000000365,-0.0213997,-0.7411886045,0.8098486,-1.706084,28.86369,preci,JJASO,Day
18.75_102.25,2.0234049999999995,-3.7891500000000002,-2.2830673499999996,-0.8561674999999997,-2.117075,-0.5577155,-1.92828,30.2025545,preci,JJASO,Day
18.75_102.75,0.434175,-2.62139,-0.73038,-1.1815700000000002,-3.1339349999999992,0.15415,-0.05146945,42.980695,preci,JJASO,Day
18.75_103.25,0.060528315,-0.007312654999935091,-0.00042690939999995596,-1.0458614899999998,-3.1403375,0.6617199999999999,0.0,61.017155,preci,JJASO,Day
18.75_103.75,-0.6403499999999998,-5.8675875049999995,-3.0758054649999997,-2.1098637500000006,-4.4047677975,-1.4206643634999998,-3.3501499999999993,48.5795565,preci,JJASO,Day
18.75_104.25,-0.14464480000000002,-1.953007,-0.14403885500000002,-0.7814512499999999,-3.24739,-0.089127975,-0.0312029,13.549525000000001,preci,JJASO,Day
18.75_104.75,0.19520000000000015,-0.18736550000000002,-0.051252149999999996,0.0,-2.1942575,0.5021765,0.64937815,0.0,preci,JJASO,Day
19.25_101.25,6.18458,0.8683549999999997,1.1346165,0.00251395,-0.5150986500000001,3.017835,7.954074,36.132639999999995,preci,JJASO,Day
19.25_101.75,5.57862,-0.6790615999999999,-0.22674699752324984,0.0,-0.503392,2.38815e-05,-0.88174649,31.071399999999997,preci,JJASO,Day
19.25_102.25,3.06064,-0.5674754999998706,0.0,-0.8032599999999999,-1.7433050000000003,2.4739999999999998,0.8217019999999999,31.440130000000003,preci,JJASO,Day
19.25_102.75,2.04635,0.010105749999999997,-0.10369500000000026,-0.65954,-1.860229,0.2183285,1.88774,36.378545,preci,JJASO,Day
19.25_103.25,2.043695,0.0293095,0.0,-0.09834499999999999,-1.0653,0.6664750000000006,2.3537600000000003,37.5594,preci,JJASO,Day
19.25_99.75,6.667255,-0.5495775,0.0,0.0,-0.25053400000000003,0.6461950000000001,-0.08560049999999972,41.566235,preci,JJASO,Day
19.75_100.25,6.160725000000001,-1.1860499999999379,0.11652,-0.20352957,-0.7466601500000001,1.00172,0.0,33.4289,preci,JJASO,Day
19.75_100.75,6.2439219999999995,-0.5533239999999369,0.6828839999999999,-0.07403850000000001,-0.8462050000000001,1.9592,1.6221300000000007,32.4535525,preci,JJASO,Day
19.75_101.25,5.4765915,-0.0031450199999368354,0.18786599999999998,-0.15244449999999962,-0.7614709999999998,2.0766702499999994,1.4052894999999999,28.144405,preci,JJASO,Day
19.75_101.75,4.693725000000001,-0.8808354999999355,-0.23742,-0.2620825,-0.632379,0.0,-0.3282405,21.133641500000003,preci,JJASO,Day
19.75_102.25,3.39267,-0.33902099999993307,0.645135,-0.69181,-0.7937865000000001,2.6744755,0.1342787499999999,13.512615,preci,JJASO,Day
19.75_102.75,1.71485,-1.4971435,-0.8663455,-1.014535,-1.6089599999999997,-0.22272850000000016,0.0,10.676136,preci,JJASO,Day
19.75_103.25,1.3475700000000002,-1.24429195,-0.8491955,-0.7235643644999994,-1.2663925,-0.6508750000000001,-0.6985669999999999,7.1554645,preci,JJASO,Day
19.75_99.25,6.336034600000001,-0.7958524999999379,-0.013732149999999999,-0.03867962929999987,-0.5414199999999998,0.4800450000000001,-0.03893000000000013,30.67687945,preci,JJASO,Day
19.75_99.75,5.53423,-1.6369850000000001,-0.6658334999999997,-0.50674,-0.8586699999999999,0.0,-0.8548629999999999,31.573857500000003,preci,JJASO,Day
20.25_100.25,4.71336,-2.3506949999999422,-0.379363,-0.7865454999999999,-1.1083249999999998,0.0,-1.1637250000000001,28.683861999999998,preci,JJASO,Day
20.25_100.75,4.799955000000001,-1.3082245,-0.08588913178499999,-0.9029450000000003,-1.2004645,1.0373599999999996,0.008629999999999919,22.211475,preci,JJASO,Day
20.25_101.25,4.80814,-0.8779822,0.0,-0.9512450000000007,-1.150255251,0.4856499999999997,0.1154635,14.7611255,preci,JJASO,Day
20.25_101.75,3.99716,-0.4547724999999371,0.0,-1.07176325,-0.905622,0.42368700000000004,-2.9300000000002935e-05,7.198864625,preci,JJASO,Day
20.25_102.25,3.54986,-1.672644375,-0.49937500000000007,-1.2781085,-0.9669299999999996,0.0,-0.824154,2.8953690000000005,preci,JJASO,Day
20.25_102.75,1.899315,-1.9928099999999362,-0.5719745,-1.464155,-1.476055266,-0.01233555,-1.1274799999999998,1.4268799999999997,preci,JJASO,Day
20.25_103.25,1.4415769999999999,-1.8001044999999367,-0.8465105500000001,-1.2225899410499999,-1.5878450000000002,0.0,0.0,0.74024,preci,JJASO,Day
20.25_99.25,5.63417425,-0.6412838999999402,0.2313125,-0.0177755,-0.69780095,1.8100725,0.7539750000000001,26.888235,preci,JJASO,Day
20.25_99.75,4.7943549999999995,-2.004389999999935,-0.6344535,-0.7918099999999997,-1.238319,0.1293675,-0.7661165000000001,28.714579999999998,preci,JJASO,Day
20.75_100.25,4.434594000000001,-1.9642399999999385,-0.15754100000000001,-1.12833,-1.2329749999992963,4.0649499999999996e-08,-1.28302,28.393715,preci,JJASO,Day
20.75_100.75,4.489217,-1.5706979999999393,0.0,-1.1178700000000004,-1.2043000000000001,1.79002485,0.028584050000000003,14.3952295,preci,JJASO,Day
20.75_101.25,4.2722860855,-0.6607005000000001,3.6912999999999997e-06,-1.0394785,-1.08437,1.6610765000000005,0.6004699999999997,5.555079999999999,preci,JJASO,Day
20.75_101.75,3.6786600000000003,-0.7983145,-0.337395,-1.01147,-0.9359104999999995,0.09810750000000004,-0.00154595,2.288565,preci,JJASO,Day
20.75_102.25,3.0693399999999995,-1.34583255,0.0,-1.00328649,-1.1904350000000001,0.0,-0.418965,0.5527299999999999,preci,JJASO,Day
20.75_102.75,2.3413985,-1.4073499999998824,-0.25009000000000003,-0.7530135,-1.22577,-0.06950499999999993,-0.35085352050000007,0.0,preci,JJASO,Day
20.75_103.25,1.6912250000000009,-0.6373664999999391,0.0,-0.7860849999999998,-1.4051009249999997,0.14119249999999972,0.008015549999999937,0.0,preci,JJASO,Day
20.75_99.75,4.628405000000001,-0.9737204500000002,-0.11976530295000015,-0.6677725735000001,-1.091682,2.1595249999999995,0.2781324999999998,33.78094,preci,JJASO,Day
21.25_100.25,4.224835000000001,-1.74031,-1.565845,-1.21121,-1.216326,-0.30801,-1.1064150000000001,19.631635,preci,JJASO,Day
21.25_100.75,4.074975,-1.56317625,0.2820499999999999,-1.2279624999999998,-1.0509149999999998,1.6209999999999998,-0.2701205,7.5193,preci,JJASO,Day
21.25_101.25,3.806854,-0.8391535999999371,6.866750000000001e-07,-1.0515085499999999,-1.1161999999999999,1.1382605,0.09198650000000005,2.2913815,preci,JJASO,Day
21.25_101.75,3.2405450000000005,-0.216302499999873,-0.0009414736,-0.9019700000000003,-1.2596199999999997,0.10976330000000001,0.23821650000000208,0.6911075,preci,JJASO,Day
21.25_102.25,2.9410049999999996,-1.0072949999998804,4.9711e-05,-0.7579046500000001,-1.45902915,0.527035,-0.05808400000000005,0.01446050000000021,preci,JJASO,Day
21.25_102.75,2.242184,-1.2233749999999997,-0.06346665500000002,-0.6581485000000001,-1.5425745,0.011888,-0.07458869999999998,0.0,preci,JJASO,Day
21.25_99.75,4.826910999999999,-0.3784995,1.4645996499999998,-0.5920015000000001,-0.8775574999999999,2.0080999999999998,0.3845249999999999,25.771701500000002,preci,JJASO,Day
21.75_100.25,3.4230399999999994,-0.6322729999999391,-0.0036733149999999947,-1.328345,-1.3446014933000001,0.728964,-0.2105095,9.495575,preci,JJASO,Day
21.75_100.75,3.7958500000000006,-1.5481049999999419,0.10599120000000001,-1.06108,-0.9507405,1.39442,-0.9839834999999999,4.534555,preci,JJASO,Day
21.75_101.25,3.6139150000000004,-1.5333100000000002,-0.21491047700000002,-1.031393,-1.1565219999999998,0.0,-0.21227600000000002,1.76133275,preci,JJASO,Day
21.75_101.75,2.984095,-0.4327875000000002,0.01018855,-1.13436,-1.5027675,0.7509400000000002,0.28510500000000016,0.9598800000000001,preci,JJASO,Day
21.75_102.25,2.7685,-1.3376293,-0.14723050000000001,-1.0049025000000003,-1.37501392,0.0,-0.202279,0.485058555,preci,JJASO,Day
21.75_99.25,4.226805000000001,-0.5301135,4.1621049999999995,-0.8676335,-1.3598255,3.4081884999999996,1.6657563499999999,18.883025,preci,JJASO,Day
21.75_99.75,3.87219,-1.434069999999942,0.0,-0.8513750000000003,-1.136365,0.17557055,-0.8056249999999998,14.76843,preci,JJASO,Day
22.25_100.25,2.61013,-1.6083349999999998,0.7221149999999996,-1.7571250000000003,-1.7500228,3.24616,-0.562702,4.3146249999999995,preci,JJASO,Day
22.25_100.75,3.0704055000000006,-2.240094999999936,-0.42419785,-1.3756150000000003,-1.3636400000000002,0.42476500000000006,-1.6456595000000003,3.5986295,preci,JJASO,Day
22.25_101.25,2.7358284999999998,-1.99642,-0.00456161,-1.6376050000000004,-1.8857050000000002,2.1965e-08,-0.5847124999999997,2.9056724999999997,preci,JJASO,Day
22.25_101.75,1.9173099999999996,-2.1277999999999997,-0.018308199999999913,-1.9353949999999998,-2.5394745,0.08555694999999999,-0.8565544999999996,1.1581549999999996,preci,JJASO,Day
22.25_102.25,1.71147258,-2.6442150000000004,-0.7253090000000003,-1.78284484082,-2.3311424999999995,-0.6785900000000001,-1.43934,0.026469499999999993,preci,JJASO,Day
22.25_99.75,2.9748450000000006,-1.75854,0.24420160000000002,-1.403519,-1.6825949999999998,-0.38283950000000005,-0.627627,7.4092196,preci,JJASO,Day
22.75_100.25,1.7070336499999996,-1.8210505000000001,-0.1803769999999999,-2.20671,-1.966915,-0.0009194599999999998,-1.84145,4.524355,preci,JJASO,Day
22.75_100.75,1.8111000000000002,-2.2334125,-0.502255,-2.127985,-2.0560400000000003,-0.9175850000000001,-0.9841150000000001,3.167175000000001,preci,JJASO,Day
22.75_101.25,1.56375,-1.43364,1.5502774999999995,-2.05818,-2.209215,6.1289756,-0.099661515,4.171950000000001,preci,JJASO,Day
22.75_99.75,2.251835,-0.9094454999999998,0.0,-1.72193225,-1.877049,1.0314850000000002,-0.12751500000000004,8.007878999999999,preci,JJASO,Day
23.25_100.25,1.7851649999999994,-1.8642,-0.5633489999999999,-1.748903,-1.787095,-0.0153656,-1.43648,7.9486550000000005,preci,JJASO,Day
23.25_100.75,1.6960249999999997,-1.6199655,-0.15169049999999995,-1.8355232799999994,-1.8210049999999995,1.2256474999999998,-0.6453730000000001,6.231269600000001,preci,JJASO,Day
23.25_99.25,2.7397110000000002,-1.5725552499999997,-0.08470499999999997,-1.2300267211,-1.833215,0.0,0.0,21.28505,preci,JJASO,Day
23.25_99.75,2.1379034999999997,-0.7691930000000002,0.0,-1.4939900000000002,-1.7803898,0.32592849999999984,0.0,14.014725000000002,preci,JJASO,Day
23.75_100.25,2.14513,-0.2513620000000001,0.05349650000000004,-1.054022,-1.2303250000000001,1.03178,-0.04887359999999999,14.861585,preci,JJASO,Day
23.75_100.75,1.85081,-1.0720849999999313,-0.05821655,-1.38126255,-1.4521849999999987,0.5476944999999998,-0.1067345000000001,10.60725,preci,JJASO,Day
24.25_100.25,1.8641949999999996,-0.43535649999993975,-0.24361950000000004,-1.2172250000000002,-1.06608,-0.003092915,0.060676635,21.28928,preci,JJASO,Day
24.25_100.75,1.8385529999999999,-0.6094074999999999,-0.474685,-1.10506,-0.9049085000000001,0.0,-0.05104874999999998,16.660612,preci,JJASO,Day
24.25_99.75,2.1592754999999997,-0.7752764999999999,0.1403850000000001,-1.2431699999999999,-1.164592,1.9578365,0.3517100000000002,18.9084165,preci,JJASO,Day
24.75_100.25,1.502816,-0.6513845,0.057062499999999974,-0.8891199999999999,-0.8204230000000001,0.06910460000000028,0.00927,19.26041,preci,JJASO,Day
24.75_99.75,1.7941676500000001,-0.8100734499999398,0.8917964999999999,-0.8345418284999999,-0.8464550000000001,0.9490700000000001,0.0028859,16.792405000000002,preci,JJASO,Day
25.25_99.75,1.66615,-0.6040810000000001,0.3064110000000001,-0.5542236,-0.5703945,0.8279566,0.0,22.7388931,preci,JJASO,Day
25.75_100.25,0.48389000000000004,-0.5356565,0.6202000000000001,-0.8757701500000001,-0.6673414999999999,0.0955525,-0.13127,26.713986649999995,preci,JJASO,Day
25.75_99.25,1.9408381000000001,0.19378669999999967,1.5637619999999999,-0.58720275,-0.37627849999999985,1.1452750000000003,0.1195455,63.80562499999999,preci,JJASO,Day
25.75_99.75,0.8957699999999998,-0.28312899999999996,2.3289470000000003,-0.7049140000000002,-0.6333715,0.80511719,0.0,39.85094,preci,JJASO,Day
26.25_99.25,1.4195000000000013,1.41872,1.4071319999999998,-0.780805,-0.4210205,1.64757,0.7092425000000001,85.84015360000001,preci,JJASO,Day
26.25_99.75,0.6115750000000002,-0.013775799999939697,1.6757195,-0.9006600000000002,-0.5083625000000002,1.0756199999999998,0.08016250000000004,59.427605,preci,JJASO,Day
26.75_99.25,1.392995,0.8427388000000002,3.6596849999999996,-0.5057189999999996,-0.1450325,4.0509965,0.715765,100.11556999999999,preci,JJASO,Day
27.25_99.25,1.55554,0.7816732,1.625401364,-0.2151806,0.06660988000000001,2.4550775,0.33415549999999994,103.67545650000001,preci,JJASO,Day
27.75_98.75,1.266675,1.150235,2.68187,-0.27677700000000005,0.05183310000000001,1.51877,1.1673409999999997,76.809845,preci,JJASO,Day
28.25_98.75,1.39839895,4.9961434595,1.222594,-0.03521155,0.19699445,1.5308875,3.2483950000000004,55.778549999999996,preci,JJASO,Day
28.75_98.75,1.57788,1.1147865000000001,0.140374,-0.05050525000000018,0.3342092,0.24186900000000003,0.813095,52.854725,preci,JJASO,Day
29.25_98.25,1.0323674999999999,0.007387668,-0.000527744,-0.0983916,0.044014,1.3495048,0.5007199999999999,34.215905,preci,JJASO,Day
29.75_98.25,1.02526345,0.007896379999999995,0.005297742499999999,-0.1436913,-0.001219831,0.02707150000000006,0.8032983000000004,19.33286,preci,JJASO,Day
30.25_97.75,0.708615,0.612015,0.8585549999999997,-0.279979407,-0.1814575,2.83307,1.3681789999999998,18.473066000000003,preci,JJASO,Day
30.25_98.25,0.7804819208,0.11738925,1.731855,-0.19287250000000003,-0.2349765,1.996751,0.636905,13.331824000000001,preci,JJASO,Day
30.75_97.25,0.8062299999999999,-0.059886999999936075,2.3445055000000004,-0.5750105000000001,-0.40805325000000003,2.498482,0.0650715,29.85812,preci,JJASO,Day
30.75_97.75,0.89168394,1.16155e-13,1.5178280000000002,-0.495527,-0.45464099999999996,0.5712768,0.14785100000000004,31.881736,preci,JJASO,Day
31.25_96.25,0.85701,1.2531e-13,1.590887,-0.59515955,-0.601912,1.6230799999999999,-0.03573135000000007,25.617708,preci,JJASO,Day
31.25_96.75,0.46542110000000003,-0.1785784999998773,1.4738259999999999,-0.6111110000000001,-0.551302,1.61902225,-0.0509126705,19.58856,preci,JJASO,Day
31.25_97.25,0.7557891,-0.22087850000000014,2.1338950000000003,-0.7748659999999998,-0.70877625,2.9041919999999997,-0.11939949999999995,26.340975,preci,JJASO,Day
31.75_95.75,0.90367045,1.2549e-13,1.6297687,-0.44824,-0.7796564500000001,3.131214,0.7750680000000001,41.7230605,preci,JJASO,Day
31.75_96.25,0.6724245000000001,-0.02970204999993875,1.4901289,-0.5076015,-0.77807865,1.7631525000000001,0.13118845000000007,31.1423,preci,JJASO,Day
31.75_96.75,0.38043099999999974,-0.3104706,0.513465,-0.5055399999999999,-0.7995215,0.707805,-0.172856,22.316888499999997,preci,JJASO,Day
31.75_97.25,0.5596135,-0.25681199999993554,0.6855199999999999,-0.5943039999999999,-0.9491775,1.38847,-0.066018,23.209644,preci,JJASO,Day
31.75_97.75,0.5599160023,-0.032142149999942096,2.245326,-0.731535,-0.946951,2.677651,0.026020150000000006,32.067485,preci,JJASO,Day
32.25_94.75,1.1336514800000002,-0.2027657499999379,0.35008865,-0.33656600000000003,-0.821937,1.224055,0.027440299999999997,47.590338,preci,JJASO,Day
32.25_95.25,1.204955,-0.05471044999994132,0.30652295000000007,-0.37542624999999996,-0.8647875,-0.29847500000000005,0.0,48.634074999999996,preci,JJASO,Day
32.25_95.75,0.9930030000000003,-0.2102433499999427,0.043447,-0.36799550000000003,-0.8969194999999999,0.00026635,-0.09808054999999999,43.098914,preci,JJASO,Day
32.25_96.25,0.8574665,-0.3106285,1.2414049999999999,-0.2869415,-0.7567584999999999,0.3227445000000001,-0.1348495,33.957446,preci,JJASO,Day
32.25_96.75,0.7380650000000001,-0.11523749999993585,1.4130380000000002,-0.25847544,-0.7078309999999999,1.6709575,-0.052045999999999995,26.470889999999997,preci,JJASO,Day
32.25_97.25,0.8582865000000001,-0.0021557349999410547,2.3433844,-0.26705761250000015,-0.8633890000000002,2.477975,0.027737784999999994,27.724778999999998,preci,JJASO,Day
32.25_97.75,0.8157366,-0.2055014999999435,0.958221,-0.53764793705,-1.042594489,1.41739585,0.0,29.87005,preci,JJASO,Day
32.75_94.75,1.151232,-0.21161449999999998,-0.04407349999999993,-0.3599025,-0.7765495000000001,0.000436455,-0.13198549999999964,49.91469,preci,JJASO,Day
32.75_95.25,1.141695,-0.4958994999999332,0.9497350000000002,-0.24174979199999996,-0.7583245,1.55966,-0.30826600000000004,50.79591,preci,JJASO,Day
32.75_95.75,0.9968200000000004,-0.41074954999994256,2.499355,-0.2226367,-0.7714,4.4561744,-0.18896500000000005,47.06364,preci,JJASO,Day
32.75_96.25,0.9651699999999999,-0.3539414999999346,2.163666,-0.24852249999999998,-0.717304,1.6356725,-0.14884050000000001,39.32635,preci,JJASO,Day
32.75_96.75,0.7136379999999996,-0.0579694499999425,4.4593365,-0.30057100000000003,-0.7468339420000001,3.7921949999999995,-0.023854900000000064,35.269445000000005,preci,JJASO,Day
33.25_94.25,0.56611395,-0.4092605,0.6731434999999999,-0.36733249999999995,-0.6747495,0.6284999999999998,-0.18332500000000002,38.930385,preci,JJASO,Day
33.25_94.75,0.6705979999999999,-0.57455269,0.642177,-0.2294875,-0.727735,1.2860829999999996,-0.25917999999999997,45.608073700000006,preci,JJASO,Day
33.25_95.25,0.76205555,-0.15602100000000002,2.6939,-0.09554860000000001,-0.68109,2.683965,-0.16067734499999997,50.179384999999996,preci,JJASO,Day
33.25_95.75,0.786065,-0.003022619999875415,3.6317294999999996,-0.1529765,-0.70719579,7.386136499999999,-0.00407227,51.6131545,preci,JJASO,Day
9.25_105.25,1.8938100000000002,-3.432510999999943,2.0410899999999996,-2.0921412000000004,-0.9478849999999996,1.2116099999999999,0.35807149999999976,71.3849,preci,JJASO,Day
9.25_105.75,2.6318249999999996,-1.92022,0.9248899999999995,2.9645525000000004,-1.04894,2.0594699999999997,-0.19154000000000027,86.59701,preci,JJASO,Day
9.75_105.25,2.1707600000000005,-1.9972300000000012,1.0266199999999999,-0.41347849999999997,-0.424609,2.0636418,0.9846849999999994,96.4574,preci,JJASO,Day
9.75_105.75,2.71436,-2.7677034999999997,1.86231,0.0,-0.401235,1.7011995,2.0821400000000003,80.93606,preci,JJASO,Day
9.75_106.25,2.97186,-2.3216229999999998,1.9585449999999995,1.3277,-0.05933500000000014,2.029145,0.6654,82.571385,preci,JJASO,Day
10.25_104.75,2.2836029300000003,-0.3180447106666624,3.3521796903225813,21.083866561935004,6.561891944999999,3.3170373545161302,-1.1449786166666667,156.7246692688172,preci,JJASO,Mon
10.25_105.25,1.9739442419354845,-0.8861327290322536,2.0589906741935486,17.187586026881718,1.469673177419355,1.9656734677419356,1.8297044741935484,138.99018616935484,preci,JJASO,Mon
10.25_105.75,1.8202255451612905,-1.473181126236554,1.3184252172043012,13.068601326002467,1.0539251781612902,1.1585747935483872,2.387663355752689,124.94020267422883,preci,JJASO,Mon
10.25_106.25,2.58523941935484,-1.626251810677404,1.2448687892473118,9.433679890106298,1.9357827263440854,1.5844555555376343,1.9051093290322574,126.18615564380644,preci,JJASO,Mon
10.25_106.75,2.292744758064516,0.5664946554301089,-1.6052399075268822,9.321746204075374,1.3056300746344083,0.6526100512365591,1.158159209677419,155.32845029916666,preci,JJASO,Mon
10.75_104.75,3.3056808848387096,-1.5206113283333158,2.764139033870968,21.946626344500004,5.308489483333333,2.9969343948064524,-0.16959128870967666,110.79056136683333,preci,JJASO,Mon
10.75_105.25,2.6427474428333326,-0.11862492854837159,2.5571999901451616,15.369724427876609,2.7521812750000008,2.706555507349462,3.807497286666667,105.38170315645161,preci,JJASO,Mon
10.75_105.75,1.9654510344086025,-0.12900845322579735,1.7290459069892479,11.489423583333547,2.131026129032258,1.609769535483871,3.1494336403225804,121.04083615053763,preci,JJASO,Mon
11.25_104.25,3.098756117833333,-0.8123137599999848,1.218376658677419,20.87947464533333,3.3591864449999997,2.2546393207580646,-1.3849966204838706,84.20186768532257,preci,JJASO,Mon
11.25_104.75,2.6725517392473126,-1.6346908179139747,0.767361254247312,14.492014674133685,3.6720910565053764,1.6759371854838712,1.3771823953333338,74.06198618559156,preci,JJASO,Mon
11.25_105.25,2.4022292759677417,0.5652513291666725,2.4428276874418287,11.815846764244203,3.7446038879569894,2.302998353924731,5.3448337850000005,79.82739784500001,preci,JJASO,Mon
11.75_104.25,2.5784661283333334,-0.4405425198924693,-1.3934607976021502,15.15931883170876,4.331907601666666,-0.4506786188172045,-0.36109527723704327,47.04218250645161,preci,JJASO,Mon
11.75_104.75,2.2279076655913976,-1.0594626620967729,0.09101261283333306,9.958094012509333,4.022890740000001,0.6983874362365587,2.6673849476666667,49.624090366129025,preci,JJASO,Mon
11.75_105.25,2.50479168133871,1.089037693333336,2.1087241069892473,11.139559778978494,4.140630221983871,2.2902047903225813,5.906140835908602,68.11014633333332,preci,JJASO,Mon
12.25_103.25,1.559555309892473,5.93718650107527,0.78383805844086,32.66662706413979,2.8654969965499992,3.176692536021505,1.8169307380645163,134.44677659016128,preci,JJASO,Mon
12.25_103.75,2.099655852236559,1.2986592258064542,-1.7661266263978495,17.79550351419355,3.671884139354849,-1.046173280645161,-0.7767964725806451,60.87637991143134,preci,JJASO,Mon
12.25_104.25,0.942471869892473,-0.7782757370967661,-0.023041650000000136,10.81328213528871,3.316516223188172,0.9464109139247308,2.46713657467742,40.21560215666667,preci,JJASO,Mon
12.25_104.75,1.0835808462365586,-1.1776684241935462,0.5499981768817199,7.723905033811005,2.7488302713978503,1.2630425144462367,3.159901031075269,46.92248178142147,preci,JJASO,Mon
12.25_105.25,1.5271213914310535,0.9156357608333341,2.4526444741935487,10.868377075430105,3.124453652150538,2.4716735225322575,5.810072872580645,85.28752275430645,preci,JJASO,Mon
12.25_105.75,2.0120161234999996,-0.04330812333333345,2.069950591935484,12.849270035483872,3.334071406073818,2.665767558064516,6.370546356499999,141.49599373655914,preci,JJASO,Mon
12.25_106.25,2.3301034790322577,-0.9518471649999882,2.8396145439953955,12.426084579348334,3.924132274193548,3.183465983870968,5.799638322580645,248.09794825161288,preci,JJASO,Mon
12.25_106.75,1.5376567053333332,-0.5478114488709616,2.1265458435483864,12.811828113978493,3.566508428870967,0.8001160550537638,3.3969667499999994,406.64005784817203,preci,JJASO,Mon
12.25_107.25,-0.1823464112903217,6.919447583333336,7.034599083333335,9.640432753000002,1.1915491621505376,3.4629405419999997,8.998405261827955,545.3011524530107,preci,JJASO,Mon
12.25_107.75,-0.8707926129032248,3.7478513096774195,-1.1528967150537635,7.918301080537634,0.4284548385166662,-1.0890322166666655,-1.9039029306451618,291.5799835352151,preci,JJASO,Mon
12.25_108.25,0.08168729032258026,9.796412285483868,-1.899161219354839,9.896817199516128,1.758218386667894,-1.9700075419354837,3.208436144623655,97.62525428131971,preci,JJASO,Mon
12.75_102.75,2.3635707899999994,0.2232835854838786,2.581661401774194,28.27021027378495,2.3403381608602154,4.443557599999998,-1.3593645263440866,149.29187760537633,preci,JJASO,Mon
12.75_103.25,1.7328890618279562,-1.057489627419353,-0.757393526723698,18.302833211666666,3.2265917438333336,-0.655550540322581,-2.0793063596774193,85.766051967457,preci,JJASO,Mon
12.75_103.75,1.1846925293548385,-2.578767583387089,-1.2213244403225798,9.903404926908603,2.71570902327957,-0.4650982177419356,-0.6735411876344091,55.963746788709685,preci,JJASO,Mon
12.75_104.25,0.716379934774193,-2.0643864895483715,-0.024868927419354758,8.456752446451613,3.10984911344086,0.5047322876344085,1.0812970107526887,59.63019658548387,preci,JJASO,Mon
12.75_104.75,1.3034263037096783,-1.3329041987902865,1.276439597724194,7.913456757161291,1.3023232401666665,1.7024283413440857,2.888173943548387,87.84667198675143,preci,JJASO,Mon
12.75_105.25,1.605818164516129,0.32777535790323364,1.8373571838709681,12.217016074412097,1.9585203795698924,2.6651802419354826,5.482817870967742,124.31022189062904,preci,JJASO,Mon
12.75_105.75,1.961381953225806,0.4205778875806545,2.1955555713440864,13.41066878861129,2.966995881236559,2.1127038240322586,4.818661612903226,160.87904316129033,preci,JJASO,Mon
12.75_106.25,1.8958577700000006,-1.8798377449462356,1.9916446232458063,7.976592458225808,2.8722855592166665,1.8444422338569897,3.5482256694623655,231.08842571666668,preci,JJASO,Mon
12.75_106.75,0.8481424822580645,-1.8474043860215046,2.277340156881721,8.510358143333333,2.988194146774194,2.4408637908602158,3.013585469193548,299.6285403333333,preci,JJASO,Mon
12.75_107.25,-0.8495460333333331,-2.6161670032257964,0.3702966659954473,8.305916354838708,0.30085760645161264,2.4106707682795694,0.22343111522043024,330.07372009569895,preci,JJASO,Mon
12.75_107.75,-1.0480653854838708,-3.7723120779569896,-2.1663393225806455,6.277750451891398,0.0790538532258056,-0.8811740971811826,-3.942844246774193,227.60448561666666,preci,JJASO,Mon
12.75_108.25,-0.2207658318817205,-1.6963964,-2.520963696043011,6.029274788333334,0.26202330441935495,0.1341073145161289,0.5131571199999994,88.62425783709678,preci,JJASO,Mon
13.25_102.75,2.4973157669354844,-0.7631835815161123,0.3886633548387102,14.830987207833335,2.509933851833332,-0.3254792461666667,-1.7166633390322585,125.30810825334947,preci,JJASO,Mon
13.25_103.25,1.6235395208064514,-1.2727118322580535,0.29083419430107527,9.87835295,2.4687469765,1.0136962899999997,0.48296365806451647,98.98858811451612,preci,JJASO,Mon
13.25_103.75,0.918290137043011,-0.39852085483870603,1.524913836666667,7.468442645322579,2.1865600166666668,2.0211511284946244,2.439384299032259,96.1067376435484,preci,JJASO,Mon
13.25_104.25,1.2367049623118287,-0.2630994058064491,2.5216901650000003,8.08701862425,1.5439434588494625,3.1089354874731185,3.9034300470967738,129.27848872580643,preci,JJASO,Mon
13.25_104.75,1.7486419006799139,-0.5863392862903154,2.48903777311828,9.950974584999999,1.7381763916666664,3.227054875,3.1809426377419365,163.2672895654839,preci,JJASO,Mon
13.25_105.25,2.1117802299999995,0.37288304593548594,1.6485105900537647,10.337050893316075,1.806057201666666,2.722452991666667,5.102085,176.86281443032257,preci,JJASO,Mon
13.25_105.75,1.826304048387096,0.5895447429677598,2.0460393935483867,10.894503115553302,1.444509857951613,1.6301186740322584,4.321861561290323,185.53762075121728,preci,JJASO,Mon
13.25_106.25,1.4034607061290312,-1.5864518830644736,2.99491029032258,8.717070112903222,1.464820954301075,3.1737683338709664,4.425815718817204,213.498388616129,preci,JJASO,Mon
13.25_106.75,0.33595624999999973,-1.7949850614515934,2.0010905325633908,5.821343195241936,1.0679166387096783,3.2085401205913975,2.917223129569893,273.7150019354839,preci,JJASO,Mon
13.25_107.25,-0.6621721079106342,-4.594764608655902,-1.0929777896833333,4.531398496935484,-1.0126814675806441,0.3783300899359676,-2.7544798038967735,313.68130925268815,preci,JJASO,Mon
13.25_107.75,-1.1278705188172045,-4.540363471774188,-1.9447867520000002,3.9174691968285673,-1.638529732333334,-1.7664877333333346,-3.3432064987096775,226.9017402436242,preci,JJASO,Mon
13.25_108.25,-0.2725224616666666,-2.2356227709677423,-0.2039133473118282,5.053731345698925,-0.9951421451698921,1.2028551370967744,0.7875787096774189,119.30021226776599,preci,JJASO,Mon
13.75_102.75,1.5939478137540155,-1.3786490211827847,0.2317728343419354,7.729135882435001,2.536462374175806,1.0058013580645158,-0.4393384261290325,148.9351904080645,preci,JJASO,Mon
13.75_103.25,2.119683455833333,-0.6243563451612866,1.38185269978457,7.456075975825001,2.611759120284946,1.7993018739247315,1.5124811955376354,151.2287513065968,preci,JJASO,Mon
13.75_103.75,2.016038857268817,-0.6174048609677341,1.984216483494623,9.27652834335,2.0039671010634406,2.523290655591398,3.7439899094086018,176.42166463548386,preci,JJASO,Mon
13.75_104.25,1.953485389333334,-0.44254459021502224,2.4674413271666666,8.98162660940288,1.4940036827956993,3.010800478709678,4.286847300821935,199.06847278064515,preci,JJASO,Mon
13.75_104.75,1.966574570806452,-1.1952163564515876,1.876549435483871,6.852280002363978,1.2422671882849456,2.088273289032259,1.592831093387097,204.67424917741934,preci,JJASO,Mon
13.75_105.25,2.0067343633333334,-1.31327723951611,0.8318025322580644,6.462945532258064,1.4616284161891615,1.605801376860216,3.643296882526882,204.10724930000003,preci,JJASO,Mon
13.75_105.75,1.756901645237091,-0.2437249806451609,1.8964064421,7.961573565430108,0.9584761212200545,2.1268281033333345,2.9894999354838707,217.71439203274196,preci,JJASO,Mon
13.75_106.25,1.3513624381720417,-1.1012018449999927,2.671825400000001,6.636613250527903,0.3847663951612903,1.9586353403225796,3.108852960752688,283.786859483871,preci,JJASO,Mon
13.75_106.75,0.49554598461627386,-2.3893080308333294,0.09474910510752688,5.187919235809678,-0.4718348548387086,1.0394327580645157,3.5667272302688167,405.6995969354839,preci,JJASO,Mon
13.75_107.25,-0.08185895110161256,-3.3416975146774135,-0.02256918359963289,4.114381816666667,-1.3942874429037635,0.14134575268817162,-1.1466535249999996,467.27494141397847,preci,JJASO,Mon
13.75_107.75,-1.3421889779569884,-3.659584726666665,-1.4266161064516125,1.9918970715053779,-2.7982246402150532,0.36509116451612744,0.4902721384193547,298.90871223064516,preci,JJASO,Mon
14.25_102.25,2.325948652374484,6.4591791327419354,2.058443759677419,13.01779537327957,2.2220447513333337,1.8199685919354838,2.7168260241935496,165.0944574384946,preci,JJASO,Mon
14.25_102.75,1.4818325641559136,2.897743965000009,0.8057241081129034,11.1506175649,1.7234539004999998,1.803285690424731,1.4751586454838703,149.27999868870967,preci,JJASO,Mon
14.25_103.25,1.5251380550000002,0.35017231505376545,0.6620824898924731,8.140637180662795,1.6597427244048342,1.4024286687258065,2.1465440280215056,167.18490809758094,preci,JJASO,Mon
14.25_103.75,1.464033756354839,0.466735663548393,1.271953462177419,7.565909991612904,1.1910542283333334,2.2704709317204297,4.64111604016129,195.82623479,preci,JJASO,Mon
14.25_104.25,1.7183737809835522,2.0172508503225806,2.5953750564516125,8.245515418336403,0.7950797707903221,3.394694386666666,6.779653313333333,200.43922626966668,preci,JJASO,Mon
14.25_104.75,1.4821020883333325,-0.8025556400537432,0.548141718670654,4.942727127419355,0.48857476445000003,0.7504792610215056,2.909588866241936,195.62506672043008,preci,JJASO,Mon
14.25_105.25,1.259026762365592,0.8621695193010788,2.298537188709677,5.503221833548386,-0.35012743247311917,1.7854992943978503,7.878571133333333,220.07756987849461,preci,JJASO,Mon
14.25_105.75,0.9334629811833342,-3.319946749833317,0.42634606649080675,2.360633815404839,-0.7377053611666669,0.9057423333333343,0.20582946935483815,303.67403208688177,preci,JJASO,Mon
14.25_106.25,0.6293683625806445,-2.232734283924713,0.6008325538709682,3.525279316666666,-0.726369477284946,1.7222700880333335,1.8732266448387096,430.43760818887097,preci,JJASO,Mon
14.25_106.75,-0.19581433500000056,-2.0840269032258067,0.8342813983333333,2.625469902629033,-1.3866953570430107,2.2973570580645157,3.725543709677419,559.9257077569894,preci,JJASO,Mon
14.25_107.25,-1.2287651900000007,-2.308368543032243,-0.11411543166666593,1.0056811212903223,-2.4627162586021507,1.341263359677419,1.3365866499999992,522.9309688999999,preci,JJASO,Mon
14.25_107.75,-1.1041313337634406,-2.1313595951612907,-2.487795906989248,1.387988454166667,-2.4284086891935477,-2.020416346394701,-1.4130019032258065,229.7561905963674,preci,JJASO,Mon
14.25_108.25,0.2046300645161283,4.15749767048387,-2.1988795106451615,4.642300186451613,-0.520701594967452,-1.2471058420483878,1.6333473387096777,89.34830339698706,preci,JJASO,Mon
14.75_101.75,3.200021136666666,3.359614479900008,1.037636301612903,9.167272608978493,2.9688041294086025,2.0888064365666663,1.607188617753226,191.8323437632742,preci,JJASO,Mon
14.75_102.25,2.4904029666666667,-0.6947873387741934,-0.8299856443688163,7.039046158687096,2.0599179931666662,0.47255697561290355,-1.1724773541612898,135.42268764970754,preci,JJASO,Mon
14.75_102.75,1.2320891529346438,-0.07128996129032261,0.055190934091397637,5.64305917403226,0.7015253191688169,0.5580214504569896,0.29466896172043033,121.28115616445163,preci,JJASO,Mon
14.75_103.25,0.981198378467742,-0.1757853480645002,0.21662432316290303,4.551947458333333,0.3278761604838709,1.2043528380000001,1.5640175288709675,141.5150590419355,preci,JJASO,Mon
14.75_103.75,1.40186743483871,-0.446995555806442,0.4783121496774192,3.7533836286559135,0.30366159844053786,1.2799547408064522,2.0580263854516136,161.18330427419352,preci,JJASO,Mon
14.75_104.25,1.7889453484946234,0.08532644026882297,0.5441542651075268,3.669538540636559,0.4440882182419359,1.4650497680483872,2.238249387580645,169.49250940854841,preci,JJASO,Mon
14.75_104.75,1.2746588606075262,-0.9866799524193541,0.16206666719354867,1.855581284833363,-0.5858912309032254,1.1164262719032263,1.5380934028494615,192.10110583258063,preci,JJASO,Mon
14.75_105.25,0.415970966666666,-1.6923166094623618,0.8061897917204299,0.8439848247849477,-1.4270877839516136,1.7905655000000005,1.374278953225807,259.5981054264355,preci,JJASO,Mon
14.75_105.75,-0.7314370435483863,-4.498489533333331,0.027820145746774383,0.5682776500000015,-2.4812783571666666,0.1832667943996128,0.6319580647849463,403.5371944870968,preci,JJASO,Mon
14.75_106.25,-0.7213194967741932,-1.6124065286021474,-0.8501956554639365,1.4059129581129035,-2.97805568016129,0.07386892472580664,10.28612566129032,498.5668398709677,preci,JJASO,Mon
14.75_106.75,-1.281456123279571,-1.4647372258064513,0.13670395851290307,-0.46086033870967746,-3.0438206248763424,1.4565559822580632,0.5010555080645158,466.87805612419356,preci,JJASO,Mon
14.75_107.25,-1.7940868466666666,-3.181160153333334,-3.5135422799516127,-0.7966305263440856,-3.399613125727419,-3.5965911894677425,-3.6033914258064526,288.8428487419354,preci,JJASO,Mon
14.75_107.75,-0.6621820633333342,3.73254964032258,-2.5962024739944463,1.7557053726881724,-2.260780086666667,-1.9258430645161293,0.2639802333333341,120.34861679586021,preci,JJASO,Mon
14.75_108.25,0.39029860806451655,7.733109854838711,-1.256614833333333,6.118932321021505,-0.4067343370967751,-1.283182,5.493583383333333,64.59595496140193,preci,JJASO,Mon
15.25_101.75,2.4229897765483868,0.4126865353225866,0.6172587770967737,6.9423934719354845,2.9715823795333334,1.3436678777564999,-0.4140892839612902,167.61419486769353,preci,JJASO,Mon
15.25_102.25,1.536785310983871,-1.5360245043548122,-0.11613474048387085,4.947028079991386,1.5260763155000072,0.026678037999999793,-0.9672942016666661,108.0533417483871,preci,JJASO,Mon
15.25_102.75,0.9847540158387096,-0.9427200208333237,0.4176806740612897,3.9034414813333336,0.9199309913903226,0.9817955817741932,0.2295030201612902,88.21738697938807,preci,JJASO,Mon
15.25_103.25,0.9349697959535213,-0.731262535806442,0.7164907984983926,3.6448599625591402,0.27022439542183063,1.4012106012258068,0.7945947564516134,102.67556808082259,preci,JJASO,Mon
15.25_103.75,0.871612670752689,-1.277800957526881,0.5982022805483872,2.549407636129033,-0.11746301451612906,1.4442295600000001,0.411679182903226,136.0411655952688,preci,JJASO,Mon
15.25_104.25,1.3593596437582334,-0.7372609714516125,1.0236644643548387,3.2146887960376347,-0.3702372678608068,1.5358834067419351,1.7173314459677416,158.51274958989256,preci,JJASO,Mon
15.25_104.75,0.8328096321073071,-1.5138075354193408,0.5585771703116666,1.7627083875806457,-0.8204350887709679,1.3655482903225815,2.0926840045322574,198.38566443064516,preci,JJASO,Mon
15.25_105.25,0.3037558705695318,-2.7498979892473123,-0.32289049844086026,0.3383400346666665,-1.3879661254999998,0.5359333308602139,1.2163041172580642,277.3155310647312,preci,JJASO,Mon
15.25_105.75,0.2247527933333342,-0.4775192149999799,0.09529283331612909,0.7306152586612907,-1.8466825054868505,-0.14246729840770578,1.8319640674241926,398.0898829645161,preci,JJASO,Mon
15.25_106.25,-1.8520805488333334,4.869987024731185,2.7632634032258077,-0.6074292999999993,-3.831709996666666,2.34038885483871,13.44516998655914,435.6266209666667,preci,JJASO,Mon
15.25_106.75,-0.9777264516129036,-2.7455174532258066,-1.3882627059677413,-0.21823125696774204,-3.190122492105645,-1.8194986940978495,-3.1494519838709674,285.60561665,preci,JJASO,Mon
15.25_107.25,-3.0134996682795703,-3.760108072043012,-6.844399617258064,-0.31280646666666767,-4.662982892096775,-6.2047353559139795,-1.5091811370268822,124.86483054148479,preci,JJASO,Mon
15.75_101.75,3.0482809444026886,0.28356902031881903,0.5918101104666667,4.806773955024784,1.5757478768548385,1.7689129647311819,-0.8378627523655916,165.9738321370968,preci,JJASO,Mon
15.75_102.25,2.2991144501555323,-1.381819457983856,-0.0662013011611772,4.022276873431666,0.9537198537575,0.9313718138603235,-1.1924716888709677,89.07430435700002,preci,JJASO,Mon
15.75_102.75,1.6314791639262578,-0.9823323999790042,0.7444093666666669,3.201799738,0.520809230833363,1.7827781929032256,0.5138542516129032,76.98630513642473,preci,JJASO,Mon
15.75_103.25,1.3193826983333325,-0.3723148042472977,0.9337783364032256,2.835065706843854,0.04862604081935584,1.5299514492419357,1.930862545806451,99.42221447403226,preci,JJASO,Mon
15.75_103.75,1.5525634466129032,-0.835657529397809,0.7729695659677427,2.649481086451614,-0.1792956604838709,1.6047840180483872,2.05346091332258,131.85442114241334,preci,JJASO,Mon
15.75_104.25,1.2514391418598547,-1.3629652500000011,0.5105624714516135,2.1305963288284335,-0.8543954118817206,1.8790380413333345,2.6394424975591395,149.0007105396774,preci,JJASO,Mon
15.75_104.75,0.8393116619193535,-1.4096531306451614,0.7785014474032264,1.4269425762629036,-1.5563589637494994,1.6752763320686561,4.05815695483871,168.04875078225808,preci,JJASO,Mon
15.75_105.25,0.6039365000000005,-1.7017799115322494,1.5183554803636725,0.021659350000001076,-1.5903070433333335,1.8017480511290325,3.021483834946236,234.49813062903226,preci,JJASO,Mon
15.75_105.75,0.10031235249999915,-2.5556053505913905,1.0487564847849464,1.6536780925000008,-2.062558038365591,1.5550280962365592,2.0414110924946236,344.8770094073602,preci,JJASO,Mon
15.75_106.25,-0.5486026838709686,-3.8556559200000002,-3.6380553758064518,0.7503216389784955,-2.542097653907468,-0.5680894684936675,0.30461166833333264,310.42301916494625,preci,JJASO,Mon
15.75_106.75,-2.138829406666665,-3.0085242882258068,-4.523072210216666,-1.0943538207896766,-4.571181716720431,-4.92668329630645,-4.206664611666667,154.7441280602143,preci,JJASO,Mon
16.25_101.75,3.8790908387096774,2.6855426462903242,1.9839598499999995,4.592002482258064,1.6608601015645166,2.695122839247312,0.6960453735483876,132.75834915886097,preci,JJASO,Mon
16.25_102.25,2.876107800206295,-0.8520268956451112,1.9434817444999997,4.010683475010753,1.1746022170683332,3.0265354959537634,-0.9279914168709679,68.32280462604669,preci,JJASO,Mon
16.25_102.75,1.5584208262365595,-0.7018142456451445,0.8757354559946238,2.4021019488709667,0.3617384795183338,1.2044983935483877,0.1951625209139789,70.4630844148387,preci,JJASO,Mon
16.25_103.25,1.349936332026,-0.7577197573333136,0.5329414176413977,2.672840767725054,-0.34255306788689843,0.9722701268870968,1.5270621995645177,100.30594739693795,preci,JJASO,Mon
16.25_103.75,1.5866659756451613,-1.179198473833329,0.47290365160860204,3.033148809999999,-0.8115807094499763,1.4853263252999995,2.5162921784784946,131.21661491497423,preci,JJASO,Mon
16.25_104.25,1.1260641364247315,-0.6464672604031985,0.8671076849716663,2.551122200274194,-1.6049742187096774,2.138625879032258,4.369223939193548,141.48611931984408,preci,JJASO,Mon
16.25_104.75,0.839835250645161,-1.0764057629031911,1.2796112261290324,1.4593992525799273,-2.302290927037527,1.5561859109838707,4.397239229032258,158.8648987,preci,JJASO,Mon
16.25_105.25,0.5591756400000003,-1.65986397967741,-0.14841042593387013,-0.3905397799890675,-2.75824743218871,0.5093243387096784,3.177332981182795,221.84124673387095,preci,JJASO,Mon
16.25_105.75,0.7035162096774186,-2.543329574999979,0.014108728412774885,1.1637913080000004,-2.326928418166129,0.8688740674477424,0.3902697741935488,296.60036053225804,preci,JJASO,Mon
16.25_106.25,-0.4658960677419359,-3.783734989016123,-1.358609373981568,0.28197562096774265,-3.305063937629032,-1.2746301626018952,-0.37411855016129003,194.46123558970427,preci,JJASO,Mon
16.25_106.75,-1.9145050445161296,-0.1870289045166651,-2.976565716184068,0.01822320000000044,-4.111029418524333,-1.434980103817204,0.15435246193333274,86.08495906416175,preci,JJASO,Mon
16.25_107.25,-1.1135757878333328,2.6053198998387104,-3.3393914682795693,4.306419843387097,-3.2130582621666655,-3.5412943981666665,1.0616327685483862,77.17700580606407,preci,JJASO,Mon
16.75_101.75,4.070568296666666,0.6779159585000116,2.609214527419354,3.1587123957526884,1.2214700890860222,4.565487369645162,0.05365216833333308,83.5117501548392,preci,JJASO,Mon
16.75_102.25,3.0054833413050757,-1.140500498655888,1.3584647392473115,3.0130721094898565,0.8115398629610009,2.2937128806451614,-0.9938527543333335,54.307407967,preci,JJASO,Mon
16.75_102.75,1.890369608099463,-0.44790013654298394,0.5123406308064515,2.7428800900370964,0.05605064860107545,1.3816487101463446,1.509678098548387,65.76132023980968,preci,JJASO,Mon
16.75_103.25,1.7463596563078505,-0.3658762416128635,0.22396998099999954,3.4641341172483218,-0.4416555380107525,1.3738003248387103,3.9518149819354838,92.19204936713055,preci,JJASO,Mon
16.75_103.75,1.5231771943695929,0.1690747833870967,0.9449607939677416,3.7660206987376332,-1.0594341244537633,2.183775099725805,5.99544813682258,112.03479967311827,preci,JJASO,Mon
16.75_104.25,1.6044188024731183,0.3385091593118502,1.365513340751129,2.5693387667741936,-1.462343684408602,2.418058089080645,6.973880398870968,129.4746353714516,preci,JJASO,Mon
16.75_104.75,1.7569051903225805,-0.9523267816128851,0.13736550161290406,1.0709381983333346,-1.7091977293333334,1.6454897527580639,3.6521539256881717,171.8864430550883,preci,JJASO,Mon
16.75_105.25,1.010935650015339,-1.2152017677419238,-0.06837499794142488,0.29094352768064535,-2.6402632328172038,1.3099537096774192,2.351443081935484,231.42081981580645,preci,JJASO,Mon
16.75_105.75,0.28197683870967793,-3.364911012564514,-0.7272775280108598,0.136158960018669,-3.041946893319408,0.36746792315591403,0.5194958816666666,223.19851085748388,preci,JJASO,Mon
16.75_106.25,-0.15491494677419437,-2.793315757096771,-1.7299712419348392,1.205300687688172,-2.9839472105000002,-0.20886030645161346,0.03894558199999931,107.72157212277435,preci,JJASO,Mon
17.25_101.75,3.8770172356451615,-0.6722240246774123,1.1982834161290326,2.1844437552258555,0.7844067788550002,3.2994999614516125,-1.2207710945161292,64.51073426483872,preci,JJASO,Mon
17.25_102.25,2.702397887333334,-1.6456175200537508,-0.9511592046666664,1.3249136903225809,-0.24602618663316722,-0.4276925612903224,-1.0332919451612903,57.09009093099951,preci,JJASO,Mon
17.25_102.75,1.770282943548387,-1.0732341506074994,-0.46350942741935475,1.7596287546774203,-1.1028837323198926,0.9379988008064513,2.1268641534301076,66.40273425505376,preci,JJASO,Mon
17.25_103.25,1.7357713490470108,-0.23807898790321635,0.19396442935483854,2.3891794459773457,-1.4455155367150532,1.5729092903225808,3.8453344985483877,81.40956513511667,preci,JJASO,Mon
17.25_103.75,1.428446809615795,0.03628485182261791,0.8396166521774187,1.642005957150538,-1.4849731227123653,2.901556267258064,6.169874337526882,108.53977145967743,preci,JJASO,Mon
17.25_104.25,0.5256574260062767,-1.9631676669354472,-0.5431138661493714,-0.03524163327956997,-3.2018963589795164,0.6726677122161291,2.354129854838709,145.21174575806452,preci,JJASO,Mon
17.25_104.75,-0.008937387096773719,-4.598117176833313,-2.0042216703387097,-1.6028756415840948,-4.3588602081987435,-0.5056641592854839,-1.2519061199999997,178.4371088095888,preci,JJASO,Mon
17.25_105.25,-1.3957084918249998,-5.270264705833312,-2.127975717491666,-1.773088837535358,-4.588878082333334,-0.6497935353783322,-2.715244416325,190.52279759756078,preci,JJASO,Mon
17.25_105.75,-0.683142133333333,-2.809872254838702,-1.0736215066666661,0.2062002250000008,-3.874205034895108,-0.43723784086021444,-0.35128309499999943,123.51932647050805,preci,JJASO,Mon
17.25_106.25,0.4211752566666669,-0.24321879999999085,-0.9794055894140974,3.5446870703225812,-2.857385125973118,3.3098607610053756,4.186483693548388,79.55320023585966,preci,JJASO,Mon
17.75_101.25,5.895538118801074,-0.27175661268812246,0.4335820174996581,1.166551022580645,0.6402362815063332,1.3111174865395163,1.4020499921505378,81.98182716129033,preci,JJASO,Mon
17.75_101.75,3.913578970053763,-1.8675520149999958,-1.0154218446415881,0.7228873761603225,-0.15770030559629028,-0.13257661508687135,-1.6301567165053763,61.610212062247314,preci,JJASO,Mon
17.75_102.25,2.357654856666667,-2.8342724145161147,-0.5090651776000001,0.31093545853333326,-1.234287554088172,0.556853570322581,-1.3819275397258073,58.45977091078966,preci,JJASO,Mon
17.75_102.75,1.457922507666666,-2.843463011128942,-1.629927271407242,0.3527441626451604,-2.112529936733868,0.11938523228548414,-0.8336401822043009,66.91333736707543,preci,JJASO,Mon
17.75_103.25,0.7553224183448382,-2.3424333086451266,-0.7741707494850867,-0.21058397699999976,-3.0225215778517716,0.28393961772903253,0.14975006618279618,97.81819450912366,preci,JJASO,Mon
17.75_103.75,0.04402625569892482,-3.844092075236534,-0.4271694217241936,-0.5712354393010751,-3.8167270111979823,1.1276140295507524,-0.7424114783333335,138.35625696612902,preci,JJASO,Mon
17.75_104.25,-2.3769134350605383,-6.94915154317202,-3.5993762868817205,-3.6688039369892476,-5.601654879010509,-2.4487231482690133,-4.4468401193354845,168.47887787748425,preci,JJASO,Mon
17.75_104.75,-3.6486722825806455,-5.661152816129029,-3.6322310376344094,-4.5585599268817205,-6.10122065033871,-1.3352862097433016,-0.9377392692419341,158.0789156612903,preci,JJASO,Mon
17.75_105.25,-2.551215569623655,-1.4937327793387087,-2.2768975550999997,-1.3714590566660858,-4.661942595556451,-0.48855347743789584,5.688782900537634,103.06202579607528,preci,JJASO,Mon
18.25_101.25,6.129352040322581,-1.2788241174193549,0.9978074333870959,0.46996725227128683,0.3538189600000017,0.39308547122693516,0.8598084000000006,76.87695091129032,preci,JJASO,Mon
18.25_101.75,4.46239700640484,-3.008719361774144,0.0039499968709675315,-0.15834924746236512,-0.11543696064516151,0.12023235042806454,-2.7042763322580647,66.823566221,preci,JJASO,Mon
18.25_102.25,2.4141366648296074,-5.727512692107526,-1.3575819936612898,-0.6651419612903229,-1.8277631830500003,-0.07288466057665466,-3.665259272666667,75.40487913870967,preci,JJASO,Mon
18.25_102.75,1.0127387769284957,-4.071349370564515,-0.5512070126673434,-1.809561426344085,-2.9352381790322584,0.9115498437725804,-1.4777316883333338,100.92592379032259,preci,JJASO,Mon
18.25_103.25,-1.5514043577415393,-8.283855282833297,-1.36181563585871,-3.6004855195322576,-4.992180675752689,0.2544265664952292,-2.161415086666668,131.35691193548385,preci,JJASO,Mon
18.25_103.75,-3.442682580645161,-11.55394301599998,-7.098588598387244,-6.463346508630484,-7.838470383733334,-3.933792489472583,-8.0413558,156.2035667532258,preci,JJASO,Mon
18.25_104.25,-3.413383199178088,-7.78158651499996,-2.7843791451612914,-4.1956047457526875,-7.112458035413335,-1.3743869354838694,-1.4678856698924738,145.9471040505403,preci,JJASO,Mon
18.25_104.75,-2.2902928013978507,-1.6574568814838486,-0.7336031333266771,-1.874626364021505,-5.278205011611572,-0.4820442436612904,5.884440341191667,93.35669380746471,preci,JJASO,Mon
18.25_105.25,-0.571585196,2.126567064516138,-0.7949548201075274,0.583468097826344,-3.145704122833333,3.1817283290322576,5.568380061290323,72.0064802409676,preci,JJASO,Mon
18.75_101.25,6.699161003225806,4.381099834335489,6.182226063953225,0.6278731617098958,-0.2755401681881722,7.513013104060344,10.653902816666665,88.0644045,preci,JJASO,Mon
18.75_101.75,5.622804683333335,-2.394066451612871,0.4202509197964518,0.17007931252002795,0.25756096612903256,1.192233010741935,-3.1995746016129036,87.03764828006493,preci,JJASO,Mon
18.75_102.25,1.5940678833333326,-7.085013314043008,-3.657698155132893,-2.761091517451612,-2.531080836999999,-2.0969574401827957,-3.78667160483871,97.6996246708602,preci,JJASO,Mon
18.75_102.75,0.2593525380806452,-4.348965021854836,-1.1326998440555733,-3.7238071348333333,-3.8042033831720423,0.7021373333333321,-0.5891833648387098,142.9016555483871,preci,JJASO,Mon
18.75_103.25,-0.058927790430718385,2.842703863790324,1.532653843178713,-2.9696195800591396,-3.184678201236559,2.271428284946235,1.947048159354838,169.8242187823957,preci,JJASO,Mon
18.75_103.75,-3.179451766166667,-8.09391887789086,-6.0444220059075064,-5.601676883456988,-6.195365481293656,-3.5964595209677412,-6.398437422204301,160.920853845,preci,JJASO,Mon
18.75_104.25,-1.0357369734408621,-3.2107463154838523,0.21995493364232577,-2.27802133639785,-4.349495055826167,-0.15017379623655813,0.01590912854838722,106.66518256692612,preci,JJASO,Mon
18.75_104.75,-0.1633399429032254,1.3787542508602173,1.1626752255287744,0.3810856901675672,-3.0226601226216667,3.471667390752687,3.417028595161291,62.79981887435146,preci,JJASO,Mon
19.25_101.25,5.958595086021505,6.05042317306452,2.2806138224569894,-0.1173305767741939,-0.522100821478565,4.019715883333333,11.734006136021504,102.05568427129035,preci,JJASO,Mon
19.25_101.75,5.949191978543011,-1.952610934354789,-0.8413544995645159,-0.2540217366833405,-0.6556296462274198,-0.6140321382688616,-2.443109107333333,99.41835199091298,preci,JJASO,Mon
19.25_102.25,2.917435719569892,-0.537617587096773,0.6635886627479257,-2.1369621854838705,-1.8780101051612899,3.5180135967741943,3.1590486456989244,106.803240596802,preci,JJASO,Mon
19.25_102.75,1.7862267139032262,2.7174107168172066,-0.27337203300603097,-2.1135202301666665,-1.886989124134409,1.4910149656009688,4.343907580645161,117.96721866699355,preci,JJASO,Mon
19.25_103.25,1.9052601201989252,1.8278762435483884,0.9385183595453761,-1.3353816775826133,-0.9424087198333331,2.287220116666666,3.9851214838709677,136.3561538145704,preci,JJASO,Mon
19.25_99.75,6.790608248387096,-0.7706132315053493,-0.832957077043011,-0.3369002460427406,-0.2837296435483876,0.06659360947845139,-0.4902582316666666,100.65932509193549,preci,JJASO,Mon
19.75_100.25,6.384951365715055,-2.390191036666645,0.029215238606369764,-1.529475177419355,-1.0159953786200002,0.5414684945087853,0.060322113387097254,90.15828343387096,preci,JJASO,Mon
19.75_100.75,6.047012298655915,-0.8129156632257977,1.196036611075269,-0.892843034976142,-1.2246097389516124,2.2099239240059134,2.772039708548387,99.55891509123886,preci,JJASO,Mon
19.75_101.25,5.427501472580645,1.6668939024892506,1.0764000927258073,-1.1144067267364985,-1.2198802133655917,2.9025921951612896,3.3655969766129026,96.64060368987634,preci,JJASO,Mon
19.75_101.75,4.911027979828466,-2.2785316833333296,-1.1947555505053766,-1.362848118059059,-1.1217624658494625,-0.5611561198387096,-1.4970224800000005,80.0112684037098,preci,JJASO,Mon
19.75_102.25,3.600322170967742,-0.8994512612902539,1.4415778108602146,-2.276895159424939,-1.8068409184784948,3.5303836309677425,0.2662842276344084,72.92606485090323,preci,JJASO,Mon
19.75_102.75,1.8054927075749312,-2.3630066471505327,-1.476492902215663,-2.525071953226361,-1.8691029854672154,-0.86362044105772,-0.15039058272580674,81.45429747970164,preci,JJASO,Mon
19.75_103.25,1.5629984405330108,-2.2639614027311725,-1.7283907866487418,-2.1106519193548383,-1.5633966771209677,-1.655014949999999,-1.8129728594677421,90.02641548520342,preci,JJASO,Mon
19.75_99.25,7.319243363967205,-1.162176124854796,-0.5630943328850004,-0.5781612677419354,-0.10746346485483871,0.23544797688172014,-0.3551067777419359,96.63923503709677,preci,JJASO,Mon
19.75_99.75,5.825557361290324,-3.50229104970966,-2.653059606978495,-2.1067585438366825,-1.3783757162365569,-1.3352534283333335,-2.629906244784946,90.30213886333871,preci,JJASO,Mon
20.25_100.25,4.896431764202102,-4.793024427150522,-2.321608994139785,-2.9547063636048327,-2.0563003435483447,-1.6803804433024805,-3.2331927719354843,110.23702446709578,preci,JJASO,Mon
20.25_100.75,4.66599768095327,-2.2049034999999884,-1.002886200700864,-2.0805390597175055,-2.212646252360215,0.8623347822580647,0.42309198350000043,94.80571520166667,preci,JJASO,Mon
20.25_101.25,4.726695844086022,-1.2806919992311399,0.2768795003225808,-1.7776671337564518,-1.8231498831210495,0.9862576540322577,1.1852890437096786,85.3359678064516,preci,JJASO,Mon
20.25_101.75,4.27574064516129,-0.5439776047510674,-0.12846744270967703,-2.2853880673494444,-1.4252865414424736,1.05069626,0.13412497349462338,66.44402018963979,preci,JJASO,Mon
20.25_102.25,3.385645011290322,-2.505224612666649,-1.5095971803346775,-2.773163241612903,-1.724457399217782,-0.17191095951774127,-1.8536624597473117,54.886783727628895,preci,JJASO,Mon
20.25_102.75,2.238953654317129,-3.119460543548385,-1.1219406443069886,-2.8847851774193547,-2.148595865580645,-0.38439476994790334,-2.4649928686021507,53.069285048283334,preci,JJASO,Mon
20.25_103.25,1.860490346774193,-2.5668464608279256,-1.4204891245607525,-2.460999371155377,-1.980045575340322,0.1423036573047307,0.3094387387096771,65.84319718280156,preci,JJASO,Mon
20.25_99.25,6.1200634167096775,0.06152940322581024,0.9407055029162992,-0.2814822829033383,-0.8746244217741941,2.4176905679569898,1.6810348066129026,98.85792088709678,preci,JJASO,Mon
20.25_99.75,5.1345894552688165,-3.8722581144999615,-2.5235774748767223,-2.7116679493338713,-1.511814686887635,-0.20948587825993403,-2.1963445811290327,109.36739756741936,preci,JJASO,Mon
20.75_100.25,4.798736313172043,-3.5614472788817073,-0.8281678792995373,-2.6513687770312364,-1.8583533740500002,-0.4442569744114694,-3.1570030967741936,117.94200533032259,preci,JJASO,Mon
20.75_100.75,4.08149397688172,-2.431106413602141,-0.13672826225806434,-2.5600575700492474,-2.055310711844086,2.61866580967742,0.9028507687096781,85.30046866541934,preci,JJASO,Mon
20.75_101.25,3.868500635763441,-0.5613593473999923,0.34999250220430067,-2.2535140405667207,-1.9606224866635484,2.647495201075269,1.9531308395161289,71.71327160219113,preci,JJASO,Mon
20.75_101.75,3.632301011290322,-1.1461345334876007,-1.3393824174301532,-2.407613258220336,-1.9807261405913978,0.4425894661290326,-0.3802609766666665,68.54464009151579,preci,JJASO,Mon
20.75_102.25,3.3428006383333337,-2.099265796128983,0.7052117116666672,-2.197935106042742,-1.9614631178451607,-0.26668328729569923,-1.4003364633333328,58.771641460635166,preci,JJASO,Mon
20.75_102.75,2.741394539586022,-2.3342038358332786,-0.7351387629120323,-1.9459746932595632,-2.051644816733333,-0.7202286248184109,-1.4759301610000004,57.3941006580274,preci,JJASO,Mon
20.75_103.25,2.2764136593492905,-1.057782401451548,0.5299930035483875,-2.0928023785328493,-2.0586896561612904,0.9266033919354845,1.3368880040000002,63.83040862876,preci,JJASO,Mon
20.75_99.75,5.363579889516129,-0.9458416502150324,-0.04016840324666715,-2.1604655998387097,-1.4138654422580654,3.5892135322580643,0.9528303707526886,122.83181066730597,preci,JJASO,Mon
21.25_100.25,4.979728075806452,-2.028192348145128,-2.4092270981182797,-2.2240997258256616,-1.2524948959139794,-0.5684169814857103,-1.7991419225806453,107.1198453720715,preci,JJASO,Mon
21.25_100.75,4.016704850537635,-2.205855414290319,0.9114633032949997,-2.6656118673397855,-1.6795830890322583,2.4643291940080645,-1.1082115108064514,79.41516189397848,preci,JJASO,Mon
21.25_101.25,3.574985716517437,-1.1945146215053328,-0.18428389944318058,-2.528909251961597,-2.02881476913441,1.461158373817204,0.808956250333333,66.67929939066777,preci,JJASO,Mon
21.25_101.75,3.3177730403225807,0.4560810957500434,-0.536437043654452,-2.56714146255735,-2.3888593538645155,0.4554774845003816,1.4089486853333328,65.5704737733492,preci,JJASO,Mon
21.25_102.25,3.1831279325749318,-1.708048823064455,0.480057692016129,-2.113248881129033,-2.3541763791096777,1.30723537401758,-0.548906023903226,66.39255540486559,preci,JJASO,Mon
21.25_102.75,2.688883762843748,-2.1232742294085796,-0.5617340567291937,-2.089144963333333,-2.449839488182796,-0.018423194774757956,-0.7934266748440859,68.54292975049442,preci,JJASO,Mon
21.25_99.75,5.402866534008172,0.6710901374193554,3.6601946970967734,-1.4133442903225806,-0.6303901969402901,4.884753411394678,1.4925296627795694,120.61156885166129,preci,JJASO,Mon
21.75_100.25,3.710011666774193,0.6896925911290359,0.6205014835532259,-2.297550419145134,-1.172351559668174,1.4584898649184632,-0.23260544838709585,83.61373952388344,preci,JJASO,Mon
21.75_100.75,3.6963868615053763,-1.8559759016128723,0.8868253284892478,-2.546858433076344,-1.4121011822580647,2.0824220978494616,-1.7885172032795698,69.64814300805241,preci,JJASO,Mon
21.75_101.25,3.6658019913978492,-2.1191699242473057,-1.0880658145161282,-2.4959269064516123,-1.6477343604838701,-0.673492459289606,-1.2829553409086016,61.73561820772548,preci,JJASO,Mon
21.75_101.75,2.9910222091397864,0.030704875333347204,0.3706036806114774,-2.9313666148282316,-2.3721199266048387,1.561489788709678,2.5188957370967753,62.34390448127256,preci,JJASO,Mon
21.75_102.25,2.558714160225806,-2.3997230867741624,-1.30207701681254,-2.924941708777549,-2.7535245672334407,-0.41640108908064555,-1.4615836790860213,63.87979894106519,preci,JJASO,Mon
21.75_99.25,4.7821978543548385,1.7331700951613123,6.612606354838711,-1.2613485899354837,-1.0773675256451614,4.8469903532096765,4.330233790322582,92.21324407760679,preci,JJASO,Mon
21.75_99.75,4.31302895155914,-1.2959862022580484,0.4777689548387092,-1.2421313382682257,-0.8909408300795698,0.9098121774193548,-1.6728935301612902,94.06536460005839,preci,JJASO,Mon
22.25_100.25,2.737116603333333,-1.1437852554838122,2.4687223279032255,-2.8735297798913972,-1.9051108841935485,5.230776096774193,-0.9000620076881725,71.49258336156217,preci,JJASO,Mon
22.25_100.75,2.9326034996085735,-2.7205012629408545,-1.3734004032258063,-2.8105385837309678,-1.8084662413387096,0.8949361908333335,-2.9128736616666666,70.30516404086023,preci,JJASO,Mon
22.25_101.25,2.615980313333333,-2.3419966777688153,-0.4523788591347635,-3.0494278962774337,-2.4111584500000003,-0.20304057164516065,-1.5617064404354837,65.0916618977135,preci,JJASO,Mon
22.25_101.75,1.7121367859999999,-2.764237907774138,-0.42901124193548323,-3.8745932156612213,-3.5305042441397854,0.43719987129032134,-2.019638985483871,65.37292465777855,preci,JJASO,Mon
22.25_102.25,1.4383211467741939,-3.920941236209677,-2.1290367593342534,-3.725963495657312,-3.7733440515054832,-2.001849316568817,-3.1566121552150537,66.10066114337172,preci,JJASO,Mon
22.25_99.75,3.4368305287720506,-1.6682021733333152,1.1127991566878168,-2.3470114677419347,-1.5800657599462364,-1.013913198387097,-1.4124820114516132,80.207214113489,preci,JJASO,Mon
22.75_100.25,1.65908358075,-1.4810007806279533,-0.2657997118333333,-3.5055425336840584,-2.461607230054889,-0.5172907833333329,-2.818314996236559,64.94118522360395,preci,JJASO,Mon
22.75_100.75,1.6803829128924725,-2.6335041401021257,-1.4840940348492466,-3.504454499516129,-2.426374202746773,-1.8204508095806449,-1.7668772419354846,70.1028611509933,preci,JJASO,Mon
22.75_101.25,1.2557696476151996,-1.1229901006483813,3.227920359920215,-3.7519481199946236,-2.9012640086021504,8.379912820483872,0.3717359522258068,78.25633957688171,preci,JJASO,Mon
22.75_99.75,2.622630866958037,0.42471169250000607,0.0686032051612897,-3.1286913179032263,-2.5558525775000005,1.4282214408552325,-0.36489507064516136,75.1380573120311,preci,JJASO,Mon
23.25_100.25,1.7812646406553776,-1.9720086949999809,-1.4292668345322581,-3.1341884006666665,-2.1349601935483875,-0.6512219032258062,-2.5846818880295706,72.37180785145563,preci,JJASO,Mon
23.25_100.75,1.7001091374295696,-1.9586899556451622,-0.5446448311290331,-2.863508061236559,-1.8680151771505376,1.8467633357999995,-1.1877654891666662,69.318100506577,preci,JJASO,Mon
23.25_99.25,3.277741370338016,-1.005763303763442,-0.21300476636559118,-1.9749898382795694,-1.9048806366827957,-0.7018533712564687,-0.15879970736559113,92.59537265822581,preci,JJASO,Mon
23.25_99.75,2.4686023161021504,0.3845752983333437,-0.02800646935483897,-2.299186624401065,-2.17378205,0.07259194066666641,-0.34798369730645085,85.64588561477943,preci,JJASO,Mon
23.75_100.25,2.01362597467742,0.6753658038797419,0.029940350865591547,-2.5768675896137685,-1.603933294870968,1.2649356968333336,-0.4897855695161293,89.76601720205502,preci,JJASO,Mon
23.75_100.75,1.9513407083333334,-1.3877493193548367,-0.23682340725806483,-2.483262756935484,-1.0781616924193553,0.8583348811774195,-0.47235796774193584,82.19427777527939,preci,JJASO,Mon
24.25_100.25,1.9496377933333335,-0.23217116640320506,-1.058992953391774,-2.6414076935483872,-0.9405335853333328,-0.688826577773495,0.22666777473118271,103.30513331910034,preci,JJASO,Mon
24.25_100.75,1.659903103333333,-0.7637323287096687,-1.5893938815161284,-2.5982218447849466,-1.3792142043548385,-0.5248430180591392,-0.6827912209677418,100.35694482872552,preci,JJASO,Mon
24.25_99.75,2.9564463885143546,-0.7836286519139466,0.571933768301086,-2.2482947374193545,-1.016176129032258,2.7697470924846463,0.033183077333333255,96.40023450901072,preci,JJASO,Mon
24.75_100.25,1.705528456612903,-0.44295768480643727,0.3209016647985403,-1.7483001493172043,-0.46717848190322575,0.2285303746694085,-0.4620550908064507,92.77111318346549,preci,JJASO,Mon
24.75_99.75,2.531130128225806,-0.7470896312365574,1.7882334136129028,-1.6131170429983337,-0.32241874435483875,1.4816683692654844,-0.18107147741935514,86.36299113169,preci,JJASO,Mon
25.25_99.75,2.07649468522043,-0.48842781290322046,1.0509554753333334,-1.0694796948225807,-0.06472866363440799,1.5467046767381722,-0.1867490476344087,76.78294720842837,preci,JJASO,Mon
25.75_100.25,0.4955914530747323,-0.3579903690967683,1.2092015419354842,-2.524423773333333,-1.0327324469354837,0.4553381854499996,-0.7410415064516127,92.77702428644925,preci,JJASO,Mon
25.75_99.25,2.752841307522581,2.1893778883333335,2.790727179032258,-1.7171212630210757,0.55505543311828,2.0830980031666675,-0.2765158352688175,134.1252494318825,preci,JJASO,Mon
25.75_99.75,1.427446610555064,0.644507900000012,3.884153873064516,-1.9286779440319528,0.06339619838709676,1.9323422619677415,-0.05902236500000013,102.3902661697892,preci,JJASO,Mon
26.25_99.25,2.718774604247311,5.353940701935487,2.195055504838709,-2.003872624333333,0.7109314504354844,2.988388990322581,0.5149556024193553,152.87865501917184,preci,JJASO,Mon
26.25_99.75,0.9714318699999995,1.5462717080645185,3.483786024489248,-2.2646207216708847,-0.09655459344085981,2.4464224866666666,0.37822550591559184,128.6857696769,preci,JJASO,Mon
26.75_99.25,2.7013880224999998,4.948214398387099,5.497427887096774,-1.312127053177957,0.8364109806451614,5.802781006451614,0.6614768001290322,183.47406541935484,preci,JJASO,Mon
27.25_99.25,2.766933812150538,5.539631626290337,2.2976372151075273,-0.9147011868093549,1.0436997569354833,3.4735146709677425,0.2017285175322581,177.87664660208225,preci,JJASO,Mon
27.75_98.75,2.2845990834626395,9.332638624193546,5.731844534946236,-0.9098260709139783,1.494920550107527,4.329648678333334,1.5631847898387097,168.47384897381627,preci,JJASO,Mon
28.25_98.75,2.20094286245,13.577086638129035,2.7895282312365595,-0.046412080645161335,1.562796201236559,2.516010116666666,4.505496921666666,123.69706736104669,preci,JJASO,Mon
28.75_98.75,2.597494752978494,6.047778206704307,0.6682635449785481,-0.4236568253333334,1.71167345727957,0.46157652416666695,1.5903066371505377,108.56064948059085,preci,JJASO,Mon
29.25_98.25,1.8836831210010754,3.214646682037654,0.04088757185729003,-1.0498691968333334,0.8629271782,2.7594657691763436,1.0285824277784947,84.38992916464713,preci,JJASO,Mon
29.75_98.25,1.858484729133333,2.6810246269892715,0.15100495285044213,-1.277546521174731,0.1928818174833331,-0.03354621513200154,1.3822599578010752,67.12419792106797,preci,JJASO,Mon
30.25_97.75,1.7221710924530187,5.149280556010758,1.6253611501612903,-1.0100209275215053,-0.3655495147352258,5.214224580933333,2.215925962903226,79.9445691301606,preci,JJASO,Mon
30.25_98.25,1.6325828387096777,3.2226397597333376,3.2211400552951606,-0.6586565810967742,-0.4296918954333335,3.876344366450537,1.2126072429623656,66.02775656464134,preci,JJASO,Mon
30.75_97.25,1.5105137743189565,1.6485475001290473,3.3632197064516123,-1.1461602317166668,-0.6313673935483871,3.6791145540860217,0.45585593243387124,90.75979627493197,preci,JJASO,Mon
30.75_97.75,1.6608048208064516,2.8011567159457025,2.545831391424731,-1.0923535296188172,-0.9363910445666666,1.0410507783603495,0.6687034269892471,102.65701676014723,preci,JJASO,Mon
31.25_96.25,1.5601917979032254,2.4443622608064706,2.380597806153763,-1.0337276593548386,-0.8889681633086021,2.3199075224731187,0.11519836350000023,85.88690640287274,preci,JJASO,Mon
31.25_96.75,1.1600817466129034,0.956070304193574,2.083577133666667,-1.1684103634818177,-0.9171540080645162,2.2229988765941937,-0.06983922896725808,70.31936693912303,preci,JJASO,Mon
31.25_97.25,1.4157588384623379,0.9600169494355346,3.1651063655376346,-1.30795915665,-1.027963214516129,3.784103377634408,-0.13814771956989239,80.40935895206596,preci,JJASO,Mon
31.75_95.75,2.0687456382258063,2.7372518369032357,3.5273948114500002,-0.5533549053763441,-1.2151270873618132,5.450826222096774,2.1823086583333335,99.37628916140304,preci,JJASO,Mon
31.75_96.25,1.677689191935484,1.9273449071451854,2.596286599731183,-0.8159399863666659,-1.2388757755166666,2.881488017693548,1.1127623532258062,81.34006989177783,preci,JJASO,Mon
31.75_96.75,1.2714134403627666,0.665097879032273,1.1366511411666667,-0.71642329155914,-1.1751645331365592,1.2579256661290323,-0.05213061462365576,66.2739484811157,preci,JJASO,Mon
31.75_97.25,1.5418425261378104,1.0475969359677668,1.3832046145161292,-0.7271982765646774,-1.3199781440376346,2.043875613333334,0.09487689516129039,63.1273758108148,preci,JJASO,Mon
31.75_97.75,1.6215133116774192,2.4638765601527073,3.5489726767562306,-0.8536821851612905,-1.4101903387956982,3.7409146580645163,0.5464410801075268,78.39768430969158,preci,JJASO,Mon
32.25_94.75,2.305593778403226,0.6255021927043235,1.6462911241935487,-0.019045281967312006,-1.2800892350537632,2.9142062210967747,0.8314009737634405,109.03466936462794,preci,JJASO,Mon
32.25_95.25,2.4132873904838705,1.7815776977419482,1.6799309797500002,-0.1942538261581132,-1.2608419225806418,-0.6010593568279571,0.4896258317258064,105.66873713354838,preci,JJASO,Mon
32.25_95.75,1.99053451,0.9405775148924984,0.8430015644416666,-0.1127129338478926,-1.273651341639785,-0.08235024516129041,0.17205036166666687,92.51572625791145,preci,JJASO,Mon
32.25_96.25,1.8510199265178064,0.10879397478498698,2.2374399586666667,-0.3261908903001946,-1.0800892771666666,0.8195615335483868,-0.10024513073118285,77.99769131639489,preci,JJASO,Mon
32.25_96.75,1.6393405462280328,1.0562171703118568,2.4417596799999997,-0.18687056540555896,-1.1808871942741936,2.4866939798924736,0.13580321935483863,66.95914755472806,preci,JJASO,Mon
32.25_97.25,1.7793920367634408,2.5445304382526945,3.626233882580645,-0.07086095983870977,-1.328723121290323,3.4850113580645155,0.6664119083064516,69.65237871513742,preci,JJASO,Mon
32.25_97.75,1.70861619569695,1.2947509651613136,1.7784464194086023,-0.5646198508076865,-1.4878635914833334,2.3592536516129035,0.4198818867849463,80.91486371662049,preci,JJASO,Mon
32.75_94.75,2.3355124764516133,0.6048184716666862,0.13040861113758057,-0.21042852470256934,-1.0396277167150534,0.29802964725806436,0.10912660854838713,113.31577855039635,preci,JJASO,Mon
32.75_95.25,2.3555858451612908,-0.24858511645156522,1.9800433542473115,-0.13043582320967706,-1.0071121797311826,2.859487121967742,-0.24262481387096768,109.9898968635213,preci,JJASO,Mon
32.75_95.75,2.1231585847868706,0.1751562645161513,4.4393927132903235,0.03298172719831738,-1.176262874516129,6.5601707461666665,-0.04734656774193535,101.14210128977871,preci,JJASO,Mon
32.75_96.25,2.08918538172043,0.41241516661292377,3.6611897391666663,-0.12450863264838719,-1.0011754535698925,2.8587609198333337,-0.030926014516128975,89.84059618856921,preci,JJASO,Mon
32.75_96.75,1.7884522572846127,1.6223597210645324,6.531697332580645,-0.11102423199999989,-0.8814099247833334,5.471767738012366,0.29153981467741946,84.174611665366,preci,JJASO,Mon
33.25_94.25,2.0247188013383637,0.052185212941954884,1.6283428457164093,-0.3356267071317205,-1.0364518288966127,1.5243609800166666,-0.07098792467741943,108.48823019244028,preci,JJASO,Mon
33.25_94.75,2.0931175823774892,-0.25981318693546357,1.4032266912903226,-0.11180275598387068,-1.0393751333333299,2.3669096660860216,-0.2031762616666667,109.4820898302113,preci,JJASO,Mon
33.25_95.25,2.1806035432341373,0.7272100873994776,4.2603211483870975,0.16526383483090323,-0.9289266656239248,4.088347524193548,0.06216582096774184,115.82760163047178,preci,JJASO,Mon
33.25_95.75,2.078463687166667,2.0338176933333703,5.776450818654839,0.2490176910215054,-0.9242430489558325,10.619523183317204,0.7282426220967739,110.46076630185254,preci,JJASO,Mon
9.25_105.25,0.25437418870967754,-5.29404598977418,0.853243924731184,0.7396795716666662,-1.1727214935483863,-0.3345636522043014,-0.8656608532258065,113.81667050553763,preci,JJASO,Mon
9.25_105.75,1.203098503333333,-2.458898660860209,-0.025985172043010873,8.1503993,-1.1260101666666666,1.373496256989248,-0.9552880870967742,124.63301191962367,preci,JJASO,Mon
9.75_105.25,0.5585881550000007,-2.507695329032258,0.3485590370967744,11.34691500967742,-0.2864583399999989,1.0556597532258065,0.3426093235241945,143.8028181419355,preci,JJASO,Mon
9.75_105.75,1.5206466833333327,-3.3585792171999906,1.336550362365592,10.650839931863066,-0.24547714666666742,1.1462376923225812,1.6110021926451608,120.01682213709677,preci,JJASO,Mon
9.75_106.25,2.0760910421666665,-2.6860217161290265,1.4383127741935486,7.8049996366666665,0.3310286537634415,1.6298429290322587,-0.08576734677419351,119.78447106683333,preci,JJASO,Mon
10.25_104.75,2.4644958150098035,-0.03338987735294019,3.1774575450326807,22.230376533254905,7.38081653938889,3.048688064552287,-1.114868277222222,171.68024790192158,preci,JJASO,Yr
10.25_105.25,2.2388881522875814,-0.46785196558823294,1.6408554259444443,18.79408669327124,1.9654421859705877,1.545104091790849,1.8903538565032676,152.9974826235294,preci,JJASO,Yr
10.25_105.75,1.9361235544640514,-2.093225438986919,1.1199444799140523,15.032065944329698,1.11034178646437,0.628159815911765,2.554297559366014,131.61117481990198,preci,JJASO,Yr
10.25_106.25,2.514318774444444,-1.5195548850653542,1.3710127751649992,11.683816689153876,1.6296059635696554,1.4879743415359479,1.970904715382353,134.10182763421568,preci,JJASO,Yr
10.25_106.75,2.5063554521160625,0.9923950095098082,-1.8306790973686784,9.377849002995813,0.8938634615032681,0.1885029597186274,0.6518067817320259,159.88213287346406,preci,JJASO,Yr
10.75_104.75,3.157634033137255,-1.7177322145686127,2.6548638297973857,24.26307273594771,5.416473980127451,2.4531976660751753,0.14394640443464057,126.06965201493324,preci,JJASO,Yr
10.75_105.25,2.925066515532679,-0.6159844950326696,2.57005155916536,18.746589530475376,2.6291566802189554,2.385877225457516,3.8366485388235296,118.20697131393469,preci,JJASO,Yr
10.75_105.75,2.087133930122598,-0.9716839518627367,1.3652996912472486,13.169292366853659,1.986059644804829,1.4721899059329906,3.2133614987581693,126.9959578476979,preci,JJASO,Yr
11.25_104.25,3.254050663163082,-1.0828978085392045,1.3659563074836596,24.442952696967204,3.2179461497647246,1.9117508411533564,-1.0805121444117645,97.38856451212418,preci,JJASO,Yr
11.25_104.75,2.9207437809438606,-1.7508645140522745,0.6303017449302395,18.584776351248685,3.1103849979414466,1.377257533379085,1.6888515121568628,82.97506423103155,preci,JJASO,Yr
11.25_105.25,2.5488789810261445,-0.006124144597375647,2.1051395656973093,14.67919146761339,3.2089415025504167,2.112260913617353,5.744364024607844,91.2941363122532,preci,JJASO,Yr
11.75_104.25,2.9481722386889584,-0.5768069276797365,-1.3682839940752043,17.42895061047745,4.19251935517647,-0.7782424031695623,0.6232261141993467,64.91991393743791,preci,JJASO,Yr
11.75_104.75,2.2088396153229457,-1.078669483300647,0.09541932421568555,11.360229813357963,3.8975958261143866,0.3512817415032683,3.2335690458823527,58.35876857728758,preci,JJASO,Yr
11.75_105.25,2.510727982728759,0.7214278956666695,1.894189615546503,12.388159404611232,3.674403998097795,1.9849340693464055,6.067268182156863,79.61004233392484,preci,JJASO,Yr
12.25_103.25,1.5797267718071892,5.8192969341503265,1.2063477694052294,39.35674934562092,3.0987649644387103,4.24328440817974,3.1254042493790855,170.7704920863151,preci,JJASO,Yr
12.25_103.75,2.3008655323817693,0.9769234781045761,-1.881848134065502,25.529963214746793,3.5434663139313725,-1.254271670509239,0.16081622581699317,85.53310660098049,preci,JJASO,Yr
12.25_104.25,0.9777259552249067,-0.8608679970914954,-0.455984844689846,13.81904919067183,2.8298512206565363,0.5988814270947711,3.132192615653595,65.23971497314085,preci,JJASO,Yr
12.25_104.75,1.0001321523529412,-1.0367334720588124,0.4318562891962032,8.539139156234423,2.6659273569019093,1.0712008553594772,3.177183598921569,62.8153165270081,preci,JJASO,Yr
12.25_105.25,1.5988355675490191,1.0667501272875843,1.8502630668932678,11.694294946153631,2.8977389153268245,1.6851891828431378,5.656013720294117,96.6005555201536,preci,JJASO,Yr
12.25_105.75,1.975507365607211,0.17351106045751852,1.7973799222825493,14.204907394204682,3.4719525494968044,2.137665047013072,6.072657202941176,147.03310152575082,preci,JJASO,Yr
12.25_106.25,2.0689610116161186,-0.4439111211111064,2.503962276274511,13.005854229859477,4.431931543463408,2.6331562459566658,5.753307969117648,238.24802033134648,preci,JJASO,Yr
12.25_106.75,1.397167814019609,-0.08924930613398319,2.5767901936247712,13.126751861436603,3.0453912711764706,0.8149330879738548,3.192522339869281,376.87687694926115,preci,JJASO,Yr
12.25_107.25,-0.40142135653594835,6.966621016601308,6.684865487440584,11.963694694607842,0.7385328253856214,2.928329428235293,8.603630666699345,502.0450914241992,preci,JJASO,Yr
12.25_107.75,-0.9756061787581696,3.6423830705882354,-1.0589919120057112,9.47885131424902,0.3877801346407246,-1.7649988082549024,-1.6182904957516344,292.84529932086025,preci,JJASO,Yr
12.25_108.25,6.883562091486439e-05,9.261845073431372,-2.1893940159852936,10.991306291615556,1.6099123079673205,-2.2715732994444444,3.483809028562091,122.42415727618868,preci,JJASO,Yr
12.75_102.75,2.446624491078431,0.232899835000008,2.941299131215497,35.67425712091503,3.235852294024631,5.08948922111111,-0.29099134683006556,173.1943517111115,preci,JJASO,Yr
12.75_103.25,1.744182500551704,-1.1084977798039084,-0.7833973444884905,23.754646894222844,3.3620226334457524,-0.6904527108725493,-1.8600033421176472,102.55609530656783,preci,JJASO,Yr
12.75_103.75,1.3218072396405236,-2.6014898565457427,-1.347806383035948,13.66187873440008,2.501983538403921,-0.6823774876496729,-1.0968410749673203,75.31700472250654,preci,JJASO,Yr
12.75_104.25,0.9618302313725486,-2.138922434202607,-0.46781344924369295,9.99991856095619,3.6606016651960784,0.4113245376202612,0.9651552011764704,75.54513471605556,preci,JJASO,Yr
12.75_104.75,1.336647221009477,-1.225054941382345,1.0122488656226154,8.984640600662232,1.820266533427124,1.2765773059785475,2.613322538594771,98.7287466229306,preci,JJASO,Yr
12.75_105.25,1.6643014554150324,0.39159962872550214,1.7642072755281055,13.526699350965096,2.367056988611112,2.4873547125413693,5.667214439869281,128.13547944154226,preci,JJASO,Yr
12.75_105.75,2.0023513026006765,0.3166084312091577,1.8381993897647062,14.971869250530858,2.7399626513836868,1.9946297994088171,4.755322550980392,160.29067730413726,preci,JJASO,Yr
12.75_106.25,1.9350526826660355,-1.8102179703594659,2.2416401400251216,8.89051556834389,3.2117386274183004,1.3985867324967312,3.2470255031143793,215.1601199509837,preci,JJASO,Yr
12.75_106.75,1.1001879986928103,-1.563468771274502,2.8927873251274514,8.901289035130718,2.2454427976863216,2.5759802300362753,2.8063246545098046,276.6090109498772,preci,JJASO,Yr
12.75_107.25,-0.5513473588235294,-2.29367914686274,0.5341807134869283,9.319927619841504,0.10788342316993438,2.3199494433764967,0.43233435065359505,312.4583951578691,preci,JJASO,Yr
12.75_107.75,-0.9113530550980391,-4.438445263627449,-2.7278197921426877,7.363754293202614,-0.6085648350814408,-1.1262270151202616,-4.444023894509804,224.01247890815083,preci,JJASO,Yr
12.75_108.25,-0.29745968725490224,-1.9030068449901956,-3.029298333039215,6.541680116983661,0.6673657522679739,-0.27872773457516375,0.6565778328104579,105.34112368252627,preci,JJASO,Yr
13.25_102.75,2.3774647486686016,-0.6711153036927935,0.5512732989884346,19.928686363496862,3.1333557123663396,-0.08203157538602035,-1.4973747052091502,131.92593480398693,preci,JJASO,Yr
13.25_103.25,1.5231352087066181,-1.1775688206535755,0.356535919724958,10.603689456849967,2.57826235519281,1.3934757483830067,0.9556109348692807,113.77142196654003,preci,JJASO,Yr
13.25_103.75,1.0533602886997282,-0.11231060202614129,1.0333953525079242,8.362456207745105,3.1549283106535952,1.731769761823529,2.446258073137255,110.11228415641176,preci,JJASO,Yr
13.25_104.25,1.2162031666628148,-0.4217267349673146,2.0382643207071895,9.232847365771567,2.1119915335718957,2.7666255001307194,4.48361119637255,125.43087869255092,preci,JJASO,Yr
13.25_104.75,1.7402438690196074,-0.2505659466012977,2.3313924230638223,11.382219634256952,1.7370016010416327,3.196667949193366,3.2764145476470588,148.21157466935534,preci,JJASO,Yr
13.25_105.25,2.167672965787206,-0.11799395890849418,1.5254252485458268,13.164499536503666,2.119598972301044,2.692347857222222,5.562806051601307,163.2844640933915,preci,JJASO,Yr
13.25_105.75,2.127297774542928,0.46023190343137665,2.1723515058336655,13.895441099095875,1.8142686482778356,1.3905611776470592,4.592336123960784,178.2883175191128,preci,JJASO,Yr
13.25_106.25,1.4785952133986928,-1.437304030228752,3.084801057339256,9.269795874366013,1.7953734602872649,3.005811124405229,4.287960144692811,206.63946190164046,preci,JJASO,Yr
13.25_106.75,0.6704384477361409,-1.9233130745097986,2.2830984062609634,5.5415533079084955,-0.1732085875784315,3.1077583956209156,2.7840200749346407,250.5845407544118,preci,JJASO,Yr
13.25_107.25,-0.2744498088327614,-4.347756755457504,-0.9260739105530771,4.868580333810462,-1.5461635084466145,0.50072444352951,-2.995023258669935,274.7532299433935,preci,JJASO,Yr
13.25_107.75,-0.8934364195130726,-4.480508518382345,-2.095670994865686,5.128983162326921,-2.020232897540861,-1.9792322689715678,-3.87491993624183,207.7514770779263,preci,JJASO,Yr
13.25_108.25,-0.28050350326797346,-1.909396454738558,-1.0941674333554152,6.382311932490622,-1.208542112599483,1.07757504859614,0.19521287336601212,130.95169766639145,preci,JJASO,Yr
13.75_102.75,1.610229331048683,-1.4121416264378859,0.649337897474477,8.76070979928208,2.6095531094640623,0.8739563440558822,-0.34966179804901953,142.7263638678366,preci,JJASO,Yr
13.75_103.25,2.0537211683986927,-0.6465232599673085,1.5723003336019281,8.277793069431745,2.480110978220457,1.9537149579060162,1.5998310158496731,153.44579118545983,preci,JJASO,Yr
13.75_103.75,1.9100711168696634,-0.15571417515685182,1.7915107472774503,9.873356095532948,2.274249573823529,2.432690232908496,3.8720231558496727,173.60907204864554,preci,JJASO,Yr
13.75_104.25,2.246443956964052,-0.5040918705725348,1.9743589113823532,10.264645691442501,1.6572900293708175,2.678006635947712,4.298960574084967,195.39641134188867,preci,JJASO,Yr
13.75_104.75,2.067390140288375,-1.5600738675816928,1.815428418222191,8.180237829249108,1.348309632124248,2.1868948711209146,2.0388238813071897,197.00564865752713,preci,JJASO,Yr
13.75_105.25,2.0685693135620924,-1.736501238594765,0.9340949842659154,8.62257152697778,1.6595242854609533,1.5015373993137255,3.8598454366013066,195.8950109159816,preci,JJASO,Yr
13.75_105.75,1.7924588783423165,-0.3979214129084916,1.7296191291030754,9.380518138446405,1.0142045813006564,1.8620378373267972,2.9423144561111103,206.0801389244778,preci,JJASO,Yr
13.75_106.25,1.5239227306535938,-1.3558953713398645,2.866856162812418,7.273617509931759,0.5375260202777783,1.5150822621966018,3.3375057342287593,252.3666100689345,preci,JJASO,Yr
13.75_106.75,0.35628504811253414,-2.3363123495751568,0.6994192506797381,4.838788067902222,-1.2476511639297692,1.05478985379085,3.7759259530718956,336.76008549926786,preci,JJASO,Yr
13.75_107.25,-0.11027945456169608,-3.5703839452287487,0.7313358080157597,4.419452246103855,-2.6507367192176474,0.25927848033117584,-1.199594664261439,407.65778905162585,preci,JJASO,Yr
13.75_107.75,-1.6916412478758183,-3.542031962254898,-0.8612023488099547,2.6702257105605884,-3.3612332793103987,0.3601468164765169,0.2842017842549014,286.7588703592307,preci,JJASO,Yr
14.25_102.25,2.7567460133986925,6.791030029729093,2.719511179777873,13.53126067122599,2.752931959343138,2.1201656629542485,3.9136422102320263,154.21163790126906,preci,JJASO,Yr
14.25_102.75,2.0156878301226606,3.159742118388903,0.9825662896104586,11.546205328145394,2.0923492251356084,2.1578949283660127,2.0421864170248365,147.5944638853391,preci,JJASO,Yr
14.25_103.25,1.7530641556801827,0.5412980559379181,0.7239841558318307,9.024776863002614,1.6721277299844615,1.5430276290849667,2.0648567602941177,159.40741443866017,preci,JJASO,Yr
14.25_103.75,1.8248418267193984,0.41594974297386544,1.3863106784469283,8.630430699411765,1.4529723785228779,2.0551146664836604,4.689650589248366,180.55838118493818,preci,JJASO,Yr
14.25_104.25,1.9323928000102164,1.5694129765588327,2.77306070677072,9.835995472175936,1.4959198676836603,3.1408000084845753,7.189158494313725,191.95888090018968,preci,JJASO,Yr
14.25_104.75,1.493978032875817,-1.1194066120914967,0.8222784345122678,6.370394564956102,0.7800061541371575,0.6635507501581372,3.030680004575163,189.60673980885318,preci,JJASO,Yr
14.25_105.25,1.0137536073856217,1.1997721565359534,2.406071467203775,6.193503993899047,-0.05371010472254234,1.8035758809683333,8.288875681281045,202.50882924894347,preci,JJASO,Yr
14.25_105.75,1.113758129117648,-3.4956287254575096,0.7660527098343382,3.1365765848267975,-0.35501384743790876,0.7280111075653588,0.022699502614379252,265.9331455258547,preci,JJASO,Yr
14.25_106.25,0.6360362032026146,-2.2017899460784243,0.6374241417908495,3.7702232394147974,-1.0146018033071664,1.4833217291732028,2.0200087923202608,368.88735194106425,preci,JJASO,Yr
14.25_106.75,-0.612122055816994,-1.8865757244117543,1.6679729816830067,2.1144127107189554,-2.7037678184252445,2.4491961529738564,3.987732685359477,466.0416242768341,preci,JJASO,Yr
14.25_107.25,-1.2455466583071892,-2.848386997728752,0.831832483758169,1.029644877777777,-3.015290479183005,1.5632072153148213,0.7905657581699348,436.06139421877356,preci,JJASO,Yr
14.25_107.75,-1.3947171149019608,-1.7929021721895424,-2.145817871180206,2.0178653560457516,-2.9623065666013058,-1.8985206033960442,-2.039003157091503,222.86946310749738,preci,JJASO,Yr
14.25_108.25,0.34487356882352893,5.1697627534640525,-2.028189495721242,5.915718195849674,-0.24050678087712374,-1.5055359354248372,1.6973330890522877,97.39206860292438,preci,JJASO,Yr
14.75_101.75,3.4577777546421795,3.224887350698374,1.1948915043267971,8.251250413936274,3.5966899865078434,2.0708360028202613,2.118261523202614,176.0953647985666,preci,JJASO,Yr
14.75_102.25,2.828835414921568,-0.604991086957515,-0.9829703312446596,6.471823049800664,2.679344018617582,0.2800059583258172,-0.8257456657777775,134.23488686575587,preci,JJASO,Yr
14.75_102.75,1.6893432984922092,-0.5425716943856136,-0.09891648974509826,5.062566613794032,1.555963338582087,0.7421343562941178,0.6712613288496736,123.28904041822688,preci,JJASO,Yr
14.75_103.25,1.3273633789706376,-0.4502075184575087,0.5664612839690197,4.467584253093107,0.8523108989990735,1.2029112443529413,1.7358122746960785,134.37673639505982,preci,JJASO,Yr
14.75_103.75,1.3798035335620917,-0.33598563464051256,0.9365379086205885,3.712159162730632,0.6428783930784441,1.2512707638300653,2.690657422078431,152.05642405313097,preci,JJASO,Yr
14.75_104.25,1.6971126477957252,0.08839222879086073,1.5995014582526954,3.513319950632581,0.4290163054245113,1.3141647235431373,2.9499085452254903,164.1586874587255,preci,JJASO,Yr
14.75_104.75,0.9372705852483669,-0.9436680450718886,0.20557595125274508,2.030742376834017,0.08734159980146572,1.0782038229935522,1.924636211310458,180.70939517170916,preci,JJASO,Yr
14.75_105.25,-0.20500604847014348,-1.0609455191830022,0.5479988907846405,1.5901022315238555,-1.0426439157395095,1.7851454559803939,1.6828648178758172,224.21576874100901,preci,JJASO,Yr
14.75_105.75,-1.4507025769542485,-4.485695509215679,0.3466540623747756,0.33140231053398717,-3.0602636701117465,0.2525465142980394,0.0002720845424839524,335.11688920270103,preci,JJASO,Yr
14.75_106.25,-1.0030697411764704,-0.8722141485947663,-0.3207139264083976,1.7832944253921568,-3.3362612923410775,0.21708358832026153,10.617877092156862,436.5742733213742,preci,JJASO,Yr
14.75_106.75,-1.1732193111437912,-1.284748298186269,0.8778335146814689,-0.4249485212287567,-4.106065926951294,1.7170139831176474,-0.27829258950980496,409.2263031183962,preci,JJASO,Yr
14.75_107.25,-1.9888803906607837,-3.533833920922217,-3.2686689609052286,-0.3790467808568634,-4.060875430127777,-3.8244499235267972,-3.9523149988307185,269.96045989000476,preci,JJASO,Yr
14.75_107.75,-1.3956548683006536,3.5069196457189546,-2.2344803895098035,2.6624237647712414,-2.341996640065359,-2.270727238954248,-0.2015677103267981,113.15210150456278,preci,JJASO,Yr
14.75_108.25,0.056934602287581626,8.33252628398693,-1.834566630058987,7.94418514880719,-0.16773589745751627,-1.554310903594771,5.114757042222223,96.04844807914928,preci,JJASO,Yr
15.25_101.75,2.5087099700296784,0.26743414080066286,0.5426337918748529,5.748425873531829,3.397905328423856,1.3649365944052287,-0.12390019028758137,158.285794753627,preci,JJASO,Yr
15.25_102.25,1.8843982512329602,-1.0653108394705728,-0.3440027129901957,4.09353944680147,2.1450896796143883,0.13333010969215708,-0.8046913246732026,112.90525124926147,preci,JJASO,Yr
15.25_102.75,1.0807709786082906,-0.6710005507189367,0.7278696341838828,3.57489142024503,1.446331691388889,1.062561868672157,0.08581957809803864,101.62225904966687,preci,JJASO,Yr
15.25_103.25,0.9537565781552848,-0.7990426805228603,0.931102891974608,3.6246414289069517,0.7762152912500664,1.1296669028915032,0.8415561995294119,103.63393627697423,preci,JJASO,Yr
15.25_103.75,1.0444609317744704,-1.5606943992156759,1.480520252566961,3.572234023076145,0.028415338218666264,1.2805504262081695,0.9307142111437909,129.86316861601307,preci,JJASO,Yr
15.25_104.25,1.2551835737462675,-0.8793092711928048,2.0703647783094774,3.4096243574335627,0.3278226835974065,1.403270844117647,1.944091763068628,157.1063884413301,preci,JJASO,Yr
15.25_104.75,1.0596329844896277,-1.160745832647052,0.696485623853365,2.4872081742649748,-0.4756506906840072,1.0670262301220599,2.4609240095098044,185.70939135727303,preci,JJASO,Yr
15.25_105.25,0.2814558322444829,-3.2133413837908416,-0.7933909587959347,0.4996769127537264,-1.1726876683382756,0.2719714478498121,1.3397457124183019,244.3175240850765,preci,JJASO,Yr
15.25_105.75,-0.14244247284313882,-0.4965377918300615,0.11961061139705897,0.633611886332401,-2.5255599189753046,-0.36253942851135346,1.4412983550620915,344.8445487955111,preci,JJASO,Yr
15.25_106.25,-2.4518287734967332,6.344854889349676,4.098779297014921,-1.2472926355555556,-5.087120245865034,2.662828257028762,13.550603948986925,391.95733923774833,preci,JJASO,Yr
15.25_106.75,-1.6885184503267983,-2.8394760325163344,-1.4016033491911766,-0.6018179983333329,-3.4044821572442014,-1.8736596286036669,-3.64316680245098,271.81279861967437,preci,JJASO,Yr
15.25_107.25,-3.5034122776470586,-4.451159530261435,-7.079788601503267,-0.35486190338562107,-5.352930921746078,-6.943519466797387,-1.9827575010915028,133.98516646618344,preci,JJASO,Yr
15.75_101.75,3.1553725582634358,0.6274838307451078,0.7434151069069617,4.563583299654241,2.546305781917975,1.8371978198947714,-0.5999900574967323,160.42661782797063,preci,JJASO,Yr
15.75_102.25,2.3661058252412746,-1.1120375479574918,0.2552233084970914,3.5147194383019444,1.6160536169352615,1.1865848823120917,-1.0875377738594771,100.03707245702034,preci,JJASO,Yr
15.75_102.75,1.7820615534497124,-0.8710368706045486,1.1569132956225485,3.3003107168627457,1.012761727971895,1.5419009144928757,0.5158107933529408,86.14057703933724,preci,JJASO,Yr
15.75_103.25,1.5443591764886178,-0.905945012558806,1.188924530379085,3.522561446226533,0.6741341350424914,1.6920608513954152,2.1525280705522882,105.86433972425067,preci,JJASO,Yr
15.75_103.75,1.4152806408435818,-1.2869045073659897,0.8782103326555224,3.3325371482722606,-0.015945802562417732,1.6656953048701308,2.009413321303921,132.21992524598238,preci,JJASO,Yr
15.75_104.25,1.4329820958671826,-1.301562789620898,0.6404934130700095,2.770843498745919,-0.4610467720392508,1.8112001300901635,2.553955446104575,156.05487514661422,preci,JJASO,Yr
15.75_104.75,0.787052046548741,-1.0919373259476952,0.3620525364228757,1.4163334728732027,-1.1909314893876188,1.444120275467974,3.7475281822222217,169.86818457196847,preci,JJASO,Yr
15.75_105.25,-0.07197245706525246,-1.5008597968365938,1.3334757493591507,-0.09782383479084888,-1.4368384621359436,1.5891201461346611,3.059241805653595,228.49195585997538,preci,JJASO,Yr
15.75_105.75,-0.2569799787189537,-3.326904804437905,0.79333930839167,0.7010626381213072,-2.233889610022388,1.6394959318161093,1.857932497614379,305.9038571629751,preci,JJASO,Yr
15.75_106.25,-1.3698907916666672,-4.766993926401959,-3.543957846685219,0.1940378204450992,-3.561977100568628,-0.6440298389624393,-0.1316643508823514,294.6210808713928,preci,JJASO,Yr
15.75_106.75,-3.344932566568628,-3.59954475722222,-5.4952315476863465,-2.20444244879085,-5.413495102040834,-5.685049176241831,-5.131605639738563,170.59265896278743,preci,JJASO,Yr
16.25_101.75,4.295572255542482,2.7893312726339925,2.0178846871482907,4.084614750993142,1.9727279152352937,2.215691892267337,1.536695836196079,143.96486832000215,preci,JJASO,Yr
16.25_102.25,3.137612994308834,-0.6166043106208903,1.987952200057843,3.3807521420398037,1.7948024749174112,2.492041252217896,-0.7126236929411764,84.3129975885399,preci,JJASO,Yr
16.25_102.75,1.97580421427651,-0.9795271069280762,0.6271666460817,2.931014605380863,0.6402558859878322,1.2890775317187901,0.3974184650816994,84.08118173490686,preci,JJASO,Yr
16.25_103.25,1.5201785454104968,-1.0418899916012812,0.43545928718529403,3.4389324873254585,-0.1860640917934866,1.2601286731338077,1.5545202907287585,108.75605190383166,preci,JJASO,Yr
16.25_103.75,1.6542775553575297,-1.2368797240310212,0.26970792263539245,3.530863631292975,-0.6826966766470419,1.4233574476028146,2.5988215802826797,140.97276717967026,preci,JJASO,Yr
16.25_104.25,1.180227456372549,-0.3309651833986753,0.6333890210849189,2.6133508644298353,-1.3048565682388245,2.043284634120589,4.2682848583660125,142.59949575241654,preci,JJASO,Yr
16.25_104.75,0.6990988805186018,-0.4401778294117431,0.9049106791016346,1.6641890474390948,-1.961820886708396,1.4537228634187578,4.858917955261438,150.35635920940229,preci,JJASO,Yr
16.25_105.25,-0.04222932811100266,-1.1781680515097936,-0.9776105045781049,-0.7069431021303001,-2.92791298227843,0.6053495515816993,3.4181750939542495,208.39229299790782,preci,JJASO,Yr
16.25_105.75,0.33020190002140826,-2.8617970307189453,-0.29413697463793476,0.6599313923676937,-2.6661291477549787,0.8942690919361445,0.6703509192941173,253.095265832258,preci,JJASO,Yr
16.25_106.25,-0.7494577754346405,-4.2416202773529355,-1.3201875631359479,0.2892694290046416,-3.912254715228759,-1.5566671499815632,-0.8246931526143797,198.40105652182478,preci,JJASO,Yr
16.25_106.75,-2.2853241817156866,-1.0588463769477094,-3.333856316169589,-0.45600373842778197,-4.998512791459455,-1.6362385804437913,-0.9718368992320254,108.55769965063875,preci,JJASO,Yr
16.25_107.25,-1.4947203679738568,1.6669357080718967,-3.838812465130212,4.289144388176601,-2.7660925415015742,-3.733108124411765,1.7985680846405225,95.41759648641005,preci,JJASO,Yr
16.75_101.75,4.302191436926213,0.614729019921578,2.8041933194800652,3.5157076002501473,1.4601428103286747,4.11046837576732,0.5116034223529411,105.996583164116,preci,JJASO,Yr
16.75_102.25,3.0037879947080306,-1.5166773962744844,1.418544732406863,2.797117195970588,1.08731386199809,1.7376961269091504,-0.90408570570915,72.9359409147194,preci,JJASO,Yr
16.75_102.75,1.9946010639260816,-0.7888055228431177,0.3123596258335297,2.7508999360597484,0.28083842285011196,1.2518266883643134,1.2340554027712418,77.56587156805065,preci,JJASO,Yr
16.75_103.25,1.986504144838562,-0.5431687031045451,0.18008591169101296,3.9039876941879097,-0.14578258228921603,1.6314841895657066,4.531112423130719,99.63474498629597,preci,JJASO,Yr
16.75_103.75,1.5977415559173203,0.7748742359052474,1.351758974859052,4.330817619567973,-0.7186343774186228,2.5633683271116983,5.965044332774511,125.08815082923667,preci,JJASO,Yr
16.75_104.25,1.271267228307703,1.4215155874183183,1.661524054101307,3.08450675091618,-1.3287352146731988,2.348953526934542,7.234972797287581,132.01993017594157,preci,JJASO,Yr
16.75_104.75,1.2553953703731215,-0.5933124436666528,-0.6340860293897976,1.550660789933902,-1.6284507806228756,1.804376960294118,4.017426142986928,157.1279823352001,preci,JJASO,Yr
16.75_105.25,0.6469682357345969,-1.6446617982026104,-0.37058473409395454,0.14516971388249855,-2.6814715135549565,1.2417546292611439,3.4859123968431374,211.8650419513777,preci,JJASO,Yr
16.75_105.75,-0.056391373237581366,-3.7016917159398552,-1.1467106891494603,-0.07246376643034669,-3.2405566023918757,0.4764078555324547,0.13258679351633962,202.09668558133689,preci,JJASO,Yr
16.75_106.25,-0.3292665853111538,-2.8322304028104486,-1.9922754382480066,1.554834680022759,-3.2665001857634874,-0.33513748705882396,-0.33379318393790847,126.33509104063911,preci,JJASO,Yr
17.25_101.75,3.745710550418744,-0.6090188499372406,1.4518933282248367,2.3438560589520794,1.1590959202892446,3.077815894797418,-1.2167792976732028,86.61256053636617,preci,JJASO,Yr
17.25_102.25,2.746507358498503,-1.8123805286601093,-0.8893543968355226,1.836746075666274,0.02536544228043791,-0.4243219044273854,-1.2222851336862748,67.125512217253,preci,JJASO,Yr
17.25_102.75,1.635666661134787,-0.9958466941176285,-0.4492981399934308,1.8155231893202615,-0.9696374986707603,1.1063113101352946,2.5232462626764707,74.91072545980401,preci,JJASO,Yr
17.25_103.25,1.721136467155739,-0.2642411595578311,-0.027547514544052465,2.4434743072852947,-0.9037273686560012,1.7476325617509803,4.43042536879085,92.08702134754817,preci,JJASO,Yr
17.25_103.75,1.3661057756895416,0.32750440792485147,1.2665968610328555,2.379533960963399,-1.3244714819475139,3.080226007964248,6.661095661277777,108.20760730648581,preci,JJASO,Yr
17.25_104.25,-0.0039129506883734955,-1.583928655261413,-0.794699586374271,-0.3178099358427766,-2.7966821044497845,0.8027094617200987,2.4469455032679743,138.3141418761351,preci,JJASO,Yr
17.25_104.75,-0.5418714260231496,-4.814183427843117,-2.243745977685684,-2.060765042670752,-4.171309563035593,-1.0278686947173212,-1.784692778519608,176.8288872591951,preci,JJASO,Yr
17.25_105.25,-0.8463505219393754,-5.490398405016338,-2.356704487256589,-1.8156281591846595,-4.706006522025864,-1.2070799468537152,-2.736670020228759,183.342025838195,preci,JJASO,Yr
17.25_105.75,0.009959556408219328,-2.970163585653591,-1.2503025927292346,0.25582648949565634,-3.790002281519015,-0.6574476106492497,-0.4101379427777778,135.17817077932844,preci,JJASO,Yr
17.25_106.25,-0.013312574255938348,-0.49729861467318903,-0.44583924756600357,4.897910935564247,-2.584735716650664,2.843043507953356,3.6123247852352933,97.86085198622587,preci,JJASO,Yr
17.75_101.25,5.8197737075163385,-0.4672860022548806,0.589266925640699,1.5531416655019936,1.1038369239968304,1.3337276168222223,1.5481401296405228,96.00011805494603,preci,JJASO,Yr
17.75_101.75,4.098170743958937,-1.7359284553104357,-0.9636931406601836,1.3766478827567648,0.9287578172150419,0.04641366450404316,-1.6935439337091502,78.21003933034046,preci,JJASO,Yr
17.75_102.25,2.4125055036274508,-2.8006506567319986,-0.2514858841817573,0.7196375384028433,-0.6933185938058579,0.720370390252544,-1.4174045724183002,76.11800319349604,preci,JJASO,Yr
17.75_102.75,1.4832844211710263,-3.1345158413725205,-1.3708871700586305,0.4938018851732031,-1.4656440986337915,0.49769085315014117,-0.8397140317647058,86.61190099791185,preci,JJASO,Yr
17.75_103.25,0.7671760959281042,-2.1965051018496493,-0.8784943024623231,-0.15516440217189498,-2.3516442440965264,0.5372483361570146,-0.11751307986928028,105.12303648330666,preci,JJASO,Yr
17.75_103.75,-0.23306604376849993,-3.8316584411764385,-0.5729784862319289,-1.1388666056110464,-3.408061103938128,1.3755159498046732,-1.5758518539444442,140.97395349843472,preci,JJASO,Yr
17.75_104.25,-2.920859431892777,-7.110879366405203,-3.9960699032153313,-3.6667168688637743,-6.37122266411481,-2.4838284666644683,-4.19499359114379,168.11464012707017,preci,JJASO,Yr
17.75_104.75,-3.784151715828109,-6.274580724875814,-3.7680200952703906,-5.161060915352941,-7.6053142585777085,-1.0740515897910936,-0.4708707534640526,163.98814288008438,preci,JJASO,Yr
17.75_105.25,-1.888970829794117,-1.7518908309477057,-2.12229922213951,-1.8632925343868307,-5.745462959210128,-0.30762823583006504,5.5800685905555545,121.21681834385188,preci,JJASO,Yr
18.25_101.25,5.8022284558773265,-0.8361915934640318,0.9519090388490516,0.843006101466214,1.0227755845493038,0.7626715923999017,1.300416548869281,87.53286728182232,preci,JJASO,Yr
18.25_101.75,4.600083019047261,-2.544418570751617,-0.14776312265498692,0.08029943620061752,0.414738689175842,0.3568179720928111,-2.6457640965686267,83.10135922132304,preci,JJASO,Yr
18.25_102.25,2.4603579689704405,-4.974582880718923,-1.6297012603043197,-0.9665166156812419,-1.269875429494118,-0.0016076827982227648,-3.893972556339869,97.03104356670597,preci,JJASO,Yr
18.25_102.75,1.3096586006393354,-3.5808201920163105,-0.11589318495754419,-1.7453660681915038,-2.7924930491960778,1.1237536039323546,-1.6126855501045751,116.57122066159457,preci,JJASO,Yr
18.25_103.25,-1.6234239258470744,-7.809787141908474,-1.7621018407152618,-4.132677658558026,-5.157513484,0.5625837524941177,-2.386487971143791,140.89303322083026,preci,JJASO,Yr
18.25_103.75,-4.139168511876898,-10.044581984117604,-6.064607953704689,-6.129069457587876,-7.947665107827918,-3.957830028676032,-8.00579860248366,161.31732464339458,preci,JJASO,Yr
18.25_104.25,-3.7759483863638885,-7.400499869575146,-2.5105014078385297,-4.285071912160131,-7.573232048307189,-1.8570509972674332,-1.5624843184317,149.67474147010242,preci,JJASO,Yr
18.25_104.75,-2.0603486431609346,-1.5481010751797317,-0.26311041539057545,-2.4680971631808175,-5.997423037653595,0.22409036508169944,6.336608392730392,107.58619317489826,preci,JJASO,Yr
18.25_105.25,-0.05208993597911382,2.8895673528333368,0.3662247746749343,0.3398822106805297,-2.998863065157512,3.938773181964913,5.743895975424837,88.09924050238902,preci,JJASO,Yr
18.75_101.25,6.327720043539728,5.366342901640537,6.376341770669322,0.5540521352006533,0.9087543655649344,6.827726516242,9.839157971558823,103.50649807369575,preci,JJASO,Yr
18.75_101.75,5.540789569531208,-1.5357459244901737,0.8048779311749019,-0.09822563213591495,0.6021997451974155,1.6093966951311574,-3.0411833401307193,103.62767514988076,preci,JJASO,Yr
18.75_102.25,1.8406644763692794,-5.980012920098015,-4.304133795879567,-2.925006428939216,-2.7042181111633856,-2.1298287381068315,-4.213315943571896,116.45451220493254,preci,JJASO,Yr
18.75_102.75,0.10719360513264409,-3.5402151422222135,-0.8674216648211699,-3.383245354786026,-4.305954032954247,1.150389881792992,0.10348619313725571,147.91630927183047,preci,JJASO,Yr
18.75_103.25,-0.1888667962477122,4.532722689019619,2.270773412049209,-2.7075004776076232,-4.35309440925817,3.011446780665919,2.568018878039215,176.57989363431585,preci,JJASO,Yr
18.75_103.75,-3.0096245470428293,-8.672517585950967,-5.756553398733113,-5.811400163681023,-6.901042389816415,-3.743905759846915,-6.062923641797385,167.54224105987925,preci,JJASO,Yr
18.75_104.25,-1.7075743897621778,-3.0625285652254806,0.7217228130598272,-2.4503915740456823,-4.444341277109562,0.14831386146949654,1.7214703993790854,116.07562713359911,preci,JJASO,Yr
18.75_104.75,-0.0351483676718205,2.0585699111111198,1.9964152720378165,0.9243859588039385,-3.47923474090057,4.177521899469282,3.4190352771568633,92.97143652013776,preci,JJASO,Yr
19.25_101.25,6.219906111567958,6.524281561274527,2.8207895523823527,-0.0798008391949021,0.07464945770844134,4.142184565223921,11.207829244993464,110.89363399305361,preci,JJASO,Yr
19.25_101.75,5.839662962198675,-0.9420900888921411,-0.724876291456209,-0.16208791908169928,0.3527080983496731,-0.15580657773552886,-2.275976656830066,110.95460096148587,preci,JJASO,Yr
19.25_102.25,3.024880541876856,0.6197328413562184,0.7228052197634991,-2.171097428243855,-2.2184073627280414,4.030596571510262,2.6248246037908496,113.61029455765419,preci,JJASO,Yr
19.25_102.75,2.0419369958515974,4.695998336405237,-0.3035644095006127,-1.9889816227729735,-1.807856608745734,1.7724595836645274,3.8617741353104575,137.87154776836786,preci,JJASO,Yr
19.25_103.25,2.3815591344311344,3.9697353567974,1.6742572683878474,-1.306612338020941,-1.3786756455846527,2.6510381449574467,4.306629462238563,149.0901154788013,preci,JJASO,Yr
19.25_99.75,7.0574835183006535,-1.0131138476143497,-0.3638129510772887,-0.05395650494656934,0.7586901245566731,0.5734015741540937,-0.4354446504901963,100.9617344124159,preci,JJASO,Yr
19.75_100.25,6.307979790032679,-2.56903065323527,0.3730818914848042,-2.1824907024506897,-0.23202132029150313,0.9235132503644556,0.22258096784313697,96.52278837715266,preci,JJASO,Yr
19.75_100.75,6.108850597468527,-0.38921541990194175,1.3000150745065362,-1.440965348595323,-0.3013432417806383,2.5406920924751555,2.8588252150392153,103.76686322556984,preci,JJASO,Yr
19.75_101.25,5.81270554056123,2.3360521351634143,1.2865067204742808,-1.4227313886330717,-0.7218151943366014,2.804765102845456,3.2326492090947716,105.08258676801006,preci,JJASO,Yr
19.75_101.75,5.36037970245602,-1.724760894444428,-0.719830166926287,-1.5903051935300656,-0.37903552003954255,-0.5953119501288797,-1.3108012644545755,98.70283374353197,preci,JJASO,Yr
19.75_102.25,3.7133474555555557,0.3253303885947867,2.2918841077877112,-2.3678354098551293,-1.3570652013561775,3.5737128939050606,0.9359171789542482,88.17303702781095,preci,JJASO,Yr
19.75_102.75,1.9657134206251565,-1.9668197756163242,-1.6938335038490568,-2.391080992287582,-2.301777546680959,-0.9677142268507612,0.0855160322941173,88.18960215073506,preci,JJASO,Yr
19.75_103.25,1.502409920554058,-1.6944501833986823,-2.0290418561135666,-1.9658399307716141,-1.7973659161511928,-2.160193949772225,-2.192850620104575,100.55631706282827,preci,JJASO,Yr
19.75_99.25,7.090810889366013,-1.058004561728739,-0.3119342949553041,0.056982253055090304,0.5445424116535946,0.8874169421733695,-0.08594494960784238,104.66976399261218,preci,JJASO,Yr
19.75_99.75,5.4235037110816995,-3.5900901706666506,-2.185105288742238,-1.9874097220344773,-0.6932703883947928,-1.112262014329537,-2.8132095966111113,97.62568035150727,preci,JJASO,Yr
20.25_100.25,4.413424452044192,-5.012250015130684,-2.370091856186859,-3.5177405730477127,-1.4238005331513075,-1.8844449036938693,-4.035106297604575,97.88086388389891,preci,JJASO,Yr
20.25_100.75,4.543262089284643,-2.2896569260784143,-0.9997398127726176,-2.9395562477098727,-1.3267125465921574,1.2140541458784542,0.8968136718954254,92.91685661282067,preci,JJASO,Yr
20.25_101.25,5.250889796546959,-0.9029479559313556,0.6600351742535229,-2.4576904969428304,-1.3442965642973856,0.9816276258230392,1.0699436704084966,90.36872831451623,preci,JJASO,Yr
20.25_101.75,4.367548824842309,0.47842671780393653,0.017314117795196093,-2.7792684131515166,-1.3478066345313726,1.3433484741601314,0.4680971823856215,77.51001129928571,preci,JJASO,Yr
20.25_102.25,3.738410737847202,-2.759729978767944,-1.344908302964408,-3.0042404520583754,-1.4856258070342951,0.07327034348045736,-2.287186672852941,70.71325823922314,preci,JJASO,Yr
20.25_102.75,2.3891942888108666,-2.7687713947271066,-1.2109138735108478,-2.9623699175522873,-2.337096023142811,-0.26755858407980426,-2.7521165583333334,67.9713520485178,preci,JJASO,Yr
20.25_103.25,1.7360026537303432,-2.1367215053921402,-1.6071476256811246,-2.374731936292484,-1.9692172031012904,0.4558369664911872,0.5988856222483663,83.93111797556222,preci,JJASO,Yr
20.25_99.25,6.066710733202616,0.08246133034315628,1.2862043527474185,-0.1911438548853046,-0.28482300344771216,2.241026172781046,1.7509061882679746,108.57837148492203,preci,JJASO,Yr
20.25_99.75,4.711034947730468,-3.8170661263398387,-2.118794685024444,-3.1554334131578106,-1.4377343451960782,-0.4179418060847464,-2.480287929705882,109.30623580210352,preci,JJASO,Yr
20.75_100.25,4.379215217207593,-3.5580953690195773,-0.6528884247251634,-2.873560868719947,-1.298373848144771,-0.709812589402004,-3.2741043254248363,112.8909043438197,preci,JJASO,Yr
20.75_100.75,4.442445708293252,-3.127720312758142,0.12438879808643799,-3.164485820540366,-1.8013586423620915,2.4842932133936615,1.571991755457515,89.88093579509224,preci,JJASO,Yr
20.75_101.25,4.475508297389065,-0.2142400392156727,0.7114026434907292,-3.148244127894313,-2.003893850742124,2.4492668595947715,2.619378779986928,76.08241048685368,preci,JJASO,Yr
20.75_101.75,3.813680014855832,-0.5080193585287391,-1.2616023243793442,-3.127074445555315,-2.2061265319166665,0.5554193071383224,-0.0677765439084963,71.42381555397631,preci,JJASO,Yr
20.75_102.25,3.3082804859970234,-1.8388432129411525,0.895134535497704,-2.6244756798220426,-2.7495751170238263,-0.3097716228522742,-1.622888254477124,65.03282894818467,preci,JJASO,Yr
20.75_102.75,2.7850441804647255,-2.592464153692788,-1.144928827616292,-2.0956253905818327,-2.617708949132351,-1.0589350982183863,-1.632187848597713,67.00055155953805,preci,JJASO,Yr
20.75_103.25,2.2118546754248367,-0.32783625781697223,1.00587993160361,-2.1673673735454475,-2.9422467982500207,1.2863329934712415,2.225786780653595,72.1038462604507,preci,JJASO,Yr
20.75_99.75,5.1200000138726445,-1.0876402770588132,-0.2844365784617535,-1.920862482516857,-1.0324282901800097,3.6446304908142175,1.8247694265686274,122.19319697381195,preci,JJASO,Yr
21.25_100.25,4.931253303864957,-2.061966120287571,-2.7304393513189518,-2.4833694804732582,-0.7848854029156143,-0.8312641441862749,-1.7493122845065356,120.13069233070036,preci,JJASO,Yr
21.25_100.75,4.451280533968572,-2.5470653468039135,1.155401899546459,-2.8981342836292776,-1.475029868653594,2.5232793983834028,-0.6273825286830061,87.36351439387133,preci,JJASO,Yr
21.25_101.25,4.261977294307739,-1.3314950199999749,0.10573439080179892,-3.1080405813692815,-2.1080469012810457,2.184510087607853,1.7358493807516338,69.06740494907388,preci,JJASO,Yr
21.25_101.75,3.2541481849108242,0.6805927159496887,-0.15098918542033646,-3.2495879494495106,-2.395294890549673,0.9110884377431763,1.8678475345392158,70.49952488992967,preci,JJASO,Yr
21.25_102.25,3.152951454576304,-1.8901632647385385,1.137131036510818,-2.8068133658635785,-2.9651408350539543,1.8900723677547093,-0.4922765404248377,71.45189282170732,preci,JJASO,Yr
21.25_102.75,2.1613490813058793,-2.89082742634965,-0.7403238030468646,-2.425939127108186,-3.40832873403366,0.34119177690684355,-0.9825210142156857,68.31869150658281,preci,JJASO,Yr
21.25_99.75,5.570416035270977,1.0078218177254978,3.5137868806355166,-1.6484530459986155,-0.35737442976631684,4.93673224492648,2.042725559006536,127.11580219904447,preci,JJASO,Yr
21.75_100.25,4.093651206441036,1.6413026139542555,0.44427729316287046,-2.632015838213464,-1.198152726473856,1.3956720908496738,0.29783255866013025,89.35121681583888,preci,JJASO,Yr
21.75_100.75,4.259338161016198,-1.915302950673189,1.1233871662525496,-2.7073452936803166,-1.1785879584132335,1.979009807631793,-1.8122612789869283,77.66256097396644,preci,JJASO,Yr
21.75_101.25,3.9354948954933233,-2.3321548956862648,-1.2903653035076754,-2.8116778859561244,-1.6667457566993464,-0.4171305756704582,-0.7323617445424841,63.18644732759164,preci,JJASO,Yr
21.75_101.75,2.9801866241692814,0.317326038516351,0.5374741572878872,-3.14184026888827,-2.627115357800653,1.9773577582328583,2.5239635202026136,65.32928961687614,preci,JJASO,Yr
21.75_102.25,2.5543984408169935,-3.220909510392141,-1.3948986194017885,-3.306390770759002,-3.3043849008888895,-0.09286422139272332,-1.5645849462647061,68.79035057334866,preci,JJASO,Yr
21.75_99.25,5.489595795294118,2.507849760539231,6.897730326642817,-1.262023187411764,-0.8064940875,5.155551294007909,3.9216719755228766,94.78455759015824,preci,JJASO,Yr
21.75_99.75,4.9910135929738555,-0.5516458113398603,0.15727690694770313,-1.4961086606550933,-0.5855718036960784,0.6714812621241832,-1.2251264633006533,98.3216684079745,preci,JJASO,Yr
22.25_100.25,2.986939608184111,-0.6421284982091384,2.811734625532169,-3.17009318949041,-1.8467578302274505,5.313707350630718,-0.47209700258169907,76.9636968425238,preci,JJASO,Yr
22.25_100.75,3.3243246046403825,-2.7554197781699186,-1.2016111560942058,-2.933229489821568,-1.5398227621647056,0.7609981043267973,-2.6437885872973856,75.75436328488834,preci,JJASO,Yr
22.25_101.25,2.959666109412317,-2.464558235042464,-0.21676472343156883,-3.3010773008255865,-2.162160295068627,-0.2935530048809438,-1.2646428932745093,70.32369633604931,preci,JJASO,Yr
22.25_101.75,1.6967321414115033,-3.389881653166638,-0.3989458418903786,-4.3764280182361945,-3.7587939482679733,0.6762849770072861,-1.9234569330718956,71.92466128796528,preci,JJASO,Yr
22.25_102.25,1.4022940282240657,-4.8219750655947475,-2.3238008240668413,-4.357445395305936,-4.378959621990196,-2.473225904133728,-3.6197033624509807,71.4525227812887,preci,JJASO,Yr
22.25_99.75,3.648171796533088,-1.102968628875811,1.3396056509784064,-2.6052236495023955,-1.6340672016078432,-1.4781933019647324,-1.1604609131928103,81.44720178739605,preci,JJASO,Yr
22.75_100.25,1.7488111667945265,-1.2101831677777688,-0.29846606044513546,-3.9383354181203236,-2.640630607840196,-0.5128679771241829,-2.8591159887843136,74.14684589854767,preci,JJASO,Yr
22.75_100.75,1.6101621949704472,-2.479229008892136,-1.3474693484100921,-3.77311027525349,-2.5146370302516337,-2.1479971313856216,-1.8950134992189542,73.25852932217427,preci,JJASO,Yr
22.75_101.25,1.1582653110276238,-1.0028184162973663,3.7930899213300657,-3.9998010582483547,-3.2888896448169938,8.82208677127451,0.0673792545032681,80.4728101080558,preci,JJASO,Yr
22.75_99.75,2.7221447733958337,1.1124277996078482,0.09979337040519543,-3.5351929279463965,-2.103609461019608,1.603211385929757,-0.269882380816993,90.06572662197806,preci,JJASO,Yr
23.25_100.25,1.6364002705454022,-2.00591556753267,-1.2943590452014706,-3.3543709575542486,-1.7518136469611114,-0.5952647412122873,-2.909855752748366,86.06339978580688,preci,JJASO,Yr
23.25_100.75,1.5564110244342908,-1.6614567147385513,-0.29077213738535956,-3.173763793059804,-1.9327396412951448,2.016064057711438,-1.435088761503268,77.02242478932449,preci,JJASO,Yr
23.25_99.25,3.4108541129546572,-0.7035372990620861,-0.454025184509804,-2.6947104704967315,-1.3483826750392156,-0.5967605757297463,-0.14155534849673135,101.87116189432885,preci,JJASO,Yr
23.25_99.75,2.4018247560815587,0.9361278248366109,0.003338892248365255,-2.919045234279622,-1.5597946752075167,0.15288573401960814,-0.3645511898692808,102.00876828659858,preci,JJASO,Yr
23.75_100.25,1.8270177798366012,1.4860815936274552,0.20980203907235273,-2.648872415283333,-1.0870348015980391,1.3004534521862747,-0.5972143769607845,98.84917738045031,preci,JJASO,Yr
23.75_100.75,1.7629773251657488,-1.1826595656208996,-0.012674443172441485,-2.880199123071896,-1.2783475979539216,0.9702870711764704,-0.6428039441078428,83.73832041624499,preci,JJASO,Yr
24.25_100.25,2.2582143143227524,0.1834934520555631,-0.9845007862378397,-2.6223336404379083,-0.956953809587255,-0.675237503887602,0.13797460715686283,107.1122192504127,preci,JJASO,Yr
24.25_100.75,1.9525080613425692,-0.5443013059346233,-1.516351515075374,-2.7488363911782336,-0.9970922286797386,-0.6025781362456537,-0.8264660886274502,107.73655843583347,preci,JJASO,Yr
24.25_99.75,2.8350660834466703,-0.2779700186339653,0.7233541328060586,-2.1663551514162647,-0.7635286037156865,3.355508893629353,0.3427017133333332,95.96173598392346,preci,JJASO,Yr
24.75_100.25,1.9270006229084968,-0.24768440261437386,0.38783052076255364,-1.875254306136503,-0.2415919057875815,0.2276784208369449,-0.09492360058823479,101.7258950245326,preci,JJASO,Yr
24.75_99.75,2.2458458391068135,-0.7437017680195983,2.0983898464565356,-1.5729970220723306,0.17327719129528596,1.8595802311844296,-0.010822829738561524,90.52893341325611,preci,JJASO,Yr
25.25_99.75,2.201067132865585,-0.4432758836045658,0.8486837917388885,-1.0649203744288727,0.1858240603235295,1.907561018942157,-0.1559639046633987,100.03217479650795,preci,JJASO,Yr
25.75_100.25,0.36408344836189244,-0.3243012094771065,1.3634468192399352,-2.460140949324183,-1.187319651470588,0.4694263959678602,-0.820882677222222,98.85344014202819,preci,JJASO,Yr
25.75_99.25,3.0239931940275264,3.2276339703398738,3.0192028602743144,-1.467806051018265,0.9452504389215692,2.426024066421726,-0.11051673392418282,152.6352449353216,preci,JJASO,Yr
25.75_99.75,1.399203332273776,1.119209032124191,4.1416246965745085,-1.8988405058205664,-0.15786858080065347,2.2341560691565623,-0.2892959230065357,117.16195579333623,preci,JJASO,Yr
26.25_99.25,2.941805961080814,6.85042277908497,2.8221823756339868,-1.9567777782549016,1.0692385014019612,3.0208075635947713,0.932561022352941,186.19958140111748,preci,JJASO,Yr
26.25_99.75,0.7245576808412126,1.987544292774516,3.7360520090163396,-2.2983444165784315,-0.20071099985294127,2.6854437956369717,0.5440771753823537,141.62037377207946,preci,JJASO,Yr
26.75_99.25,3.108462604967321,6.1030443281372575,6.3921583557239465,-1.5099608223108496,1.1505290527330068,6.672027996299117,1.24559850993464,200.16317234497438,preci,JJASO,Yr
27.25_99.25,3.350886442478733,7.347221199598369,2.7871106793660134,-1.2109911520137255,1.5509659176993467,4.304657173761438,0.32632550051307185,193.9955069842312,preci,JJASO,Yr
27.75_98.75,2.9174295313220067,11.549652400284318,5.755198530078431,-1.2081669694411767,1.5007291479901963,6.108138581176471,1.657778145098039,174.94168189776065,preci,JJASO,Yr
28.25_98.75,2.836674395888889,16.442376048163403,2.6790315728561045,-0.09102107890761446,1.7336658611764701,3.3030577173318463,4.704665381016339,136.85960220102666,preci,JJASO,Yr
28.75_98.75,2.840256068131219,8.413165224981054,0.7667291951115103,-0.4100114075215686,1.9372849307,0.7478582321865359,1.7402244048235294,126.93700363402729,preci,JJASO,Yr
29.25_98.25,2.2146551000718957,5.913766759214398,0.2321130549018826,-1.102769674604575,1.070615302894119,3.1301073363792926,0.9996135484967319,92.91375057095397,preci,JJASO,Yr
29.75_98.25,2.153330003210896,4.432334074882366,0.17154473115829028,-1.2546801429771242,0.36424215310784325,-0.037434194067780036,1.4964712322973854,72.1889762062496,preci,JJASO,Yr
30.25_97.75,1.6677304821446117,6.344776905352951,1.9173143262073464,-0.927339942709477,-0.08355432276591512,4.635001970700555,2.5385760856862745,83.98195620581171,preci,JJASO,Yr
30.25_98.25,1.7487113631814608,3.9685632432287696,3.2090364526799022,-0.5457449591666668,-0.31390365376154883,3.5333803860554247,1.2588267249999996,71.66623289573917,preci,JJASO,Yr
30.75_97.25,1.5987933352251633,2.1307023170372705,3.2761441468427126,-1.1318838260542758,-0.5388730002254899,3.446814707903598,0.7518544971895424,91.1551354070278,preci,JJASO,Yr
30.75_97.75,1.637741620839631,3.4567282565196233,2.6464251621821404,-0.952142510171902,-0.6448955436705882,1.107930309189085,0.8862692142320256,104.10280549701343,preci,JJASO,Yr
31.25_96.25,1.5270073630327345,2.4431412099019836,2.42533089337598,-1.1107306914581696,-1.0252614954006534,2.3934681673235296,0.3275682454575164,90.96645174651218,preci,JJASO,Yr
31.25_96.75,1.2186420409444447,0.8924175121470905,2.0408691036780393,-1.2825019076483009,-1.121160675859477,2.178238090065984,0.13650910664379068,77.96654764037292,preci,JJASO,Yr
31.25_97.25,1.4576748667660069,1.0453108072516581,3.092790142128301,-1.2968875123862742,-1.0437419870196079,3.5866014249130718,-0.08268939189542523,82.34066762473375,preci,JJASO,Yr
31.75_95.75,1.958202571308049,2.6667118625333526,3.6705262637288625,-0.35510712879281026,-1.163395471088378,5.728344156601307,1.9727253044941178,108.44163031706077,preci,JJASO,Yr
31.75_96.25,1.6845994548133958,1.9927237375980662,2.7410370244738886,-0.5708434938968632,-1.1937195005065362,3.099390592101307,1.082084028379085,94.84676232735907,preci,JJASO,Yr
31.75_96.75,1.2616829257590105,0.732919584931409,1.222741089525817,-0.5736064741754903,-1.153218459647059,1.3606275348862749,-0.08617191071895425,75.77535764538538,preci,JJASO,Yr
31.75_97.25,1.5859519719690032,1.1801232317647325,1.5362744749774508,-0.6124029083437575,-1.1927253209477127,2.162617262926471,0.15626712590196057,73.51607964308893,preci,JJASO,Yr
31.75_97.75,1.5300926892643072,2.5934020926274703,3.5014411150013602,-0.927461451264678,-1.276610943506535,3.651071337919281,0.6633967608441178,87.43506656308769,preci,JJASO,Yr
32.25_94.75,2.6909044321895426,0.9502665735784599,1.6519483376764705,0.08903049926471884,-1.369859287892157,2.9262806021946544,0.9820940343235294,114.430135491986,preci,JJASO,Yr
32.25_95.25,2.5614943122594083,1.619862356150346,1.662607590364706,0.16247457004395738,-1.297896643586567,-0.4931379138594769,0.6576722276895428,113.31951257866274,preci,JJASO,Yr
32.25_95.75,2.0603581449669512,1.2072824169412095,0.8063151845837733,-0.0429602560422877,-1.312461784526144,-0.10086634549019591,0.274112663398693,103.37054721853009,preci,JJASO,Yr
32.25_96.25,1.88369775569516,0.4980442306863111,2.2473092267549015,-0.2973344715831303,-1.28886382248585,0.9424949019183004,-0.09565267681699363,88.5598017823313,preci,JJASO,Yr
32.25_96.75,1.7207547384741666,1.1423165073202821,2.5863089906535945,-0.16833630109102105,-1.0980809137320264,2.6607736997712417,0.10424930852941183,79.60237119461007,preci,JJASO,Yr
32.25_97.25,1.8203410772139865,2.63762214493793,3.7724571823790845,-0.055548233266117686,-1.146773896372549,3.6731043449019607,0.7613851808071896,80.60750928417755,preci,JJASO,Yr
32.25_97.75,1.69635376874666,1.4439795861438112,1.8967258392753596,-0.5695196672372352,-1.2684694300098038,2.4567709997807192,0.4524550392209148,93.69873010900466,preci,JJASO,Yr
32.75_94.75,2.625460614658823,0.8321767338268264,0.11888765029084958,-0.192424589672747,-1.1947516685639417,0.3653912320130719,0.1599835792156865,115.61775332788054,preci,JJASO,Yr
32.75_95.25,2.5976764552520195,-0.027329186078398404,2.1997050316666664,-0.10734325726999994,-1.2053691310879409,2.942951635111111,-0.3488174886862745,118.20308125994504,preci,JJASO,Yr
32.75_95.75,2.310764306768162,0.30189250326800754,4.594811192713072,0.003028974840392218,-1.2613219345724838,6.265679532294118,0.001815652483660113,107.89652059465101,preci,JJASO,Yr
32.75_96.25,2.1192189143708235,0.5126283713660449,3.8855409265911764,-0.002862695157946016,-1.1804251027614379,3.0419358650235617,0.015959857418300638,99.97848924804812,preci,JJASO,Yr
32.75_96.75,1.872692103649951,1.6554028931732265,6.685543078117647,-0.14134477657574984,-1.1670271981143792,5.518816328010132,0.38211150434640495,95.47865387011154,preci,JJASO,Yr
33.25_94.25,2.1629889652765,0.22452982920035658,1.6735309655980388,-0.4533812903415032,-1.0520249380261437,1.5555203074192814,-0.19457225924836585,105.83852052536048,preci,JJASO,Yr
33.25_94.75,2.316838727148289,-0.13673300656533782,1.484467865261438,-0.0934007475978409,-1.0283599026516341,2.3272376337908502,-0.2331598771568626,110.07625185843322,preci,JJASO,Yr
33.25_95.25,2.353931986985716,1.0092461285490433,4.419218191062091,0.30187246928833344,-0.9982836901576797,4.049896003954248,0.027121425774509822,114.92492983713663,preci,JJASO,Yr
33.25_95.75,2.34729971852667,2.3310498231438146,5.926939144771241,0.26478340771074116,-0.9402293176699182,10.4133432729183,0.9567133439967317,114.29676728171839,preci,JJASO,Yr
9.25_105.25,0.32786448918300604,-5.098936601189534,0.3538501669281038,2.698300406372549,-1.2099848076470594,-0.1811698137908495,-0.7649583641176472,125.54347120183007,preci,JJASO,Yr
9.25_105.75,0.8523512623856209,-2.4013058592810426,-0.5458212172874175,8.330693105392157,-1.2051883987581684,1.3220162192232134,-1.5001915675163393,131.5919809311382,preci,JJASO,Yr
9.75_105.25,0.8201800300000004,-2.258436234640522,-0.3093705206320263,13.350731254094772,-0.027192826078431764,0.822932411111112,0.12292598702614477,153.76727080633987,preci,JJASO,Yr
9.75_105.75,1.4834246221241836,-3.405158249869271,0.7086559224722775,12.626382660107929,0.021469879490523258,1.045034661143792,1.35127932130719,130.9177628721663,preci,JJASO,Yr
9.75_106.25,1.8197459588562097,-2.4444626570816883,1.4983085768169944,8.533269703699347,0.3352716015359478,1.4118877493104578,0.032960614421567946,129.7782659646732,preci,JJASO,Yr
10.25_104.75,-0.4939999999999998,1.4609999999999985,0.3332499999999996,-0.9167500000000004,,0.32200000000000095,-0.2795000000000005,-0.3094999999999999,temp,All,Day
10.25_105.25,-0.5770000000000017,1.4250000000000007,0.6092499999999994,-1.4967500000000005,,0.54725,-0.6432500000000001,-0.30075000000000074,temp,All,Day
10.25_105.75,-0.5749999999999993,1.6344999999999992,0.8079999999999998,-1.6985000000000028,,0.8197499999999991,-0.39275000000000126,-0.36824999999999974,temp,All,Day
10.25_106.25,-0.593,1.5600000000000005,0.8567499999999999,-1.6765000000000008,,0.8187499999999996,-0.1092499999999994,-0.4190000000000005,temp,All,Day
10.25_106.75,-0.40700000000000003,0.9115000000000002,0.4807499999999987,-1.2175000000000011,,0.738999999999999,0.1922499999999996,-0.5579999999999998,temp,All,Day
10.75_104.75,-0.9790000000000028,1.6182499999999997,0.3457499999999989,-1.8427500000000006,,0.2312499999999993,-0.46449999999999925,-1.0180000000000007,temp,All,Day
10.75_105.25,-0.9995000000000012,1.4649999999999999,0.5307499999999994,-2.119250000000001,,0.42650000000000077,-0.7114999999999991,-0.8752499999999994,temp,All,Day
10.75_105.75,-0.7759999999999998,1.2977500000000006,0.6102499999999988,-2.112,,0.5620000000000012,-0.8252499999999987,-0.8072500000000016,temp,All,Day
11.25_104.25,-1.1479999999999997,1.3480000000000008,0.613249999999999,-2.700499999999998,,0.26699999999999946,-0.8847500000000021,-1.3170000000000002,temp,All,Day
11.25_104.75,-1.1969999999999992,1.4922500000000003,0.5999999999999996,-2.73775,,0.27500000000000036,-0.900249999999998,-1.3949999999999996,temp,All,Day
11.25_105.25,-1.0300000000000011,1.3057500000000015,0.6137500000000014,-2.6637500000000003,,0.505749999999999,-0.8230000000000022,-1.0897500000000004,temp,All,Day
11.75_104.25,-1.2720000000000002,0.8774999999999995,0.6947499999999991,-3.3819999999999997,,0.44374999999999964,-1.3719999999999999,-1.5572499999999998,temp,All,Day
11.75_104.75,-1.3119999999999994,1.2072499999999984,0.7877500000000008,-3.1917500000000008,,0.4939999999999998,-1.184750000000001,-1.2449999999999992,temp,All,Day
11.75_105.25,-1.0090000000000003,1.0755,0.6859999999999999,-3.063250000000002,,0.47974999999999923,-1.0037499999999984,-1.0567499999999992,temp,All,Day
12.25_103.25,0.46300000000000097,0.8172499999999996,1.0099999999999998,-2.2277499999999986,,0.37049999999999983,-0.9507500000000011,-0.5619999999999976,temp,All,Day
12.25_103.75,-1.0730000000000004,0.40724999999999945,0.4239999999999995,-3.7312499999999993,,0.2517499999999995,-1.4564999999999984,-1.6757500000000007,temp,All,Day
12.25_104.25,-0.718,1.457749999999999,0.8960000000000008,-3.2205000000000013,,0.5472499999999982,-0.8557499999999987,-0.76525,temp,All,Day
12.25_104.75,-1.1029999999999998,1.1802499999999991,0.5220000000000002,-3.378,,0.28800000000000026,-1.1972499999999986,-0.9139999999999997,temp,All,Day
12.25_105.25,-0.8135000000000012,0.9960000000000004,0.6325000000000003,-3.409749999999999,,0.5252500000000015,-1.0700000000000003,-1.1385000000000005,temp,All,Day
12.25_105.75,-0.8390000000000004,0.943249999999999,0.7507500000000018,-3.5817500000000013,,0.6670000000000016,-1.0207500000000014,-1.5847499999999997,temp,All,Day
12.25_106.25,-0.6464999999999996,1.464500000000001,1.1827499999999986,-3.3912499999999994,,1.1400000000000006,-0.6162499999999991,-1.5079999999999991,temp,All,Day
12.25_106.75,-0.16199999999999903,1.5859999999999985,1.724499999999999,-3.1869999999999994,,2.0024999999999995,-0.27275000000000027,-1.2104999999999997,temp,All,Day
12.25_107.25,1.3960000000000008,0.8362500000000015,1.7119999999999997,-1.6844999999999999,,2.2860000000000014,0.7650000000000006,-0.10449999999999982,temp,All,Day
12.25_107.75,0.8129999999999988,0.37950000000000195,2.12125,-1.8010000000000002,,2.149000000000001,0.21799999999999997,-1.4907500000000002,temp,All,Day
12.25_108.25,1.7200000000000024,0.24825000000000053,1.5005000000000006,-1.1092499999999994,,1.9640000000000004,0.27550000000000097,-0.9470000000000027,temp,All,Day
12.75_102.75,0.045999999999999375,1.3642500000000002,0.5389999999999997,-3.1267499999999995,,0.02325000000000088,-0.7262500000000021,-1.1747499999999995,temp,All,Day
12.75_103.25,-0.652000000000001,1.3732500000000005,1.0502500000000001,-4.012749999999999,,1.09525,-0.5915000000000017,-1.6214999999999993,temp,All,Day
12.75_103.75,-0.8885000000000005,1.7292499999999986,1.5642499999999995,-4.015000000000001,,1.3245000000000005,-0.4792499999999986,-1.2949999999999982,temp,All,Day
12.75_104.25,-0.741500000000002,1.6415000000000006,1.1242500000000017,-3.8632500000000007,,0.8182500000000008,-0.8282500000000024,-1.0259999999999998,temp,All,Day
12.75_104.75,-0.8870000000000005,1.3392499999999998,0.6914999999999996,-3.6477500000000003,,0.5644999999999989,-1.1227499999999981,-1.2569999999999997,temp,All,Day
12.75_105.25,-0.7635000000000005,0.71875,0.7110000000000003,-3.958499999999999,,0.615000000000002,-1.3077500000000004,-1.662749999999999,temp,All,Day
12.75_105.75,-0.6790000000000003,0.6487499999999997,0.677249999999999,-4.0707499999999985,,0.8309999999999995,-1.186,-1.81475,temp,All,Day
12.75_106.25,-0.6185000000000009,1.271749999999999,0.9510000000000005,-3.8210000000000015,,0.9432500000000008,-0.9182500000000005,-1.9352500000000017,temp,All,Day
12.75_106.75,-0.007999999999999119,1.4985,1.3275000000000006,-3.485249999999999,,1.3735,-0.3949999999999978,-1.4604999999999997,temp,All,Day
12.75_107.25,0.4555000000000007,1.684750000000001,1.4607500000000009,-3.1464999999999996,,1.2137499999999992,-0.16499999999999915,-1.2065000000000001,temp,All,Day
12.75_107.75,-0.29299999999999926,1.2727500000000003,1.0919999999999987,-3.719999999999999,,1.0632500000000018,-0.6214999999999993,-2.362,temp,All,Day
12.75_108.25,0.43299999999999983,1.0120000000000005,1.383000000000001,-2.9269999999999996,,0.6312499999999996,-0.8390000000000022,-1.9774999999999991,temp,All,Day
13.25_102.75,-0.8514999999999997,1.3357500000000009,0.6039999999999992,-4.14325,,1.0299999999999994,-0.7949999999999999,-1.9792500000000004,temp,All,Day
13.25_103.25,-0.6080000000000005,1.8867499999999993,1.1229999999999976,-3.943249999999999,,1.035499999999999,-0.5670000000000002,-1.4625000000000004,temp,All,Day
13.25_103.75,-0.34250000000000114,1.6250000000000018,1.08075,-3.625250000000001,,1.0599999999999987,-0.48475,-1.0062499999999979,temp,All,Day
13.25_104.25,-0.18950000000000067,1.494250000000001,0.8564999999999987,-3.625499999999999,,0.7692500000000013,-0.7712500000000002,-1.1745000000000019,temp,All,Day
13.25_104.75,-0.4355000000000011,1.2410000000000014,0.7324999999999999,-3.78125,,0.6634999999999991,-1.0697500000000009,-1.628499999999999,temp,All,Day
13.25_105.25,-0.5309999999999988,0.7737499999999979,0.9087499999999995,-4.1587499999999995,,0.7795000000000005,-1.377749999999999,-1.8737500000000011,temp,All,Day
13.25_105.75,-0.4009999999999998,0.6062499999999993,0.8067499999999992,-4.151249999999999,,1.0272500000000004,-1.2170000000000005,-1.7414999999999985,temp,All,Day
13.25_106.25,-0.4164999999999992,1.1174999999999997,0.7767500000000016,-3.9167500000000004,,0.822499999999998,-0.9752500000000008,-1.6744999999999983,temp,All,Day
13.25_106.75,-0.23300000000000054,1.4632500000000004,1.3057499999999997,-3.6847499999999993,,1.1445000000000007,-0.5414999999999992,-1.4512499999999982,temp,All,Day
13.25_107.25,-0.4574999999999996,1.9802500000000016,1.6240000000000006,-3.8482499999999984,,1.5105000000000004,-0.3390000000000022,-1.7467500000000005,temp,All,Day
13.25_107.75,-0.6189999999999998,1.716750000000001,1.3957499999999978,-3.827250000000001,,1.8187499999999996,-0.44700000000000273,-2.015749999999999,temp,All,Day
13.25_108.25,0.7959999999999994,2.213250000000002,1.9742499999999996,-2.4212500000000006,,1.2787500000000005,-0.13424999999999976,-0.6872500000000006,temp,All,Day
13.75_102.75,-0.6914999999999996,1.18975,0.4524999999999988,-4.441249999999998,,0.4652499999999993,-1.1950000000000003,-2.5145000000000017,temp,All,Day
13.75_103.25,-0.3490000000000002,1.5727499999999992,0.8187499999999996,-3.9994999999999994,,0.7925000000000022,-0.9259999999999984,-2.05725,temp,All,Day
13.75_103.75,0.024499999999999744,1.6417499999999983,1.0455000000000005,-3.7010000000000005,,1.0912499999999987,-0.7697500000000002,-1.6715,temp,All,Day
13.75_104.25,0.21600000000000108,1.5325000000000024,1.1382499999999993,-3.575750000000001,,1.1644999999999985,-0.6979999999999986,-1.6530000000000005,temp,All,Day
13.75_104.75,-0.21950000000000003,1.3599999999999994,1.0459999999999994,-3.7077500000000008,,0.942499999999999,-1.125,-2.0219999999999985,temp,All,Day
13.75_105.25,-0.5115000000000016,0.9755000000000003,1.0057500000000008,-4.170249999999999,,0.9535000000000018,-1.5012500000000006,-2.1427500000000013,temp,All,Day
13.75_105.75,-0.44099999999999895,0.79725,0.885250000000001,-4.13475,,0.8804999999999996,-1.2720000000000002,-1.8247499999999999,temp,All,Day
13.75_106.25,-0.6304999999999978,1.0612500000000011,0.6645000000000003,-4.131499999999999,,0.7590000000000003,-1.1252500000000012,-1.7120000000000015,temp,All,Day
13.75_106.75,-0.4960000000000022,1.3267499999999988,1.0094999999999992,-4.013249999999999,,0.9544999999999995,-0.9892500000000002,-1.4875000000000007,temp,All,Day
13.75_107.25,-0.2889999999999997,1.6425,1.1005000000000003,-3.869999999999999,,1.4652499999999993,-0.5960000000000001,-1.6087499999999988,temp,All,Day
13.75_107.75,0.1664999999999992,1.5287500000000005,0.95275,-3.2512500000000006,,1.1769999999999996,-0.5195000000000007,-1.6762500000000014,temp,All,Day
14.25_102.25,0.20599999999999952,-0.16699999999999982,0.3490000000000002,-3.349,,0.7222500000000007,-0.7837500000000013,-1.7074999999999996,temp,All,Day
14.25_102.75,-0.24399999999999977,0.3262500000000017,0.4892499999999984,-4.0870000000000015,,0.44925000000000104,-1.1567500000000006,-2.2055000000000007,temp,All,Day
14.25_103.25,-0.34949999999999903,0.9425000000000008,0.6557499999999994,-4.12975,,0.6242499999999982,-1.1174999999999997,-2.3867499999999993,temp,All,Day
14.25_103.75,-0.20899999999999963,0.9410000000000007,0.7809999999999988,-3.9045000000000005,,0.7172499999999982,-1.1519999999999992,-2.29125,temp,All,Day
14.25_104.25,0.013500000000000512,0.8137499999999989,0.8822500000000009,-3.5500000000000007,,0.8605,-1.0197500000000002,-1.9389999999999983,temp,All,Day
14.25_104.75,-0.45500000000000007,0.9205000000000023,0.7522500000000001,-3.67,,0.724499999999999,-1.4257500000000025,-2.2155000000000005,temp,All,Day
14.25_105.25,-0.34299999999999997,0.6702500000000011,0.8804999999999996,-3.610000000000001,,0.8305000000000007,-1.2424999999999997,-1.8185000000000002,temp,All,Day
14.25_105.75,-1.1030000000000015,1.0087500000000027,0.6107499999999995,-4.067,,0.5455000000000005,-1.40475,-2.1745,temp,All,Day
14.25_106.25,-1.4129999999999985,0.7582500000000003,0.44599999999999973,-4.412499999999998,,0.37675000000000125,-1.5899999999999999,-2.1362500000000004,temp,All,Day
14.25_106.75,-0.4690000000000012,1.3287500000000012,0.9795000000000016,-3.5214999999999996,,1.0482500000000012,-0.885250000000001,-1.1979999999999986,temp,All,Day
14.25_107.25,-0.6624999999999996,0.9012499999999992,0.5222499999999997,-3.4885,,0.7522499999999983,-1.147499999999999,-1.8580000000000005,temp,All,Day
14.25_107.75,-0.38200000000000145,0.3130000000000006,0.003249999999999531,-3.3007500000000007,,0.24200000000000088,-1.2562499999999996,-2.4410000000000007,temp,All,Day
14.25_108.25,0.8529999999999998,0.2872500000000002,0.39975000000000094,-1.8972499999999997,,0.27725000000000044,-0.44374999999999964,-1.2799999999999994,temp,All,Day
14.75_101.75,0.11899999999999977,0.6702500000000011,0.5267500000000016,-3.426499999999999,,0.15124999999999922,-0.9725000000000001,-2.209250000000001,temp,All,Day
14.75_102.25,-0.7319999999999993,0.6337499999999991,0.6064999999999987,-4.380750000000001,,0.14074999999999882,-1.2829999999999995,-2.7995,temp,All,Day
14.75_102.75,-0.44299999999999784,0.6977499999999992,0.6052499999999998,-4.27075,,0.3052500000000009,-1.2895000000000003,-2.5310000000000006,temp,All,Day
14.75_103.25,-0.22100000000000009,0.7497500000000006,0.707749999999999,-4.0192499999999995,,0.43374999999999986,-1.2249999999999979,-2.42075,temp,All,Day
14.75_103.75,-0.09200000000000053,0.7727500000000003,0.931750000000001,-3.6952499999999997,,0.7142500000000016,-1.1407500000000006,-2.293000000000001,temp,All,Day
14.75_104.25,-0.2829999999999995,0.6395000000000017,0.7934999999999981,-3.578500000000002,,0.6342499999999998,-1.2182499999999994,-2.1987500000000004,temp,All,Day
14.75_104.75,-0.4259999999999984,0.7519999999999989,0.5905000000000022,-3.482499999999998,,0.42225,-1.2240000000000002,-2.077499999999999,temp,All,Day
14.75_105.25,-0.7119999999999997,0.6914999999999978,0.3260000000000005,-3.6232500000000005,,0.12725000000000009,-1.1742500000000007,-2.10675,temp,All,Day
14.75_105.75,-1.2530000000000001,0.7302499999999981,0.1374999999999993,-4.3415,,0.09675000000000011,-1.7140000000000004,-2.4915000000000003,temp,All,Day
14.75_106.25,-1.4610000000000003,-0.26525000000000176,-0.18400000000000105,-4.811,,-0.11275000000000013,-2.5410000000000004,-2.555250000000001,temp,All,Day
14.75_106.75,-1.2989999999999995,-0.2554999999999996,-0.21624999999999872,-4.54025,,-0.30274999999999963,-2.0840000000000014,-2.7547499999999996,temp,All,Day
14.75_107.25,-1.4480000000000004,-0.15100000000000158,0.0037499999999983658,-4.525000000000002,,0.4845000000000006,-1.9182500000000005,-3.4389999999999983,temp,All,Day
14.75_107.75,0.5070000000000014,-0.5177500000000013,-0.370750000000001,-2.945500000000001,,-0.40025000000000155,-1.4305000000000003,-2.190249999999999,temp,All,Day
14.75_108.25,1.6715000000000018,0.18024999999999913,0.45650000000000013,-1.5262499999999992,,-0.014750000000001151,-0.590250000000001,-0.7692499999999995,temp,All,Day
15.25_101.75,-0.03599999999999781,1.0460000000000012,0.6782499999999985,-4.190999999999999,,0.33899999999999864,-1.0184999999999995,-2.683500000000002,temp,All,Day
15.25_102.25,-0.4609999999999985,1.1069999999999993,0.8345000000000002,-4.595749999999999,,0.5660000000000007,-1.0867500000000003,-2.7584999999999997,temp,All,Day
15.25_102.75,-0.17299999999999827,1.1112500000000018,0.7745000000000015,-4.327999999999999,,0.4400000000000013,-1.0965000000000007,-2.1595000000000013,temp,All,Day
15.25_103.25,-0.1429999999999989,0.9897500000000008,0.759500000000001,-4.192,,0.5287499999999987,-1.1162500000000009,-2.0067500000000003,temp,All,Day
15.25_103.75,-0.09399999999999764,1.0254999999999992,0.8372500000000009,-3.957749999999997,,0.6317500000000003,-1.0395000000000003,-2.130749999999999,temp,All,Day
15.25_104.25,-0.3130000000000024,0.9782499999999992,0.6835000000000004,-3.9885,,0.5050000000000008,-1.1574999999999989,-2.2989999999999995,temp,All,Day
15.25_104.75,-0.5910000000000011,0.9164999999999992,0.45700000000000074,-3.92075,,0.3370000000000015,-1.292250000000001,-2.41925,temp,All,Day
15.25_105.25,-0.9820000000000029,1.0079999999999991,0.23675000000000068,-4.081999999999999,,0.06974999999999909,-1.449250000000001,-2.58075,temp,All,Day
15.25_105.75,-1.6035000000000004,0.09550000000000125,-0.18400000000000105,-4.85975,,-0.03049999999999997,-1.9444999999999997,-2.907,temp,All,Day
15.25_106.25,1.2774999999999999,1.2324999999999982,1.3919999999999995,-1.9467499999999998,,1.7487499999999994,-0.06700000000000017,0.1902500000000007,temp,All,Day
15.25_106.75,-1.3930000000000007,-0.7334999999999994,-1.1002500000000008,-4.67525,,-1.024750000000001,-2.0637500000000006,-3.18675,temp,All,Day
15.25_107.25,0.09600000000000009,0.6237500000000011,0.9080000000000013,-2.8629999999999995,,0.9710000000000001,-1.0040000000000013,-1.8562499999999993,temp,All,Day
15.75_101.75,-0.2635000000000005,0.7532499999999995,0.7375000000000007,-4.4415,,0.43125000000000036,-1.1247500000000006,-2.630000000000001,temp,All,Day
15.75_102.25,-0.48400000000000176,1.1657499999999992,0.7572500000000009,-4.576500000000001,,0.49324999999999797,-0.9497499999999981,-2.3874999999999993,temp,All,Day
15.75_102.75,-0.14099999999999824,1.363249999999999,0.7877499999999991,-4.262449999999999,,0.4834999999999994,-0.9920000000000009,-1.8752499999999994,temp,All,Day
15.75_103.25,-0.125,1.1990000000000016,0.7785000000000011,-4.164999999999999,,0.49625000000000163,-1.1320000000000014,-1.8615000000000013,temp,All,Day
15.75_103.75,-0.17799999999999727,1.1929999999999978,0.7997499999999995,-4.1282499999999995,,0.5650000000000013,-1.1552500000000006,-2.1929999999999996,temp,All,Day
15.75_104.25,-0.3829999999999991,1.1225000000000005,0.7275000000000009,-4.11425,,0.5142500000000005,-1.189,-2.432249999999998,temp,All,Day
15.75_104.75,-0.6329999999999991,0.9022500000000004,0.4960000000000022,-4.090250000000001,,0.3667499999999979,-1.243500000000001,-2.428750000000001,temp,All,Day
15.75_105.25,-1.0235000000000003,0.8189999999999991,0.20725000000000016,-4.27975,,0.09699999999999953,-1.4095000000000013,-2.4245,temp,All,Day
15.75_105.75,-1.3019999999999996,0.9574999999999996,0.4145000000000003,-4.7575,,0.22900000000000098,-1.6969999999999992,-2.5717499999999998,temp,All,Day
15.75_106.25,-2.1319999999999997,0.4504999999999999,0.19824999999999804,-5.329500000000001,,-0.19175000000000075,-2.4132499999999997,-3.5012500000000006,temp,All,Day
15.75_106.75,-0.7929999999999993,-0.3594999999999988,-0.9189999999999987,-4.4662500000000005,,-0.5017500000000013,-1.9885000000000002,-3.2402499999999996,temp,All,Day
16.25_101.75,0.7439999999999998,0.6637500000000003,2.032499999999999,-4.0302500000000006,,1.6865000000000006,-0.9394999999999989,-1.8204999999999991,temp,All,Day
16.25_102.25,-0.27949999999999875,1.1655000000000015,0.49450000000000216,-4.6122499999999995,,0.2157499999999999,-0.9865000000000013,-2.1057500000000005,temp,All,Day
16.25_102.75,-0.14199999999999946,1.299999999999999,0.5950000000000006,-4.387749999999999,,0.23775000000000013,-0.9989999999999988,-1.7677499999999995,temp,All,Day
16.25_103.25,-0.14300000000000068,1.1660000000000004,0.6577500000000001,-4.229249999999999,,0.32699999999999996,-1.071250000000001,-1.8959999999999972,temp,All,Day
16.25_103.75,-0.13649999999999984,1.1232500000000005,0.6417499999999983,-4.175750000000001,,0.32925000000000004,-1.1297500000000014,-2.4619999999999997,temp,All,Day
16.25_104.25,-0.125,0.8550000000000022,0.5307499999999994,-3.973750000000001,,0.38599999999999923,-1.1435000000000013,-2.3969999999999985,temp,All,Day
16.25_104.75,-0.5239999999999991,0.7490000000000006,0.40625,-4.077999999999998,,0.30299999999999727,-1.191749999999999,-2.1122500000000013,temp,All,Day
16.25_105.25,-1.2319999999999993,0.668000000000001,0.3077500000000022,-4.58525,,0.07425000000000104,-1.507249999999999,-2.2352500000000006,temp,All,Day
16.25_105.75,-1.4474999999999998,1.0062499999999996,0.4634999999999998,-4.791500000000001,,0.4357500000000005,-1.5149999999999988,-2.5229999999999997,temp,All,Day
16.25_106.25,-1.0479999999999983,1.0504999999999995,0.2912499999999998,-4.2365,,0.7014999999999993,-1.3905000000000012,-2.4582499999999996,temp,All,Day
16.25_106.75,0.6310000000000002,0.6364999999999981,0.013249999999999318,-2.8457500000000007,,-0.34674999999999834,-0.8572500000000005,-1.3130000000000006,temp,All,Day
16.25_107.25,0.7460000000000022,0.12425000000000175,0.26924999999999955,-2.916499999999999,,-0.2627500000000005,-0.93675,-1.06975,temp,All,Day
16.75_101.75,0.5879999999999974,1.12425,1.73175,-4.411999999999999,,1.3117499999999982,-0.7102499999999985,-1.4995000000000012,temp,All,Day
16.75_102.25,-0.8160000000000007,1.0337499999999995,0.136000000000001,-4.9864999999999995,,-0.11325000000000074,-1.227500000000001,-2.0870000000000015,temp,All,Day
16.75_102.75,-0.34550000000000125,1.0562500000000004,0.41275000000000084,-4.4785,,0.0029999999999983373,-1.1524999999999999,-1.6997499999999999,temp,All,Day
16.75_103.25,-0.21199999999999974,0.9392499999999995,0.5175000000000018,-4.19275,,0.13250000000000028,-0.9594999999999985,-1.7932500000000005,temp,All,Day
16.75_103.75,0.034000000000000696,0.6784999999999979,0.4677499999999988,-3.9105000000000008,,0.18125000000000036,-1.0210000000000008,-2.2025000000000006,temp,All,Day
16.75_104.25,0.0990000000000002,0.7702500000000008,0.6490000000000009,-3.6289999999999996,,0.4372500000000006,-1.0622500000000006,-1.9407499999999995,temp,All,Day
16.75_104.75,-0.9789999999999992,0.9384999999999994,0.5702499999999997,-4.281999999999998,,0.22400000000000198,-1.4092499999999983,-2.1030000000000015,temp,All,Day
16.75_105.25,-1.4349999999999987,0.807500000000001,0.5015000000000001,-4.721500000000001,,0.27149999999999963,-1.5307499999999994,-2.34225,temp,All,Day
16.75_105.75,-1.4110000000000014,1.1305000000000014,0.6827500000000004,-4.634749999999999,,0.604000000000001,-1.4822499999999987,-2.5627499999999994,temp,All,Day
16.75_106.25,-0.016000000000000014,1.1827500000000004,0.6019999999999985,-3.64025,,0.23300000000000054,-1.0987500000000008,-1.9075000000000006,temp,All,Day
17.25_101.75,-0.015000000000000568,1.0970000000000013,0.08000000000000185,-5.26675,,-0.3149999999999995,-1.02975,-1.7612499999999986,temp,All,Day
17.25_102.25,-0.6340000000000003,1.355999999999998,0.6714999999999982,-4.9830000000000005,,0.2840000000000007,-0.9612499999999997,-1.4747500000000002,temp,All,Day
17.25_102.75,-0.36299999999999955,1.1775000000000002,0.6104999999999983,-4.42775,,0.20725000000000193,-1.1289999999999996,-1.3120000000000012,temp,All,Day
17.25_103.25,-0.44200000000000017,0.7787500000000005,0.432249999999998,-4.1754999999999995,,0.07824999999999882,-0.9634999999999998,-1.443999999999999,temp,All,Day
17.25_103.75,-0.36799999999999855,0.6544999999999987,0.4502500000000005,-3.9362499999999994,,0.0782500000000006,-0.9919999999999991,-1.684499999999998,temp,All,Day
17.25_104.25,-1.0199999999999996,0.8592499999999994,0.5370000000000008,-4.140000000000001,,0.1980000000000004,-1.1702500000000011,-2.042,temp,All,Day
17.25_104.75,-1.7100000000000009,1.2064999999999984,0.6157500000000002,-4.566000000000001,,0.34699999999999953,-1.3857499999999998,-2.4069999999999983,temp,All,Day
17.25_105.25,-1.4499999999999993,0.9929999999999986,0.5220000000000002,-4.8934999999999995,,0.5352499999999996,-1.4250000000000007,-2.7385,temp,All,Day
17.25_105.75,-0.5199999999999996,0.7367500000000007,0.3670000000000009,-4.315000000000001,,0.4259999999999984,-1.2685000000000013,-2.4087499999999995,temp,All,Day
17.25_106.25,1.1099999999999994,1.35975,1.0532500000000002,-2.5105000000000004,,0.3592500000000012,-0.40449999999999875,-0.947750000000001,temp,All,Day
17.75_101.25,0.05099999999999838,1.51825,0.4597499999999979,-4.864000000000001,,-0.0030000000000001137,-0.8942499999999995,-1.3892499999999988,temp,All,Day
17.75_101.75,-0.42599999999999927,1.572000000000001,0.5824999999999996,-5.33225,,0.30524999999999913,-0.6330000000000027,-1.4347499999999993,temp,All,Day
17.75_102.25,-0.5839999999999996,1.9577500000000008,0.8760000000000012,-4.848249999999998,,0.40300000000000047,-0.5715000000000003,-1.0799999999999983,temp,All,Day
17.75_102.75,-0.6880000000000024,1.76525,0.7817500000000006,-4.673500000000002,,0.3187500000000014,-0.8495000000000008,-1.1995000000000005,temp,All,Day
17.75_103.25,-0.8140000000000001,1.2970000000000006,0.5809250000000006,-4.35125,,0.22499999999999787,-0.7132500000000004,-1.1259999999999994,temp,All,Day
17.75_103.75,-1.0225000000000009,1.3352499999999985,0.49700000000000166,-4.34925,,0.2057500000000001,-0.6920000000000002,-1.52975,temp,All,Day
17.75_104.25,-1.4295000000000009,1.3552500000000016,0.7642500000000005,-4.7364999999999995,,0.572000000000001,-1.0497499999999995,-2.206175000000001,temp,All,Day
17.75_104.75,-0.9519999999999982,0.8877499999999987,0.5387499999999985,-4.3035,,0.5510000000000002,-1.2899999999999991,-2.186,temp,All,Day
17.75_105.25,0.4259999999999984,0.6494999999999997,0.6135000000000002,-3.405999999999999,,0.46999999999999886,-0.9874999999999989,-1.475249999999999,temp,All,Day
18.25_101.25,0.021000000000000796,1.8197500000000009,0.38400000000000034,-4.70575,,0.27974999999999994,-0.9254999999999995,-1.029,temp,All,Day
18.25_101.75,-0.6210000000000022,1.7809999999999988,0.427249999999999,-5.304500000000001,,0.3544999999999998,-0.7125000000000004,-1.4265000000000008,temp,All,Day
18.25_102.25,-0.9570000000000007,2.272000000000002,1.049999999999999,-5.359000000000002,,0.5857499999999991,-0.5942500000000006,-1.6694999999999993,temp,All,Day
18.25_102.75,-0.6795000000000009,1.6637500000000003,0.8657500000000002,-4.801,,0.7282499999999992,-0.5180000000000007,-1.2982499999999995,temp,All,Day
18.25_103.25,-1.3019999999999996,1.7132500000000004,0.43825000000000003,-5.050600000000001,,-0.19049999999999834,-1.1449999999999996,-1.6972500000000004,temp,All,Day
18.25_103.75,-1.7974999999999994,1.7989999999999995,0.5497499999999995,-5.33525,,0.18100000000000094,-1.1524999999999999,-2.3760000000000012,temp,All,Day
18.25_104.25,-1.0109999999999992,1.32775,0.5655000000000001,-4.709,,0.5429999999999993,-0.9557500000000001,-1.9852500000000006,temp,All,Day
18.25_104.75,0.22600000000000264,0.37975000000000136,-0.13449999999999918,-3.4779999999999998,,-0.24924999999999997,-1.0370000000000008,-1.0647500000000019,temp,All,Day
18.25_105.25,1.320500000000001,0.6104999999999983,0.4792500000000004,-1.9435000000000002,,-0.5975000000000001,-0.2212499999999995,-0.15399999999999991,temp,All,Day
18.75_101.25,0.6329999999999991,0.8462499999999995,0.06050000000000111,-3.7372500000000013,,0.09450000000000003,-0.8662499999999991,0.022875000000000867,temp,All,Day
18.75_101.75,-1.1280000000000001,1.2512499999999989,0.11749999999999972,-5.279999999999999,,-0.16825000000000045,-0.8677499999999991,-1.5147499999999994,temp,All,Day
18.75_102.25,-1.934000000000001,1.6015000000000015,0.5843749999999996,-5.926750000000002,,-0.07399999999999984,-1.4482499999999998,-2.3760000000000012,temp,All,Day
18.75_102.75,-1.184000000000001,0.7967499999999994,-0.04224999999999923,-4.936750000000002,,-0.11400000000000077,-1.3007500000000007,-1.433250000000001,temp,All,Day
18.75_103.25,0.41300000000000026,0.3620000000000019,0.37950000000000017,-3.2922499999999992,,0.9407500000000013,0.1050000000000022,0.05075000000000074,temp,All,Day
18.75_103.75,-2.134500000000001,1.131000000000002,0.16075000000000017,-5.774750000000001,,-0.661999999999999,-1.7074999999999996,-2.7562500000000014,temp,All,Day
18.75_104.25,-0.5349999999999984,0.7375000000000007,-0.30150000000000077,-4.231499999999999,,-0.2220000000000013,-0.9465000000000003,-1.377774999999998,temp,All,Day
18.75_104.75,1.3019999999999996,1.083524999999999,0.5244999999999997,-2.378400000000001,,-0.28249999999999886,0.16500000000000092,0.27649999999999864,temp,All,Day
19.25_101.25,1.4519999999999982,0.9460000000000015,1.2219999999999995,-3.179500000000001,,1.0617500000000017,-0.7459749999999996,0.740000000000002,temp,All,Day
19.25_101.75,-1.0280000000000005,0.8365000000000009,0.24799999999999933,-5.560249999999998,,0.022250000000001435,-1.3360000000000003,-1.567400000000001,temp,All,Day
19.25_102.25,0.3600000000000021,1.0977499999999996,0.5884999999999998,-4.091750000000001,,0.35249999999999915,-0.8204999999999991,-0.20274999999999999,temp,All,Day
19.25_102.75,0.9050000000000011,0.24349999999999916,0.3385000000000016,-3.30025,,0.42650000000000077,-0.7875999999999994,0.1955000000000009,temp,All,Day
19.25_103.25,1.0160000000000018,-0.14450000000000074,-0.1349999999999998,-3.1784999999999997,,-0.14424999999999866,-1.0482499999999995,-0.26975000000000016,temp,All,Day
19.25_99.75,0.4944999999999986,2.173499999999999,1.7439999999999998,-3.71565,,1.17075,-0.5000000000000018,-0.6875,temp,All,Day
19.75_100.25,-0.2840000000000007,2.456999999999999,1.2044999999999995,-4.478999999999999,,1.0600000000000005,-0.5367749999999987,-0.44750000000000156,temp,All,Day
19.75_100.75,0.22800000000000153,1.7514999999999983,0.9127499999999991,-4.698249999999998,,0.6842500000000005,-0.8780000000000001,-0.35325000000000095,temp,All,Day
19.75_101.25,-0.09149999999999991,0.5970000000000013,0.36075000000000124,-4.994025000000001,,0.15124999999999922,-1.505700000000001,-0.6657499999999992,temp,All,Day
19.75_101.75,-1.0774999999999988,1.25225,0.41875000000000107,-5.713999999999999,,0.23425000000000118,-1.5091,-1.3317499999999995,temp,All,Day
19.75_102.25,-0.9949999999999992,0.8227499999999992,-0.5242500000000003,-5.25455,,-0.7525000000000013,-1.5002500000000012,-0.9260000000000002,temp,All,Day
19.75_102.75,-0.5370000000000008,1.0205000000000002,0.28474999999999895,-4.3934999999999995,,0.13199999999999967,-1.3825000000000003,-0.4510000000000005,temp,All,Day
19.75_103.25,-0.20899999999999963,1.132500000000002,0.7312500000000011,-3.7284999999999995,,0.6354999999999986,-1.1195749999999984,-0.5932500000000012,temp,All,Day
19.75_99.25,-0.02499999999999858,1.4899999999999984,0.8559999999999999,-3.722500000000002,,0.6572499999999994,-0.9499999999999993,-0.6067499999999999,temp,All,Day
19.75_99.75,-0.2865000000000002,2.494249999999999,1.461999999999998,-4.2136749999999985,,1.0244999999999997,-0.5262499999999992,-0.7744999999999997,temp,All,Day
20.25_100.25,-1.556000000000001,2.2165,0.9482499999999998,-5.671000000000001,,0.8955000000000002,-0.9692499999999988,-1.0222499999999997,temp,All,Day
20.25_100.75,-0.8604999999999983,1.5265000000000004,0.9692499999999988,-5.548375,,0.4039999999999999,-1.4767499999999991,-0.6522500000000004,temp,All,Day
20.25_101.25,-0.3490000000000002,1.2822500000000012,0.5859999999999985,-5.1295,,0.5180000000000007,-1.3558749999999993,-0.5339999999999989,temp,All,Day
20.25_101.75,-0.028499999999999304,1.4525000000000006,1.229000000000001,-4.4535,,0.9147499999999997,-0.8635000000000019,0.0032500000000013074,temp,All,Day
20.25_102.25,-1.3739999999999988,1.7967500000000003,0.5630000000000006,-5.338425000000001,,0.06450000000000067,-1.5018999999999991,-0.7832500000000007,temp,All,Day
20.25_102.75,-0.817499999999999,2.1615,0.9110999999999994,-4.467849999999999,,0.37200000000000166,-0.7597500000000004,-0.16249999999999964,temp,All,Day
20.25_103.25,0.25900000000000034,2.411250000000001,1.5679999999999978,-3.1579249999999988,,0.45817500000000067,-0.7062499999999989,0.38399999999999945,temp,All,Day
20.25_99.25,0.3829999999999991,1.3992500000000003,0.4004999999999992,-3.3484999999999996,,0.34550000000000125,-0.8577500000000011,0.1507499999999986,temp,All,Day
20.25_99.75,-0.695999999999998,2.326249999999998,1.1899999999999995,-4.52575,,0.46799999999999997,-0.7315000000000005,-0.5737500000000004,temp,All,Day
20.75_100.25,-0.6059999999999981,1.8832500000000003,1.1280000000000001,-4.9172,,1.154,-0.7132500000000004,-0.4496000000000011,temp,All,Day
20.75_100.75,-0.46199999999999974,1.6157500000000002,0.9092499999999983,-5.1129999999999995,,0.4664999999999999,-1.4844749999999998,-0.08774999999999977,temp,All,Day
20.75_101.25,0.005499999999999616,1.0247499999999992,0.8435000000000006,-4.67775,,0.6292500000000008,-1.3667500000000015,0.16885000000000083,temp,All,Day
20.75_101.75,-0.5,1.0987500000000008,1.0112500000000004,-4.874750000000001,,0.37824999999999953,-1.4977500000000017,-0.30650000000000155,temp,All,Day
20.75_102.25,-0.43700000000000117,2.224,0.8612000000000002,-4.411250000000001,,0.9870000000000001,-0.7607499999999998,0.2647499999999994,temp,All,Day
20.75_102.75,-1.0165000000000006,2.2387499999999996,0.8422499999999999,-4.5715,,0.5728000000000009,-0.9630000000000001,-0.06299999999999883,temp,All,Day
20.75_103.25,0.7430000000000021,2.439499999999999,1.4552999999999994,-2.522500000000001,,1.240750000000002,0.08115000000000094,1.5344999999999995,temp,All,Day
20.75_99.75,0.15000000000000213,1.3840000000000003,0.599499999999999,-3.802250000000001,,-0.565999999999999,-1.2017500000000005,-0.007500000000000284,temp,All,Day
21.25_100.25,-0.31599999999999895,1.104750000000001,1.7912499999999998,-4.318250000000001,,1.2907499999999992,-1.241500000000002,-0.4477499999999992,temp,All,Day
21.25_100.75,-0.3904999999999994,1.4384999999999994,0.7117500000000003,-4.644249999999998,,0.5465499999999999,-1.0447500000000005,0.18892500000000023,temp,All,Day
21.25_101.25,-0.35300000000000153,1.0454999999999988,0.6842500000000005,-4.620925,,0.42435000000000045,-1.399000000000001,0.37150000000000105,temp,All,Day
21.25_101.75,0.14999999999999858,0.9717499999999983,0.963750000000001,-3.95725,,0.7785000000000011,-0.933250000000001,0.7064999999999984,temp,All,Day
21.25_102.25,-0.1305000000000005,2.1775,0.5087500000000009,-3.8869050000000005,,0.30824999999999925,-0.5528250000000021,0.6625500000000004,temp,All,Day
21.25_102.75,-0.5655000000000001,2.2147499999999996,0.6529999999999987,-3.992024999999999,,0.011749999999999261,-0.5525500000000001,0.4137500000000003,temp,All,Day
21.25_99.75,0.4344999999999999,0.3644999999999996,-0.8245500000000021,-3.067500000000001,,-1.3534999999999986,-1.583075,0.010999999999999233,temp,All,Day
21.75_100.25,0.7474999999999996,0.6526499999999995,1.0949999999999989,-3.146025,,1.1678999999999995,-0.7242499999999996,0.9692500000000006,temp,All,Day
21.75_100.75,-0.6700000000000017,1.051750000000001,0.7017499999999988,-4.816675,,0.3792749999999998,-1.1210000000000004,0.17332500000000106,temp,All,Day
21.75_101.25,-0.4690000000000012,2.170250000000001,1.7984999999999989,-4.542835000000001,,1.5125000000000002,-0.6914999999999996,0.458499999999999,temp,All,Day
21.75_101.75,0.48300000000000054,1.5328250000000008,1.4864999999999995,-3.2551249999999996,,1.1319999999999997,-0.48499999999999943,1.4020000000000001,temp,All,Day
21.75_102.25,-0.2940000000000005,2.109,0.9232499999999995,-3.626249999999999,,0.4405000000000001,-0.5807000000000002,0.6702499999999993,temp,All,Day
21.75_99.25,0.33899999999999864,0.2649999999999988,-1.4037500000000005,-2.520249999999999,,-1.3333000000000013,-1.532,0.7350000000000012,temp,All,Day
21.75_99.75,-0.18599999999999994,0.6348249999999993,-0.2994999999999983,-3.3977500000000003,,-1.3484249999999989,-1.6880000000000006,-0.17124999999999702,temp,All,Day
22.25_100.25,1.118500000000001,1.2555000000000014,0.782,-3.0559250000000002,,0.7010000000000005,-0.7266249999999994,1.5017500000000013,temp,All,Day
22.25_100.75,-0.3434999999999988,1.7117500000000003,1.95575,-4.693750000000001,,1.2154999999999987,-0.7965,0.33424999999999905,temp,All,Day
22.25_101.25,0.33000000000000185,2.151749999999999,2.350249999999999,-3.8054000000000006,,2.084999999999999,-0.2765000000000013,1.0372500000000002,temp,All,Day
22.25_101.75,0.35999999999999943,1.9845000000000024,1.5337500000000013,-3.36159,,1.168499999999998,-0.3590750000000007,1.0962499999999995,temp,All,Day
22.25_102.25,-0.14599999999999902,2.052999999999998,1.2689999999999984,-3.6107499999999995,,1.0857500000000009,-0.33699999999999974,0.5246750000000002,temp,All,Day
22.25_99.75,0.12600000000000122,0.7787500000000005,-0.07124999999999915,-3.287025,,-0.052250000000000796,-1.4621250000000003,0.5782500000000006,temp,All,Day
22.75_100.25,-0.6595000000000013,-0.24349999999999916,-0.0015000000000000568,-4.543750000000001,,0.4964999999999993,-1.7341750000000014,0.00849999999999973,temp,All,Day
22.75_100.75,-0.7399999999999984,0.977875,1.368999999999998,-4.6335749999999996,,1.2965500000000008,-1.5027500000000007,0.14700000000000024,temp,All,Day
22.75_101.25,0.7659999999999991,1.3940000000000001,0.838449999999999,-3.1602499999999996,,0.5787750000000003,-0.53085,1.5489999999999995,temp,All,Day
22.75_99.75,0.718,0.3442500000000006,0.8729999999999993,-3.030074999999999,,0.20914999999999928,-1.3424999999999994,1.205,temp,All,Day
23.25_100.25,-1.4160000000000004,-0.6690500000000004,-0.9440000000000008,-5.134425000000002,,-1.0042250000000008,-2.2837499999999995,-0.8595000000000006,temp,All,Day
23.25_100.75,-1.8844999999999992,-0.6312499999999996,-0.9946499999999991,-5.705675,,-1.8087499999999999,-2.6555,-0.9677499999999988,temp,All,Day
23.25_99.25,-0.041999999999999815,0.5862499999999997,0.16720000000000024,-3.8446749999999996,,0.16270000000000007,-1.6210000000000004,0.5707250000000013,temp,All,Day
23.25_99.75,0.24099999999999966,-0.197499999999998,-0.20627500000000065,-3.513467499999999,,-0.01887499999999953,-1.5574999999999992,0.6464999999999996,temp,All,Day
23.75_100.25,-1.8659999999999997,-2.3225,-1.9967750000000004,-5.272185,,-1.9852499999999988,-3.542250000000001,-1.9007500000000004,temp,All,Day
23.75_100.75,-1.4499999999999993,-0.7918000000000003,-0.9454999999999982,-5.125250000000001,,-1.1927500000000002,-2.6984999999999992,-1.0944999999999991,temp,All,Day
24.25_100.25,-1.7830000000000013,-2.2235249999999995,-0.688975000000001,-4.174999999999999,,-1.022800000000001,-3.6915950000000013,-1.9585000000000008,temp,All,Day
24.25_100.75,-1.8289999999999988,-1.6361250000000016,0.33027499999999943,-4.399275000000002,,-0.31450000000000067,-3.093499999999999,-1.8359999999999985,temp,All,Day
24.25_99.75,-0.9149999999999991,-1.09375,-1.5195000000000007,-3.3344749999999985,,-2.027100000000001,-2.769124999999999,-0.7965,temp,All,Day
24.75_100.25,-1.661999999999999,-1.9204999999999997,-0.3005250000000004,-3.7094999999999994,,-0.18007500000000043,-3.1743250000000005,-1.7856500000000004,temp,All,Day
24.75_99.75,-1.16885,-0.6499999999999995,-0.550749999999999,-3.032499999999999,,-0.7232000000000012,-2.3672249999999995,-0.7135250000000006,temp,All,Day
25.25_99.75,-1.2711000000000006,-1.2989999999999995,0.04049999999999976,-3.5536250000000003,,-0.5584249999999997,-2.8257999999999988,-1.5024999999999995,temp,All,Day
25.75_100.25,0.3940500000000009,-0.17357500000000048,1.47145,-1.1697249999999988,,1.7359999999999989,-0.9083249999999996,-0.30100000000000016,temp,All,Day
25.75_99.25,-0.24105,-0.6243499999999997,-0.6542500000000011,-2.5157,,-1.1973250000000002,-1.7992749999999993,-1.0731699999999997,temp,All,Day
25.75_99.75,-0.34100000000000064,-0.8497499999999985,-0.32404999999999884,-1.9645749999999995,,-0.4819500000000003,-1.6415000000000006,-0.7648250000000001,temp,All,Day
26.25_99.25,-0.08200000000000074,-1.4286375,-2.03845,-1.6768249999999991,,-2.6454499999999994,-1.9287599999999996,-1.0933250000000003,temp,All,Day
26.25_99.75,0.01100000000000012,-0.9852499999999997,-1.1780325,-0.7125999999999983,,-1.0511750000000006,-1.2203249999999999,-0.5448050000000002,temp,All,Day
26.75_99.25,0.4513499999999997,-1.5924249999999995,-3.661174999999999,-0.4559249999999988,,-3.9498749999999996,-1.5589250000000003,-0.761025000000001,temp,All,Day
27.25_99.25,-0.3343499999999997,-1.6619264999999994,-3.127875000000001,-0.8737499999999994,,-3.6284750000000003,-1.8941250000000007,-1.4177999999999997,temp,All,Day
27.75_98.75,-1.6454999999999993,-2.7150699999999994,-4.705075,-2.10537875,,-5.061049999999999,-2.637125,-1.7488024999999996,temp,All,Day
28.25_98.75,-0.126835,-4.1698474999999995,-3.9379725000000003,-2.0128475,,-4.519625000000001,-3.664925,-1.6204749999999999,temp,All,Day
28.75_98.75,-0.07829999999999959,-2.446325,-1.8558999999999999,-2.28825,,-1.8087825000000004,-3.5518189500000004,-1.7404725,temp,All,Day
29.25_98.25,-0.1590499999999997,-2.51617025,0.30555000000000004,-3.4018800000000002,,-1.1807250000000002,-3.91115,-1.173675,temp,All,Day
29.75_98.25,-1.4651999999999994,-3.0523749999999996,-1.0850749999999998,-4.268775,,-0.8862250000000003,-6.293075,-1.7873999999999999,temp,All,Day
30.25_97.75,-1.15865,-2.7425557499999997,-3.205025,-2.8440250000000002,,-3.815725,-6.2484525,-1.286975,temp,All,Day
30.25_98.25,-1.6165000000000003,-2.686625,-2.84275,-4.4712000000000005,,-3.0585749999999994,-6.144150000000001,-1.4158375000000007,temp,All,Day
30.75_97.25,-2.642905,-2.8045325000000005,-7.7223500000000005,-3.3549249999999997,,-7.88355,-6.21461,-3.815475,temp,All,Day
30.75_97.75,-2.9483999999999995,-3.217500000000001,-5.104272499999999,-4.006625,,-5.2376249999999995,-6.6265367500000005,-3.5622799999999994,temp,All,Day
31.25_96.25,-1.7335499999999997,-2.3158499999999997,-7.1927725,-2.23311,,-7.6678,-4.7063749999999995,-3.0686,temp,All,Day
31.25_96.75,-2.3508500000000003,-2.1510099999999994,-8.133875,-2.8027750000000005,,-8.385825,-5.312132499999999,-3.0213975,temp,All,Day
31.25_97.25,-3.608075,-2.516425,-9.511575,-3.7735499999999997,,-9.71685,-6.6525125,-4.232475,temp,All,Day
31.75_95.75,-0.35705000000000053,-1.4246249999999998,-4.359465,-1.192800000000001,,-5.570805,-5.068549999999999,-2.630375,temp,All,Day
31.75_96.25,-1.8800000000000003,-1.8386500000000008,-6.0661000000000005,-2.7876000000000003,,-6.664325,-5.2353749999999994,-2.89962,temp,All,Day
31.75_96.75,-2.2409999999999997,-1.54245,-6.712325,-3.5592749999999995,,-6.7653,-5.572274999999999,-2.6951925,temp,All,Day
31.75_97.25,-2.1138,-1.5709499999999998,-6.3919250000000005,-2.9096749999999996,,-6.744300000000001,-5.42625,-2.3316024999999994,temp,All,Day
31.75_97.75,-1.8646999999999994,-2.85893875,-6.934635,-2.894475,,-6.8329425,-6.071899999999999,-2.8850000000000002,temp,All,Day
32.25_94.75,-1.12445,-2.0329749999999995,-2.5866749999999996,-2.2919999999999994,,-3.750649999999999,-5.257574999999999,-3.018875,temp,All,Day
32.25_95.25,-1.7915999999999999,-2.2608974999999996,-2.0118499999999995,-2.5721824999999994,,-1.62050125,-5.0311225,-3.534875,temp,All,Day
32.25_95.75,-2.28165,-1.8953499999999996,-3.0747475000000004,-3.3332749999999995,,-3.0009750000000004,-5.1138175,-3.6651749999999996,temp,All,Day
32.25_96.25,-2.4829000000000008,-1.1230499999999999,-5.308932499999999,-3.398225,,-4.97604,-5.053715,-2.9053825000000004,temp,All,Day
32.25_96.75,-2.28662,-1.4687999999999999,-6.61965,-3.865775,,-6.667249999999999,-5.61035,-2.49406,temp,All,Day
32.25_97.25,-1.509,-1.5932,-6.0605475,-3.1624974999999997,,-6.4327925,-5.0077,-1.6545499999999995,temp,All,Day
32.25_97.75,-0.9314000000000009,-1.23575,-4.852895,-2.6546600000000002,,-5.3372775,-4.509395,-1.7772724999999994,temp,All,Day
32.75_94.75,-1.4649999999999999,-1.8036750000000001,-2.90495,-3.1650875000000007,,-3.5859950000000005,-4.991999999999999,-3.4498500000000005,temp,All,Day
32.75_95.25,-2.8457,-1.961175,-4.756175,-4.010675000000001,,-5.5528052500000005,-5.516275,-4.617025,temp,All,Day
32.75_95.75,-1.8067199999999999,-1.1992500000000006,-6.0028,-2.929715,,-6.707307500000001,-4.695,-3.35475,temp,All,Day
32.75_96.25,-1.9391000000000003,-1.23697,-5.880062499999999,-3.2075500000000003,,-5.870677500000001,-4.75545,-2.9407499999999995,temp,All,Day
32.75_96.75,-0.5134000000000001,-0.6980500000000003,-6.164,-2.4296750000000005,,-6.297275,-4.109512500000001,-1.6047099999999999,temp,All,Day
33.25_94.25,-1.0278999999999994,-0.9546999999999992,-4.6366,-2.69851,,-4.9933000000000005,-4.214225,-2.2665249999999992,temp,All,Day
33.25_94.75,-1.6810199999999997,-1.25697,-5.279299999999999,-3.5076,,-5.378724999999999,-5.3599575,-3.328750000000001,temp,All,Day
33.25_95.25,-1.0219999999999998,-1.3200499999999997,-6.2161225,-2.3096,,-6.101397499999999,-4.3911,-2.8210499999999996,temp,All,Day
33.25_95.75,-0.3013,-0.9886749999999997,-5.918899999999999,-1.044875,,-9.592624999999998,-3.3364499999999997,-1.9654749999999996,temp,All,Day
9.25_105.25,0.09700000000000131,1.7825000000000006,1.0207499999999996,-0.26424999999999876,,0.682500000000001,0.058000000000001606,0.5719999999999992,temp,All,Day
9.25_105.75,-0.04300000000000104,1.5094999999999992,0.7757500000000004,-0.43400000000000105,,0.8617499999999989,0.19725000000000037,0.31975000000000087,temp,All,Day
9.75_105.25,-0.1850000000000005,1.6007499999999997,0.8170000000000002,-0.9582499999999996,,0.734,-0.3934999999999995,0.23849999999999838,temp,All,Day
9.75_105.75,-0.23699999999999832,1.8680000000000003,0.8369999999999997,-1.1037499999999998,,0.8272500000000012,-0.11075000000000124,0.14700000000000202,temp,All,Day
9.75_106.25,-0.29299999999999926,1.512749999999997,0.9895000000000014,-1.0267500000000016,,0.8937500000000007,0.2587500000000009,-0.060750000000000526,temp,All,Day
10.25_104.75,-0.5112258064516109,1.481354838709679,0.21315241935483797,-0.9041068548387088,,0.16740322580645106,-0.29444354838709685,-0.36834435483871,temp,All,Mon
10.25_105.25,-0.586032258064515,1.4508333333333354,0.46086666666666787,-1.5132903225806444,,0.43646075268817164,-0.6493951612903235,-0.4091497311827954,temp,All,Mon
10.25_105.75,-0.5763387096774171,1.604659139784948,0.6450569892473119,-1.7304205069124468,,0.7812419354838731,-0.3534112903225779,-0.45889731182795934,temp,All,Mon
10.25_106.25,-0.5742903225806462,1.5329198924731173,0.7774379032258043,-1.7247822580645185,,0.7461889784946241,-0.07604919354838557,-0.5229838709677441,temp,All,Mon
10.25_106.75,-0.3737166666666667,1.00225,0.6277983870967763,-1.273416666666666,,0.7221666666666664,0.20626612903225627,-0.49631236559140035,temp,All,Mon
10.75_104.75,-0.9992198924731195,1.665774193548387,0.2564193548387106,-1.7665505376344086,,0.14274139784946627,-0.4068771505376336,-1.0791916666666648,temp,All,Mon
10.75_105.25,-0.9996526497695868,1.5068951612903234,0.40059247311828017,-2.160601958525346,,0.406033333333335,-0.7299838709677431,-0.993951612903226,temp,All,Mon
10.75_105.75,-0.810428494623654,1.3096774193548377,0.4582258064516136,-2.1441209677419373,,0.47508064516129167,-0.8124274193548366,-0.9452551075268811,temp,All,Mon
11.25_104.25,-1.1647258064516102,1.3635887096774226,0.5899946236559135,-2.6010354838709677,,0.1633263440860233,-0.803570698924732,-1.3303467741935489,temp,All,Mon
11.25_104.75,-1.163838709677421,1.461265322580644,0.5893774193548396,-2.6836916666666664,,0.25147580645161227,-0.8659723118279565,-1.4702809139784971,temp,All,Mon
11.25_105.25,-0.994596774193548,1.318330645161291,0.5140236559139755,-2.6730857526881735,,0.45683870967741846,-0.8168798387096796,-1.2002723118279555,temp,All,Mon
11.75_104.25,-1.294681720430109,0.9215645161290311,0.684362634408604,-3.19854811827957,,0.430822043010755,-1.3194916666666678,-1.5344268817204298,temp,All,Mon
11.75_104.75,-1.271841397849462,1.199762365591397,0.7417814516129049,-3.147781720430107,,0.5013373655913984,-1.1456185483870982,-1.3327177419354825,temp,All,Mon
11.75_105.25,-1.005838709677418,1.0504706989247286,0.6044134408602133,-3.011329838709676,,0.41918548387096877,-1.0349999999999984,-1.1680341397849432,temp,All,Mon
12.25_103.25,0.48226989247311636,0.9152196236559149,0.9882445276497709,-2.153279838709677,,0.27436290322580525,-0.8335483870967728,-0.538758064516129,temp,All,Mon
12.25_103.75,-1.0838709677419338,0.4791833333333333,0.34601397849462323,-3.5621451612903225,,0.23337096774193533,-1.3873240207373279,-1.6838951612903248,temp,All,Mon
12.25_104.25,-0.7375887096774196,1.4878723118279549,0.8633387096774197,-3.146859139784949,,0.5095887096774181,-0.7620645161290316,-0.8101728494623632,temp,All,Mon
12.25_104.75,-1.090019892473121,1.180929597701148,0.4547083333333308,-3.3798441820276484,,0.2255080645161307,-1.1660967741935462,-0.9428438172043005,temp,All,Mon
12.25_105.25,-0.8233548387096761,0.9946554505005558,0.5177161290322605,-3.3389354838709693,,0.4020483870967748,-1.112733333333333,-1.1908465053763422,temp,All,Mon
12.25_105.75,-0.8491612903225807,0.9136290322580649,0.7028387096774171,-3.532399462365591,,0.5565083333333334,-1.0574435483870968,-1.5870064516129023,temp,All,Mon
12.25_106.25,-0.6711322580645156,1.4035564516129035,1.2495677419354827,-3.3414913978494614,,1.1941607526881697,-0.6213333333333342,-1.492308333333332,temp,All,Mon
12.25_106.75,-0.20286021505376262,1.5046655913978508,1.805185483870968,-3.1730491935483904,,2.065258333333336,-0.2883916666666675,-1.2365994623655912,temp,All,Mon
12.25_107.25,1.3645806451612934,0.8192583333333356,1.730225806451612,-1.6309534946236592,,2.3254583333333336,0.7734890552995388,-0.1314946236559109,temp,All,Mon
12.25_107.75,0.8370989247311815,0.4156314516129047,2.130275000000001,-1.8075150537634403,,2.2009650537634418,0.24564462365591488,-1.3764158602150562,temp,All,Mon
12.25_108.25,1.7392258064516142,0.34157688172043166,1.4370806451612879,-1.1556174731182765,,1.9693655913978496,0.314326473859845,-0.7546794354838724,temp,All,Mon
12.75_102.75,0.06321025345622289,1.493224999999999,0.4898467741935484,-2.9210822580645157,,-0.015533064516130679,-0.6292903225806423,-1.1640161290322553,temp,All,Mon
12.75_103.25,-0.6490000000000009,1.4806048387096773,0.971850268817203,-3.86484677419355,,1.016978494623654,-0.522862903225807,-1.6682250000000032,temp,All,Mon
12.75_103.75,-0.9013333333333335,1.79668064516129,1.5232983870967747,-3.9481048387096784,,1.3094500000000018,-0.39434247311827697,-1.353466666666666,temp,All,Mon
12.75_104.25,-0.7634693548387101,1.6551825268817186,1.0698306451612893,-3.865567684331797,,0.7291693548387084,-0.8268333333333331,-1.112040322580647,temp,All,Mon
12.75_104.75,-0.8873827956989242,1.3746862903225807,0.5741650537634424,-3.6282499999999995,,0.46865000000000023,-1.1429677419354842,-1.323937500000003,temp,All,Mon
12.75_105.25,-0.7876129032258046,0.803421658986176,0.7148630952380923,-3.879714861751152,,0.5395080645161272,-1.2925967741935498,-1.7155293010752697,temp,All,Mon
12.75_105.75,-0.7147940476190477,0.700898924731181,0.6594999999999995,-3.9693524193548395,,0.7941016129032246,-1.134463133640553,-1.8297916666666687,temp,All,Mon
12.75_106.25,-0.6482275345622099,1.281056451612903,0.9779639784946248,-3.670598387096774,,0.951911290322581,-0.8964596774193563,-1.9064416666666677,temp,All,Mon
12.75_106.75,-0.019483333333331743,1.4791933497536949,1.3499435483870954,-3.3806647849462355,,1.399700000000001,-0.37840322580645314,-1.4636535714285692,temp,All,Mon
12.75_107.25,0.44866129032257973,1.6697238095238092,1.4290000000000003,-3.085572043010755,,1.2211612903225824,-0.15667526881720306,-1.2150712365591403,temp,All,Mon
12.75_107.75,-0.27369354838709725,1.205556451612905,1.145709677419358,-3.6501284946236563,,1.068215591397852,-0.6236916666666694,-2.2811000000000003,temp,All,Mon
12.75_108.25,0.47300000000000075,1.011959677419357,1.3569166666666668,-2.814467741935484,,0.659636290322581,-0.8260919354838716,-1.8291790878754153,temp,All,Mon
13.25_102.75,-0.8275532258064526,1.4308145161290327,0.607466666666669,-3.9423916666666674,,1.003011559139786,-0.745497983870969,-1.902435483870967,temp,All,Mon
13.25_103.25,-0.6022295698924722,1.9711599462365594,1.1285564516129014,-3.819207258064516,,1.009270238095242,-0.4750720430107531,-1.4427747311827943,temp,All,Mon
13.25_103.75,-0.38917043010753005,1.6534349462365565,1.0756013440860208,-3.5760725806451603,,1.0814619815668198,-0.5042833333333316,-1.0407499999999992,temp,All,Mon
13.25_104.25,-0.23012903225806447,1.5054551075268812,0.8297916666666652,-3.6193389784946266,,0.7914000000000012,-0.7814274193548378,-1.2111693548387077,temp,All,Mon
13.25_104.75,-0.4912118279569899,1.323291666666666,0.7548387096774185,-3.718766666666669,,0.6849666666666678,-1.048998924731185,-1.6045080645161285,temp,All,Mon
13.25_105.25,-0.5521641705069129,0.9195470238095247,0.899760215053762,-4.0394516129032265,,0.7825583333333341,-1.3549999999999986,-1.8897653225806454,temp,All,Mon
13.25_105.75,-0.4722956989247322,0.6903591397849453,0.8225483870967754,-3.970448924731185,,0.9639249999999997,-1.1706333333333347,-1.6988863095238091,temp,All,Mon
13.25_106.25,-0.4636612903225821,1.2008337041156842,0.777024193548387,-3.7554596774193527,,0.803669354838707,-0.8872916666666679,-1.616888709677422,temp,All,Mon
13.25_106.75,-0.28283006912442055,1.5493290229885073,1.3431129032258067,-3.5163438172043016,,1.2000967741935522,-0.48587903225806706,-1.4551182795698931,temp,All,Mon
13.25_107.25,-0.4809202380952371,1.9343693548387062,1.7091935483871001,-3.7518416666666674,,1.5613709677419347,-0.2928916666666641,-1.745658333333333,temp,All,Mon
13.25_107.75,-0.6234193548387097,1.595416666666667,1.5275663978494638,-3.74153252688172,,1.8683790322580656,-0.46586668719211843,-1.960956989247311,temp,All,Mon
13.25_108.25,0.7949381720430058,2.1146693548387088,2.0640403225806434,-2.3530508064516127,,1.3096612903225786,-0.1438499999999987,-0.6349499999999981,temp,All,Mon
13.75_102.75,-0.6646720430107536,1.3880381720430126,0.47473703917050614,-4.27882311827957,,0.4613369047619056,-1.1432157258064528,-2.3599427419354857,temp,All,Mon
13.75_103.25,-0.3874037634408616,1.6969999999999992,0.8583376344086027,-3.952323655913979,,0.8527870967741933,-0.7987833333333345,-2.0166534946236556,temp,All,Mon
13.75_103.75,-0.03587526881720571,1.724911290322579,1.0695518817204288,-3.6440863095238143,,1.0691524193548378,-0.7362500000000001,-1.685562365591398,temp,All,Mon
13.75_104.25,0.11727073732718729,1.569916666666666,1.1342970238095234,-3.492725806451613,,1.2013166666666653,-0.7089717741935466,-1.6430080645161294,temp,All,Mon
13.75_104.75,-0.3169026881720427,1.4499346774193569,1.0472822580645165,-3.605473387096774,,0.9496895161290322,-1.052558333333332,-1.8834435483870973,temp,All,Mon
13.75_105.25,-0.5397258064516137,1.0563618279569873,0.9958548387096791,-3.933024193548386,,0.8841854838709668,-1.4419715053763458,-2.0059516129032264,temp,All,Mon
13.75_105.75,-0.4983499999999985,0.9270825268817209,0.8593548387096792,-3.925996774193548,,0.8690967741935456,-1.1292983870967745,-1.7237934907834092,temp,All,Mon
13.75_106.25,-0.702301267281106,1.1887880978865422,0.6277177419354807,-3.951766666666666,,0.7960897849462363,-1.0115953837597331,-1.6044712365591387,temp,All,Mon
13.75_106.75,-0.5319032258064524,1.365241935483871,1.020382258064517,-3.8562586021505396,,1.1047419354838741,-0.8540876344086019,-1.4948629032258065,temp,All,Mon
13.75_107.25,-0.29231666666666634,1.6728247311827982,1.1570067204301075,-3.752427419354838,,1.5792419354838696,-0.5471653225806428,-1.5801290322580641,temp,All,Mon
13.75_107.75,0.22692688172043063,1.460209408602152,0.982629032258064,-3.1930666666666667,,1.2286854838709669,-0.5275599462365594,-1.5723156682027657,temp,All,Mon
14.25_102.25,0.20581720430107175,0.09271774193548588,0.2955465053763451,-3.2777168778801844,,0.6710075268817199,-0.6522749999999995,-1.6578629032258068,temp,All,Mon
14.25_102.75,-0.24274999999999913,0.5277096774193542,0.4144069892473148,-4.058769086021503,,0.48888333333333556,-1.0601497311827952,-2.082854838709679,temp,All,Mon
14.25_103.25,-0.35491935483871195,1.1473416666666658,0.6529741935483884,-4.112634139784946,,0.6995887096774229,-1.0292088709677412,-2.264551344086021,temp,All,Mon
14.25_103.75,-0.2196290322580623,1.0461806451612894,0.7102983870967741,-3.8807338709677417,,0.7790862903225815,-1.0825806451612898,-2.1885725806451592,temp,All,Mon
14.25_104.25,0.005868817204298438,0.9431102150537658,0.829712634408601,-3.496145161290322,,0.8727583333333335,-0.9150065476190452,-1.8206944124423963,temp,All,Mon
14.25_104.75,-0.44319999999999915,1.0396209677419357,0.7167661290322567,-3.554776190476188,,0.6703951612903225,-1.285813978494625,-2.00496025345622,temp,All,Mon
14.25_105.25,-0.3655016129032269,0.8502153225806435,0.8746978494623647,-3.4208586021505365,,0.8098083333333328,-1.0480198924731194,-1.620104262672811,temp,All,Mon
14.25_105.75,-1.1052440860215036,1.1590781423804213,0.6162583333333327,-3.800168548387095,,0.5510940860215072,-1.1960870967741943,-1.9972499999999993,temp,All,Mon
14.25_106.25,-1.4328999999999983,0.9095483870967733,0.41075806451612884,-4.245012634408601,,0.5029013440860215,-1.4576612903225783,-1.996306451612904,temp,All,Mon
14.25_106.75,-0.4668881720430118,1.512125000000001,0.9381666666666657,-3.4284086021505384,,1.1697349462365594,-0.7733830645161284,-1.1276255952380954,temp,All,Mon
14.25_107.25,-0.6015645161290308,0.9865887096774184,0.4778978494623676,-3.4120833333333334,,0.7791129032258048,-1.091115322580647,-1.7746153225806474,temp,All,Mon
14.25_107.75,-0.3494559139784936,0.37462096774193476,0.05720967741935645,-3.238047849462367,,0.18386666666666684,-1.192658064516129,-2.2849193548387117,temp,All,Mon
14.25_108.25,0.8904747311827954,0.3088833333333323,0.36045000000000194,-1.833087365591398,,0.21657258064516327,-0.38455833333333267,-1.1125795698924748,temp,All,Mon
14.75_101.75,0.08956075268817365,0.7763951612903206,0.3737822580645158,-3.433283333333332,,0.10832730812013303,-0.9052903225806457,-2.2398083333333325,temp,All,Mon
14.75_102.25,-0.7539666666666651,0.8251873655913986,0.49345053763440916,-4.3019596774193545,,0.06290322580645125,-1.1808268817204297,-2.7302834101382505,temp,All,Mon
14.75_102.75,-0.4684677419354859,0.8743494623655916,0.5069736559139777,-4.188104838709677,,0.27188548387096745,-1.1557064516129056,-2.4368448924731183,temp,All,Mon
14.75_103.25,-0.23639677419354932,0.9392580645161299,0.5962059139784941,-3.944477150537635,,0.4365501152073765,-1.0889583333333341,-2.2876048387096812,temp,All,Mon
14.75_103.75,-0.10792258064516069,0.969775000000002,0.9055223118279567,-3.6905564516129026,,0.8344999999999985,-1.0279475806451632,-2.123692741935484,temp,All,Mon
14.75_104.25,-0.27032419354838666,0.8036999999999992,0.7565806451612911,-3.5191620967741937,,0.685315591397849,-1.0924177419354848,-1.9760094086021507,temp,All,Mon
14.75_104.75,-0.4280591397849456,0.940421774193549,0.514629032258064,-3.4283306451612905,,0.38394408602150776,-1.0404166666666654,-1.809047849462365,temp,All,Mon
14.75_105.25,-0.6933198924731165,0.8878706896551734,0.27337473118279476,-3.4139448924731184,,0.08193548387096605,-0.915891666666667,-1.8580887096774177,temp,All,Mon
14.75_105.75,-1.2192790322580649,0.8833790322580644,0.157725000000001,-4.102498924731185,,0.04080645161290164,-1.4844443548387076,-2.3402932795698934,temp,All,Mon
14.75_106.25,-1.4400822580645123,-0.0779354838709665,-0.2027295698924707,-4.664825,,-0.050637096774194035,-2.3956854838709667,-2.321556451612903,temp,All,Mon
14.75_106.75,-1.2249833333333342,-0.14672580645161482,-0.3225403225806449,-4.390129301075268,,-0.3567661290322608,-1.938961559139786,-2.564480645161293,temp,All,Mon
14.75_107.25,-1.3534333333333297,-0.07302016129032118,-0.05011179087875384,-4.380411290322584,,0.4559755376344068,-1.8201209677419357,-3.221836981566824,temp,All,Mon
14.75_107.75,0.5353709677419332,-0.4183446236559156,-0.4062000000000001,-2.8122177419354832,,-0.4351693548387132,-1.3634540322580655,-1.9234193548387104,temp,All,Mon
14.75_108.25,1.7204354838709683,0.2422809139784956,0.5119483870967763,-1.4527255376344108,,0.02835456989247298,-0.531374999999997,-0.5942177419354824,temp,All,Mon
15.25_101.75,-0.04754115684093385,1.1396083333333333,0.6073709677419341,-4.075045161290323,,0.27984166666666965,-0.8312661290322563,-2.615958333333337,temp,All,Mon
15.25_102.25,-0.4781964285714313,1.3333739247311804,0.7296854838709699,-4.54565887096774,,0.4557500000000001,-0.9018523809523789,-2.6286774193548403,temp,All,Mon
15.25_102.75,-0.20521290322580477,1.3107637096774187,0.646094047619048,-4.311685483870969,,0.40144354838709795,-0.9316964285714295,-2.053750000000001,temp,All,Mon
15.25_103.25,-0.17166666666666863,1.310830645161289,0.6417661290322574,-4.1037338709677424,,0.49532930107526596,-0.9424032258064514,-1.9012180107526895,temp,All,Mon
15.25_103.75,-0.11426881720429982,1.2891166666666667,0.6998948924731181,-3.99599193548387,,0.6832499999999992,-0.9230161290322556,-1.976620967741935,temp,All,Mon
15.25_104.25,-0.3270580645161303,1.2842142857142864,0.5645749999999996,-3.90425806451613,,0.5416940476190497,-1.0111607142857153,-2.101559946236561,temp,All,Mon
15.25_104.75,-0.6115322580645159,1.1032521505376351,0.42183897849462504,-3.9279994623655927,,0.3157817204301079,-1.1499612903225778,-2.2005999999999997,temp,All,Mon
15.25_105.25,-0.9567321428571436,1.252883333333335,0.18810349462365572,-4.021217741935484,,0.002047849462366358,-1.1988615591397842,-2.3002677419354836,temp,All,Mon
15.25_105.75,-1.5609354838709688,0.2542204301075266,-0.2622258064516121,-4.711008333333334,,-0.13112500000000082,-1.7432583333333334,-2.7012303763440855,temp,All,Mon
15.25_106.25,1.331048924731185,1.4120502688172056,1.3327790322580633,-1.7580725806451625,,1.766817684331798,0.08667529761904547,0.4821907738095259,temp,All,Mon
15.25_106.75,-1.280899999999999,-0.5616416666666666,-1.1289451612903232,-4.552290322580644,,-1.0662470430107547,-1.9316774193548394,-2.9302177419354845,temp,All,Mon
15.25_107.25,0.09671313364055223,0.7219435483870988,0.8441774193548408,-2.7205666666666666,,0.8962785873192427,-0.8737499999999994,-1.5377051075268806,temp,All,Mon
15.75_101.75,-0.2059516129032275,0.9625669354838706,0.7424596774193528,-4.359016129032257,,0.23769220430107296,-0.9786405913978502,-2.5275190860215044,temp,All,Mon
15.75_102.25,-0.45596666666666685,1.3887051075268815,0.7281096774193507,-4.398322311827959,,0.30618817204300974,-0.6896935483870958,-2.187048387096775,temp,All,Mon
15.75_102.75,-0.13772580645161092,1.605029597701149,0.689232526881721,-4.1697489247311825,,0.3299873655913981,-0.7915416666666673,-1.6932698924731167,temp,All,Mon
15.75_103.25,-0.13163655913978545,1.4902190860215043,0.6683677419354854,-4.104120967741936,,0.38340510752688317,-0.987685483870969,-1.688951785714286,temp,All,Mon
15.75_103.75,-0.19564516129032405,1.3918107526881744,0.6869919354838725,-4.097373924731182,,0.4895241935483874,-0.9227338709677415,-2.017476075268819,temp,All,Mon
15.75_104.25,-0.36411290322580747,1.3839333333333315,0.6003489247311808,-4.0735981182795715,,0.5488483870967737,-1.0358790322580624,-2.2810483870967726,temp,All,Mon
15.75_104.75,-0.647716666666664,1.1129249999999988,0.4324919354838723,-4.109919354838709,,0.3882016129032273,-1.120445967741933,-2.2233634408602168,temp,All,Mon
15.75_105.25,-1.0115913978494628,1.011862903225806,0.04346612903225555,-4.25116129032258,,0.03145967741935607,-1.30411370967742,-2.1670241935483876,temp,All,Mon
15.75_105.75,-1.2409263440860219,1.1372499999999999,0.3188384408602136,-4.653492241379311,,0.21879838709677557,-1.545709677419353,-2.2868568548387103,temp,All,Mon
15.75_106.25,-2.010532258064515,0.5557580645161266,0.11735752688171885,-5.159883333333331,,-0.2095473118279596,-2.214008064516131,-3.1740279377880203,temp,All,Mon
15.75_106.75,-0.6813967741935478,-0.24387553763440906,-0.9662583333333341,-4.355112903225807,,-0.5221325268817214,-1.8611854838709654,-2.9069677419354836,temp,All,Mon
16.25_101.75,0.7487741935483871,0.9005666666666681,2.039183602150537,-3.935495698924729,,1.50146478494624,-0.7828723118279601,-1.678125537634406,temp,All,Mon
16.25_102.25,-0.2782881720430108,1.3485887096774203,0.49608817204301126,-4.441467741935481,,0.043959677419357135,-0.7878083333333361,-1.904604838709675,temp,All,Mon
16.25_102.75,-0.10575053763440856,1.555693548387099,0.495094354838713,-4.2671532258064495,,0.05984274193548522,-0.7822416666666676,-1.631991935483871,temp,All,Mon
16.25_103.25,-0.13295161290322532,1.426362903225808,0.5127943548387108,-4.183274462365594,,0.23318548387096882,-0.9362044930875584,-1.8108180011520751,temp,All,Mon
16.25_103.75,-0.12646774193548538,1.3884910714285699,0.5028145161290336,-4.155557258064517,,0.24186666666666845,-0.9382016129032245,-2.34721025345622,temp,All,Mon
16.25_104.25,-0.16131666666666433,1.1809034946236565,0.40511290322580606,-3.93401612903226,,0.34094865591398005,-0.9753704301075281,-2.282769623655911,temp,All,Mon
16.25_104.75,-0.5359999999999996,0.9716212365591392,0.23302553763440947,-4.010768010752686,,0.2079602534562195,-1.0533058755760347,-2.019307258064515,temp,All,Mon
16.25_105.25,-1.260935483870968,0.8611693548387098,0.13575833333333343,-4.52738575268817,,0.0059354838709673174,-1.4423779569892492,-2.0826129032258045,temp,All,Mon
16.25_105.75,-1.4524873271889387,1.056048387096773,0.29957016129032255,-4.68867446236559,,0.4445943548387099,-1.5512225806451614,-2.345958333333334,temp,All,Mon
16.25_106.25,-0.9961935483870974,1.1398870967741903,0.1110013440860218,-4.160831720430107,,0.7158041474654375,-1.4373916666666666,-2.2703467741935466,temp,All,Mon
16.25_106.75,0.6866612903225793,0.775032258064515,-0.18767284946236273,-2.783295967741936,,-0.5021250000000013,-0.7894943548387108,-1.0372131720430104,temp,All,Mon
16.25_107.25,0.7344516129032268,0.24824005376343905,0.23643978494623674,-2.870733333333334,,-0.34958870967741973,-0.8216048387096784,-0.8201715053763454,temp,All,Mon
16.75_101.75,0.5107000000000017,1.3660129032258066,1.7292999999999985,-4.338474999999999,,1.174101612903229,-0.4967666666666659,-1.2980839543937694,temp,All,Mon
16.75_102.25,-0.8749928571428569,1.25116129032258,0.145002150537632,-4.838879032258065,,-0.2121499999999994,-1.0014306547619025,-1.879903940886697,temp,All,Mon
16.75_102.75,-0.34698387096774397,1.3433790322580634,0.36258333333333326,-4.362983870967742,,-0.11158602150537433,-0.8654499999999992,-1.5498629032258044,temp,All,Mon
16.75_103.25,-0.2127903225806449,1.1748862903225792,0.460074999999998,-4.165016666666666,,0.01706451612903237,-0.7165062211981574,-1.6361158602150514,temp,All,Mon
16.75_103.75,0.042130645161286395,0.9724249999999977,0.3861887096774179,-3.904330645161293,,0.0012249999999980332,-0.8022741935483868,-2.1091247311827974,temp,All,Mon
16.75_104.25,0.09412903225806524,1.0710080645161284,0.5256508064516119,-3.554541666666667,,0.29063655913978437,-0.7345045698924704,-1.7770373655913971,temp,All,Mon
16.75_104.75,-0.9771774193548399,1.251562634408602,0.4553491935483862,-4.202408870967741,,0.08904032258064554,-1.1633790322580655,-1.9330841397849454,temp,All,Mon
16.75_105.25,-1.4159935483870996,1.041321505376347,0.35126290322580545,-4.761935752688171,,0.22368548387096787,-1.5054862903225796,-2.1295556451612896,temp,All,Mon
16.75_105.75,-1.3863075268817209,1.246665322580645,0.5175725806451599,-4.663804032258065,,0.5896532258064511,-1.6353172043010726,-2.439405241935484,temp,All,Mon
16.75_106.25,-0.006616666666667825,1.250582526881722,0.45006989247311857,-3.6317258064516125,,0.21519704301075215,-1.1792435483870989,-1.8358599462365603,temp,All,Mon
17.25_101.75,-0.004215591397850105,1.27618494623656,0.043369892473117844,-5.129048387096773,,-0.5031250000000025,-0.791951612903226,-1.5240833333333335,temp,All,Mon
17.25_102.25,-0.6820500000000003,1.6460365591397839,0.6339193548387101,-4.81545564516129,,0.22657500000000041,-0.6685567204301055,-1.3309112903225788,temp,All,Mon
17.25_102.75,-0.3871290322580645,1.4400403225806464,0.6037096774193547,-4.329974999999999,,0.1424583333333338,-0.8112983870967749,-1.1549586021505363,temp,All,Mon
17.25_103.25,-0.4368892473118269,1.1135690860215064,0.4522580645161298,-4.107650000000001,,-0.03300026881720264,-0.6846374999999991,-1.3362741935483857,temp,All,Mon
17.25_103.75,-0.3433398617511525,1.031237634408603,0.38407258064515837,-3.8593145161290305,,-0.10737467741935625,-0.7522580645161305,-1.521282258064515,temp,All,Mon
17.25_104.25,-0.9619306451612903,1.1417944938820916,0.44387903225806546,-4.024701612903225,,0.05070483870967912,-0.8215645161290333,-1.7774545698924733,temp,All,Mon
17.25_104.75,-1.7312903225806444,1.5267499999999998,0.447867473118281,-4.548443548387098,,0.23592768817204224,-1.1423341397849462,-2.1916774193548374,temp,All,Mon
17.25_105.25,-1.410566666666666,1.2412083333333328,0.3830967741935467,-4.913226075268818,,0.4605351190476199,-1.4393698924731204,-2.5226138536866376,temp,All,Mon
17.25_105.75,-0.5070967741935508,0.940677419354838,0.19069569892473126,-4.265354838709676,,0.3585161290322567,-1.418346774193548,-2.221670967741936,temp,All,Mon
17.25_106.25,1.1362057842046713,1.4340026881720416,0.9180623655913962,-2.478827764976959,,0.3572274193548388,-0.5701,-0.8427307471264367,temp,All,Mon
17.75_101.25,0.03978548387096836,1.5565806451612918,0.38861532258064635,-4.937825806451613,,-0.2324333333333346,-0.7163508064516115,-1.3487333333333353,temp,All,Mon
17.75_101.75,-0.40523225806451535,1.769879032258066,0.5900483870967737,-5.23623790322581,,0.1962580645161296,-0.39406666666666723,-1.2648833333333354,temp,All,Mon
17.75_102.25,-0.6050322580645169,2.2947258064516145,0.9050806451612914,-4.681031720430106,,0.28380645161290374,-0.3190483870967764,-0.9641510752688163,temp,All,Mon
17.75_102.75,-0.7017580645161292,2.0957064516129016,0.9124077956989254,-4.591942204301075,,0.20431827956989324,-0.5008387096774207,-1.1522545506912447,temp,All,Mon
17.75_103.25,-0.8277903225806469,1.7111083333333337,0.6431502688172035,-4.188208602150539,,0.05685000000000073,-0.3477177419354831,-1.0153384408602157,temp,All,Mon
17.75_103.75,-1.0079026497695853,1.6709462365591392,0.490275537634405,-4.2505645161290335,,0.06768897849462618,-0.4510422043010749,-1.4409516129032252,temp,All,Mon
17.75_104.25,-1.415733333333332,1.6105806451612903,0.6087741935483866,-4.736673655913981,,0.43996774193548305,-0.9306623655913988,-2.0217096774193575,temp,All,Mon
17.75_104.75,-0.9568499999999993,1.1772766129032242,0.41844489247311856,-4.348508064516132,,0.5614032258064512,-1.1262580645161329,-1.9512058179723493,temp,All,Mon
17.75_105.25,0.45543817204301007,0.8958725806451593,0.5670322580645166,-3.4480181163594477,,0.4355306451612915,-0.8501782258064505,-1.2451979166666653,temp,All,Mon
18.25_101.25,0.041997311827959294,1.7826526881720444,0.2513709677419378,-4.8319624999999995,,-0.008459139784946501,-0.7165080645161286,-1.0283625,temp,All,Mon
18.25_101.75,-0.5821725806451639,1.8719916666666663,0.40100806451613025,-5.336741935483872,,0.15494354838709512,-0.4577999999999989,-1.3688489247311821,temp,All,Mon
18.25_102.25,-0.9283333333333346,2.4827583333333347,1.086443548387095,-5.331140322580646,,0.40995161290322457,-0.310658986175115,-1.586423387096774,temp,All,Mon
18.25_102.75,-0.6775430107526876,1.9382083333333338,0.8799895161290312,-4.839524193548385,,0.5923499999999979,-0.2926139784946251,-1.1342580645161284,temp,All,Mon
18.25_103.25,-1.3139580645161288,2.0298908602150565,0.4066776881720422,-5.055508064516127,,-0.30428064516129183,-0.8787983870967722,-1.5864056451612925,temp,All,Mon
18.25_103.75,-1.798650000000002,2.0950486559139776,0.5022750000000027,-5.345661290322582,,0.07679946236558877,-0.9952749999999995,-2.180789784946233,temp,All,Mon
18.25_104.25,-1.0210322580645173,1.5639516129032245,0.40727419354838723,-4.754403225806451,,0.4324680107526895,-0.8438629032258085,-1.8606112903225807,temp,All,Mon
18.25_104.75,0.21124892473118173,0.7229916666666671,-0.10454838709677361,-3.5013500000000004,,-0.3576432795698956,-0.7382016129032234,-0.8049919354838693,temp,All,Mon
18.25_105.25,1.3079999999999998,0.896330645161294,0.5422822580645139,-1.9418983870967743,,-0.7094002688172072,0.048829032258062455,0.07334677419354918,temp,All,Mon
18.75_101.25,0.6448166666666673,0.8598411290322563,-0.12511612903226066,-3.804591129032257,,-0.05762096774193459,-0.7304043010752697,-0.05103924731182552,temp,All,Mon
18.75_101.75,-1.0672032258064519,1.2421610215053782,0.033524193548386094,-5.35121935483871,,-0.37498602150537863,-0.7531000000000017,-1.6020040322580655,temp,All,Mon
18.75_102.25,-1.8993166666666674,1.5836416666666686,0.4969193548387114,-5.994403225806453,,-0.2620806451612907,-1.3326666666666664,-2.3490293010752694,temp,All,Mon
18.75_102.75,-1.1694677419354846,0.8141830645161292,-0.22419946236558808,-4.998491129032258,,-0.21168548387096742,-1.143954003456221,-1.4214354838709653,temp,All,Mon
18.75_103.25,0.33864516129032474,0.5210666666666661,0.29165456989247573,-3.270357258064516,,0.8047499999999985,0.251668279569893,0.03313709677419219,temp,All,Mon
18.75_103.75,-2.178296658986177,1.3354827956989226,0.046677419354837824,-5.843285483870968,,-0.8206451612903223,-1.6284870967741938,-2.6477888536866345,temp,All,Mon
18.75_104.25,-0.6324026881720428,1.0409624999999991,-0.2766854838709669,-4.331955645161289,,-0.3223419354838697,-0.774167741935484,-1.1934747311827962,temp,All,Mon
18.75_104.75,1.2584838709677424,1.4654561827957,0.8077741935483846,-2.353723333333333,,-0.2836338709677424,0.6183545698924728,0.5392620967741948,temp,All,Mon
19.25_101.25,1.4327580645161273,0.9898319892473122,1.010846505376346,-3.1499758064516126,,0.8277741935483878,-0.6374231182795693,0.5996112903225796,temp,All,Mon
19.25_101.75,-1.0434456989247334,0.7855863095238078,0.06143602150537575,-5.633862096774193,,-0.12493655913978152,-1.2865451612903218,-1.6457263824884816,temp,All,Mon
19.25_102.25,0.4245645161290348,1.1183166666666686,0.3442324999999986,-4.1487951612903196,,0.20476424731182874,-0.8066674731182797,-0.24433682795699063,temp,All,Mon
19.25_102.75,0.8838548387096754,0.21363951612903165,0.20874166666667016,-3.3576766129032283,,0.33995134408601935,-0.6726381720430084,0.19845250000000014,temp,All,Mon
19.25_103.25,0.9915967741935479,-0.06845794930875293,-0.20875080645161148,-3.2200322311827936,,-0.23097500000000082,-0.9310916666666671,-0.31809642857142784,temp,All,Mon
19.25_99.75,0.46190913978494486,2.166214285714286,1.4203249999999983,-3.8067933333333315,,0.7897290322580641,-0.3759690476190496,-0.7916833333333368,temp,All,Mon
19.75_100.25,-0.3300833333333326,2.3474013440860215,0.8106249999999999,-4.568139516129033,,0.61269623655914,-0.43116129032258144,-0.6221080645161283,temp,All,Mon
19.75_100.75,0.2279308755760372,1.573716666666666,0.5747946236559134,-4.802533064516128,,0.34205833333333047,-0.7974014880952378,-0.5248999999999988,temp,All,Mon
19.75_101.25,-0.05766182795699315,0.521805913978497,0.1264104838709681,-5.136056451612902,,-0.1675201612903212,-1.3924942972350216,-0.7716153225806472,temp,All,Mon
19.75_101.75,-1.0124166666666667,1.1297577956989269,0.1808398809523819,-5.849886973303671,,-0.07978467741935269,-1.4918387096774186,-1.444243548387096,temp,All,Mon
19.75_102.25,-0.9500322580645122,0.6992306451612897,-0.7215196236559152,-5.361866666666664,,-1.0236533333333337,-1.4473064516129046,-1.0789132795698908,temp,All,Mon
19.75_102.75,-0.4914317204301071,0.938703763440861,0.14748064516129133,-4.463652714126807,,-0.055741935483871075,-1.264330645161289,-0.6054315591397863,temp,All,Mon
19.75_103.25,-0.2757096774193535,1.0355879032258075,0.6177327956989238,-3.852993548387097,,0.5291629032258047,-0.8945189804147482,-0.6656916666666675,temp,All,Mon
19.75_99.25,-0.039887096774195996,1.2598416666666665,0.4557583333333337,-3.840806505376343,,0.29424193548387123,-0.8267983870967761,-0.6901666666666699,temp,All,Mon
19.75_99.75,-0.3197645161290339,2.3084838709677413,1.1254532258064547,-4.3254666666666655,,0.6162905913978491,-0.43439540229884877,-0.9012142473118292,temp,All,Mon
20.25_100.25,-1.5243032258064506,1.9817469470046074,0.5323266129032262,-5.841379032258063,,0.3423225806451615,-0.884459677419354,-1.3078663978494607,temp,All,Mon
20.25_100.75,-0.8326129032258063,1.3186330645161313,0.6076166666666705,-5.686243763440861,,0.013363709677419067,-1.402061021505375,-0.9465806451612906,temp,All,Mon
20.25_101.25,-0.332129032258063,1.1586830645161292,0.265032258064517,-5.304325,,0.11216048387096933,-1.319189247311824,-0.7673145161290318,temp,All,Mon
20.25_101.75,9.677419354581218e-05,1.3330745967741926,0.9049123655914002,-4.48305927419355,,0.5507833333333334,-0.7732263904338161,-0.10860779569892642,temp,All,Mon
20.25_102.25,-1.3448177419354863,1.8150994047619058,0.2541900537634394,-5.457114315906564,,-0.24014677419354769,-1.4219838709677433,-0.9331357063403818,temp,All,Mon
20.25_102.75,-0.8134838709677421,2.1633123655913966,0.6567338709677397,-4.4853903225806455,,0.09867741935484009,-0.6959104166666688,-0.29322309523809587,temp,All,Mon
20.25_103.25,0.21927956989247477,2.2852399481566827,1.4362470430107521,-3.1503083333333333,,0.14246774193548362,-0.5929405913978485,0.2712077688172041,temp,All,Mon
20.25_99.25,0.38846547619047556,1.2438367630700764,0.03322150537634272,-3.513099425287357,,-0.07830053763441036,-0.7054295698924733,-0.0336086021505384,temp,All,Mon
20.25_99.75,-0.7220354838709682,2.03711505376344,0.7812669354838704,-4.692245708525346,,-0.05018387096774113,-0.6182661290322589,-0.7088088709677418,temp,All,Mon
20.75_100.25,-0.6076747311827955,1.7065083333333337,0.6521612903225815,-5.1172249999999995,,0.5320510752688161,-0.796179205069123,-0.6624879032258075,temp,All,Mon
20.75_100.75,-0.43254838709676946,1.4503375000000016,0.4690943548387114,-5.302412500000001,,-0.056416666666667226,-1.5046774193548398,-0.365844892473115,temp,All,Mon
20.75_101.25,-0.04935483870967872,0.892811290322582,0.53793306451613,-4.896474999999999,,0.13678252688172243,-1.3403279569892455,0.011876612903225947,temp,All,Mon
20.75_101.75,-0.5156483870967747,0.9618083333333338,0.594153225806453,-5.028919166666666,,-0.004253333333331,-1.3789852150537616,-0.512793548387096,temp,All,Mon
20.75_102.25,-0.45727419354838883,2.106147849462367,0.5636575000000015,-4.496566774193547,,0.6516887096774173,-0.5970083333333314,0.11760672043011056,temp,All,Mon
20.75_102.75,-1.0567833333333336,2.148198655913978,0.7211948924731182,-4.6039763440860195,,0.27214354838709376,-0.7879596774193534,-0.11944112903225701,temp,All,Mon
20.75_103.25,0.6917419354838721,2.251136774193551,1.294338709677417,-2.556943548387096,,1.0198838709677407,0.25057258064516397,1.5233177419354842,temp,All,Mon
20.75_99.75,0.15725000000000122,1.1271016129032265,0.12545725806451635,-4.049624999999999,,-0.9344083333333337,-1.1442661290322587,-0.19240833333333285,temp,All,Mon
21.25_100.25,-0.33032204301075296,0.9032491935483842,1.4950279569892508,-4.504928303571429,,0.8475741935483896,-1.314708333333332,-0.7327540322580663,temp,All,Mon
21.25_100.75,-0.43235483870967784,1.3042685483870997,0.2699999999999996,-4.847680833333334,,0.05651333333333142,-1.1323733870967727,-0.12614166666666726,temp,All,Mon
21.25_101.25,-0.39993548387096745,0.8712000000000035,0.27674999999999983,-4.727209946236559,,-0.07575967741935585,-1.490564516129032,0.19872392473118516,temp,All,Mon
21.25_101.75,0.10953225806451528,0.9546074884792635,0.7237822580645172,-4.1085069193548405,,0.2968916666666672,-0.8687733870967733,0.4632075000000011,temp,All,Mon
21.25_102.25,-0.20028110599078275,2.1223650000000003,0.39156290322580833,-4.002489086021507,,0.037102419354837934,-0.37461102150537684,0.6755916666666657,temp,All,Mon
21.25_102.75,-0.6411091397849482,2.07051129032258,0.6090193548387095,-4.085475806451614,,-0.20293951612903172,-0.29749193548387254,0.36099462365591606,temp,All,Mon
21.25_99.75,0.42644999999999733,0.21603752880184146,-1.2022333333333322,-3.2667583333333337,,-1.6477983870967758,-1.5638790322580665,-0.2981091397849447,temp,All,Mon
21.75_100.25,0.7678870967741958,0.4896088709677411,0.6072983870967761,-3.3444316397849443,,0.7521129032258056,-0.8680897849462337,0.5436475806451622,temp,All,Mon
21.75_100.75,-0.6834000000000007,0.9189525000000014,0.23825833333333257,-5.034205892857143,,-0.10947822580645195,-1.2704889784946243,-0.13070499999999896,temp,All,Mon
21.75_101.25,-0.5013080645161265,2.088415322580648,1.3487225806451608,-4.6911000000000005,,1.0258790322580644,-0.8661384593993313,0.23240833333333555,temp,All,Mon
21.75_101.75,0.41312150537634373,1.402050000000001,1.2233709677419338,-3.301393548387095,,0.6687333333333356,-0.4236747311827962,1.2399542741935488,temp,All,Mon
21.75_102.25,-0.3870161290322578,2.1091935483870987,0.8093790322580627,-3.7015967741935487,,0.156596774193547,-0.3402041666666662,0.6004758064516125,temp,All,Mon
21.75_99.25,0.34098387096774196,0.041073387096774994,-1.6722387096774192,-2.593080752688172,,-1.4726388978494604,-1.5632511494252892,0.5210483870967737,temp,All,Mon
21.75_99.75,-0.18725645161290316,0.5287327956989243,-0.736351612903225,-3.506675833333335,,-1.7195775000000015,-1.7993225806451623,-0.5227916666666665,temp,All,Mon
22.25_100.25,1.07888870967742,1.1136975806451597,0.29791801075268864,-3.1602715080645156,,0.33251690860215,-0.8126451612903214,1.0750144297235025,temp,All,Mon
22.25_100.75,-0.3418387096774218,1.5815274193548374,1.4828548387096783,-4.815903978494623,,0.7735919354838732,-0.877209677419355,0.015944038018434803,temp,All,Mon
22.25_101.25,0.31432311827957005,2.0199387096774206,1.9450986559139753,-3.9503808333333303,,1.621029731182798,-0.3712983870967719,0.835895161290324,temp,All,Mon
22.25_101.75,0.32308118279570053,1.8405999999999985,1.2387416666666642,-3.353732419354838,,0.7437741935483881,-0.2902166666666659,0.9122950748847902,temp,All,Mon
22.25_102.25,-0.19103978494623686,1.952943548387097,1.0615967741935473,-3.6148593817204286,,0.7086266129032257,-0.30519838709677316,0.4819274193548395,temp,All,Mon
22.25_99.75,0.07937096774193542,0.5328306451612885,-0.5396572580645174,-3.345755376344087,,-0.40718064516129093,-1.5018602150537639,0.34205403225806297,temp,All,Mon
22.75_100.25,-0.7020645161290338,-0.46164865591397675,-0.5200362903225795,-4.5807225,,0.08323440860215214,-1.778596774193546,-0.29198306451612677,temp,All,Mon
22.75_100.75,-0.7702946236559134,0.8321145161290318,0.9615080645161296,-4.761755833333336,,0.817107365591399,-1.570941397849463,-0.10331693548387122,temp,All,Mon
22.75_101.25,0.733440668202765,1.2471276881720428,0.47924193548387173,-3.292962768817204,,0.23656524193548378,-0.5036274193548387,1.3447973214285698,temp,All,Mon
22.75_99.75,0.6413892473118263,0.11392338709677219,0.42459166666666626,-3.0263935483870963,,-0.12340876344086027,-1.3361209677419357,0.9531290322580643,temp,All,Mon
23.25_100.25,-1.44341935483871,-0.8797416666666678,-1.3088064516129023,-5.176287500000003,,-1.3711817204301093,-2.301844354838712,-1.0448709677419359,temp,All,Mon
23.25_100.75,-1.909983333333333,-0.7687209677419329,-1.35969516129032,-5.786604166666665,,-2.1116693548387104,-2.703503110599077,-1.2139112903225797,temp,All,Mon
23.25_99.25,-0.07851344086021683,0.32552500000000073,-0.17189516129032434,-3.888706370967741,,-0.09031532258064434,-1.658213978494623,0.42529086021505336,temp,All,Mon
23.25_99.75,0.18938709677419396,-0.4768387096774198,-0.5735788709677401,-3.597990053763442,,-0.29014626344086114,-1.566626989247312,0.47275029569892535,temp,All,Mon
23.75_100.25,-1.891954838709676,-2.459160483870968,-2.301307546082949,-5.5033669354838715,,-2.303688289516127,-3.4875347062212,-2.2099967741935496,temp,All,Mon
23.75_100.75,-1.4731134792626737,-0.9345879032258075,-1.2881709677419382,-5.324222607526882,,-1.4975000000000023,-2.708735322580643,-1.3477979262672823,temp,All,Mon
24.25_100.25,-1.797886520737328,-2.318521774193548,-1.0473906720430106,-4.559184970430109,,-1.2507282258064514,-3.601977392857142,-2.114689569892473,temp,All,Mon
24.25_100.75,-1.8115000000000023,-1.7574097350230415,-0.06194731182795632,-4.65703407795699,,-0.5993228494623661,-3.0753790322580628,-1.98325,temp,All,Mon
24.25_99.75,-0.9400236559139783,-1.25399,-1.796645758064515,-3.6268065227534567,,-2.1574630645161283,-2.7741583333333324,-1.0481295430107522,temp,All,Mon
24.75_100.25,-1.6557666666666675,-2.028813709677417,-0.5159291666666661,-3.9895532142857135,,-0.40151666666666586,-3.0654988172043005,-1.9190080645161274,temp,All,Mon
24.75_99.75,-1.1557116666666643,-0.8080720161290307,-0.7702163978494632,-3.250075268817204,,-0.9532583602150542,-2.3218798387096786,-0.9113750000000005,temp,All,Mon
25.25_99.75,-1.2543209677419354,-1.4014563978494614,-0.20950833333333296,-3.7785860483870968,,-0.8036114516129045,-2.6759006801075267,-1.6169725806451605,temp,All,Mon
25.75_100.25,0.4153026881720434,-0.028336129032259016,1.375972376612904,-1.456255346774193,,1.5627490564516129,-0.7926627419354855,-0.42839884408602114,temp,All,Mon
25.75_99.25,-0.27236666666666576,-0.6270675862068966,-0.7745887586405535,-2.715222580645161,,-1.2488994247311824,-1.7330561021505373,-1.2388303763440858,temp,All,Mon
25.75_99.75,-0.44012580645161314,-0.9366623064516122,-0.5144262580645154,-2.104254744086021,,-0.6356623001152069,-1.5971537244086011,-0.9575346774193543,temp,All,Mon
26.25_99.25,-0.12454763440860361,-1.4146662983870972,-2.1292368916666673,-1.8538341108064516,,-2.6359973643433188,-1.881268387096774,-1.2152241935483872,temp,All,Mon
26.25_99.75,-0.04243618279569894,-1.021273978494623,-1.2005395161290329,-0.9135536505376349,,-1.155411564516128,-1.2093123387096787,-0.6789300000000003,temp,All,Mon
26.75_99.25,0.4732428571428582,-1.6485997499999998,-3.6656971129032256,-0.5003314274193551,,-3.917643193279569,-1.5655858333333317,-0.8687427419354838,temp,All,Mon
27.25_99.25,-0.3017275806451609,-1.7877586021505367,-3.1634991762672806,-0.9511300344086024,,-3.5677558064516135,-1.8478777733870957,-1.539435881912443,temp,All,Mon
27.75_98.75,-1.6297812903225801,-2.7745071370967747,-4.744811666666666,-2.175550274193548,,-5.197657069892474,-2.659258225806451,-1.8375283980414758,temp,All,Mon
28.25_98.75,-0.1299281182795693,-4.236032500000001,-4.0069761559139785,-1.968071599462365,,-4.726299972849462,-3.557450967741936,-1.5983349999999996,temp,All,Mon
28.75_98.75,-0.11552317204301077,-2.4493137580645166,-1.838974715591399,-2.4393376102150537,,-1.9406417849462363,-3.4377758669354836,-1.7043047258064519,temp,All,Mon
29.25_98.25,-0.2078430322580651,-2.53417295,0.24985110215053824,-3.5777058564516127,,-1.278537812847608,-3.79833477688172,-1.155127419354839,temp,All,Mon
29.75_98.25,-1.4726816129032254,-3.093249024193548,-1.1403750860215054,-4.527701419354839,,-0.9386102380952381,-6.222378930107527,-1.7872794086021508,temp,All,Mon
30.25_97.75,-1.1268938095238092,-2.7640791104838707,-3.203731189166667,-3.0524344967741937,,-3.888147741935484,-6.23686476344086,-1.272835387096774,temp,All,Mon
30.25_98.25,-1.6189222350230414,-2.7812040241935483,-2.8365911021505372,-4.749296575806451,,-3.032258387096774,-6.061445658333333,-1.4050426532258067,temp,All,Mon
30.75_97.25,-2.670190322580644,-2.8716838104838716,-7.749335688172043,-3.602436545977012,,-7.953111895161291,-6.256506833333333,-3.809628610215053,temp,All,Mon
30.75_97.75,-2.993112290322581,-3.2645151166666664,-5.130694459677419,-4.3544950645161284,,-5.318353709677419,-6.681632901612904,-3.5140714758064524,temp,All,Mon
31.25_96.25,-1.7658577569892473,-2.3856323916666664,-7.269985500000001,-2.4601152281105985,,-7.574814747580645,-4.7339441129032265,-3.0341447779569886,temp,All,Mon
31.25_96.75,-2.3185899999999995,-2.2365250622119817,-8.165229016666666,-2.97116564516129,,-8.327332255376344,-5.354214750000001,-3.030287040322581,temp,All,Mon
31.25_97.25,-3.605154838709677,-2.51098774078341,-9.570350526881722,-3.9952711129032266,,-9.77973924032258,-6.66978879032258,-4.286084632258064,temp,All,Mon
31.75_95.75,-0.43452593548387153,-1.459931725,-4.352976819892472,-1.4146516583333337,,-5.704602115207372,-5.465753478801844,-2.533604516129032,temp,All,Mon
31.75_96.25,-1.8771673655913972,-1.9119814688172048,-6.158661719585252,-3.016192677419355,,-6.641246193655915,-5.347476532258064,-2.9223104838709677,temp,All,Mon
31.75_96.75,-2.2060537634408606,-1.572511491935484,-6.716572588172044,-3.7523493602150535,,-6.73605804,-5.60488914516129,-2.7797029166666665,temp,All,Mon
31.75_97.25,-2.1705147849462367,-1.5695527688172048,-6.467250967741935,-3.054356816666667,,-6.783785725806451,-5.3637646,-2.4130357250000003,temp,All,Mon
31.75_97.75,-1.9567315698924732,-2.817211668817204,-7.034342058333333,-3.0709387301075273,,-6.877385451612903,-6.306501462365592,-2.922341922311827,temp,All,Mon
32.25_94.75,-1.143315096774193,-2.011432900537635,-2.6280712822580647,-2.4181610527957003,,-3.9172834174731186,-5.762168583333334,-2.8731443733870963,temp,All,Mon
32.25_95.25,-1.7967294086021508,-2.2837537553763445,-2.0160448736559147,-2.6892106935483877,,-1.5270149248271885,-5.292566032258064,-3.426175,temp,All,Mon
32.25_95.75,-2.2983516129032258,-1.9643047866666667,-3.079377965268817,-3.5039507,,-2.8628659946236565,-5.179250241935485,-3.5501007322580636,temp,All,Mon
32.25_96.25,-2.452147580645161,-1.1592902499999997,-5.3136138766129015,-3.5708140666666663,,-4.895916349999999,-5.105718932795699,-2.8128916935483876,temp,All,Mon
32.25_96.75,-2.2434132258064516,-1.4164431518817202,-6.574510612903225,-4.0211950268817205,,-6.652547793010752,-5.617799486559139,-2.4489880790322562,temp,All,Mon
32.25_97.25,-1.502910370967743,-1.5258276699999995,-5.984361138290322,-3.263541575537635,,-6.480117379032257,-5.164161522311828,-1.633762903225806,temp,All,Mon
32.25_97.75,-0.9506069032258062,-1.1766478225806454,-4.909858088709679,-2.724876346774192,,-5.353812481182796,-4.688563387096773,-1.704348085253456,temp,All,Mon
32.75_94.75,-1.4700553809523809,-1.8998232666666666,-2.865340294354839,-3.258170333333333,,-3.5897952016129038,-5.045821129032258,-3.3699713145161287,temp,All,Mon
32.75_95.25,-2.850278064516129,-2.0367910322580647,-4.669172416666667,-4.1522615,,-5.490844620860215,-5.565166822580645,-4.545812921505375,temp,All,Mon
32.75_95.75,-1.8138768333333335,-1.3455753456221182,-5.939526096774195,-3.1497238051075263,,-6.801787485215054,-4.787109005376344,-3.2579616583333335,temp,All,Mon
32.75_96.25,-1.8897436040044502,-1.328910464285714,-6.001080661290323,-3.391792459677419,,-5.860474246505377,-4.787309702419355,-2.823754072338709,temp,All,Mon
32.75_96.75,-0.4618137634408601,-0.6854634677419351,-6.297338884758065,-2.597926212365592,,-6.350230673387097,-4.13821,-1.567477007526882,temp,All,Mon
33.25_94.25,-1.1244629032258064,-1.0630734255376342,-4.674141693548389,-2.801038210483871,,-5.014341975806452,-4.169995198924731,-2.2412828452380955,temp,All,Mon
33.25_94.75,-1.7749384086021505,-1.3418670583333334,-5.234737096774193,-3.5972746850000004,,-5.40760443548387,-5.57405805,-3.2998538321428574,temp,All,Mon
33.25_95.25,-1.0912392473118282,-1.4044346881720418,-6.132514804838709,-2.4802763629032247,,-6.2335678306451605,-4.5073057768817195,-2.7709876983870965,temp,All,Mon
33.25_95.75,-0.3724447634408601,-1.1352543916666666,-5.992311704301076,-1.2825098583333336,,-9.691217338709677,-3.397897882795699,-1.8877602419354838,temp,All,Mon
9.25_105.25,0.08311693548387211,1.7625854838709678,0.951224193548386,-0.2874497311827966,,0.6553440860215041,0.02869671658986306,0.48430645161290364,temp,All,Mon
9.25_105.75,-0.060697619047617835,1.5274274193548365,0.7687481182795715,-0.4434354838709673,,0.7733744623655898,0.20852016129032336,0.3197177419354862,temp,All,Mon
9.75_105.25,-0.22231559139784984,1.5630357526881706,0.7408732718894022,-0.9837451612903205,,0.6527107526881757,-0.4159193548387101,0.1673467741935486,temp,All,Mon
9.75_105.75,-0.22694124423963125,1.8316083333333353,0.7457983870967748,-1.2143790322580639,,0.7815115591397852,-0.07944107142857249,0.08321666666666516,temp,All,Mon
9.75_106.25,-0.2716913978494624,1.581683333333336,0.9377118279569885,-1.1025342741935482,,0.843427419354839,0.27664516129032357,-0.07404166666666612,temp,All,Mon
10.25_104.75,-0.4204534246575342,1.388122602739724,0.34075821917807936,-0.948448630136987,,0.3198845104423995,-0.21630532786885404,-0.39334931506849635,temp,All,Yr
10.25_105.25,-0.49434246575342833,1.4514220937195912,0.6311602739726041,-1.5419,,0.5941297346358265,-0.5257369863013714,-0.4295767123287675,temp,All,Yr
10.25_105.75,-0.460753099034358,1.739539175836514,0.8325856164383563,-1.743358904109586,,0.9090095890410943,-0.31915342465753405,-0.5348410958904122,temp,All,Yr
10.25_106.25,-0.5644886630735844,1.6691076615016112,0.8696507934725677,-1.7351815068493153,,0.87636712328767,-0.016380821917804766,-0.6304828767123247,temp,All,Yr
10.25_106.75,-0.36422191780821755,1.095994627217605,0.5573636986301391,-1.2849726027397264,,0.8117828767123285,0.24224983344561934,-0.7085907010255266,temp,All,Yr
10.75_104.75,-0.9376506849315085,1.4959458904109564,0.4264993150684937,-1.838889041095893,,0.28133013698630194,-0.4377814694213651,-1.0356602739726029,temp,All,Yr
10.75_105.25,-0.9366780821917811,1.4231897204132054,0.6095294520547956,-2.0858691780821914,,0.47149452054794416,-0.5789338329964835,-0.8941089041095882,temp,All,Yr
10.75_105.75,-0.7010712328767124,1.346076833969608,0.646741780821916,-2.118732191780822,,0.5682349315068453,-0.701747595254135,-0.8490698630136961,temp,All,Yr
11.25_104.25,-1.1547369863013728,1.2372849315068475,0.6499547945205464,-2.6488568493150684,,0.3162219178082193,-0.905880007859869,-1.343043150684931,temp,All,Yr
11.25_104.75,-1.210809589041098,1.4696203813908202,0.6553260273972601,-2.6434157534246587,,0.3311931506849284,-0.7967376712328775,-1.323856164383562,temp,All,Yr
11.25_105.25,-1.033068848716221,1.3400476607530507,0.6767013698630127,-2.6301191780821895,,0.5351698630136941,-0.7099452054794533,-1.0145678082191782,temp,All,Yr
11.75_104.25,-1.3139742645407626,0.7236917808219179,0.685528767123289,-3.3126486301369855,,0.5140609589041087,-1.3665753424657563,-1.6001458904109622,temp,All,Yr
11.75_104.75,-1.263336656935401,1.1938342465753404,0.8454027397260244,-3.0906746575342456,,0.5500020547945201,-1.0984123287671252,-1.2342835616438386,temp,All,Yr
11.75_105.25,-0.9969529343513752,1.0850109476757268,0.7303500000000014,-3.0180369863013716,,0.5459589041095878,-0.971500684931506,-0.9999130136986292,temp,All,Yr
12.25_103.25,0.45418904109589064,0.5850554794520555,1.0044506849315038,-2.3943345104423983,,0.4542082191780814,-1.0408002054794512,-0.6970054794520539,temp,All,Yr
12.25_103.75,-1.0878561643835631,0.15964383561643913,0.38145410958904336,-3.758467123287671,,0.319298630136986,-1.6110282786885222,-1.7677260273972575,temp,All,Yr
12.25_104.25,-0.7117197320158706,1.2511780821917817,0.9045109589041065,-3.1378232876712335,,0.6600568493150689,-0.9507143910472315,-0.8434232876712322,temp,All,Yr
12.25_104.75,-1.1144593906729554,1.083654109589041,0.5561452054794529,-3.277113135339473,,0.41860616438356146,-1.1943986301369875,-0.9633534246575355,temp,All,Yr
12.25_105.25,-0.8072882513661206,0.8926403286174107,0.6693741728422804,-3.325899999999997,,0.5831575342465776,-1.0439371977692922,-1.0878650684931497,temp,All,Yr
12.25_105.75,-0.8940589303091535,0.9043945205479478,0.7873469945355183,-3.497597260273972,,0.6525082191780829,-0.9989328767123293,-1.5225328767123294,temp,All,Yr
12.25_106.25,-0.6848273972602765,1.3355746575342469,1.1844651583202328,-3.3378497267759553,,1.1253475447264023,-0.5915846171120602,-1.478848630136989,temp,All,Yr
12.25_106.75,-0.1960657534246586,1.4244534153005475,1.6701416292387155,-3.127983505501909,,1.829615068493153,-0.22871937270753584,-1.1126198630137,temp,All,Yr
12.25_107.25,1.3553926940639265,0.8214760404970445,1.6862171232876726,-1.6757756261696244,,2.1609176042368414,0.7633469833071356,-0.015347260273975039,temp,All,Yr
12.25_107.75,0.7174383561643847,0.3373116438356174,2.0151619039598803,-1.800316438356166,,2.025893975971254,0.20614863013698503,-1.5595967808219182,temp,All,Yr
12.25_108.25,1.627402739726028,0.21034109589040995,1.5077171232876694,-1.1212300000000006,,1.9337926135938321,0.2574880979115175,-1.0616036840332335,temp,All,Yr
12.75_102.75,0.00020684931506842474,1.1397089041095914,0.55185616438356,-3.2650149449809103,,0.07152527322404367,-0.8266280054644852,-1.345984999999997,temp,All,Yr
12.75_103.25,-0.6485934688225168,1.1174520192379678,0.966859589041098,-4.0862413485290805,,1.043270774384311,-0.735394071412534,-1.7119236986301374,temp,All,Yr
12.75_103.75,-0.8576076839583795,1.5527263249494716,1.4682138988696725,-3.97525832397635,,1.3133095890410988,-0.5747027640541944,-1.4388938356164367,temp,All,Yr
12.75_104.25,-0.7038438356164374,1.5282887304438955,1.1263398832247926,-3.8118294520547966,,0.885004109589044,-0.8858987106070799,-1.1252458904109588,temp,All,Yr
12.75_104.75,-0.8556191780821933,1.27956793921701,0.7420438356164372,-3.534155479452057,,0.6645013698630144,-1.1482563590089043,-1.3201232876712314,temp,All,Yr
12.75_105.25,-0.8370396174863401,0.7192589041095907,0.7063257092596711,-3.8380308219178083,,0.6779288532075753,-1.2539637847144238,-1.6787986301369848,temp,All,Yr
12.75_105.75,-0.8022726027397287,0.7160171981435735,0.6128205872445545,-4.039517123287673,,0.8425112601991191,-1.2183891982932824,-1.8513589041095866,temp,All,Yr
12.75_106.25,-0.725082191780821,1.251884029493226,0.9085778688524595,-3.753347945205478,,0.8996393442622956,-0.9927077494572938,-1.9626075342465743,temp,All,Yr
12.75_106.75,-0.11570000000000213,1.4377739726027379,1.2399093251740396,-3.4059069653417158,,1.2545348360655737,-0.471508904109589,-1.4115965753424682,temp,All,Yr
12.75_107.25,0.40512529006662135,1.627323972602742,1.3431650684931515,-3.1025623287671245,,1.0590404109589056,-0.2796566438356187,-1.2094037671232876,temp,All,Yr
12.75_107.75,-0.36081506849315126,1.231580110786732,0.9984999999999999,-3.7427568306010937,,0.9490821880380267,-0.7262682191780812,-2.4459974657534236,temp,All,Yr
12.75_108.25,0.3962863013698641,1.00187808219178,1.3545671232876728,-2.980320628415299,,0.5796716576839565,-0.888413552286849,-2.07899315068493,temp,All,Yr
13.25_102.75,-0.9174794520547955,1.1235557339621227,0.5377863013698612,-4.267302054794522,,0.9738623287671224,-0.8888076484018264,-2.144282191780823,temp,All,Yr
13.25_103.25,-0.6464996332060764,1.7209057320907277,1.0512397260273971,-4.113973287671234,,1.0076342465753445,-0.6503759589041085,-1.5531136986301366,temp,All,Yr
13.25_103.75,-0.2649477056665912,1.5151376712328766,1.0981176659929606,-3.571335205479455,,1.0534251459690083,-0.51218363013699,-1.0632773972602756,temp,All,Yr
13.25_104.25,-0.04450273224043855,1.4751521970207335,0.8673189310577119,-3.530392945205481,,0.7869979452054778,-0.7750843835616461,-1.248043150684932,temp,All,Yr
13.25_104.75,-0.38328551912568365,1.1846958904109606,0.8155054794520566,-3.715273287671234,,0.7185565611198452,-1.1014164383561642,-1.6773397260273963,temp,All,Yr
13.25_105.25,-0.5755534246575351,0.8096143835616445,0.946760925218955,-4.108934931506852,,0.8376013698630125,-1.4481309791152004,-1.9323808219178087,temp,All,Yr
13.25_105.75,-0.49407534246575047,0.637305035930833,0.7587035500411741,-4.176505479452054,,1.0192438524590148,-1.3303854794520547,-1.7870143835616457,temp,All,Yr
13.25_106.25,-0.5655068493150708,1.0590353881278531,0.7505617748334448,-3.908746575342466,,0.7350280054644838,-1.1191692622950793,-1.759683561643838,temp,All,Yr
13.25_106.75,-0.366834246575344,1.367110736207799,1.2870753780223065,-3.6866756456321603,,1.0352486338797782,-0.6844461580208119,-1.509268493150687,temp,All,Yr
13.25_107.25,-0.5173328767123273,1.8513506287895787,1.5707671981435745,-3.870330490680436,,1.3720438412306297,-0.4567207440676686,-1.6990099184070644,temp,All,Yr
13.25_107.75,-0.7226999999999979,1.6869514166479522,1.3348867149487234,-3.861053400329368,,1.6063821917808223,-0.5541703424657509,-2.032384044464406,temp,All,Yr
13.25_108.25,0.7172534246575335,2.2604391552511434,1.9234438356164372,-2.4351525862714265,,1.2250150684931498,-0.21630621865408983,-0.7307035930833141,temp,All,Yr
13.75_102.75,-0.7706964368590441,1.062508774983156,0.4576376712328756,-4.590417671232878,,0.4179978011078678,-1.2145205479452041,-2.6479999999999997,temp,All,Yr
13.75_103.25,-0.362760273972599,1.4431599539636188,0.792576712328767,-4.091975342465753,,0.7553675742944801,-0.9225287615090956,-2.157337534246574,temp,All,Yr
13.75_103.75,0.07313752526386885,1.5319253424657546,0.987341095890411,-3.6709129452054796,,1.0496273972602737,-0.6645313814656788,-1.7112569178082158,temp,All,Yr
13.75_104.25,0.29491393442622815,1.4730787671232868,1.1011958904109562,-3.5235147945205476,,1.1743027397260235,-0.6452360401227644,-1.6627762328767126,temp,All,Yr
13.75_104.75,-0.19320350699902633,1.2949704543753295,1.0678828130848093,-3.673160958904111,,0.995530092072757,-1.1268062328767119,-2.0678533561643846,temp,All,Yr
13.75_105.25,-0.5700876712328782,0.9895068493150667,1.0662972602739735,-4.208718835616436,,1.0235557189909432,-1.6110390873194085,-2.1987698630137,temp,All,Yr
13.75_105.75,-0.561453424657536,0.7699918032786872,0.8712157796242224,-4.2406184182947815,,0.8809053110262735,-1.4229068137585177,-1.8897739726027396,temp,All,Yr
13.75_106.25,-0.8134739726027398,0.9172432068268552,0.6922910079347258,-4.172266888240138,,0.7004870218579242,-1.2728299584549756,-1.7507708417546262,temp,All,Yr
13.75_106.75,-0.6633575342465754,1.1608948087431692,1.0249668145070725,-4.046655327868853,,0.8470170765027305,-1.1255695779998476,-1.4727098487910766,temp,All,Yr
13.75_107.25,-0.4466086945130634,1.6179815573770515,1.0853773336327563,-3.8872814890710377,,1.2505737704918047,-0.6684199855902389,-1.5945267123287667,temp,All,Yr
13.75_107.75,0.09679589041095937,1.455624736132945,0.9535558705741476,-3.243598630136983,,1.0667034246575362,-0.5531806628490159,-1.6625975933827384,temp,All,Yr
14.25_102.25,0.13275753424657744,-0.23229589041095977,0.31650821917808614,-3.528227397260274,,0.7352719178082197,-0.7002212328767126,-1.8482769863013715,temp,All,Yr
14.25_102.75,-0.3478126207051453,0.1983986301369871,0.4880815068493174,-4.30530821917808,,0.4654226027397268,-1.183324452054796,-2.2640139041095875,temp,All,Yr
14.25_103.25,-0.3995167527509551,0.7914252264391024,0.7130541095890397,-4.2494073287671235,,0.6365534246575333,-1.096339588479676,-2.4504547945205495,temp,All,Yr
14.25_103.75,-0.22642739726027195,0.8950151283778691,0.822547945205482,-3.9856691780821887,,0.7601561643835613,-1.0398420933453103,-2.3430383561643833,temp,All,Yr
14.25_104.25,0.019384800509024913,0.8014965753424637,0.8858479452054766,-3.609153493150684,,0.9505095890410953,-0.9730595890410978,-2.0441445205479454,temp,All,Yr
14.25_104.75,-0.5418526873268945,0.9290823021932759,0.8348143798188463,-3.7857598630136984,,0.8001147540983613,-1.402602023916458,-2.3461565068493133,temp,All,Yr
14.25_105.25,-0.4697191780821921,0.7093475540833865,0.9643408469945349,-3.734133561643837,,0.914071721311478,-1.3497004109589046,-1.9336150684931521,temp,All,Yr
14.25_105.75,-1.2580849315068505,0.9475768657833701,0.6772874635077475,-4.18198118684033,,0.527688200838389,-1.572698379931131,-2.2332808219178055,temp,All,Yr
14.25_106.25,-1.6513191780821916,0.5657352122164827,0.477810622052548,-4.515839063926942,,0.2865247043191843,-1.7691558477430949,-2.1571763698630146,temp,All,Yr
14.25_106.75,-0.7092718242383427,1.1360375683060084,0.9789138689273145,-3.5680481557377046,,0.9384795081967194,-1.0440405223070606,-1.213296986301371,temp,All,Yr
14.25_107.25,-0.8988703533198592,0.7856919398907092,0.5000776760985097,-3.5248668715847025,,0.604368884272775,-1.235327534246574,-1.906600000000001,temp,All,Yr
14.25_107.75,-0.5351139606257931,0.2531912568306005,0.0431403566883759,-3.299911522194776,,0.2009082079496931,-1.2923014031738909,-2.4913886986301375,temp,All,Yr
14.25_108.25,0.7347753424657544,0.24483237704918182,0.4857711262070481,-1.9340363013698632,,0.3053688075454737,-0.49875410958904176,-1.3608158219178073,temp,All,Yr
14.75_101.75,0.13327720263492715,0.5721123287671226,0.528467808219176,-3.528040068493148,,0.19192054794520708,-0.8740067123287627,-2.166754794520548,temp,All,Yr
14.75_102.25,-0.7856191780821913,0.5361301369863014,0.5258404109588994,-4.563604315068494,,0.15521917808219143,-1.2286260273972616,-2.882544109589043,temp,All,Yr
14.75_102.75,-0.5403602739726026,0.6044068493150689,0.5633787671232913,-4.456998219178082,,0.34934726027397467,-1.2871945890410963,-2.563561575342467,temp,All,Yr
14.75_103.25,-0.2838497267759532,0.6640589041095879,0.7601528557526755,-4.17240623287671,,0.5075356164383535,-1.2099201740399703,-2.4322053424657533,temp,All,Yr
14.75_103.75,-0.10714669885470407,0.7011123287671275,0.9956458904109589,-3.7696191780821913,,0.7764543771988919,-1.0555097228460202,-2.3352345890410966,temp,All,Yr
14.75_104.25,-0.2762772924620105,0.5815280821917828,0.8741452054794543,-3.660014383561643,,0.7281475559547861,-1.1490873645108177,-2.248671164383561,temp,All,Yr
14.75_104.75,-0.49847920877311047,0.7929719178082166,0.7104475409836066,-3.612115753424657,,0.5051767123287672,-1.2168126334306457,-2.1884999999999977,temp,All,Yr
14.75_105.25,-0.8449550041170752,0.6104109589041116,0.3935047458642096,-3.6881563698630124,,0.1873135245901647,-1.2481513013698624,-2.2514037671232874,temp,All,Yr
14.75_105.75,-1.4640602739726045,0.5145355546822366,0.16889741185717888,-4.477588048880904,,0.07691497118048041,-1.8926696038251372,-2.5914158219178045,temp,All,Yr
14.75_106.25,-1.7423774683733821,-0.6133921513586333,-0.18061098510367302,-5.000952336814134,,-0.18460767460139316,-2.769649726775956,-2.650179931506848,temp,All,Yr
14.75_106.75,-1.6617308743169392,-0.6318887295081979,-0.3507106838086713,-4.760413236582078,,-0.43167443670933636,-2.3839860655737706,-2.9406834246575357,temp,All,Yr
14.75_107.25,-1.7649344075155309,-0.4141739071038266,-0.0821612021857927,-4.651933769556106,,0.41984080395239154,-2.09559984879108,-3.5868892465753426,temp,All,Yr
14.75_107.75,0.30064246575342324,-0.720720628415302,-0.3810832397634556,-3.0343257513661204,,-0.33018378246874747,-1.541910400666218,-2.2903759663897016,temp,All,Yr
14.75_108.25,1.5453123287671247,0.05580457650273374,0.5115887978142073,-1.5225868803802687,,0.0417297469870519,-0.6512529452054778,-0.833365136986302,temp,All,Yr
15.25_101.75,-0.024236836589563993,0.9035308219178066,0.6431815068493147,-4.4952418493150645,,0.46264657534246645,-0.9467896575342465,-2.607547328767124,temp,All,Yr
15.25_102.25,-0.462802009880976,0.935475342465752,0.798196575342466,-4.924112054794518,,0.6627089041095893,-1.1187149315068492,-2.765390753424658,temp,All,Yr
15.25_102.75,-0.20338017067145664,0.9667760273972625,0.795869005913616,-4.629020410958905,,0.554504882476234,-1.1271085616438352,-2.144829726027398,temp,All,Yr
15.25_103.25,-0.16658462834044663,0.8966684931506865,0.847226027397264,-4.423207328767123,,0.6573739726027412,-1.109553219178082,-1.9558546575342461,temp,All,Yr
15.25_103.75,-0.14846453701624363,1.0138801369863017,0.9294441088404817,-4.12679178082192,,0.7489075342465767,-0.9411716438356166,-2.0429093835616428,temp,All,Yr
15.25_104.25,-0.3303989071038256,0.996667123287672,0.750451362377424,-4.070735479452052,,0.604514901938769,-1.0730789041095878,-2.2461980136986277,temp,All,Yr
15.25_104.75,-0.6539357960925187,0.9589794520547912,0.5265308219178078,-4.054433561643831,,0.4195259918407057,-1.1870702561943247,-2.398368013698631,temp,All,Yr
15.25_105.25,-1.1380438356164362,0.9637068493150664,0.3145409817351599,-4.157427123287674,,0.17292896174863337,-1.464164130735833,-2.6405119863013695,temp,All,Yr
15.25_105.75,-1.8647246575342447,-0.1272576989295615,-0.1875666966090268,-5.012973703308628,,-0.04516916498240775,-2.088928391908075,-2.9858441677895033,temp,All,Yr
15.25_106.25,1.0595082191780794,0.8665592662250141,1.404771775582006,-2.0949273287671204,,1.8416316715323013,-0.2412030251141566,0.11696965753424493,temp,All,Yr
15.25_106.75,-1.7262945205479454,-1.1208124522793614,-1.1698902500187156,-4.894330136986303,,-0.9836821955236186,-2.29810539299349,-3.3334104109589067,temp,All,Yr
15.25_107.25,-0.21177945205479354,0.38146612021857784,0.8457431394565447,-3.038671852309305,,1.0462112639419097,-1.1738494185567774,-1.915373835616439,temp,All,Yr
15.75_101.75,-0.31720684931506327,0.5170041095890419,0.8006979452054779,-4.882212465753424,,0.6346061643835608,-1.1753454109589043,-2.5849642465753444,temp,All,Yr
15.75_102.25,-0.5012534246575306,0.8642582191780814,0.7889582191780828,-4.9468869863013705,,0.6534164383561638,-1.0587052054794537,-2.4524211643835585,temp,All,Yr
15.75_102.75,-0.15209041095890363,1.099517123287674,0.837971232876713,-4.568854999999999,,0.633522696309603,-1.0641701412905142,-1.880433493150683,temp,All,Yr
15.75_103.25,-0.08317677595628226,1.0408253424657516,0.8844383561643845,-4.430633698630135,,0.6462965753424648,-1.1232131057713897,-1.8416914383561647,temp,All,Yr
15.75_103.75,-0.15234193053372103,1.130874657534246,0.880612328767123,-4.36386184931507,,0.7162311101130339,-1.0501144215510152,-2.104830890410959,temp,All,Yr
15.75_104.25,-0.37704657534246877,1.1010068493150662,0.758564192679092,-4.267091164383562,,0.6495868216183833,-1.0631336748633853,-2.364605958904109,temp,All,Yr
15.75_104.75,-0.6845273972602772,0.9182308219178097,0.5958951811512865,-4.235605136986301,,0.45703424657533986,-1.130529383561644,-2.425205342465752,temp,All,Yr
15.75_105.25,-1.140606849315068,0.8085174956957886,0.2835256325323776,-4.443236301369861,,0.22193525713002416,-1.352525205479452,-2.509146438356165,temp,All,Yr
15.75_105.75,-1.526538356164382,0.9168356164383571,0.4708239782169308,-4.908882836103,,0.40494726027396943,-1.759150890410961,-2.5868203424657494,temp,All,Yr
15.75_106.25,-2.438211568979714,0.30637421401302944,0.22218676921925073,-5.551498621902837,,-0.17642087731117506,-2.5715051369863,-3.4780721917808233,temp,All,Yr
15.75_106.75,-1.1198929897447378,-0.5652839967437693,-0.8812677595628404,-4.698550479452054,,-0.45171027397260133,-2.1642302739726045,-3.2356278082191796,temp,All,Yr
16.25_101.75,0.6682452054794492,0.3960945890410983,2.0599506849315077,-4.483046369863013,,1.8500248764877636,-1.1049696867280456,-1.9007986546522915,temp,All,Yr
16.25_102.25,-0.32256575342466043,0.7634415375402366,0.5151519863013707,-4.965330547945204,,0.44072444793772014,-1.1769963507747576,-2.301281003256234,temp,All,Yr
16.25_102.75,-0.13286027397260192,1.0313397260273955,0.6666425593233036,-4.690200342465754,,0.4399322030092101,-1.062912360393744,-1.8859852739726009,temp,All,Yr
16.25_103.25,-0.11024109589041053,1.0356102739726047,0.7611935287072367,-4.507186849315069,,0.541886568979713,-1.0693283904109592,-1.923653972602736,temp,All,Yr
16.25_103.75,-0.06106164383561463,1.071941780821918,0.7028683509244722,-4.442458219178084,,0.5139453009207262,-1.0574690461486664,-2.4403952739726016,temp,All,Yr
16.25_104.25,-0.13338661202185698,0.8300363013698622,0.6147587244554256,-4.181880890410961,,0.5426401414776585,-0.988090684931505,-2.4218110273972577,temp,All,Yr
16.25_104.75,-0.5536095890410966,0.6090490474586403,0.4666798544052675,-4.269363561643836,,0.3477208978965507,-1.0519942826933182,-2.138367397260275,temp,All,Yr
16.25_105.25,-1.311300000000001,0.7498356351523316,0.3848602739726026,-4.7047470201736665,,0.21078082191780823,-1.4087417123287675,-2.264617123287671,temp,All,Yr
16.25_105.75,-1.5441815255632907,1.1239061456695882,0.5819850232053287,-4.940676849315066,,0.6299321917808207,-1.3329674657534252,-2.5273110273972605,temp,All,Yr
16.25_106.25,-1.1791010928961718,1.1484005977243772,0.49617008196721457,-4.347418972602739,,0.8495623287671261,-1.233754452054793,-2.369360273972603,temp,All,Yr
16.25_106.75,0.49848904109589043,0.701448013698629,0.24968032786885175,-2.918019315068495,,0.011244931506849909,-0.830863561643838,-1.2079658490530711,temp,All,Yr
16.25_107.25,0.6854287671232893,0.09997842465753592,0.4133092465753414,-2.9077586845946524,,0.0696742860618329,-1.014215205479454,-0.9279416629238728,temp,All,Yr
16.75_101.75,0.4828131559248483,0.9189000684931496,1.754934931506849,-4.835891849315068,,1.4998912671232905,-0.916276550640017,-1.512338356164383,temp,All,Yr
16.75_102.25,-0.9233150684931495,0.8259938356164387,0.14973006849314885,-5.327030205479451,,0.09427226364249108,-1.4290492735234661,-2.2026843055243663,temp,All,Yr
16.75_102.75,-0.34676027397260256,0.8700061643835593,0.475830273972603,-4.744471849315069,,0.20766242046560635,-1.2957939041095905,-1.8558333801182698,temp,All,Yr
16.75_103.25,-0.20004383561643913,0.8048061643835602,0.6089148064974914,-4.4281624657534255,,0.3939589995508648,-0.9638523972602719,-1.8634601369863013,temp,All,Yr
16.75_103.75,0.044124376824612455,0.6593157534246554,0.5601219178082193,-4.1342602739726,,0.4245946010180415,-0.996913393218053,-2.213412876712326,temp,All,Yr
16.75_104.25,0.08844520547945045,0.7446698630136979,0.7405767759562849,-3.817599178082192,,0.6784431506849309,-1.005000684931506,-1.9587207534246556,temp,All,Yr
16.75_104.75,-0.9894465753424626,0.8428671176734781,0.6467109589041087,-4.463243082191783,,0.3375782191780843,-1.35440946272176,-2.1359141095890397,temp,All,Yr
16.75_105.25,-1.4677671232876737,0.9791584811737426,0.6370753424657547,-4.901857876712327,,0.5228376712328764,-1.4137038603188845,-2.33224383561644,temp,All,Yr
16.75_105.75,-1.432850684931509,1.377434946478031,0.8937240549442329,-4.745766438356162,,0.8571185605209983,-1.326540136986301,-2.5362946575342455,temp,All,Yr
16.75_106.25,-0.041061643835616835,1.3272544894827476,0.8961230743319124,-3.664116301369864,,0.5857554794520539,-0.8821530821917811,-1.8264683561643835,temp,All,Yr
17.25_101.75,-0.09360273972602684,0.9777893835616442,0.17496747698181103,-5.675711506849316,,0.014662976644958192,-1.2347029452054805,-1.667660410958904,temp,All,Yr
17.25_102.25,-0.7176150684931475,1.2529226027397264,0.7243941939890703,-5.30203924657534,,0.5090012328767148,-1.2063073287671244,-1.5325003424657542,temp,All,Yr
17.25_102.75,-0.3826712328767101,1.04244589041096,0.6641804833819904,-4.6498149999999985,,0.4340093579234967,-1.3046018611048726,-1.3786408904109582,temp,All,Yr
17.25_103.25,-0.49471343289168423,0.7711219178082196,0.5617197945205508,-4.363518219178081,,0.3918110273972619,-1.014834645557304,-1.4157006164383539,temp,All,Yr
17.25_103.75,-0.36963859570326996,0.6702797260273989,0.6383312328767126,-4.124748280559922,,0.3746877543229292,-0.9983180136986327,-1.6863950684931517,temp,All,Yr
17.25_104.25,-1.0181917808219154,0.8859952054794533,0.7124920547945184,-4.294561712328768,,0.540448025675575,-1.1251566438356164,-2.044600479452054,temp,All,Yr
17.25_104.75,-1.7454958904109592,1.2726331368365909,0.6902997380043399,-4.76017979452055,,0.6456027752825815,-1.306834706752003,-2.484915684931508,temp,All,Yr
17.25_105.25,-1.4443849315068498,1.2324661445467484,0.6942275132869238,-5.021348219178082,,0.8163443835616437,-1.2391980136986316,-2.75157767123288,temp,All,Yr
17.25_105.75,-0.5203054794520572,0.9514831574219578,0.6101504622351932,-4.3717785616438345,,0.7977493150684936,-1.0278368493150651,-2.415992328767123,temp,All,Yr
17.25_106.25,1.1417684931506855,1.6238614735384367,1.3338987180926711,-2.472387191780822,,0.8822506849315062,-0.1364125336851547,-0.8895652054794514,temp,All,Yr
17.75_101.25,-0.037142173815405854,1.500859178082191,0.588733196721309,-5.216808767123286,,0.31384226027397233,-0.9459519178082196,-1.2094967808219188,temp,All,Yr
17.75_101.75,-0.5204822404371612,1.6388284246575342,0.6755737596376967,-5.687036095890411,,0.6141809589041092,-0.8222471232876689,-1.2610586301369864,temp,All,Yr
17.75_102.25,-0.6628823976345579,1.9562554794520537,0.9656308541058465,-5.156481133131221,,0.7306099315068479,-0.830877739726029,-0.9324363219178089,temp,All,Yr
17.75_102.75,-0.7166849315068493,1.7621486301369842,0.9307611604536259,-4.891102465753425,,0.6683187671232851,-1.0533015631783833,-1.0888316438356185,temp,All,Yr
17.75_103.25,-0.8535232876712335,1.3461537671232868,0.7777946575342458,-4.539211232876712,,0.5865103424657523,-0.770931890298673,-1.006687328767125,temp,All,Yr
17.75_103.75,-1.0353027397260295,1.4479965753424668,0.73607730013474,-4.534487054794521,,0.5326534246575356,-0.597408364024254,-1.4940457534246594,temp,All,Yr
17.75_104.25,-1.457330136986302,1.3710780400853348,0.9131358803054113,-4.887590616438356,,0.8714976426004934,-0.9348820547945191,-2.3487619178082166,temp,All,Yr
17.75_104.75,-0.9852821917808203,0.9533904727150233,0.663965753424657,-4.505976575342466,,0.8807842465753417,-1.0865204109589062,-2.3518465068493164,temp,All,Yr
17.75_105.25,0.4246643835616428,0.7191960846620251,0.7629011490381004,-3.5668252739726025,,0.9265014342390891,-0.828894315068494,-1.5958926712328765,temp,All,Yr
18.25_101.25,-0.05280136986301187,1.8420711050602598,0.45783613855827454,-4.940382534246574,,0.6043490410958903,-1.1031013013698647,-0.9124667808219193,temp,All,Yr
18.25_101.75,-0.6991246575342487,1.74921116438356,0.5685409589041104,-5.48865993805674,,0.7164655428924309,-0.9618406241110904,-1.3261885616438338,temp,All,Yr
18.25_102.25,-0.9420753424657544,2.1832232876712325,1.1154973287671233,-5.4716673972602745,,1.015171506849315,-0.7244944520547953,-1.573836753424656,temp,All,Yr
18.25_102.75,-0.6761561643835616,1.5509881922299567,0.9043501774084852,-4.926688561643834,,1.1131750684931507,-0.644687932479977,-1.2094005479452097,temp,All,Yr
18.25_103.25,-1.3476041095890405,1.8535398630136992,0.6354955580507511,-5.285553880342839,,0.19368102739725934,-1.1078681053971096,-1.5395967123287662,temp,All,Yr
18.25_103.75,-1.874558376375477,1.9836063013698642,0.8697415315517656,-5.581270616438356,,0.5793693150684902,-1.0104183561643811,-2.297484589041094,temp,All,Yr
18.25_104.25,-1.0522452054794496,1.2859488013698623,0.7430786986301374,-4.922552657478105,,0.8558244084512321,-0.8811501369863013,-2.158280342465753,temp,All,Yr
18.25_104.75,0.21943754772063606,0.243487739726028,0.0026301369863013235,-3.791027075379894,,0.21133034864136668,-1.007057123287673,-1.3047669863013684,temp,All,Yr
18.25_105.25,1.2972772924620095,0.5371094520547945,0.7151940150834672,-2.2339345410958913,,-0.05566243169398888,-0.3431765122763668,-0.2786779452054766,temp,All,Yr
18.75_101.25,0.5688575342465754,0.7890810958904098,0.2348135616438345,-3.877274383561643,,0.5072627397260252,-0.8815397260273965,0.23605109589041007,temp,All,Yr
18.75_101.75,-1.2249876712328742,1.2609891095890404,0.2929394520547941,-5.360687328767122,,0.33656406579833664,-0.9927235616438352,-1.2837328082191775,temp,All,Yr
18.75_102.25,-1.97635342465753,1.5663756164383553,0.5822765753424655,-5.984751726738526,,0.3503076772213518,-1.4759904109589037,-2.218141232876711,temp,All,Yr
18.75_102.75,-1.264797260273971,0.703492191780823,0.1039204794520554,-5.03888410303915,,0.20568904109588892,-1.2691382876712343,-1.312827530316639,temp,All,Yr
18.75_103.25,0.3083684931506845,0.2592195890410949,0.4898130136986296,-3.4555112366176353,,1.303569726027396,0.064699236656935,0.0746369615989213,temp,All,Yr
18.75_103.75,-2.2037684931506867,1.1335208219178075,0.23389714873867717,-6.0809177534246555,,-0.2879216698480427,-1.7208789041095898,-2.850182397260271,temp,All,Yr
18.75_104.25,-0.6055266734036948,0.5784256849315064,-0.1406050000000043,-4.5520524931506845,,0.24477547945205558,-1.0775632577288725,-1.4592063013698624,temp,All,Yr
18.75_104.75,1.2387630136986285,0.766926849315066,0.6714375099184089,-2.6727681130136975,,0.2392561192828797,-0.11835054644808629,0.16731513698630174,temp,All,Yr
19.25_101.25,1.4107657534246574,0.9048725342465751,1.4399615068493148,-3.2930302739726027,,1.4432489041095895,-0.7969631665918122,0.9752991780821922,temp,All,Yr
19.25_101.75,-1.0741410958904147,0.677478698630134,0.3204198630136972,-5.80261603759638,,0.2767009162362477,-1.378937808219181,-1.271063455722734,temp,All,Yr
19.25_102.25,0.27496849315068594,0.9955843150684931,0.739026535107417,-4.30261086832847,,0.7201413698630148,-0.9152183561643827,0.0060202930608568295,temp,All,Yr
19.25_102.75,0.7178825136612037,0.1397393835616434,0.49115184931506484,-3.5156992531252325,,0.7755368493150705,-0.9356045205479475,0.3842565205479431,temp,All,Yr
19.25_103.25,0.8725404109589032,-0.3584030821917814,-0.04751980294183511,-3.4935767397260253,,0.15684376712328785,-1.300018123362527,-0.16625349109214937,temp,All,Yr
19.25_99.75,0.39847559697582113,2.151083745227938,1.7639777397260268,-3.9199479452054806,,1.4751917061531543,-0.5636469178082208,-0.4410381506849319,temp,All,Yr
19.75_100.25,-0.38587814956209243,2.3480159589041136,1.34039993150685,-4.6176727777153985,,1.4649312738603175,-0.6309880638520848,-0.2058875342465747,temp,All,Yr
19.75_100.75,0.10475616438355928,1.7690166438356147,1.207416095890407,-4.831619893330339,,1.1510563919455024,-0.8784150000000022,-0.134989931506853,temp,All,Yr
19.75_101.25,-0.20087945205479407,0.611242260273972,0.660170136986304,-5.143586190208849,,0.6131357820570429,-1.534828679354744,-0.4663207534246556,temp,All,Yr
19.75_101.75,-1.177031506849314,1.1882520547945212,0.5395246575342441,-5.856425641909951,,0.620795890410955,-1.5270168319110695,-1.2085082876712328,temp,All,Yr
19.75_102.25,-1.0880630136986316,0.6073983561643814,-0.3164049315068489,-5.414716920896026,,-0.3231265049779193,-1.4685266438356166,-0.9522160273972631,temp,All,Yr
19.75_102.75,-0.6632589377947458,0.8667515753424642,0.4790499803503252,-4.568646010958902,,0.611435547945204,-1.4492491095890419,-0.5792451661801046,temp,All,Yr
19.75_103.25,-0.3854178856950359,0.8355215068493127,0.809296280035932,-4.038836513365521,,1.0828067123287664,-1.1973845547945192,-0.7056574778800808,temp,All,Yr
19.75_99.25,-0.060841095890408425,1.4001882876712326,0.926420479452057,-3.9525461750505286,,1.0196278767123275,-1.2302681780821896,-0.41766034246575323,temp,All,Yr
19.75_99.75,-0.3566753424657545,2.371424999999997,1.4835093150684902,-4.382650273972603,,1.3876394965940566,-0.7440658469945376,-0.5486469863013674,temp,All,Yr
20.25_100.25,-1.6427373605808828,2.1368588571375096,1.0781865753424658,-5.815590390410959,,1.2567159589041097,-1.0801501369862994,-0.8539849315068508,temp,All,Yr
20.25_100.75,-0.9934000000000012,1.5577367808219176,1.1954946575342476,-5.65815048630137,,0.9432930821917793,-1.5104210273972587,-0.5034740410958882,temp,All,Yr
20.25_101.25,-0.4552493150684942,1.3601773972602729,0.8451117445168013,-5.242618996712329,,1.128024794520547,-1.3595411845946543,-0.4220863698630133,temp,All,Yr
20.25_101.75,-0.19588750280709455,1.2982254109589029,1.4399945370162435,-4.564788789041096,,1.5126339097237818,-0.9478659493599828,-0.009636164383563184,temp,All,Yr
20.25_102.25,-1.5415387671232885,1.6294843835616462,0.710072191780819,-5.486450302739726,,0.5486515970506805,-1.5621722054794507,-0.9277084931506856,temp,All,Yr
20.25_102.75,-0.9681675200239521,1.9467037671232834,1.1289991095890404,-4.558007560547944,,0.8661339471517291,-0.7320602739726034,-0.41515001609401736,temp,All,Yr
20.25_103.25,0.1495712328767116,2.1733702739726013,1.8607465068493152,-3.417420135531291,,0.9575150407964674,-0.6830469776929409,0.10888008440002928,temp,All,Yr
20.25_99.25,0.34489214761583753,1.209913418107643,0.4833256849315095,-3.532650057264764,,0.7284971232876725,-1.0631513683658955,0.21448287671232968,temp,All,Yr
20.25_99.75,-0.7736218916086557,2.218431347967659,1.1684024152256907,-4.724155500000002,,0.8584798894004031,-0.9461461748633901,-0.47215808219178257,temp,All,Yr
20.75_100.25,-0.6811352608728214,1.8594472855378417,1.1345677019237979,-5.0332737251852695,,1.478653951643082,-0.7484456675275108,-0.36407616438355994,temp,All,Yr
20.75_100.75,-0.5260753424657523,1.5761347260273997,1.128420755296057,-5.240399471232875,,0.9571415753424652,-1.4314400000000003,-0.05044089041095923,temp,All,Yr
20.75_101.25,-0.09677374803503191,0.9743951369863026,1.067047465753424,-4.921704623972603,,1.163236986301369,-1.5331014139344248,0.03607472602739392,temp,All,Yr
20.75_101.75,-0.660184418743917,0.9824996507972159,1.2022368493150655,-5.0592457506849335,,0.9628952571300253,-1.6883501506100735,-0.485697328767122,temp,All,Yr
20.75_102.25,-0.55558556927914,2.0070183715098437,1.1091397260273972,-4.638738985777378,,1.448832025039298,-0.9238885332846785,0.03864383561643869,temp,All,Yr
20.75_102.75,-1.1140274590163948,1.9639165068493156,1.0890769863013698,-4.743551589041095,,1.0152576027397249,-1.0112543013698616,-0.2638532191780829,temp,All,Yr
20.75_103.25,0.6183423684407519,2.212592153042891,1.7606902054794524,-2.7885889010142986,,1.726002800546448,-0.022784062467248845,1.352858972602741,temp,All,Yr
20.75_99.75,0.11416575342465585,1.3629252054794527,0.574386232876714,-3.966387643835617,,-0.18696842465753605,-1.3258488193352793,0.031184109589041498,temp,All,Yr
21.25_100.25,-0.3625473972602755,1.039892328767122,1.6904121232876719,-4.4238500315068485,,1.508402328767124,-1.2406585616438388,-0.5097040410958922,temp,All,Yr
21.25_100.75,-0.443632353469571,1.3444614666142662,0.6958872602739739,-4.865033294520549,,0.8994955464480849,-1.0405502981136312,0.015880890410958415,temp,All,Yr
21.25_101.25,-0.4427111722434294,0.8870135236544652,0.8835728767123303,-4.867084267123289,,0.8418779407141255,-1.41437308219178,0.14156678082191831,temp,All,Yr
21.25_101.75,0.1247351860169168,0.7390211451081665,1.2416273287671231,-4.276182122370688,,1.2339748630136995,-1.1224288561643831,0.5245238032412605,temp,All,Yr
21.25_102.25,-0.09036433864810078,1.7732964570701402,0.6976926027397248,-4.24009397260274,,0.759147191780821,-0.8386660684931506,0.5031682266636732,temp,All,Yr
21.25_102.75,-0.6052370125009361,1.9540000276966811,0.8170639041095882,-4.3545423392160725,,0.48967178082191865,-0.7105191164383573,0.2792896201062973,temp,All,Yr
21.25_99.75,0.4239124111086152,0.1600449315068495,-0.8196473905232438,-3.1440117538737944,,-1.0342692465753434,-1.6904685704394034,-0.13391315068493093,temp,All,Yr
21.75_100.25,0.7425779467025997,0.4973336301369855,1.0914196575342476,-3.2514771145388863,,1.4510143835616454,-0.6266440342465778,0.7456933561643844,temp,All,Yr
21.75_100.75,-0.6731712328767134,0.9149736986301384,0.7175202054794525,-5.007185427296204,,0.8020074777303705,-1.0939901564488377,-0.0528186301369864,temp,All,Yr
21.75_101.25,-0.5232632682086997,2.0055548611423024,1.8709247945205512,-4.8061624764091615,,1.9512885114903806,-0.6418297239688595,0.3057981506849323,temp,All,Yr
21.75_101.75,0.4457992402125903,1.3133907697058156,1.7400748630136995,-3.573791926027397,,1.673056095890411,-0.6520454837562681,1.3032909589041086,temp,All,Yr
21.75_102.25,-0.305656123212815,1.70378533722584,1.1027021232876724,-3.9589706325417335,,0.9488311643835612,-0.7440499315068472,0.5530481551762847,temp,All,Yr
21.75_99.25,0.36061534920278504,0.153572671232876,-1.4122889726027381,-2.589775932302194,,-1.068945547945205,-1.4204381506849284,0.5435186816004194,temp,All,Yr
21.75_99.75,-0.18593032786885288,0.5178384246575352,-0.33727856164383496,-3.471709095890411,,-1.0230262328767115,-1.6224894246575357,-0.39175910958904225,temp,All,Yr
22.25_100.25,1.1493286024403027,1.0532621917808207,0.8361664333033918,-3.2109022739800883,,1.1114902386031886,-0.5878544452054797,1.2394517843775734,temp,All,Yr
22.25_100.75,-0.3495142113930658,1.5098920547945198,1.823422534246573,-4.907164599706936,,1.6697722138633146,-0.733397315068494,0.15247335616438207,temp,All,Yr
22.25_101.25,0.305292279362229,1.9132519178082177,2.364160684931507,-4.121790688249496,,2.479021664982408,-0.16773082640916392,0.8860510958904104,temp,All,Yr
22.25_101.75,0.32310284452429094,1.7338408219178074,1.7723751369863,-3.66604567650685,,1.6789976083539173,-0.45464189385432796,1.0227706849315066,temp,All,Yr
22.25_102.25,-0.17256575342465652,1.781842930982858,1.428311540347332,-3.9377655136986283,,1.571853630136987,-0.4664719023691912,0.4782148630136973,temp,All,Yr
22.25_99.75,0.15449651920053853,0.7100561643835626,-0.10772150684931603,-3.3720346788136997,,0.21819116438356012,-1.1998341780821917,0.31239552118421976,temp,All,Yr
22.75_100.25,-0.6333887828430296,-0.5366441780821916,-0.03602406635975619,-4.749377781671529,,0.6538594110711902,-1.6688076337600126,-0.2684734246575342,temp,All,Yr
22.75_100.75,-0.6981904109589046,0.679343698630138,1.3039331385208488,-4.94683908150685,,1.4596756323452347,-1.3586677484654537,-0.14355828767123668,temp,All,Yr
22.75_101.25,0.7669013698630138,1.0704195205479454,0.9154544520547976,-3.48739090547945,,0.9329176712328753,-0.4928156247950852,1.3575484931506843,temp,All,Yr
22.75_99.75,0.7799452054794536,0.21014178082191748,0.8293070605958537,-3.1334525703774627,,0.44963872183546627,-1.2080821185129853,0.9880130821917792,temp,All,Yr
23.25_100.25,-1.402959699453552,-0.8457467517216841,-0.998105029380941,-5.341018236475409,,-0.8425438393592319,-2.214265015573769,-1.0995854109589036,temp,All,Yr
23.25_100.75,-1.8614273523467322,-0.878125205479451,-1.0686104030990347,-5.932539440273971,,-1.6853728037278248,-2.5659715095373894,-1.2251506849315081,temp,All,Yr
23.25_99.25,-0.01500684931506946,0.665666837338124,0.176374564712928,-3.9223298515308036,,0.3616243835616437,-1.3708977715023583,0.44801189815854414,temp,All,Yr
23.25_99.75,0.27940437158469855,-0.3345930593607296,-0.16241294520547989,-3.636111036896472,,0.16986053877535845,-1.415765853976719,0.46501061643835584,temp,All,Yr
23.75_100.25,-1.8764940672954573,-2.5023813808294033,-2.127601965753424,-5.45969751349315,,-1.8903304246575328,-3.5001502602459045,-2.088778013698631,temp,All,Yr
23.75_100.75,-1.4285958904109606,-0.9620297729994771,-1.0352698630136974,-5.302038877348604,,-1.120739705479453,-2.6251211704468886,-1.301632191780822,temp,All,Yr
24.25_100.25,-1.8072812310053123,-2.3079455000000006,-0.814218561643834,-4.3685951423287674,,-0.9605546691181974,-3.6072217348779834,-2.117357993487536,temp,All,Yr
24.25_100.75,-1.7872819761958247,-1.8199331712328757,0.13807508323976236,-4.581960109673255,,-0.22328571917808304,-2.9731481938356152,-2.0236837671232895,temp,All,Yr
24.25_99.75,-0.9010273972602736,-1.188090117654765,-1.552503747365071,-3.509786825479452,,-1.9249295946234737,-2.640024619863013,-0.9263223287671245,temp,All,Yr
24.75_100.25,-1.6707420547945189,-1.9276621910116782,-0.3611933623399963,-3.9111721404367845,,-0.1082651986301375,-3.0786364584016397,-1.9227096673965134,temp,All,Yr
24.75_99.75,-1.186753287671234,-0.7297255766337294,-0.6022340404034718,-3.1798007788700495,,-0.5494959804925532,-2.3197483183561642,-0.8260577397260285,temp,All,Yr
25.25_99.75,-1.1956009589041097,-1.438389014383561,-0.04427942397260054,-3.73968450290411,,-0.38752806849315036,-2.823317824401901,-1.6450550504163859,temp,All,Yr
25.75_100.25,0.3250284931506835,-0.07478583673366224,1.4456945036986308,-1.3034605046575347,,1.807450024178081,-0.8338556470547944,-0.3202759430035922,temp,All,Yr
25.75_99.25,0.007565890410961451,-0.5562456910958904,-0.5843544823356144,-2.481645566438357,,-0.8729934042761451,-1.6179518388090433,-1.1148311154249955,temp,All,Yr
25.75_99.75,-0.2859491391571227,-0.9342277746575363,-0.43107475547945207,-2.1114641712328766,,-0.3024303004109594,-1.5745931718953523,-0.8537796329571821,temp,All,Yr
26.25_99.25,0.08838090407216193,-1.3313394163013692,-1.9462970561643829,-1.6868234638599438,,-2.389605540753424,-1.750836833683696,-1.1417325336301367,temp,All,Yr
26.25_99.75,0.004717534246575283,-1.0140432115068494,-1.2206590623287674,-0.8147667356164394,,-0.9454111709589048,-1.1316456805479458,-0.6163015253050377,temp,All,Yr
26.75_99.25,0.5040157808219181,-1.5296484848630136,-3.6716247952054797,-0.6146382611834715,,-3.959928769863015,-1.4955624198630142,-0.8701941071917805,temp,All,Yr
27.25_99.25,-0.3198631099820348,-1.7204187715753427,-3.1088783977917513,-1.1311577834931503,,-3.649076163868927,-1.9209361924657538,-1.4529458602661878,temp,All,Yr
27.75_98.75,-1.6622552523392469,-2.6430767741780827,-4.842024922328768,-2.3665353258356725,,-5.433526488781908,-2.620375478767123,-1.7848150144520547,temp,All,Yr
28.25_98.75,-0.10434187397260253,-4.2970389078287665,-3.9671016519434463,-2.179734952876713,,-4.8515318791825734,-4.176957648082192,-1.7996536165753423,temp,All,Yr
28.75_98.75,0.003795261643835701,-2.453375130410959,-1.813562335479452,-2.6369035834246577,,-1.8665360354794522,-3.738836949383562,-1.909800576849315,temp,All,Yr
29.25_98.25,-0.07721122861741181,-2.736514911369863,0.28632035116438326,-3.6885292838142827,,-1.411460157808219,-4.099820587966914,-1.2043553940410958,temp,All,Yr
29.75_98.25,-1.3797502767684706,-3.2214603293835613,-1.0552085003424656,-4.584786629520549,,-0.9926758130136988,-6.632776894109589,-1.7941208777397262,temp,All,Yr
30.25_97.75,-1.1013795762544354,-2.9600862929452054,-3.264964951369863,-3.1772808383658955,,-3.8963854557030837,-6.724508472602739,-1.3221576075342467,temp,All,Yr
30.25_98.25,-1.560844097612097,-2.8964767828767126,-2.879892854794521,-4.892593237671233,,-3.182247451939041,-6.610533144452055,-1.432810816438356,temp,All,Yr
30.75_97.25,-2.7170962109589043,-2.8882180310919603,-7.641781511576465,-3.6625674488023057,,-7.946040261986301,-6.432429447260274,-3.908129629589041,temp,All,Yr
30.75_97.75,-3.0044683317426455,-3.3045357247945204,-5.0592230140410965,-4.506407649430721,,-5.3033372051369865,-6.850662638356164,-3.6500184168287673,temp,All,Yr
31.25_96.25,-1.8316449287746088,-2.5190274184931507,-7.129966152451624,-2.486967398287671,,-7.7081962178082195,-4.965975931506849,-3.1773755620547948,temp,All,Yr
31.25_96.75,-2.45152865820795,-2.322629768034658,-7.981650551734786,-3.0750297929111463,,-8.328770420410958,-5.443827046164383,-3.113087158219178,temp,All,Yr
31.25_97.25,-3.6791596068493155,-2.6821963581315975,-9.373860289178083,-4.174470627947451,,-9.84010916398196,-6.783938257576166,-4.383767640273973,temp,All,Yr
31.75_95.75,-0.4216714410958904,-1.7197185760273972,-4.460135389123438,-1.610028299109589,,-5.735270333011453,-5.573054832712328,-2.675961818704918,temp,All,Yr
31.75_96.25,-1.9310484383561644,-2.0329079375342465,-6.0573130606849315,-3.1729095630136985,,-6.7137903423287675,-5.488007656164383,-3.056754332054794,temp,All,Yr
31.75_96.75,-2.3142068493150685,-1.772639556849315,-6.643245071369863,-3.9654795684931505,,-6.766805479041096,-5.731602767974774,-2.8929414796807396,temp,All,Yr
31.75_97.25,-2.187751132719515,-1.823015808630137,-6.340484923972603,-3.344472223287671,,-6.802567120604087,-5.713495707534246,-2.4354216163762255,temp,All,Yr
31.75_97.75,-1.9589053871659554,-3.181236518493151,-6.953483222739726,-3.4378157918931063,,-6.975006793442623,-6.562659709308332,-2.9913105298767126,temp,All,Yr
32.25_94.75,-1.169812915068493,-2.2830875791095893,-2.4887289853424654,-2.7284133136986304,,-3.910938636438356,-5.530638601369864,-3.195825889390224,temp,All,Yr
32.25_95.25,-1.8608869164383561,-2.4685860678082197,-2.100334687945205,-2.877742773972603,,-1.6991990599913918,-5.261342131506849,-3.690407741971704,temp,All,Yr
32.25_95.75,-2.3512869334246576,-1.9776694602739724,-3.0714957328767127,-3.6155693547945207,,-3.049155754794521,-5.331719770821918,-3.834463511065574,temp,All,Yr
32.25_96.25,-2.6560455583561646,-1.155271141780822,-5.1947528631506845,-3.6178433082191783,,-4.937985999315069,-5.135169132739725,-3.012163341340669,temp,All,Yr
32.25_96.75,-2.335308493150685,-1.6243359626027396,-6.6440687624657535,-4.27747583150685,,-6.735900679452055,-5.89627945630137,-2.6361231363013697,temp,All,Yr
32.25_97.25,-1.6165133712328768,-1.702863932671233,-6.029133553897186,-3.643945559931507,,-6.612063742465754,-5.38343833716371,-1.8028227232876712,temp,All,Yr
32.25_97.75,-1.0686745432876712,-1.3836385606849315,-4.8051196861643835,-3.189131327459016,,-5.44609441179729,-4.948196913251366,-1.8560231010205481,temp,All,Yr
32.75_94.75,-1.4810167571232877,-1.9672598238356165,-2.9301208349736134,-3.678858094520548,,-3.6329643339178084,-5.193046164208399,-3.6558959932496813,temp,All,Yr
32.75_95.25,-2.831172383561644,-2.1096288056164383,-4.72865383369863,-4.355419851321207,,-5.710631213287671,-5.6828915720540465,-4.822951489075155,temp,All,Yr
32.75_95.75,-1.827731264657534,-1.301068028630137,-6.006440628356165,-3.143213218219178,,-6.887687896575342,-4.889056462408114,-3.5746672013286918,temp,All,Yr
32.75_96.25,-1.9807504356164385,-1.3221578636986302,-5.845529003561643,-3.443642354931507,,-5.9410408616438355,-4.980792278979452,-3.2112622151145294,temp,All,Yr
32.75_96.75,-0.5389292254794521,-0.8257534928767123,-6.2381615547945195,-2.749432404109589,,-6.480341789246576,-4.39447058069863,-1.8225204119863014,temp,All,Yr
33.25_94.25,-1.0685660397260273,-1.0466360650684932,-4.506072351369863,-3.3085568069178075,,-4.93325946016356,-4.42670191369863,-2.45783410150685,temp,All,Yr
33.25_94.75,-1.7059529589041096,-1.379293728630137,-5.164867165753424,-4.0789936121917805,,-5.436936998504753,-5.581916348396213,-3.4829340481315967,temp,All,Yr
33.25_95.25,-0.9895178082191778,-1.4844677589041098,-6.084705465410959,-2.6529702171232876,,-6.248131812328767,-4.593806026986302,-2.9276950965163935,temp,All,Yr
33.25_95.75,-0.28596868506849304,-1.132188226438356,-5.889979259583052,-1.226107487671233,,-9.87908481331312,-3.582517989554682,-2.148662839438356,temp,All,Yr
9.25_105.25,0.1723157871098131,1.8401510404970445,1.0370890410958893,-0.334702054794521,,0.7694637585148598,0.0897509076278169,0.344699999999996,temp,All,Yr
9.25_105.75,-0.025683561643836228,1.6066020547945215,0.7965239726027349,-0.35855546635226965,,0.9065189553858843,0.22541264316191523,0.11428493150684993,temp,All,Yr
9.75_105.25,-0.14553538812785227,1.6747794146268404,0.787161643835617,-1.0162280821917786,,0.756372909648924,-0.30047186915188284,0.03223287671232811,temp,All,Yr
9.75_105.75,-0.2264974998128615,1.9414698630136975,0.8506664383561695,-1.1631978347930225,,0.906362875215212,-0.057435616438359816,-0.10034749232726803,temp,All,Yr
9.75_106.25,-0.263435616438354,1.636376712328767,0.983291775207725,-1.0497815068493157,,0.942866438356166,0.29423972602739923,-0.30861599483494295,temp,All,Yr
10.25_104.75,-0.6705000000000005,1.5839999999999996,-0.06450000000000067,-0.5379999999999967,,-0.38099999999999845,-0.26525,-0.38724999999999987,temp,JJASO,Day
10.25_105.25,-0.7669999999999995,1.601750000000001,-0.007499999999998508,-1.2502500000000012,,-0.3492500000000014,-0.7157499999999999,-0.45950000000000024,temp,JJASO,Day
10.25_105.75,-0.7079999999999984,1.9052499999999988,0.16974999999999696,-1.4354999999999993,,-0.0015000000000000568,-0.4385000000000012,-0.5205000000000002,temp,JJASO,Day
10.25_106.25,-0.577,1.9210000000000012,0.40974999999999895,-1.4879999999999995,,0.11100000000000065,-0.2010000000000005,-0.5390000000000015,temp,JJASO,Day
10.25_106.75,-0.30799999999999983,1.575750000000001,0.8837500000000009,-1.0995000000000008,,0.5094999999999974,0.13250000000000028,-0.07700000000000173,temp,JJASO,Day
10.75_104.75,-1.1080000000000005,1.9137499999999985,-0.19124999999999837,-1.6020000000000003,,-0.5455000000000005,-0.21774999999999878,-1.1060000000000016,temp,JJASO,Day
10.75_105.25,-1.1369999999999987,1.8032500000000002,-0.11074999999999946,-1.9649999999999999,,-0.3620000000000001,-0.6870000000000012,-1.0584999999999987,temp,JJASO,Day
10.75_105.75,-0.9145000000000021,1.5737499999999986,-0.06300000000000061,-2.0447500000000005,,-0.2842500000000019,-0.7997499999999977,-1.0264999999999986,temp,JJASO,Day
11.25_104.25,-1.0570000000000004,1.78275,0.18599999999999994,-2.3397499999999987,,-0.3855000000000004,-0.33924999999999983,-1.2897499999999997,temp,JJASO,Day
11.25_104.75,-1.2830000000000013,1.9400000000000013,0.13949999999999996,-2.555999999999999,,-0.3605000000000018,-0.6285000000000007,-1.4614999999999991,temp,JJASO,Day
11.25_105.25,-1.1144999999999996,1.7507499999999983,0.09149999999999991,-2.6107499999999995,,-0.17225000000000001,-0.7417499999999997,-1.2762499999999992,temp,JJASO,Day
11.75_104.25,-1.25,1.4032499999999999,0.6089999999999982,-3.050250000000002,,0.013499999999998735,-0.7907499999999992,-1.4737500000000008,temp,JJASO,Day
11.75_104.75,-1.4280000000000008,1.7254999999999985,0.619250000000001,-3.1240000000000006,,-0.018749999999998934,-0.9434999999999985,-1.2720000000000002,temp,JJASO,Day
11.75_105.25,-1.0975000000000001,1.4890000000000008,0.2752499999999998,-3.0404999999999998,,-0.12049999999999983,-0.8932500000000001,-1.1940000000000008,temp,JJASO,Day
12.25_103.25,0.5125000000000011,1.1654999999999998,0.6887500000000006,-1.737,,-0.24074999999999847,-0.44899999999999984,-0.4982500000000005,temp,JJASO,Day
12.25_103.75,-1.1199999999999992,0.8492499999999996,0.24450000000000038,-3.3610000000000007,,-0.2469999999999999,-0.8927499999999995,-1.5950000000000006,temp,JJASO,Day
12.25_104.25,-0.746500000000001,2.002250000000002,0.7355,-3.0272499999999987,,0.08999999999999986,-0.4740000000000002,-0.6489999999999991,temp,JJASO,Day
12.25_104.75,-1.2079999999999984,1.7352499999999988,0.2270000000000003,-3.3427500000000006,,-0.2840000000000007,-1.0235000000000003,-0.9032499999999999,temp,JJASO,Day
12.25_105.25,-0.8885000000000005,1.5195000000000007,0.18374999999999986,-3.379249999999999,,-0.1919999999999984,-0.9787499999999998,-1.1567500000000006,temp,JJASO,Day
12.25_105.75,-0.9175000000000004,1.385250000000001,0.04949999999999832,-3.5207500000000014,,-0.1355000000000004,-0.9407499999999995,-1.5412500000000016,temp,JJASO,Day
12.25_106.25,-0.7255000000000003,1.739749999999999,0.3312500000000007,-3.327250000000001,,0.1349999999999998,-0.5967500000000001,-1.415750000000001,temp,JJASO,Day
12.25_106.75,-0.27500000000000213,1.6954999999999991,0.5205000000000002,-3.107499999999998,,0.6234999999999999,-0.3860000000000028,-1.2157499999999999,temp,JJASO,Day
12.25_107.25,1.4145000000000003,1.082250000000002,0.4684999999999988,-1.274750000000001,,0.9807500000000022,0.8695000000000004,-0.060750000000000526,temp,JJASO,Day
12.25_107.75,1.142999999999999,0.9530000000000012,1.3897499999999994,-1.1482500000000009,,0.9892500000000002,0.4432500000000008,-1.2125000000000021,temp,JJASO,Day
12.25_108.25,2.0515000000000008,0.8177499999999984,1.2059999999999995,-0.39200000000000124,,1.2522499999999983,0.4662499999999987,-0.38074999999999903,temp,JJASO,Day
12.75_102.75,0.16100000000000136,1.6479999999999997,0.09649999999999892,-2.691749999999999,,-0.5570000000000004,-0.29650000000000176,-1.1327499999999997,temp,JJASO,Day
12.75_103.25,-0.634999999999998,1.7970000000000006,0.9499999999999993,-3.5779999999999994,,0.7082500000000014,0.014999999999998792,-1.6039999999999992,temp,JJASO,Day
12.75_103.75,-0.9764999999999997,2.1105,1.609,-3.6942500000000003,,0.9937500000000004,-0.11050000000000004,-1.241249999999999,temp,JJASO,Day
12.75_104.25,-0.9284999999999997,2.027750000000001,0.9399999999999995,-3.6984999999999992,,0.3484999999999978,-0.6927500000000002,-1.0120000000000005,temp,JJASO,Day
12.75_104.75,-1.072499999999998,1.7714999999999996,0.27749999999999986,-3.596,,-0.16825000000000045,-1.0009999999999994,-1.2537500000000001,temp,JJASO,Day
12.75_105.25,-0.875,1.1449999999999996,0.0990000000000002,-3.7510000000000012,,-0.33399999999999963,-1.0714999999999986,-1.5385000000000009,temp,JJASO,Day
12.75_105.75,-0.7454999999999998,1.0264999999999986,0.1957500000000003,-3.7612500000000004,,-0.09574999999999889,-0.9344999999999999,-1.668750000000001,temp,JJASO,Day
12.75_106.25,-0.6545000000000005,1.6472500000000014,0.34250000000000114,-3.468250000000001,,0.09700000000000131,-0.7375000000000007,-1.7072500000000002,temp,JJASO,Day
12.75_106.75,-0.0519999999999996,1.8625000000000007,0.4377499999999994,-3.111749999999999,,0.3187500000000014,-0.29549999999999876,-1.310500000000001,temp,JJASO,Day
12.75_107.25,0.5269999999999992,2.2230000000000008,0.5990000000000002,-2.628499999999999,,0.15549999999999997,0.09500000000000064,-0.9840000000000018,temp,JJASO,Day
12.75_107.75,0.0129999999999999,2.027000000000001,0.4242500000000007,-2.959250000000001,,0.06599999999999895,-0.2729999999999997,-2.0040000000000013,temp,JJASO,Day
12.75_108.25,0.8369999999999997,1.9230000000000018,1.1572499999999994,-2.0767499999999988,,0.0012500000000006395,-0.5502500000000001,-1.302500000000002,temp,JJASO,Day
13.25_102.75,-0.7519999999999989,1.6622500000000002,0.3694999999999986,-3.7327499999999993,,0.4720000000000013,-0.18249999999999922,-1.8744999999999994,temp,JJASO,Day
13.25_103.25,-0.6035000000000004,2.272499999999999,1.0872499999999992,-3.5737500000000004,,0.4825000000000017,-0.18024999999999913,-1.4347499999999993,temp,JJASO,Day
13.25_103.75,-0.44599999999999973,1.957749999999999,0.9525000000000006,-3.365750000000002,,0.4884999999999984,-0.3714999999999993,-0.9712499999999995,temp,JJASO,Day
13.25_104.25,-0.3999999999999986,1.818249999999999,0.46199999999999974,-3.5104999999999986,,0.012249999999998096,-0.6539999999999999,-1.1552500000000006,temp,JJASO,Day
13.25_104.75,-0.6325000000000003,1.6240000000000006,0.17024999999999935,-3.6232499999999987,,-0.3100000000000005,-0.8535000000000004,-1.5452500000000011,temp,JJASO,Day
13.25_105.25,-0.6210000000000004,1.1624999999999996,0.26775000000000126,-3.8085000000000004,,-0.270999999999999,-1.0134999999999987,-1.6710000000000012,temp,JJASO,Day
13.25_105.75,-0.41600000000000037,1.0309999999999988,0.401250000000001,-3.6769999999999996,,0.10699999999999932,-0.7870000000000008,-1.468,temp,JJASO,Day
13.25_106.25,-0.3934999999999995,1.617750000000001,0.30799999999999983,-3.4124999999999996,,0.04749999999999943,-0.6155000000000008,-1.3962500000000002,temp,JJASO,Day
13.25_106.75,-0.2140000000000004,1.943249999999999,0.527750000000001,-3.1857500000000005,,0.15949999999999953,-0.33999999999999986,-1.2772499999999987,temp,JJASO,Day
13.25_107.25,-0.4239999999999995,2.457749999999999,0.7392500000000002,-3.409749999999999,,0.36799999999999855,-0.11700000000000088,-1.543000000000001,temp,JJASO,Day
13.25_107.75,-0.3205000000000009,2.4019999999999992,0.5549999999999997,-3.3057499999999997,,0.6965000000000003,-0.2627499999999987,-1.7515,temp,JJASO,Day
13.25_108.25,1.0660000000000025,2.9399999999999995,1.1679999999999993,-1.9029999999999987,,0.4762500000000003,0.045999999999999375,-0.3515000000000015,temp,JJASO,Day
13.75_102.75,-0.6509999999999998,1.6304999999999996,0.15549999999999997,-4.052750000000001,,-0.2322500000000005,-0.7172499999999999,-2.3497499999999985,temp,JJASO,Day
13.75_103.25,-0.4444999999999997,1.9655000000000005,0.4937499999999986,-3.742750000000001,,0.06299999999999883,-0.6310000000000002,-1.9937499999999986,temp,JJASO,Day
13.75_103.75,-0.1590000000000007,1.941749999999999,0.5792499999999983,-3.5077499999999997,,0.15974999999999895,-0.7089999999999996,-1.6550000000000011,temp,JJASO,Day
13.75_104.25,-0.06850000000000023,1.8462500000000013,0.5517500000000002,-3.4029999999999987,,0.06550000000000011,-0.6077500000000011,-1.6090000000000018,temp,JJASO,Day
13.75_104.75,-0.39700000000000024,1.779250000000001,0.46399999999999864,-3.49775,,-0.020500000000000185,-0.8495000000000008,-1.835749999999999,temp,JJASO,Day
13.75_105.25,-0.5459999999999994,1.4792499999999986,0.5437500000000011,-3.714500000000001,,0.05400000000000027,-1.0637499999999989,-1.8279999999999994,temp,JJASO,Day
13.75_105.75,-0.38700000000000045,1.3542499999999986,0.5452500000000011,-3.5562500000000004,,0.18399999999999928,-0.7397500000000008,-1.4787500000000016,temp,JJASO,Day
13.75_106.25,-0.5655000000000001,1.572750000000001,0.125,-3.575750000000001,,0.02850000000000108,-0.7509999999999994,-1.4642499999999998,temp,JJASO,Day
13.75_106.75,-0.4955000000000016,1.7164999999999981,0.20825000000000138,-3.5395000000000003,,-0.11899999999999977,-0.8200000000000003,-1.3874999999999993,temp,JJASO,Day
13.75_107.25,-0.27999999999999936,2.0852500000000003,0.06325000000000003,-3.456500000000002,,0.06649999999999956,-0.5290000000000017,-1.5397499999999997,temp,JJASO,Day
13.75_107.75,0.4720000000000013,2.1607499999999984,0.161249999999999,-2.784250000000002,,0.04099999999999859,-0.45175000000000054,-1.4124999999999996,temp,JJASO,Day
14.25_102.25,0.3230000000000004,0.23900000000000077,-0.30125000000000135,-3.014999999999999,,-0.2757500000000004,-0.5035000000000007,-1.6054999999999993,temp,JJASO,Day
14.25_102.75,-0.16300000000000026,0.7545000000000002,0.04400000000000048,-3.7299999999999986,,-0.46399999999999864,-0.7225000000000001,-2.0360000000000014,temp,JJASO,Day
14.25_103.25,-0.3614999999999995,1.2944999999999993,0.11674999999999969,-3.7932500000000005,,-0.25900000000000034,-0.9080000000000013,-2.2632499999999993,temp,JJASO,Day
14.25_103.75,-0.24600000000000044,1.2515,0.13574999999999982,-3.6585,,-0.28600000000000136,-1.1100000000000012,-2.168750000000001,temp,JJASO,Day
14.25_104.25,-0.009000000000000341,1.1684999999999999,0.354750000000001,-3.3199999999999985,,-0.15700000000000003,-0.875,-1.720749999999999,temp,JJASO,Day
14.25_104.75,-0.3204999999999991,1.4772499999999997,0.4215,-3.3527499999999986,,-0.04300000000000104,-1.0330000000000013,-1.871500000000001,temp,JJASO,Day
14.25_105.25,-0.057000000000000384,1.357000000000001,0.6234999999999999,-3.078999999999999,,0.2630000000000017,-0.7189999999999994,-1.3657499999999985,temp,JJASO,Day
14.25_105.75,-0.8290000000000006,1.7022499999999994,0.33800000000000097,-3.5117499999999993,,-0.006750000000002032,-0.9199999999999999,-1.7802500000000006,temp,JJASO,Day
14.25_106.25,-1.186,1.238999999999999,-0.1687499999999993,-3.8507499999999997,,-0.4762499999999985,-1.2747499999999992,-1.9117499999999996,temp,JJASO,Day
14.25_106.75,-0.2375000000000007,1.7517499999999995,0.14750000000000085,-3.01225,,-0.01574999999999882,-0.6775000000000002,-1.0857500000000009,temp,JJASO,Day
14.25_107.25,-0.3725000000000005,1.2692499999999995,-0.40525000000000055,-3.0752499999999987,,-0.43125000000000036,-1.013,-1.7117500000000003,temp,JJASO,Day
14.25_107.75,0.21649999999999991,1.0607500000000005,-0.3960000000000008,-2.702749999999998,,-0.57925,-1.0672499999999996,-1.9605000000000015,temp,JJASO,Day
14.25_108.25,1.4229999999999983,1.0412500000000016,0.48049999999999926,-1.2309999999999999,,-0.04324999999999868,-0.13150000000000084,-0.5732500000000016,temp,JJASO,Day
14.75_101.75,0.021999999999998465,0.8492499999999996,-0.33450000000000024,-3.220250000000002,,-0.9692500000000006,-0.9887500000000014,-2.304249999999998,temp,JJASO,Day
14.75_102.25,-0.7460000000000022,1.0109999999999992,0.16325000000000145,-4.047000000000001,,-0.7605000000000004,-0.8837499999999991,-2.760249999999999,temp,JJASO,Day
14.75_102.75,-0.4134999999999991,1.0904999999999987,0.13724999999999987,-3.8782499999999995,,-0.536999999999999,-0.9052500000000006,-2.3969999999999985,temp,JJASO,Day
14.75_103.25,-0.24399999999999977,1.1357500000000016,0.15000000000000036,-3.69825,,-0.4667500000000011,-1.06175,-2.260249999999999,temp,JJASO,Day
14.75_103.75,-0.13599999999999923,1.192499999999999,0.2707499999999996,-3.42375,,-0.2947500000000005,-1.0407499999999992,-2.104000000000001,temp,JJASO,Day
14.75_104.25,-0.2735000000000003,1.0950000000000006,0.21850000000000058,-3.317,,-0.3105000000000011,-1.0655000000000001,-1.8692499999999992,temp,JJASO,Day
14.75_104.75,-0.2765000000000022,1.3907500000000006,0.30875000000000163,-3.1370000000000005,,-0.16774999999999984,-0.9507499999999993,-1.6534999999999993,temp,JJASO,Day
14.75_105.25,-0.30049999999999955,1.4375,0.15949999999999953,-3.118499999999999,,-0.16550000000000153,-0.7657500000000006,-1.6289999999999996,temp,JJASO,Day
14.75_105.75,-0.8289999999999988,1.4757499999999997,-0.1460000000000008,-3.71875,,-0.35249999999999915,-1.3059999999999992,-2.041249999999998,temp,JJASO,Day
14.75_106.25,-1.0790000000000006,0.39724999999999966,-0.7232500000000002,-4.182499999999999,,-1.027750000000001,-2.176,-2.2692500000000013,temp,JJASO,Day
14.75_106.75,-0.9079999999999995,0.3457499999999989,-0.6362500000000004,-3.953500000000002,,-0.9024999999999999,-1.7492499999999982,-2.4819999999999993,temp,JJASO,Day
14.75_107.25,-1.0755,0.397000000000002,-0.4924999999999997,-4.001750000000001,,-0.07525000000000048,-1.7055000000000007,-3.06625,temp,JJASO,Day
14.75_107.75,1.1479999999999997,0.17925000000000146,-0.4169999999999998,-2.2207500000000007,,-0.7364999999999977,-1.1099999999999994,-1.4544999999999995,temp,JJASO,Day
14.75_108.25,2.1700000000000017,0.8299999999999983,0.7292500000000004,-0.8397500000000004,,-0.04750000000000121,-0.13250000000000028,0.15499999999999936,temp,JJASO,Day
15.25_101.75,-0.027000000000001023,1.3664999999999985,0.09750000000000192,-3.7657500000000024,,-0.5409999999999986,-0.6624999999999996,-2.648250000000001,temp,JJASO,Day
15.25_102.25,-0.41999999999999815,1.575750000000001,0.4927500000000009,-4.13575,,-0.1667500000000004,-0.5,-2.6740000000000013,temp,JJASO,Day
15.25_102.75,-0.13100000000000023,1.612,0.29325000000000045,-3.8770000000000007,,-0.3719999999999999,-0.7117500000000003,-2.0527499999999996,temp,JJASO,Day
15.25_103.25,-0.13799999999999812,1.486749999999999,0.198500000000001,-3.79125,,-0.4195000000000011,-0.9762500000000003,-1.9149999999999991,temp,JJASO,Day
15.25_103.75,-0.12650000000000006,1.5625,0.21600000000000108,-3.633750000000001,,-0.38149999999999906,-1.0402500000000003,-1.9442500000000003,temp,JJASO,Day
15.25_104.25,-0.3210000000000015,1.5742499999999993,0.11275000000000013,-3.62425,,-0.41474999999999973,-1.11125,-2.0002499999999994,temp,JJASO,Day
15.25_104.75,-0.5620000000000012,1.486749999999999,0.011750000000001037,-3.5684999999999985,,-0.4842499999999994,-1.25,-2.031500000000001,temp,JJASO,Day
15.25_105.25,-0.6185000000000009,1.7147500000000004,0.06874999999999964,-3.500499999999999,,-0.3265000000000011,-1.1775000000000002,-1.987499999999999,temp,JJASO,Day
15.25_105.75,-1.1720000000000006,0.8120000000000012,-0.5827500000000008,-4.199249999999999,,-0.6077499999999993,-1.7020000000000017,-2.4072499999999994,temp,JJASO,Day
15.25_106.25,1.7974999999999994,1.9474999999999998,1.0350000000000001,-1.2307499999999987,,1.0779999999999994,0.3147499999999983,0.5289999999999999,temp,JJASO,Day
15.25_106.75,-0.8879999999999981,-0.0029999999999983373,-1.3787500000000001,-4.027749999999999,,-1.5434999999999999,-1.742750000000001,-2.7247500000000002,temp,JJASO,Day
15.25_107.25,0.6609999999999978,1.3345000000000002,0.7532499999999995,-2.2460000000000004,,0.5169999999999995,-0.7050000000000001,-1.1857500000000005,temp,JJASO,Day
15.75_101.75,0.02049999999999841,1.1972500000000004,0.3662499999999991,-3.80725,,-0.19299999999999962,-0.609,-2.442750000000002,temp,JJASO,Day
15.75_102.25,-0.22350000000000136,1.7270000000000003,0.4164999999999992,-3.8817500000000003,,-0.12150000000000105,-0.19125000000000014,-2.1547500000000017,temp,JJASO,Day
15.75_102.75,-0.0019999999999988916,1.8849999999999998,0.354000000000001,-3.7162500000000005,,-0.27500000000000213,-0.4872499999999995,-1.6557499999999994,temp,JJASO,Day
15.75_103.25,-0.06899999999999906,1.7587499999999991,0.2264999999999997,-3.709250000000001,,-0.4184999999999981,-0.9329999999999998,-1.6577500000000018,temp,JJASO,Day
15.75_103.75,-0.17499999999999716,1.76825,0.14374999999999893,-3.7242499999999996,,-0.45700000000000074,-1.0892499999999998,-1.9372500000000006,temp,JJASO,Day
15.75_104.25,-0.3760000000000012,1.738999999999999,0.034250000000000114,-3.6857500000000005,,-0.4980000000000011,-1.18525,-2.1110000000000007,temp,JJASO,Day
15.75_104.75,-0.5899999999999999,1.5390000000000015,-0.1274999999999995,-3.6297499999999996,,-0.5492499999999989,-1.2747499999999992,-1.9845000000000006,temp,JJASO,Day
15.75_105.25,-0.7810000000000024,1.436,-0.22449999999999903,-3.6715,,-0.6014999999999997,-1.3492499999999996,-1.8905000000000012,temp,JJASO,Day
15.75_105.75,-0.9684999999999988,1.5772499999999994,-0.15075000000000038,-4.0927500000000006,,-0.644499999999999,-1.6100000000000012,-2.125499999999999,temp,JJASO,Day
15.75_106.25,-1.6335000000000015,1.1317499999999985,-0.35875000000000057,-4.6789999999999985,,-0.9707500000000007,-2.219999999999999,-3.072750000000001,temp,JJASO,Day
15.75_106.75,-0.31349999999999945,0.26224999999999987,-1.3012500000000014,-3.9085,,-1.4487499999999986,-1.893749999999999,-2.722999999999999,temp,JJASO,Day
16.25_101.75,1.1010000000000009,1.190999999999999,1.8062500000000021,-3.210000000000001,,1.1702500000000011,-0.36499999999999844,-1.4975000000000005,temp,JJASO,Day
16.25_102.25,0.07000000000000028,1.7934999999999999,0.2375000000000007,-3.7630000000000017,,-0.3144999999999971,-0.06475000000000009,-1.7215000000000007,temp,JJASO,Day
16.25_102.75,0.04949999999999832,1.86125,0.24349999999999916,-3.6959999999999997,,-0.40000000000000036,-0.39350000000000307,-1.431499999999998,temp,JJASO,Day
16.25_103.25,-0.06799999999999962,1.7022499999999994,0.16900000000000048,-3.6805000000000003,,-0.4864999999999995,-0.8252499999999987,-1.7122499999999992,temp,JJASO,Day
16.25_103.75,-0.125,1.7024999999999988,0.025749999999998607,-3.6757500000000007,,-0.572750000000001,-1.096,-2.1609999999999996,temp,JJASO,Day
16.25_104.25,-0.13299999999999912,1.4482499999999998,-0.1457499999999996,-3.4487499999999986,,-0.5762499999999999,-1.100500000000002,-2.0039999999999996,temp,JJASO,Day
16.25_104.75,-0.5480000000000018,1.3474999999999984,-0.23900000000000077,-3.561749999999998,,-0.6522499999999987,-1.2037499999999994,-1.6745,temp,JJASO,Day
16.25_105.25,-1.1600000000000001,1.1994999999999987,-0.4059999999999988,-3.9912500000000026,,-0.8457500000000007,-1.5592500000000022,-1.8877499999999987,temp,JJASO,Day
16.25_105.75,-1.3800000000000026,1.42,-0.47199999999999953,-4.265500000000001,,-0.740499999999999,-1.6652500000000021,-2.302249999999999,temp,JJASO,Day
16.25_106.25,-0.8899999999999988,1.3979999999999997,-0.7249999999999996,-3.8275000000000006,,-0.7045000000000012,-1.5235000000000003,-2.1892499999999977,temp,JJASO,Day
16.25_106.75,0.7895000000000003,1.0815000000000001,-0.5507500000000007,-2.5380000000000003,,-1.0594999999999999,-0.8704999999999998,-0.7777499999999993,temp,JJASO,Day
16.25_107.25,0.8470000000000013,0.5042500000000008,0.012750000000000483,-2.8752499999999994,,-0.6892499999999995,-0.8305000000000007,-0.3892500000000023,temp,JJASO,Day
16.75_101.75,1.0770000000000017,1.7267499999999991,1.5519999999999996,-3.428000000000001,,0.8357499999999991,-0.0495000000000001,-1.073500000000001,temp,JJASO,Day
16.75_102.25,-0.3105000000000011,1.7002499999999987,0.05649999999999977,-4.091749999999999,,-0.5290000000000017,-0.2557500000000008,-1.4629999999999992,temp,JJASO,Day
16.75_102.75,0.019999999999999574,1.665750000000001,0.25750000000000206,-3.7127499999999998,,-0.4610000000000003,-0.5960000000000001,-1.1637499999999985,temp,JJASO,Day
16.75_103.25,-0.0470000000000006,1.4514999999999993,0.2129999999999992,-3.5555000000000003,,-0.48300000000000054,-0.7714999999999996,-1.4580000000000002,temp,JJASO,Day
16.75_103.75,0.11899999999999977,1.2064999999999984,-0.04349999999999987,-3.353250000000001,,-0.5817499999999995,-0.9195000000000011,-1.758000000000001,temp,JJASO,Day
16.75_104.25,0.1869999999999976,1.3539999999999992,0.09725000000000072,-3.048,,-0.4057499999999994,-0.8192500000000003,-1.3537500000000016,temp,JJASO,Day
16.75_104.75,-0.8440000000000012,1.491999999999999,-0.034000000000000696,-3.6990000000000016,,-0.650500000000001,-1.2735000000000003,-1.5932499999999994,temp,JJASO,Day
16.75_105.25,-1.3180000000000014,1.2699999999999996,-0.20899999999999963,-4.1739999999999995,,-0.7780000000000005,-1.5897500000000004,-2.0097500000000004,temp,JJASO,Day
16.75_105.75,-1.447000000000001,1.3782499999999995,-0.29875000000000007,-4.274000000000001,,-0.8350000000000009,-1.7592499999999998,-2.42525,temp,JJASO,Day
16.75_106.25,-0.0030000000000001137,1.3977499999999985,-0.2867499999999996,-3.5047500000000014,,-1.0174999999999983,-1.3234999999999992,-1.7277500000000003,temp,JJASO,Day
17.25_101.75,0.37099999999999866,1.5694999999999997,-0.06574999999999953,-4.280749999999999,,-0.7780000000000022,-0.3727499999999999,-1.3152500000000007,temp,JJASO,Day
17.25_102.25,-0.2010000000000005,1.955,0.6937499999999996,-4.084750000000001,,-0.07225000000000037,-0.20999999999999908,-0.8432500000000012,temp,JJASO,Day
17.25_102.75,-0.036999999999999034,1.7129999999999992,0.5602499999999999,-3.6432499999999983,,-0.20674999999999777,-0.5847499999999997,-0.6822499999999998,temp,JJASO,Day
17.25_103.25,-0.25049999999999883,1.3497500000000002,0.2317499999999999,-3.4444999999999997,,-0.4245000000000001,-0.6889999999999983,-0.9719999999999995,temp,JJASO,Day
17.25_103.75,-0.245000000000001,1.2507500000000018,0.07049999999999912,-3.321749999999998,,-0.5942499999999988,-0.843,-1.2405000000000008,temp,JJASO,Day
17.25_104.25,-0.8120000000000012,1.4929999999999986,0.12924999999999898,-3.5589999999999993,,-0.484,-0.9399999999999995,-1.4827500000000011,temp,JJASO,Day
17.25_104.75,-1.3219999999999992,1.8815000000000008,0.20950000000000024,-3.8622500000000013,,-0.3055000000000003,-1.155999999999997,-1.770500000000002,temp,JJASO,Day
17.25_105.25,-1.2645,1.425749999999999,-0.16549999999999976,-4.3505,,-0.5854999999999997,-1.5540000000000003,-2.3542500000000004,temp,JJASO,Day
17.25_105.75,-0.4280000000000008,0.9572500000000002,-0.4704999999999995,-4.096,,-0.8492500000000014,-1.582749999999999,-2.15625,temp,JJASO,Day
17.25_106.25,1.001999999999999,1.3047500000000003,0.018000000000000682,-2.6929999999999996,,-0.9395000000000007,-0.6787499999999991,-0.9232499999999995,temp,JJASO,Day
17.75_101.25,0.29100000000000037,1.8089999999999993,0.09600000000000009,-3.995750000000001,,-0.6657499999999992,-0.7170000000000005,-1.23325,temp,JJASO,Day
17.75_101.75,-0.15800000000000125,1.9664999999999981,0.4139999999999997,-4.440750000000001,,-0.14199999999999946,-0.2110000000000003,-1.0800000000000018,temp,JJASO,Day
17.75_102.25,-0.2270000000000003,2.5275000000000016,0.8510000000000009,-3.9695,,0.003249999999999531,-0.030499999999998195,-0.5057500000000008,temp,JJASO,Day
17.75_102.75,-0.38899999999999935,2.3707499999999992,0.7632499999999993,-3.8507499999999997,,-0.04824999999999946,-0.2920000000000016,-0.6745000000000001,temp,JJASO,Day
17.75_103.25,-0.628499999999999,1.9230000000000018,0.42875000000000085,-3.6325000000000003,,-0.20849999999999902,-0.45525000000000126,-0.745000000000001,temp,JJASO,Day
17.75_103.75,-0.8559999999999999,1.9954999999999998,0.22800000000000153,-3.706249999999999,,-0.3107500000000023,-0.5499999999999989,-1.2022500000000012,temp,JJASO,Day
17.75_104.25,-1.2040000000000006,2.0227500000000003,0.38200000000000145,-4.082250000000002,,-0.11925000000000097,-0.9717500000000001,-1.7552500000000002,temp,JJASO,Day
17.75_104.75,-0.5655000000000001,1.4800000000000004,0.1172500000000003,-3.5577500000000004,,-0.32225000000000215,-1.2394999999999996,-1.5287499999999987,temp,JJASO,Day
17.75_105.25,0.6859999999999999,1.137500000000001,0.28125,-2.766,,-0.4220000000000006,-0.9377499999999994,-0.8000000000000007,temp,JJASO,Day
18.25_101.25,0.18700000000000117,1.9652499999999993,-0.005250000000000199,-3.8527499999999986,,-0.4355000000000011,-0.7214999999999989,-0.9030000000000022,temp,JJASO,Day
18.25_101.75,-0.4344999999999999,2.0337500000000013,0.21674999999999933,-4.4375,,-0.22250000000000014,-0.18099999999999916,-1.210749999999999,temp,JJASO,Day
18.25_102.25,-0.6954999999999991,2.753,0.9567499999999995,-4.458,,0.14275000000000126,-0.09050000000000047,-1.3062500000000004,temp,JJASO,Day
18.25_102.75,-0.4269999999999996,2.142249999999999,0.6962499999999991,-3.944749999999999,,0.2637500000000017,-0.13724999999999987,-0.9189999999999987,temp,JJASO,Day
18.25_103.25,-1.1060000000000016,2.340250000000001,0.1722500000000018,-4.320500000000001,,-0.7564999999999991,-0.9692500000000006,-1.3962500000000002,temp,JJASO,Day
18.25_103.75,-1.5980000000000025,2.4830000000000005,0.24450000000000038,-4.6585,,-0.4945000000000004,-1.06325,-2.00225,temp,JJASO,Day
18.25_104.25,-0.7409999999999997,1.837250000000001,0.10475000000000101,-4.01525,,-0.3354999999999997,-0.9467499999999998,-1.4600000000000009,temp,JJASO,Day
18.25_104.75,0.8185000000000002,0.9295000000000009,-0.334500000000002,-2.7187500000000018,,-0.7505000000000006,-0.8412499999999987,-0.260250000000001,temp,JJASO,Day
18.25_105.25,1.7125000000000021,1.056000000000001,0.3439999999999994,-1.4055,,-0.9434999999999985,0.10299999999999976,0.6887500000000006,temp,JJASO,Day
18.75_101.25,0.7789999999999999,0.7629999999999981,-0.5157499999999988,-2.9872499999999995,,-0.8739999999999988,-0.7822499999999994,-0.10925000000000118,temp,JJASO,Day
18.75_101.75,-0.9160000000000004,1.349499999999999,-0.20449999999999946,-4.518749999999999,,-0.8802500000000002,-0.588000000000001,-1.5510000000000002,temp,JJASO,Day
18.75_102.25,-1.681000000000001,1.8862500000000004,0.4827500000000029,-5.218,,-0.6925000000000008,-1.283999999999999,-2.2794999999999987,temp,JJASO,Day
18.75_102.75,-0.8960000000000008,0.9660000000000011,-0.4399999999999995,-4.26375,,-0.7424999999999997,-1.2495000000000012,-1.2962499999999988,temp,JJASO,Day
18.75_103.25,0.7750000000000004,0.6649999999999991,0.18700000000000117,-2.5314999999999994,,0.3447500000000012,0.2234999999999996,0.37175000000000047,temp,JJASO,Day
18.75_103.75,-1.7830000000000013,1.6772500000000008,-0.17999999999999794,-5.0302500000000006,,-1.3075000000000028,-1.6920000000000002,-2.2867500000000014,temp,JJASO,Day
18.75_104.25,-0.04400000000000048,1.2112500000000015,-0.4927500000000009,-3.4952500000000004,,-0.6797500000000003,-0.8424999999999976,-0.6440000000000001,temp,JJASO,Day
18.75_104.75,1.8780000000000001,1.7247500000000002,0.68675,-1.77975,,-0.5455000000000005,0.46974999999999945,1.2927499999999998,temp,JJASO,Day
19.25_101.25,1.575000000000001,0.7249999999999996,0.5562499999999986,-2.5942500000000006,,-0.0677500000000002,-0.6322500000000009,0.48150000000000226,temp,JJASO,Day
19.25_101.75,-0.8875000000000011,0.7542500000000008,-0.3407499999999999,-4.93,,-0.9190000000000005,-1.2919999999999998,-1.7372499999999995,temp,JJASO,Day
19.25_102.25,0.5540000000000003,0.9982500000000005,0.012749999999998707,-3.4185,,-0.5932500000000012,-0.9402499999999989,-0.21825000000000117,temp,JJASO,Day
19.25_102.75,1.1180000000000003,0.28850000000000087,-0.0710000000000015,-2.63875,,-0.3835000000000015,-0.7852499999999996,0.31625000000000014,temp,JJASO,Day
19.25_103.25,1.2584999999999997,0.11524999999999963,-0.4167499999999986,-2.4669999999999987,,-0.8084999999999987,-0.82775,0.05749999999999922,temp,JJASO,Day
19.25_99.75,0.42499999999999716,2.0365,0.9585000000000008,-3.190999999999999,,0.10499999999999865,-0.6174999999999997,-1.261750000000001,temp,JJASO,Day
19.75_100.25,-0.26450000000000173,2.242000000000001,0.27250000000000085,-3.958750000000002,,-0.0710000000000015,-0.5992499999999996,-1.0475000000000012,temp,JJASO,Day
19.75_100.75,0.25900000000000034,1.3812500000000014,-0.12350000000000172,-4.111749999999999,,-0.6225000000000005,-1.1057500000000005,-0.8315000000000001,temp,JJASO,Day
19.75_101.25,0.023499999999998522,0.28974999999999973,-0.5024999999999995,-4.370750000000001,,-1.0920000000000005,-1.5295000000000005,-0.9599999999999991,temp,JJASO,Day
19.75_101.75,-0.9689999999999976,1.041500000000001,-0.28500000000000014,-5.074249999999999,,-0.87425,-1.5985000000000014,-1.4949999999999992,temp,JJASO,Day
19.75_102.25,-0.8889999999999993,0.6732500000000012,-1.3259999999999987,-4.65025,,-1.863999999999999,-1.7177500000000006,-0.959249999999999,temp,JJASO,Day
19.75_102.75,-0.3310000000000013,0.9365000000000006,-0.41224999999999845,-3.823000000000002,,-0.7902499999999986,-1.5900000000000016,-0.32725000000000115,temp,JJASO,Day
19.75_103.25,0.08949999999999925,1.2400000000000002,0.27025000000000077,-3.092249999999998,,-0.1095000000000006,-1.1682499999999987,-0.2785000000000011,temp,JJASO,Day
19.75_99.25,0.06050000000000111,1.1782500000000002,-0.13700000000000045,-3.099500000000001,,-0.5897500000000004,-0.9532500000000006,-1.1697499999999987,temp,JJASO,Day
19.75_99.75,-0.25450000000000017,2.2867499999999996,0.7312500000000011,-3.662499999999998,,-0.08199999999999896,-0.5232500000000009,-1.3552499999999998,temp,JJASO,Day
20.25_100.25,-1.389000000000003,1.9812499999999993,0.05799999999999983,-5.04575,,-0.266,-0.9344999999999999,-1.5525000000000002,temp,JJASO,Day
20.25_100.75,-0.7149999999999999,1.065999999999999,-0.02200000000000024,-4.927999999999999,,-0.9575000000000014,-1.5922500000000017,-1.1024999999999974,temp,JJASO,Day
20.25_101.25,-0.18650000000000055,0.8675000000000015,-0.3617499999999989,-4.508750000000001,,-0.8025000000000002,-1.4335000000000004,-0.8077499999999986,temp,JJASO,Day
20.25_101.75,0.14599999999999724,1.1947500000000009,0.38624999999999865,-3.8755000000000006,,-0.28999999999999915,-0.8844999999999992,-0.09200000000000053,temp,JJASO,Day
20.25_102.25,-1.2309999999999999,1.6760000000000002,-0.21249999999999858,-4.822249999999999,,-1.065249999999999,-1.5097499999999986,-0.6837499999999999,temp,JJASO,Day
20.25_102.75,-0.6195000000000004,2.070500000000001,0.23875000000000135,-3.9624999999999986,,-0.6654999999999998,-1.0617500000000017,0.059749999999999304,temp,JJASO,Day
20.25_103.25,0.47350000000000136,2.3012499999999996,1.0037500000000001,-2.6492500000000003,,-0.36650000000000027,-0.8804999999999978,0.6775000000000002,temp,JJASO,Day
20.25_99.25,0.4919999999999991,1.0092499999999998,-0.5410000000000004,-2.6992499999999993,,-0.9639999999999986,-0.9022500000000004,-0.45425000000000004,temp,JJASO,Day
20.25_99.75,-0.5245000000000015,2.074250000000001,0.3942500000000013,-3.87125,,-0.6967499999999998,-0.713000000000001,-1.126999999999999,temp,JJASO,Day
20.75_100.25,-0.46499999999999986,1.4285000000000014,0.3047500000000021,-4.286999999999999,,-0.0832499999999996,-0.8742499999999982,-0.9905000000000026,temp,JJASO,Day
20.75_100.75,-0.32150000000000034,1.1445000000000007,-0.03449999999999953,-4.504249999999999,,-0.81325,-1.6132500000000007,-0.5562500000000004,temp,JJASO,Day
20.75_101.25,0.13199999999999967,0.5779999999999994,-0.10550000000000104,-4.1045,,-0.6212499999999999,-1.4267500000000002,-0.10275000000000034,temp,JJASO,Day
20.75_101.75,-0.32750000000000057,0.8292499999999983,0.24300000000000033,-4.313000000000001,,-0.7837499999999995,-1.4749999999999996,-0.29799999999999827,temp,JJASO,Day
20.75_102.25,-0.21750000000000114,2.04275,0.2002499999999987,-3.748175,,-0.050499999999999545,-0.6852499999999999,0.5292499999999993,temp,JJASO,Day
20.75_102.75,-0.8069999999999986,2.1172500000000003,0.27025000000000077,-3.9784999999999986,,-0.3360000000000003,-1.0787499999999994,0.37074999999999925,temp,JJASO,Day
20.75_103.25,0.8970000000000002,2.1602499999999996,0.9184999999999981,-2.046249999999999,,0.43549999999999933,-0.06599999999999895,1.9552499999999977,temp,JJASO,Day
20.75_99.75,0.3099999999999987,1.0010000000000012,-0.22100000000000009,-3.1274999999999995,,-1.6689999999999987,-1.2142499999999998,-0.5714999999999986,temp,JJASO,Day
21.25_100.25,-0.1490000000000009,0.7765000000000004,1.3804999999999978,-3.7347499999999982,,0.17324999999999768,-1.5452500000000011,-0.9402499999999989,temp,JJASO,Day
21.25_100.75,-0.21199999999999974,0.9785000000000021,-0.03449999999999953,-4.076500000000001,,-0.6349999999999998,-1.3727500000000017,-0.23600000000000065,temp,JJASO,Day
21.25_101.25,-0.24150000000000027,0.5725000000000016,-0.16999999999999993,-4.1235,,-0.7674999999999983,-1.6462500000000002,0.13399999999999856,temp,JJASO,Day
21.25_101.75,0.3979999999999997,0.7274999999999991,0.23375000000000057,-3.366999999999999,,-0.33474999999999966,-0.9642499999999998,0.76675,temp,JJASO,Day
21.25_102.25,0.33199999999999896,2.0170000000000012,-0.03325000000000067,-3.09,,-0.5832499999999996,-0.4034999999999993,1.0942499999999988,temp,JJASO,Day
21.25_102.75,-0.1750000000000007,2.162750000000001,0.2734999999999985,-3.21575,,-0.7257499999999997,-0.5017499999999995,1.0084999999999997,temp,JJASO,Day
21.25_99.75,0.5990000000000002,0.10775000000000112,-1.60975,-2.397499999999999,,-2.4034999999999993,-1.6099999999999994,-0.5697500000000009,temp,JJASO,Day
21.75_100.25,0.8629999999999995,0.41075000000000017,0.2029999999999994,-2.635625000000001,,0.10374999999999979,-1.1054999999999993,0.32975000000000065,temp,JJASO,Day
21.75_100.75,-0.5540000000000003,0.6767500000000002,-0.07949999999999946,-4.304750000000002,,-0.7874999999999996,-1.5482500000000012,-0.24499999999999922,temp,JJASO,Day
21.75_101.25,-0.3730000000000011,1.8634999999999984,0.9667499999999993,-4.050750000000001,,0.3382499999999986,-1.0412500000000016,0.26374999999999993,temp,JJASO,Day
21.75_101.75,0.6679999999999993,1.298,0.7750000000000004,-2.642249999999999,,0.06825000000000081,-0.5995000000000026,1.4887499999999996,temp,JJASO,Day
21.75_102.25,0.08050000000000068,2.04425,0.39025000000000176,-2.8142499999999995,,-0.42274999999999885,-0.5079999999999991,1.1180000000000003,temp,JJASO,Day
21.75_99.25,0.379999999999999,-0.055749999999999744,-2.1987499999999986,-1.9957499999999992,,-2.3332499999999996,-1.875350000000001,-0.3000000000000007,temp,JJASO,Day
21.75_99.75,-0.1269999999999989,0.22549999999999848,-1.1434999999999995,-2.8854999999999986,,-2.542250000000001,-2.0455000000000005,-0.9517499999999988,temp,JJASO,Day
22.25_100.25,1.0729999999999986,0.9442500000000003,-0.14775000000000027,-2.593275000000001,,-0.5314999999999976,-1.0395000000000003,0.7984999999999989,temp,JJASO,Day
22.25_100.75,-0.3475000000000019,1.3484999999999996,1.0949999999999989,-4.178000000000001,,-0.03524999999999778,-1.1972500000000004,-0.12899999999999956,temp,JJASO,Day
22.25_101.25,0.3520000000000003,1.8314999999999984,1.6282499999999995,-3.245000000000001,,0.9112500000000008,-0.6460000000000008,0.8209999999999997,temp,JJASO,Day
22.25_101.75,0.40949999999999953,1.7289999999999992,0.8364999999999991,-2.7529999999999983,,0.1557499999999994,-0.5292500000000011,1.1005000000000003,temp,JJASO,Day
22.25_102.25,0.03149999999999942,2.0022499999999983,0.75,-2.8862499999999986,,0.15200000000000102,-0.42600000000000016,0.8622500000000013,temp,JJASO,Day
22.25_99.75,0.0235000000000003,0.2737499999999997,-0.98325,-2.8279999999999994,,-1.2502499999999994,-2.0015,-0.4170000000000016,temp,JJASO,Day
22.75_100.25,-0.767000000000003,-0.5175000000000001,-0.891,-4.045249999999999,,-0.5847500000000014,-1.9819999999999975,-0.7502499999999994,temp,JJASO,Day
22.75_100.75,-0.8085000000000004,0.7182499999999994,0.6319999999999979,-4.12975,,0.31074999999999875,-1.854000000000001,-0.38250000000000206,temp,JJASO,Day
22.75_101.25,0.7140000000000022,1.2219999999999995,0.08924999999999983,-2.5612499999999994,,-0.4302500000000009,-0.7464999999999993,1.211249999999998,temp,JJASO,Day
22.75_99.75,0.5459999999999994,-0.07325000000000159,0.022999999999999687,-2.576275,,-0.9847499999999982,-1.6555,0.19799999999999862,temp,JJASO,Day
23.25_100.25,-1.5615000000000006,-0.9682499999999976,-1.783999999999999,-4.518750000000001,,-2.1709999999999994,-2.5005000000000006,-1.5780000000000012,temp,JJASO,Day
23.25_100.75,-1.9915000000000003,-0.8097499999999993,-1.6385000000000005,-5.03975,,-2.9115,-2.9217499999999994,-1.4502499999999987,temp,JJASO,Day
23.25_99.25,-0.2259999999999991,0.04174999999999862,-1.087250000000001,-3.384249999999998,,-1.2582500000000003,-2.232000000000001,-0.6639999999999979,temp,JJASO,Day
23.25_99.75,0.021999999999999353,-0.48625000000000007,-1.23325,-2.9597500000000014,,-1.2722500000000014,-1.8762499999999989,-0.35724999999999874,temp,JJASO,Day
23.75_100.25,-1.9755000000000003,-2.4612500000000015,-2.9285000000000014,-4.393000000000001,,-3.1744999999999983,-3.5625,-2.5024999999999995,temp,JJASO,Day
23.75_100.75,-1.6024999999999991,-0.9175000000000004,-1.7707500000000014,-4.207749999999999,,-2.463499999999998,-2.807000000000002,-1.5612500000000011,temp,JJASO,Day
24.25_100.25,-1.8659999999999997,-2.2349999999999994,-1.666500000000001,-3.1392750000000005,,-2.2002499999999987,-3.6914999999999996,-2.4682499999999994,temp,JJASO,Day
24.25_100.75,-1.9610000000000003,-1.7652500000000018,-0.5267500000000016,-3.4228250000000013,,-1.426499999999999,-3.282499999999999,-2.365,temp,JJASO,Day
24.25_99.75,-1.1235,-1.2442499999999992,-2.446249999999999,-2.34675,,-3.082749999999999,-3.0734999999999992,-1.4509999999999987,temp,JJASO,Day
24.75_100.25,-1.6450000000000014,-1.8635000000000002,-1.116999999999999,-2.7315000000000005,,-1.2307499999999996,-3.2219999999999995,-2.0779999999999994,temp,JJASO,Day
24.75_99.75,-1.144000000000002,-0.7817500000000006,-1.363249999999999,-2.103999999999999,,-1.7525000000000004,-2.588749999999999,-1.0732499999999998,temp,JJASO,Day
25.25_99.75,-1.1020000000000003,-1.2912500000000016,-0.4867500000000007,-2.6820000000000004,,-1.4384999999999994,-2.832749999999999,-1.5534999999999979,temp,JJASO,Day
25.75_100.25,0.8034999999999997,0.2757500000000004,1.172175000000001,-0.04374999999999929,,1.246249999999998,-0.5262500000000001,-0.002000000000000668,temp,JJASO,Day
25.75_99.25,0.33149999999999924,-0.5737499999999986,-0.982499999999999,-1.5227500000000003,,-1.5437499999999993,-1.8382249999999996,-1.1129999999999995,temp,JJASO,Day
25.75_99.75,0.1880000000000015,-0.5654999999999992,-0.7657499999999988,-0.9941500000000003,,-0.968,-1.5656999999999996,-0.6319999999999979,temp,JJASO,Day
26.25_99.25,0.49150000000000116,-1.3069000000000006,-2.026,-0.5850000000000009,,-2.607,-1.94475,-1.1139000000000001,temp,JJASO,Day
26.25_99.75,0.636499999999999,-0.6355000000000004,-1.2881750000000007,0.25874999999999915,,-1.189474999999999,-1.2305000000000001,-0.44175000000000075,temp,JJASO,Day
26.75_99.25,0.7360000000000007,-1.5100500000000006,-3.4763749999999995,0.49874999999999936,,-3.70205,-1.7668499999999998,-0.9903749999999998,temp,JJASO,Day
27.25_99.25,-0.2999999999999998,-1.829625000000001,-3.033574999999999,-0.2337750000000005,,-3.423549999999999,-2.349424999999999,-1.7643250000000013,temp,JJASO,Day
27.75_98.75,-1.5420000000000016,-2.708875000000001,-4.32445,-1.6642249999999992,,-4.0859250000000005,-2.8135000000000012,-1.9055,temp,JJASO,Day
28.25_98.75,-0.057250000000000245,-3.7074200000000004,-3.3035999999999994,-1.6931900000000009,,-3.6460500000000007,-3.0593999999999992,-1.4982250000000006,temp,JJASO,Day
28.75_98.75,0.0519999999999996,-2.284275,-1.5201250000000002,-2.0343,,-1.1884499999999993,-2.8385999999999996,-1.5384499999999992,temp,JJASO,Day
29.25_98.25,0.09704999999999941,-2.28005,0.5801000000000007,-2.9377275000000003,,-0.7362000000000002,-3.28714,-1.0468249999999997,temp,JJASO,Day
29.75_98.25,-1.2102999999999997,-2.972300000000001,-0.8662749999999999,-3.8478250000000007,,-0.4234749999999998,-5.4680824999999995,-1.7765749999999993,temp,JJASO,Day
30.25_97.75,-0.8271499999999996,-2.658025,-3.4196500000000003,-2.5065999999999997,,-3.7405000000000004,-5.162675,-1.3148499999999999,temp,JJASO,Day
30.25_98.25,-1.2439999999999998,-2.5701999999999994,-2.772449999999999,-3.9876822499999993,,-3.00045,-5.267800000000001,-1.4143250000000007,temp,JJASO,Day
30.75_97.25,-2.3149999999999995,-2.752475,-7.4913,-3.092125,,-7.6178,-5.6480125,-3.7872000000000003,temp,JJASO,Day
30.75_97.75,-2.5269000000000004,-3.073975000000001,-5.25455,-3.6964925,,-4.8715625,-5.875575,-3.46365,temp,JJASO,Day
31.25_96.25,-1.4644499999999998,-2.118174999999999,-6.767115,-2.15362,,-7.048349999999999,-4.156194999999999,-2.6139125,temp,JJASO,Day
31.25_96.75,-2.0423999999999998,-2.0366750000000007,-7.671475,-2.6984500000000002,,-7.829025,-4.8325175,-2.9113189999999998,temp,JJASO,Day
31.25_97.25,-3.1539499999999996,-2.2368499999999996,-8.957875000000001,-3.5123749999999996,,-9.122274999999998,-5.941425,-4.023899999999999,temp,JJASO,Day
31.75_95.75,-0.08990000000000009,-0.9914499999999997,-3.803815,-1.0873749999999998,,-5.0163475,-3.66125,-1.70662,temp,JJASO,Day
31.75_96.25,-1.6402000000000005,-1.6247500000000001,-5.78038,-2.7065749999999995,,-6.129792500000001,-4.49,-2.4799749999999996,temp,JJASO,Day
31.75_96.75,-1.9605000000000001,-1.3252500000000005,-6.185675,-3.3953750000000005,,-6.3439025,-4.8783625,-2.456524999999999,temp,JJASO,Day
31.75_97.25,-1.6932500000000004,-1.1452000000000004,-5.9061625,-2.638299999999999,,-6.192147500000001,-4.43446,-2.0196750000000003,temp,JJASO,Day
31.75_97.75,-1.3563500000000004,-2.1804749999999995,-6.315125,-2.5057275000000003,,-6.225,-4.4918,-2.4225250000000003,temp,JJASO,Day
32.25_94.75,-1.0384,-1.5501750000000003,-2.0144475,-1.8888999999999998,,-3.213395,-3.75331,-2.168875,temp,JJASO,Day
32.25_95.25,-1.6025999999999998,-1.8711375000000003,-1.6141850000000004,-2.3579499999999998,,-0.7415749999999997,-3.957550000000001,-2.6255749999999995,temp,JJASO,Day
32.25_95.75,-2.1233500000000003,-1.5972701,-2.7806499999999996,-3.2173325000000004,,-2.145425,-4.42953,-2.9376999999999995,temp,JJASO,Day
32.25_96.25,-2.2357000000000005,-0.8119499999999995,-4.7829675,-3.3022525,,-4.441625,-4.375325,-2.384475,temp,JJASO,Day
32.25_96.75,-2.0570000000000004,-1.0966,-5.74981,-3.72725,,-5.957575,-4.623975,-2.0997725000000003,temp,JJASO,Day
32.25_97.25,-1.1749,-1.012705,-5.3361725,-2.8267499999999997,,-5.688025,-3.7334750000000003,-1.1865999999999999,temp,JJASO,Day
32.25_97.75,-0.5510000000000002,-0.6655000000000002,-4.368175,-2.121,,-4.750572825000001,-3.2249499999999998,-1.243924999999999,temp,JJASO,Day
32.75_94.75,-1.5207000000000002,-1.5033750000000001,-2.3878999999999997,-2.7338999999999993,,-3.28537425,-3.9217250000000003,-2.6938000000000004,temp,JJASO,Day
32.75_95.25,-2.8503999999999996,-1.7582749999999994,-4.218090000000001,-3.82745,,-4.9292300000000004,-4.803225,-3.8039949999999996,temp,JJASO,Day
32.75_95.75,-1.84265,-1.0581950000000004,-5.397175000000001,-2.9270249999999995,,-6.362299999999999,-4.003125000000001,-2.63937,temp,JJASO,Day
32.75_96.25,-1.89269,-1.0375750000000001,-5.3206500000000005,-3.1418175,,-5.266225,-3.9568499999999998,-2.2984275,temp,JJASO,Day
32.75_96.75,-0.49803199999999975,-0.38634999999999986,-5.4254,-2.3366,,-5.552375,-3.106752499999999,-1.084975,temp,JJASO,Day
33.25_94.25,-1.2772999999999999,-0.6667749999999995,-4.35955,-2.303775,,-4.7369275,-3.24915,-1.92378,temp,JJASO,Day
33.25_94.75,-1.84953,-0.9712775000000002,-4.862652499999999,-3.1474124999999997,,-5.051550000000001,-4.1998975000000005,-2.7075425,temp,JJASO,Day
33.25_95.25,-1.1925000000000001,-1.0680175,-5.4762900000000005,-2.2143,,-5.411849999999999,-3.37655,-2.0136075,temp,JJASO,Day
33.25_95.75,-0.4733499999999997,-0.7342749999999998,-5.1883550000000005,-1.1101094999999992,,-9.531132500000002,-2.4702750000000004,-1.1032750000000002,temp,JJASO,Day
9.25_105.25,0.05850000000000044,1.881499999999999,0.5545000000000009,0.33750000000000036,,0.3414999999999999,-0.13400000000000034,0.3810000000000002,temp,JJASO,Day
9.25_105.75,-0.11550000000000082,1.8279999999999994,0.5797499999999989,0.1559999999999988,,0.17099999999999937,0.09149999999999991,0.4299999999999997,temp,JJASO,Day
9.75_105.25,-0.38149999999999906,1.6720000000000006,0.35975,-0.49675000000000047,,-0.1144999999999996,-0.5359999999999978,0.07375000000000043,temp,JJASO,Day
9.75_105.75,-0.3879999999999981,2.1434999999999995,0.2712500000000002,-0.6537500000000005,,0.0004999999999988347,-0.19625000000000092,0.023000000000001464,temp,JJASO,Day
9.75_106.25,-0.2890000000000015,1.9725000000000001,0.6810000000000009,-0.6185000000000009,,0.3412500000000005,0.23850000000000016,-0.03850000000000087,temp,JJASO,Day
10.25_104.75,-0.6692903225806432,1.6260233870967742,-0.0799682795698935,-0.6254750000000016,,-0.3472166666666663,-0.3376427419354826,-0.38200537634408605,temp,JJASO,Mon
10.25_105.25,-0.7504123655913961,1.6056774193548389,-0.027379032258062708,-1.3600413978494625,,-0.3157338709677422,-0.7311325268817193,-0.4482322580645146,temp,JJASO,Mon
10.25_105.75,-0.6535833333333319,1.9293255376344085,0.2088473118279559,-1.5121024193548376,,0.03584193548387482,-0.45778198924730873,-0.5348860215053772,temp,JJASO,Mon
10.25_106.25,-0.5499575268817178,1.8916612903225793,0.4369661290322586,-1.5236064516129044,,0.19452419354838746,-0.2447661290322607,-0.5765271505376361,temp,JJASO,Mon
10.25_106.75,-0.29884784946236564,1.57557634408602,0.9186696236559158,-1.1501577956989237,,0.5697258064516131,0.07905645161290131,-0.06850000000000023,temp,JJASO,Mon
10.75_104.75,-1.120667741935483,1.9054677419354817,-0.19519354838709901,-1.635183333333332,,-0.49148333333333305,-0.17562526881720686,-1.086873387096773,temp,JJASO,Mon
10.75_105.25,-1.1428548387096757,1.768596774193547,-0.09813118279570077,-2.004258064516131,,-0.3713733870967726,-0.766298387096775,-1.0381500000000017,temp,JJASO,Mon
10.75_105.75,-0.8925806451612885,1.626367473118279,-0.054331720430106145,-2.0494758064516123,,-0.25430860215053563,-0.8744193548387091,-1.024401075268818,temp,JJASO,Mon
11.25_104.25,-1.1028064516129046,1.808806451612904,0.26366935483871146,-2.2828306451612903,,-0.3362680107526881,-0.19015322580644956,-1.2853795698924753,temp,JJASO,Mon
11.25_104.75,-1.25819139784946,1.877600000000001,0.19735913978494857,-2.5047338709677405,,-0.3279516129032256,-0.6176513440860223,-1.4806000000000026,temp,JJASO,Mon
11.25_105.25,-1.0735838709677417,1.7023916666666672,0.135596774193548,-2.5563790322580644,,-0.135549193548389,-0.8168798387096796,-1.2531048387096781,temp,JJASO,Mon
11.75_104.25,-1.2976817204301074,1.2909580645161274,0.6084435483870969,-3.01694435483871,,0.03600806451612648,-0.6990483870967719,-1.4846672043010773,temp,JJASO,Mon
11.75_104.75,-1.3887940860215036,1.6016161290322621,0.6644758064516143,-3.1133430107526863,,-0.008798387096774718,-0.9291774193548399,-1.3459919354838696,temp,JJASO,Mon
11.75_105.25,-1.069080645161291,1.4597583333333368,0.303037096774192,-2.9408145161290307,,-0.10413709677419547,-1.022096774193546,-1.2358403225806462,temp,JJASO,Mon
12.25_103.25,0.5170967741935488,1.1346935483870961,0.7361774193548385,-1.677959677419354,,-0.2158629032258066,-0.3809500000000021,-0.5224803763440846,temp,JJASO,Mon
12.25_103.75,-1.1078709677419365,0.7954677419354841,0.26666666666666927,-3.2586059139784957,,-0.25809677419355026,-0.8195475806451622,-1.6286169354838673,temp,JJASO,Mon
12.25_104.25,-0.755403225806452,1.7936290322580657,0.7989596774193544,-2.8764274193548385,,0.07558064516129193,-0.4377814516129046,-0.6478629032258052,temp,JJASO,Mon
12.25_104.75,-1.1823870967741943,1.5839435483870972,0.24461102150537606,-3.3026567204301074,,-0.2388448924731179,-1.0590881720430136,-0.9263166666666667,temp,JJASO,Mon
12.25_105.25,-0.865887096774193,1.4663919354838715,0.1685083333333317,-3.272604838709679,,-0.18150376344086006,-1.0325518817204298,-1.199773924731181,temp,JJASO,Mon
12.25_105.75,-0.8831129032258058,1.1898790322580641,0.05183333333333273,-3.3435865591397853,,-0.13171774193548558,-0.9960107526881696,-1.5819516129032252,temp,JJASO,Mon
12.25_106.25,-0.7173467741935511,1.6300583333333343,0.2383064516129032,-3.2098884408602153,,0.10140322580645211,-0.6387338709677426,-1.4337666666666635,temp,JJASO,Mon
12.25_106.75,-0.2657715053763443,1.5203026881720447,0.4411736559139783,-3.0648981182795705,,0.5854750000000006,-0.38617741935483707,-1.242293010752686,temp,JJASO,Mon
12.25_107.25,1.383874193548385,0.9247083333333332,0.3855750000000011,-1.1779919354838722,,0.9516612903225834,0.8180102150537589,-0.033467741935481854,temp,JJASO,Mon
12.25_107.75,1.1563795698924721,0.858031451612904,1.37325564516129,-1.0372752688172042,,1.0762645161290365,0.3628572580645155,-1.1504370967741941,temp,JJASO,Mon
12.25_108.25,2.0695747311827954,0.7258145161290344,1.2567416666666649,-0.26166129032258034,,1.262668010752689,0.4496123655913973,-0.34905000000000186,temp,JJASO,Mon
12.75_102.75,0.1735784946236567,1.5777822580645147,0.16175456989247294,-2.664785752688175,,-0.5747258064516121,-0.267564516129033,-1.1595161290322586,temp,JJASO,Mon
12.75_103.25,-0.609209677419356,1.7388709677419367,0.9177741935483894,-3.4790013440860204,,0.6315489247311827,0.15127500000000005,-1.6712249999999997,temp,JJASO,Mon
12.75_103.75,-0.967032258064517,2.070217741935485,1.551943548387099,-3.6181704301075257,,0.9649938172043022,-0.15811666666666824,-1.3338696236559162,temp,JJASO,Mon
12.75_104.25,-0.9091177419354874,2.000169354838711,0.9563790322580648,-3.6262177419354806,,0.35244354838709846,-0.7214274193548391,-1.099693817204301,temp,JJASO,Mon
12.75_104.75,-1.0501290322580665,1.7814481182795703,0.2659354838709689,-3.602293817204302,,-0.14314516129032206,-1.0246129032258082,-1.3345161290322576,temp,JJASO,Mon
12.75_105.25,-0.8776043010752677,1.1623467741935531,0.02479838709677118,-3.6692462365591414,,-0.316806451612905,-1.0841120967741933,-1.6575086021505392,temp,JJASO,Mon
12.75_105.75,-0.7365000000000013,0.9727661290322587,0.1485999999999983,-3.638316935483873,,-0.04260483870967846,-0.970145161290322,-1.7814666666666703,temp,JJASO,Mon
12.75_106.25,-0.5998548387096783,1.5938145161290311,0.2848698924731181,-3.336421774193548,,0.09139596774193492,-0.7927983870967719,-1.7728833333333345,temp,JJASO,Mon
12.75_106.75,-0.011516129032255407,1.7542903225806459,0.3193709677419374,-2.9794919354838694,,0.3116290322580646,-0.30150483870967726,-1.3867333333333338,temp,JJASO,Mon
12.75_107.25,0.5374333333333325,2.0702763440860217,0.6048833333333317,-2.575474193548386,,0.1464303763440853,0.035201612903225765,-1.0396951612903234,temp,JJASO,Mon
12.75_107.75,0.03835537634408759,1.9257749999999998,0.41372500000000123,-2.885710215053763,,0.18605860215053838,-0.3057677419354832,-2.007429301075268,temp,JJASO,Mon
12.75_108.25,0.8361666666666672,1.7716935483870966,1.0748166666666652,-1.9822499999999987,,0.0011919354838738627,-0.5655916666666663,-1.289491666666665,temp,JJASO,Mon
13.25_102.75,-0.7446451612903235,1.6902983870967727,0.3424706989247337,-3.645188978494623,,0.4543666666666688,-0.07734999999999914,-1.8625080645161294,temp,JJASO,Mon
13.25_103.25,-0.6022295698924722,2.2121268817204314,0.9866768817204292,-3.4945161290322577,,0.4229250000000011,-0.15434166666666904,-1.4427747311827943,temp,JJASO,Mon
13.25_103.75,-0.4309677419354845,1.819983333333333,0.9585322580645155,-3.3325161290322587,,0.49981075268817143,-0.4770819892473117,-1.017669354838711,temp,JJASO,Mon
13.25_104.25,-0.3847580645161308,1.626395161290322,0.4081048387096775,-3.424064516129029,,-0.009540322580646077,-0.7544193548387099,-1.219202419354838,temp,JJASO,Mon
13.25_104.75,-0.6232241935483867,1.4929749999999995,0.1435319892473128,-3.562166397849463,,-0.23933064516129043,-0.8773951612903215,-1.5990322580645149,temp,JJASO,Mon
13.25_105.25,-0.6291935483870965,1.113467741935482,0.25264005376344123,-3.7113723118279545,,-0.18510376344086055,-1.0579978494623656,-1.7063239247311834,temp,JJASO,Mon
13.25_105.75,-0.44081290322580635,1.0652822580645172,0.3961370967741935,-3.5785427419354843,,0.1502661290322571,-0.8507166666666688,-1.5146532258064518,temp,JJASO,Mon
13.25_106.25,-0.38977419354838894,1.5764215053763468,0.25753333333333117,-3.3099954301075254,,0.07710833333332978,-0.6168548387096777,-1.4643607526881706,temp,JJASO,Mon
13.25_106.75,-0.18591827956989349,1.7940903225806455,0.4953467741935498,-3.0804333333333336,,0.19220967741935446,-0.3284112903225793,-1.332698387096773,temp,JJASO,Mon
13.25_107.25,-0.3752741935483872,2.2798693548387075,0.7458946236559161,-3.302516666666664,,0.3862250000000014,-0.22385483870967704,-1.5798416666666668,temp,JJASO,Mon
13.25_107.75,-0.30927419354838825,2.2393295698924742,0.572944354838711,-3.2322750000000013,,0.8300096774193584,-0.335401612903226,-1.7847736559139769,temp,JJASO,Mon
13.25_108.25,1.071354838709679,2.811858333333335,1.228492204301073,-1.7929532258064498,,0.48544569892473177,0.00993333333333446,-0.29041129032257906,temp,JJASO,Mon
13.75_102.75,-0.655629032258064,1.667314784946237,0.20606370967741938,-3.9423064516129003,,-0.21722580645161216,-0.7304596774193559,-2.3223959677419366,temp,JJASO,Mon
13.75_103.25,-0.46106451612902966,1.9228236559139802,0.4953365591397869,-3.6522419354838718,,0.05794623655914144,-0.7336088709677391,-1.998306451612903,temp,JJASO,Mon
13.75_103.75,-0.17967741935483872,1.8088946236559114,0.6054744623655903,-3.4432706989247315,,0.18780698924731176,-0.7385333333333346,-1.6764623655913962,temp,JJASO,Mon
13.75_104.25,-0.03758064516129167,1.7389500000000009,0.5809112903225806,-3.333916935483872,,0.12382258064516094,-0.6915470430107522,-1.6398540322580661,temp,JJASO,Mon
13.75_104.75,-0.40143064516128923,1.6959596774193528,0.429806451612901,-3.3931749999999994,,0.013443548387096271,-0.8556532258064529,-1.8193862903225817,temp,JJASO,Mon
13.75_105.25,-0.548583333333335,1.4464739247311815,0.547625,-3.6570403225806434,,0.09557500000000196,-1.0624919354838696,-1.8239749999999972,temp,JJASO,Mon
13.75_105.75,-0.4198870967741932,1.2315916666666684,0.5399838709677436,-3.4980774193548374,,0.21136290322580642,-0.7839333333333336,-1.470056451612903,temp,JJASO,Mon
13.75_106.25,-0.6000483870967734,1.3916499999999985,0.10347580645161081,-3.5171451612903226,,0.04624999999999879,-0.7714112903225807,-1.4448088709677407,temp,JJASO,Mon
13.75_106.75,-0.5321774193548396,1.5990166666666674,0.17698387096774226,-3.4568411290322576,,-0.0724704301075274,-0.7846903225806461,-1.4025258064516137,temp,JJASO,Mon
13.75_107.25,-0.2344516129032268,1.9364435483870963,0.034935483870965456,-3.3615137096774195,,0.0972481182795697,-0.4995803763440865,-1.4957249999999984,temp,JJASO,Mon
13.75_107.75,0.44482258064516245,2.0860010752688183,0.11846666666666827,-2.6746083333333335,,0.07154354838709587,-0.4936916666666651,-1.3937016129032251,temp,JJASO,Mon
14.25_102.25,0.32309784946236597,0.3303631720430129,-0.2742870967741933,-2.970966397849459,,-0.3051370967741942,-0.4845736559139784,-1.5912258064516127,temp,JJASO,Mon
14.25_102.75,-0.1688500000000026,0.7974201612903258,0.09077419354838767,-3.6504473118279606,,-0.44646720430107756,-0.69341935483871,-2.0196424731182816,temp,JJASO,Mon
14.25_103.25,-0.3631612903225818,1.2694333333333354,0.17520161290322278,-3.7097903225806466,,-0.2662000000000013,-0.9682250000000003,-2.205362903225806,temp,JJASO,Mon
14.25_103.75,-0.27314516129032107,1.200566666666667,0.18698548387096814,-3.577183870967742,,-0.261825,-1.0859368279569903,-2.1463325268817197,temp,JJASO,Mon
14.25_104.25,-0.03324139784946567,1.064180913978495,0.3409000000000013,-3.237076075268819,,-0.1495887096774169,-0.8509250000000019,-1.7358051075268826,temp,JJASO,Mon
14.25_104.75,-0.3595634408602155,1.404424999999998,0.39415376344086006,-3.273112903225808,,-0.0026854838709695628,-1.0096970430107532,-1.7585868279569894,temp,JJASO,Mon
14.25_105.25,-0.07828602150537733,1.264281182795699,0.5960053763440882,-3.0132287634408588,,0.29075000000000095,-0.6915887096774203,-1.2803293010752679,temp,JJASO,Mon
14.25_105.75,-0.86401559139785,1.5275080645161303,0.35372768817204303,-3.4384881720430105,,0.00716478494623729,-0.9475521505376374,-1.7354833333333328,temp,JJASO,Mon
14.25_106.25,-1.2425397849462367,1.219383333333333,-0.1552518817204298,-3.777793279569895,,-0.4687325268817215,-1.2639639784946244,-1.8856416666666682,temp,JJASO,Mon
14.25_106.75,-0.2671715053763446,1.6948905913978507,0.012183333333332769,-2.911304569892472,,-0.0006228494623652381,-0.6108779569892491,-1.009096774193548,temp,JJASO,Mon
14.25_107.25,-0.3965483870967734,1.2937666666666647,-0.5396583333333336,-3.0140833333333354,,-0.47777500000000117,-0.933547311827958,-1.6544615591397864,temp,JJASO,Mon
14.25_107.75,0.24168602150537666,0.9917720430107533,-0.46548655913978365,-2.5444999999999993,,-0.6012989247311822,-1.059740322580648,-1.9499134408602128,temp,JJASO,Mon
14.25_108.25,1.4336446236559137,0.9573612903225825,0.45552123655913945,-1.175636827956989,,-0.017763440860216306,-0.13583870967741873,-0.499379032258064,temp,JJASO,Mon
14.75_101.75,0.017016666666668456,0.8018306451612904,-0.23920000000000208,-3.154890860215053,,-1.0034193548387087,-0.9772096774193564,-2.2837016129032257,temp,JJASO,Mon
14.75_102.25,-0.7427500000000009,0.9854435483870994,0.20987096774193503,-3.9977338709677426,,-0.815314784946235,-0.7686916666666672,-2.726929838709678,temp,JJASO,Mon
14.75_102.75,-0.4175000000000004,1.0991879032258058,0.20849999999999902,-3.8270403225806433,,-0.5702341397849473,-0.868279301075269,-2.3730806451612914,temp,JJASO,Mon
14.75_103.25,-0.2543413978494584,1.1169970430107519,0.19858064516129126,-3.59866129032258,,-0.465208333333333,-1.0745000000000022,-2.2229150537634403,temp,JJASO,Mon
14.75_103.75,-0.1452376344086037,1.1478419354838678,0.3258771505376341,-3.338451612903226,,-0.26755833333333356,-1.097366666666666,-2.024556451612904,temp,JJASO,Mon
14.75_104.25,-0.2921145161290344,1.0508916666666668,0.248474462365591,-3.2792096774193578,,-0.32483870967742057,-1.0340473118279565,-1.8235967741935486,temp,JJASO,Mon
14.75_104.75,-0.3077430107526897,1.261874999999998,0.2379193548387093,-3.074708333333332,,-0.16808897849462312,-0.902993817204301,-1.5585153225806483,temp,JJASO,Mon
14.75_105.25,-0.30919354838709623,1.361555645161289,0.2042749999999991,-3.037798387096773,,-0.14471666666666572,-0.7652666666666672,-1.5205448924731222,temp,JJASO,Mon
14.75_105.75,-0.8696129032258071,1.376137634408602,-0.11523387096774051,-3.6325583333333338,,-0.3555241935483888,-1.2702416666666707,-1.9366583333333356,temp,JJASO,Mon
14.75_106.25,-1.1292596774193573,0.42347849462365517,-0.7860241935483891,-4.050583333333334,,-1.0885916666666677,-2.1713166666666677,-2.2019666666666673,temp,JJASO,Mon
14.75_106.75,-0.9274354838709673,0.3185919354838749,-0.7667983870967738,-3.8943034946236565,,-0.9689123655913985,-1.7739650537634404,-2.422378225806453,temp,JJASO,Mon
14.75_107.25,-1.0776129032258073,0.389705645161289,-0.5606381720430118,-3.930532258064517,,-0.20443145161290133,-1.7238000000000007,-3.022617473118281,temp,JJASO,Mon
14.75_107.75,1.2124999999999986,0.18034892473118092,-0.48930000000000007,-2.1186876344086016,,-0.7222750000000033,-1.0943467741935482,-1.4476935483870967,temp,JJASO,Mon
14.75_108.25,2.175699999999999,0.8609500000000008,0.6285806451612874,-0.7598225806451602,,0.03476666666666972,-0.09629999999999583,0.22912096774193635,temp,JJASO,Mon
15.25_101.75,-0.03641666666666765,1.3404919354838736,0.25149327956989076,-3.761564516129031,,-0.49463306451612965,-0.5852102150537632,-2.615958333333337,temp,JJASO,Mon
15.25_102.25,-0.41632258064516137,1.5130725806451633,0.537037903225805,-4.101629032258062,,-0.19339973118279552,-0.46700833333333236,-2.613459677419355,temp,JJASO,Mon
15.25_102.75,-0.11754838709677173,1.6293494623655906,0.3293306451612885,-3.891854838709678,,-0.33399999999999963,-0.6022580645161302,-2.047491935483869,temp,JJASO,Mon
15.25_103.25,-0.15082688172042857,1.5635779569892456,0.23765322580645254,-3.7798709677419353,,-0.4121876344086015,-0.9249435483870965,-1.8217916666666678,temp,JJASO,Mon
15.25_103.75,-0.12908064516128803,1.6196612903225809,0.2414059139784932,-3.528714784946237,,-0.36105000000000054,-0.9758849462365564,-1.8759354838709683,temp,JJASO,Mon
15.25_104.25,-0.3421935483870975,1.6412419354838708,0.09329381720429986,-3.5536276881720408,,-0.43212096774193576,-1.1190637096774214,-1.9337223118279585,temp,JJASO,Mon
15.25_104.75,-0.6115322580645159,1.505569086021504,-0.057000000000000384,-3.5088870967741936,,-0.46764381720430137,-1.1954389784946233,-1.9384016129032258,temp,JJASO,Mon
15.25_105.25,-0.6398698924731185,1.6278083333333342,0.10212500000000091,-3.4235373655913985,,-0.2971749999999993,-1.1520454301075258,-1.868057795698924,temp,JJASO,Mon
15.25_105.75,-1.2712284946236547,0.7180830645161294,-0.5498594086021509,-4.141408064516126,,-0.6613467741935466,-1.6343387096774187,-2.2563086021505363,temp,JJASO,Mon
15.25_106.25,1.7851865591397864,1.9186749999999986,0.9674516129032291,-1.1623981182795706,,1.0186134408602143,0.3737419354838689,0.659080645161291,temp,JJASO,Mon
15.25_106.75,-0.9147376344086009,0.009888709677419172,-1.443441666666665,-3.94428252688172,,-1.6308790322580666,-1.7121118279569902,-2.6686258064516117,temp,JJASO,Mon
15.25_107.25,0.7077005376344072,1.2785322580645193,0.6902612903225798,-2.1905483870967757,,0.479322580645162,-0.7028594086021496,-1.1256206989247293,temp,JJASO,Mon
15.75_101.75,-0.004933333333333678,1.1479435483870972,0.5271048387096791,-3.7815564516129037,,-0.15180510752687937,-0.5497620967741934,-2.356532258064515,temp,JJASO,Mon
15.75_102.25,-0.22603225806451732,1.6623870967741947,0.48493548387096475,-3.83280134408602,,-0.08374731182795792,-0.2158833333333341,-2.0363263440860226,temp,JJASO,Mon
15.75_102.75,0.03815430107526829,1.9292094086021496,0.3679333333333332,-3.644927419354838,,-0.2507741935483878,-0.37511801075268814,-1.5399594086021509,temp,JJASO,Mon
15.75_103.25,-0.0732258064516138,1.8516153225806473,0.25130483870967524,-3.6205768817204316,,-0.37808333333333266,-0.7576750000000008,-1.5799486559139773,temp,JJASO,Mon
15.75_103.75,-0.16219408602150587,1.880916666666666,0.13177419354838804,-3.6161706989247318,,-0.44233521505376316,-0.9605086021505382,-1.9074857526881743,temp,JJASO,Mon
15.75_104.25,-0.3589333333333329,1.8402822580645175,-0.0115454301075264,-3.608766666666668,,-0.5185806451612898,-1.1197048387096782,-2.0074443548387073,temp,JJASO,Mon
15.75_104.75,-0.5877741935483858,1.5382083333333334,-0.1733629032258044,-3.5523844086021494,,-0.5737583333333323,-1.22780456989247,-1.8946833333333313,temp,JJASO,Mon
15.75_105.25,-0.7938107526881737,1.393221774193547,-0.2696776881720435,-3.607973655913982,,-0.66811075268817,-1.315209677419352,-1.7965206989247324,temp,JJASO,Mon
15.75_105.75,-1.0196666666666658,1.5833096774193525,-0.1553145161290317,-4.027805107526884,,-0.719887634408602,-1.5682983870967728,-2.0269274193548377,temp,JJASO,Mon
15.75_106.25,-1.6410811827957001,1.209379032258063,-0.3982016129032253,-4.612412096774195,,-1.1190483870967736,-2.148080645161288,-2.9902720430107514,temp,JJASO,Mon
15.75_106.75,-0.3166763440860212,0.21820537634408588,-1.4103467741935471,-3.8271758064516117,,-1.5421249999999986,-1.8501935483870966,-2.633685483870968,temp,JJASO,Mon
16.25_101.75,1.0948844086021499,1.2236048387096776,1.907074462365589,-3.2011091397849487,,1.1505645161290303,-0.23103333333333254,-1.3819274193548416,temp,JJASO,Mon
16.25_102.25,0.0972096774193556,1.7884166666666665,0.31436666666666646,-3.7300241935483847,,-0.32141747311827906,0.14453333333333518,-1.595486559139788,temp,JJASO,Mon
16.25_102.75,0.06475000000000009,1.8294387096774223,0.24344784946236686,-3.6626166666666666,,-0.36125752688171886,-0.2706451612903198,-1.3773870967741946,temp,JJASO,Mon
16.25_103.25,-0.055274193548388695,1.743367473118278,0.16916801075269028,-3.5774193548387103,,-0.43622795698924755,-0.7460889784946243,-1.659782258064519,temp,JJASO,Mon
16.25_103.75,-0.12698333333333167,1.7397741935483886,-0.02248387096773996,-3.606608333333334,,-0.5621061827956968,-0.9979999999999993,-2.063483870967742,temp,JJASO,Mon
16.25_104.25,-0.13982258064516095,1.3933239247311828,-0.1374274193548377,-3.4097145161290356,,-0.581678494623656,-1.0141083333333327,-1.8906290322580634,temp,JJASO,Mon
16.25_104.75,-0.5358333333333345,1.3435395161290327,-0.30333198924731164,-3.494620698924731,,-0.6348056451612916,-1.1208717741935477,-1.5971249999999966,temp,JJASO,Mon
16.25_105.25,-1.1495161290322589,1.2314999999999987,-0.3913387096774219,-3.946137096774194,,-0.8899758064516146,-1.531125268817208,-1.840232795698924,temp,JJASO,Mon
16.25_105.75,-1.4028833333333335,1.5307336021505353,-0.5185819892473109,-4.163193548387101,,-0.7891529569892484,-1.6324064516129049,-2.179548387096771,temp,JJASO,Mon
16.25_106.25,-0.8859844086021482,1.388870967741937,-0.6920524193548392,-3.7789854838709687,,-0.7875080645161265,-1.494120967741937,-2.1566935483870964,temp,JJASO,Mon
16.25_106.75,0.7744059139784927,1.1137067204301072,-0.5095086021505377,-2.488637096774193,,-1.108048387096776,-0.8299749999999992,-0.7232499999999966,temp,JJASO,Mon
16.25_107.25,0.8548048387096774,0.40334166666666604,0.007816666666668581,-2.7954758064516128,,-0.7517419354838708,-0.8194798387096789,-0.26667688172043036,temp,JJASO,Mon
16.75_101.75,1.0770322580645164,1.737310215053764,1.6273330645161277,-3.3228448924731175,,0.8029978494623649,0.13333064516129234,-1.0391395161290315,temp,JJASO,Mon
16.75_102.25,-0.25934999999999775,1.6187333333333331,0.02384059139785144,-3.966795161290321,,-0.5278048387096792,0.03838387096774021,-1.452209677419356,temp,JJASO,Mon
16.75_102.75,0.04911290322580619,1.630916666666666,0.1871580645161277,-3.6502018817204274,,-0.4599884408602133,-0.36485322580645096,-1.193990591397851,temp,JJASO,Mon
16.75_103.25,-0.0301774193548372,1.4974669354838728,0.16999193548387304,-3.5041650537634403,,-0.385199462365593,-0.6762096774193562,-1.4399647849462376,temp,JJASO,Mon
16.75_103.75,0.11875967741935334,1.2136220430107514,-0.02782473118279505,-3.28963682795699,,-0.5179666666666662,-0.8282983870967744,-1.7244064516129036,temp,JJASO,Mon
16.75_104.25,0.1796833333333332,1.358313978494623,0.13575645161290417,-2.9560241935483873,,-0.3496443548387109,-0.677306451612905,-1.2663053763440857,temp,JJASO,Mon
16.75_104.75,-0.8605623655913988,1.5114250000000027,0.06426612903225859,-3.590324999999998,,-0.6192962365591406,-1.1652900537634387,-1.4712967741935472,temp,JJASO,Mon
16.75_105.25,-1.331225806451613,1.374934946236559,-0.25661290322580577,-4.07155,,-0.8359249999999978,-1.5582661290322566,-1.9717741935483897,temp,JJASO,Mon
16.75_105.75,-1.4443553763440864,1.414859946236561,-0.34444999999999837,-4.191967741935484,,-0.8813548387096777,-1.7185666666666677,-2.410758064516129,temp,JJASO,Mon
16.75_106.25,0.008241935483869867,1.3902478494623658,-0.3518951612903223,-3.4007739247311815,,-1.0529239247311803,-1.2431956989247297,-1.7192580645161275,temp,JJASO,Mon
17.25_101.75,0.38418655913978483,1.5918013440860221,-0.050273118279571705,-4.175758333333334,,-0.7973064516129025,-0.12762365591397895,-1.2562166666666634,temp,JJASO,Mon
17.25_102.25,-0.1853655913978507,1.982862903225806,0.5250916666666683,-3.941449999999998,,-0.07324193548387292,0.08446505376343971,-0.8712083333333336,temp,JJASO,Mon
17.25_102.75,-0.012381182795701662,1.780540322580645,0.453899462365591,-3.493664247311827,,-0.23429005376344314,-0.3497580645161307,-0.6671250000000004,temp,JJASO,Mon
17.25_103.25,-0.23508440860214996,1.423888440860214,0.20071102150537534,-3.3861854838709693,,-0.3575322580645164,-0.6000564516129039,-0.9586532258064526,temp,JJASO,Mon
17.25_103.75,-0.21060591397849393,1.2983529569892465,0.11499838709677412,-3.224214784946236,,-0.49761801075268686,-0.7522580645161305,-1.1849916666666687,temp,JJASO,Mon
17.25_104.25,-0.7894166666666678,1.4609779569892485,0.22381666666666789,-3.417608333333334,,-0.4295443548387077,-0.8215645161290333,-1.408152150537635,temp,JJASO,Mon
17.25_104.75,-1.3026279569892463,1.8683091397849445,0.2329083333333326,-3.7142096774193547,,-0.244016666666667,-1.1187499999999986,-1.677703494623655,temp,JJASO,Mon
17.25_105.25,-1.2439838709677389,1.4289771505376336,-0.1291814516129044,-4.238362903225807,,-0.6469698924731198,-1.5310483870967762,-2.260162634408603,temp,JJASO,Mon
17.25_105.75,-0.43122580645161435,0.9776118279569914,-0.5221290322580643,-3.9898284946236533,,-0.9192456989247333,-1.5801188172042995,-2.059774193548389,temp,JJASO,Mon
17.25_106.25,1.0133225806451627,1.2685088709677412,0.012029032258066508,-2.607524462365591,,-0.9864413978494628,-0.6385271505376338,-0.8946935483870941,temp,JJASO,Mon
17.75_101.25,0.2946876344086018,1.7343193548387088,0.1097416666666664,-3.9502258064516145,,-0.6107537634408597,-0.5840870967741942,-1.2615037634408637,temp,JJASO,Mon
17.75_101.75,-0.12984999999999758,2.020511559139786,0.35473360215053695,-4.31458870967742,,-0.21984677419354703,-0.04876263440860207,-1.0279755376344077,temp,JJASO,Mon
17.75_102.25,-0.2073387096774173,2.617270698924729,0.7624107526881705,-3.8145749999999996,,-0.00024166666666758374,0.2658000000000005,-0.5248249999999981,temp,JJASO,Mon
17.75_102.75,-0.35501612903225777,2.3793916666666686,0.7100188172043005,-3.70505887096774,,-0.03917822580645236,-0.0020645161290282488,-0.628165591397849,temp,JJASO,Mon
17.75_103.25,-0.5937580645161322,2.0494112903225794,0.3987338709677424,-3.4921500000000005,,-0.16232258064516003,-0.3428145161290317,-0.8001771505376318,temp,JJASO,Mon
17.75_103.75,-0.8426451612903225,2.020225806451613,0.28657499999999736,-3.609005645161293,,-0.23555645161290428,-0.47690510752688375,-1.0976564516129024,temp,JJASO,Mon
17.75_104.25,-1.2001500000000007,2.0068583333333336,0.4400161290322586,-3.941443548387097,,-0.09894005376344417,-0.9556129032258074,-1.6363225806451602,temp,JJASO,Mon
17.75_104.75,-0.5319505376344082,1.4518467741935464,0.1086532258064512,-3.5103053763440855,,-0.37391075268817175,-1.1731290322580694,-1.4616610215053782,temp,JJASO,Mon
17.75_105.25,0.7241043010752701,1.1608021505376378,0.26297150537634373,-2.6306701612903236,,-0.4302758064516148,-0.8501782258064505,-0.6496634408602144,temp,JJASO,Mon
18.25_101.25,0.18167204301075124,1.8958134408602145,-0.10755967741935635,-3.7669494623655915,,-0.3689,-0.6239803763440843,-0.9717258064516123,temp,JJASO,Mon
18.25_101.75,-0.4369999999999994,2.032354838709674,0.07414596774193605,-4.325769354838709,,-0.22820967741935583,-0.10444354838709913,-1.2101193548387084,temp,JJASO,Mon
18.25_102.25,-0.6560666666666677,2.6575470430107515,0.9113499999999988,-4.333033064516128,,0.11064516129032143,0.023476881720432274,-1.270576344086022,temp,JJASO,Mon
18.25_102.75,-0.3851790322580637,2.108238440860214,0.5874193548387101,-3.7985811827956972,,0.24875000000000114,0.04839516129032084,-0.9196836021505383,temp,JJASO,Mon
18.25_103.25,-1.1088709677419342,2.2928916666666677,0.08710000000000129,-4.161135483870968,,-0.6826317204301073,-0.9013629032258059,-1.351474999999997,temp,JJASO,Mon
18.25_103.75,-1.5959736559139799,2.440218010752691,0.2204403225806466,-4.5782096774193555,,-0.410602956989246,-1.0423892473118261,-1.9258236559139768,temp,JJASO,Mon
18.25_104.25,-0.7580155913978501,1.7269916666666667,0.0951147849462366,-3.8870338709677448,,-0.30347499999999883,-0.858136290322582,-1.3919919354838708,temp,JJASO,Mon
18.25_104.75,0.8443333333333314,1.044096774193548,-0.3221362903225806,-2.591340053763437,,-0.6839677419354846,-0.7240887096774191,-0.24825000000000053,temp,JJASO,Mon
18.25_105.25,1.7511612903225817,1.124460483870969,0.4045577956989259,-1.2173177419354815,,-0.9119838709677417,0.3833330645161279,0.7617000000000012,temp,JJASO,Mon
18.75_101.25,0.7519516129032269,0.7173666666666652,-0.5491655913978502,-2.8828467741935473,,-0.7578838709677438,-0.6939408602150525,-0.25791666666666657,temp,JJASO,Mon
18.75_101.75,-0.9163870967741943,1.2897572580645171,-0.33541451612903117,-4.409153225806451,,-0.8026212365591388,-0.5035483870967745,-1.6887749999999997,temp,JJASO,Mon
18.75_102.25,-1.6493548387096766,1.6488766129032264,0.2577833333333306,-5.104641666666666,,-0.7009841397849446,-1.2178870967741915,-2.3536954301075266,temp,JJASO,Mon
18.75_102.75,-0.8873548387096761,0.7962822580645152,-0.4504916666666663,-4.154224999999997,,-0.6795666666666662,-1.1095454301075272,-1.3793500000000023,temp,JJASO,Mon
18.75_103.25,0.7478779569892477,0.5608916666666683,0.16950833333333648,-2.4509333333333334,,0.3608145161290306,0.3002419354838697,0.26939166666666736,temp,JJASO,Mon
18.75_103.75,-1.7734193548387083,1.5028249999999979,-0.24087499999999906,-5.013050000000002,,-1.2321991935483858,-1.6461583333333358,-2.389737096774194,temp,JJASO,Mon
18.75_104.25,-0.018129032258064726,1.1602750000000022,-0.47550295698924927,-3.444945967741935,,-0.619082526881721,-0.8112887096774202,-0.7138333333333371,temp,JJASO,Mon
18.75_104.75,1.9274381720430114,1.7537419354838697,0.9133185483870978,-1.610448655913979,,-0.4672266129032252,0.7160241935483889,1.2575822580645148,temp,JJASO,Mon
19.25_101.25,1.5557833333333342,0.7859249999999971,0.5155150537634423,-2.484008333333332,,0.006717741935483801,-0.5661994623655939,0.32225833333333576,temp,JJASO,Mon
19.25_101.75,-0.9187838709677401,0.6478505376344099,-0.42436209677419434,-4.862362903225808,,-0.8413951612903219,-1.245746774193547,-1.9825166666666671,temp,JJASO,Mon
19.25_102.25,0.5129032258064523,0.9856373655913977,-0.050820161290323185,-3.4317083333333347,,-0.6075483870967737,-0.8491333333333326,-0.40937499999999893,temp,JJASO,Mon
19.25_102.75,1.1049677419354857,0.1916048387096776,-0.0814959677419349,-2.5965354838709693,,-0.3750594086021497,-0.7175873655913989,0.10203333333333475,temp,JJASO,Mon
19.25_103.25,1.2071774193548386,0.1131583333333328,-0.43232258064516316,-2.455552419354838,,-0.8462534946236548,-0.7921693548387108,-0.13037768817204487,temp,JJASO,Mon
19.25_99.75,0.4123709677419374,1.9115583333333337,0.8806698924731187,-3.006724462365593,,0.16094354838709712,-0.4333137096774191,-1.2691500000000033,temp,JJASO,Mon
19.75_100.25,-0.31707043010752756,2.142959677419354,0.26393629032258303,-3.8274862903225806,,-0.005258064516128869,-0.48782123655914056,-1.076614516129034,temp,JJASO,Mon
19.75_100.75,0.2535500000000006,1.3781999999999979,-0.1511381720430105,-4.056891666666669,,-0.5113749999999992,-1.0152916666666645,-0.9188064516129071,temp,JJASO,Mon
19.75_101.25,0.014516129032257297,0.2682940860215073,-0.5510938172043023,-4.2699341397849455,,-0.9908548387096783,-1.4650010752688196,-1.118216666666667,temp,JJASO,Mon
19.75_101.75,-0.9579086021505354,0.9227250000000016,-0.35420215053763293,-4.976708333333333,,-0.8216693548387113,-1.6065881720430095,-1.7406249999999996,temp,JJASO,Mon
19.75_102.25,-0.8568499999999979,0.5257932795698927,-1.3162698924731142,-4.562231720430107,,-1.8518712365591377,-1.7330499999999986,-1.2273064516128986,temp,JJASO,Mon
19.75_102.75,-0.3371451612903229,0.8032258064516107,-0.3476935483870971,-3.7329596774193536,,-0.745849999999999,-1.5100583333333315,-0.47940053763440815,temp,JJASO,Mon
19.75_103.25,0.03983118279569986,1.0698387096774198,0.15999193548387147,-3.0285666666666664,,-0.13905080645161227,-1.1252623655913983,-0.3981922043010755,temp,JJASO,Mon
19.75_99.25,0.03216129032258053,0.9906416666666651,-0.13798790322580423,-2.9298583333333337,,-0.5179435483870947,-0.8097424731182805,-1.184621505376347,temp,JJASO,Mon
19.75_99.75,-0.2826043010752688,2.1879112903225817,0.5359112903225789,-3.4739758064516124,,-0.01687903225806231,-0.4399129032258067,-1.387508333333333,temp,JJASO,Mon
20.25_100.25,-1.3593704301075267,1.7754354838709663,-0.02813172043010681,-4.848591666666666,,-0.20534784946236684,-0.884459677419354,-1.705333333333332,temp,JJASO,Mon
20.25_100.75,-0.6882580645161305,1.0271620967741928,-0.13231666666666797,-4.7936532258064535,,-0.8155422043010727,-1.566790322580644,-1.2734083333333341,temp,JJASO,Mon
20.25_101.25,-0.18930053763440746,0.8536083333333302,-0.3986793010752674,-4.395223118279569,,-0.7245440860215062,-1.4047249999999991,-1.012081182795697,temp,JJASO,Mon
20.25_101.75,0.132338709677418,1.1245879032258088,0.43871774193548596,-3.773066666666665,,-0.2504795698924731,-0.8337258064516124,-0.2938833333333353,temp,JJASO,Mon
20.25_102.25,-1.2191155913978502,1.5743749999999999,-0.24413924731182846,-4.749516129032255,,-1.056454569892475,-1.4891263440860207,-0.9254999999999995,temp,JJASO,Mon
20.25_102.75,-0.6104741935483879,2.0056290322580654,0.23610000000000042,-3.891895161290323,,-0.5809596774193526,-1.0053526881720405,-0.06473387096774097,temp,JJASO,Mon
20.25_103.25,0.4712258064516117,2.1701018817204307,1.08134193548387,-2.593749462365592,,-0.36233064516129154,-0.8869244623655934,0.617466666666667,temp,JJASO,Mon
20.25_99.25,0.5043225806451623,0.8598333333333361,-0.5210645161290319,-2.593842204301076,,-0.9192284946236544,-0.7467833333333331,-0.5510368279569882,temp,JJASO,Mon
20.25_99.75,-0.48900000000000254,1.944373655913978,0.21966908602150603,-3.7245653225806414,,-0.7081618279569888,-0.6182661290322589,-1.2826854838709671,temp,JJASO,Mon
20.75_100.25,-0.45683870967741846,1.2600473118279556,0.18757849462365428,-4.172794623655914,,-0.0660080645161294,-0.882804301075268,-1.2315645161290352,temp,JJASO,Mon
20.75_100.75,-0.3278618279569887,1.0178709677419384,0.010645161290323557,-4.448983333333334,,-0.6703951612903243,-1.574120967741937,-0.7619516129032231,temp,JJASO,Mon
20.75_101.25,0.12023333333333319,0.49769354838709745,-0.11611720430107475,-4.028870967741936,,-0.5228271505376352,-1.4166212365591395,-0.23575833333333307,temp,JJASO,Mon
20.75_101.75,-0.4035967741935469,0.6635000000000009,0.24229032258064365,-4.248548387096774,,-0.6873212365591392,-1.4797903225806461,-0.5164677419354842,temp,JJASO,Mon
20.75_102.25,-0.23922903225806635,1.8940411290322583,0.21991129032258172,-3.7427731182795725,,0.04070967741935583,-0.6089424731182795,0.22339516129032155,temp,JJASO,Mon
20.75_102.75,-0.7831774193548391,2.05090510752688,0.24271774193548623,-3.9206532258064506,,-0.34095967741935596,-0.9286532258064515,0.2351723118279594,temp,JJASO,Mon
20.75_103.25,0.9693661290322577,2.0594572580645156,0.9773951612903247,-1.981339784946238,,0.4895241935483874,0.08028225806451772,1.800891666666665,temp,JJASO,Mon
20.75_99.75,0.35430645161290286,0.8803709677419373,-0.37281451612902927,-2.9966217741935495,,-1.6439435483870977,-1.1489032258064515,-0.8312836021505365,temp,JJASO,Mon
21.25_100.25,-0.1339677419354821,0.5829499999999967,1.2264091397849484,-3.5657258064516117,,0.0797163978494595,-1.4922177419354856,-1.1473225806451648,temp,JJASO,Mon
21.25_100.75,-0.19706666666666806,0.8504274193548387,-0.15731344086021437,-3.9944112903225815,,-0.5575709677419329,-1.338790322580648,-0.32486290322580835,temp,JJASO,Mon
21.25_101.25,-0.22572365591397592,0.542120967741937,-0.13264838709677385,-4.031358333333333,,-0.707857795698926,-1.648500000000002,-0.04394301075268814,temp,JJASO,Mon
21.25_101.75,0.43645806451612934,0.6848000000000027,0.08511290322580578,-3.406580645161293,,-0.27545430107526947,-0.9792499999999986,0.44939946236559436,temp,JJASO,Mon
21.25_102.25,0.38456827956989237,2.000946774193549,-0.049730645161291775,-3.2126833333333327,,-0.5590000000000028,-0.3673287634408613,0.87324247311828,temp,JJASO,Mon
21.25_102.75,-0.06112311827956951,2.027475806451614,0.2877373655914006,-3.3073999999999995,,-0.7394999999999996,-0.29749193548387254,0.7873919354838712,temp,JJASO,Mon
21.25_99.75,0.615216666666667,0.0767465053763452,-1.6494809139784934,-2.2164922043010744,,-2.4004354838709663,-1.5638790322580665,-0.7171720430107538,temp,JJASO,Mon
21.75_100.25,0.8614838709677421,0.4413790322580642,0.20731666666666548,-2.4888120967741933,,-0.004763978494622734,-1.0495,0.15340833333333137,temp,JJASO,Mon
21.75_100.75,-0.5452494623655895,0.7180419354838712,-0.05902311827957263,-4.167628333333333,,-0.7714838709677423,-1.4805333333333355,-0.48874220430107407,temp,JJASO,Mon
21.75_101.25,-0.3632903225806441,1.789575000000001,0.9834381720430105,-3.9297161290322595,,0.33580860215053576,-1.0391209677419369,0.008989516129030761,temp,JJASO,Mon
21.75_101.75,0.6699263440860221,1.354422311827955,0.7319596774193542,-2.5429844086021482,,0.14632365591397978,-0.5474478494623654,1.211471774193548,temp,JJASO,Mon
21.75_102.25,0.21564247311827955,2.1091935483870987,0.41645967741935586,-2.895041666666666,,-0.316054301075269,-0.5784392473118274,0.8945499999999988,temp,JJASO,Mon
21.75_99.25,0.40846075268817117,-0.13490564516128956,-2.2135887096774187,-1.7998029569892484,,-2.278214784946238,-1.8267741935483883,-0.3240005376344097,temp,JJASO,Mon
21.75_99.75,-0.12014032258064233,0.1421693548387104,-1.1997096774193547,-2.6673467741935486,,-2.5595999999999997,-2.000844086021509,-1.1173709677419357,temp,JJASO,Mon
22.25_100.25,1.0829516129032264,0.8961908602150555,-0.11425000000000018,-2.451119354838708,,-0.5390392473118286,-1.0022419354838732,0.6649112903225802,temp,JJASO,Mon
22.25_100.75,-0.32427096774193664,1.2811932795698926,1.0699919354838716,-4.025341397849461,,0.025229569892474046,-1.0798629032258074,-0.2959596774193507,temp,JJASO,Mon
22.25_101.25,0.35422580645161084,1.709894354838708,1.6921166666666654,-3.084058333333333,,0.9692333333333352,-0.6952416666666661,0.5447446236559124,temp,JJASO,Mon
22.25_101.75,0.4396758064516142,1.6549696236559157,0.8736209677419335,-2.537402956989249,,0.1574193548387104,-0.5137903225806468,0.8519193548387118,temp,JJASO,Mon
22.25_102.25,0.1016129032258064,1.8878790322580628,0.7810123655913959,-2.73239516129032,,0.2200483870967762,-0.4151209677419363,0.6560645161290335,temp,JJASO,Mon
22.25_99.75,0.03859677419354668,0.16725833333333107,-0.965634677419354,-2.652292741935483,,-1.2223741935483883,-1.973620967741935,-0.5384677419354844,temp,JJASO,Mon
22.75_100.25,-0.7891333333333339,-0.6320161290322588,-0.9141370967741924,-3.8831499999999988,,-0.704017204301076,-1.936776075268817,-0.9298784946236545,temp,JJASO,Mon
22.75_100.75,-0.8142489247311815,0.6269677419354824,0.5867680107526887,-3.9799725806451605,,0.22546666666666937,-1.8086935483870974,-0.5338731182795691,temp,JJASO,Mon
22.75_101.25,0.7147747311827981,1.1538951612903254,0.2146059139784935,-2.3954158602150564,,-0.38903870967742016,-0.674449731182797,1.0607419354838719,temp,JJASO,Mon
22.75_99.75,0.5548456989247335,-0.1634441666666664,0.0019620967741929007,-2.3950897849462365,,-1.0188271505376356,-1.5990465053763465,0.11777419354838692,temp,JJASO,Mon
23.25_100.25,-1.5692177419354856,-1.0788790322580653,-1.7830822580645194,-4.368509946236559,,-2.227419354838709,-2.488701612903226,-1.7465564516129053,temp,JJASO,Mon
23.25_100.75,-1.9844360215053758,-0.864959139784947,-1.6497723118279577,-4.8889298387096805,,-2.8799295698924734,-2.8217069892473106,-1.6409158602150544,temp,JJASO,Mon
23.25_99.25,-0.20267741935484018,-0.11307930107527042,-0.9744193548387088,-3.212258064516128,,-1.2353951612903238,-2.129687903225806,-0.6865768817204287,temp,JJASO,Mon
23.25_99.75,0.03657365591397799,-0.6317907258064519,-1.112141666666668,-2.8392599999999995,,-1.325322580645162,-1.827993010752687,-0.48744274193548165,temp,JJASO,Mon
23.75_100.25,-2.0026290322580618,-2.5597338709677437,-2.8232991935483884,-4.269446209677417,,-3.1753991935483867,-3.5213822580645147,-2.564090860215055,temp,JJASO,Mon
23.75_100.75,-1.5836198924731164,-1.000490591397849,-1.7090583333333313,-4.111128333333335,,-2.4422884408602172,-2.7424965053763444,-1.7938827956989254,temp,JJASO,Mon
24.25_100.25,-1.8687338709677412,-2.2703223118279556,-1.6094435483870946,-3.0064107526881703,,-2.1858666666666657,-3.5650096774193525,-2.6355322580645186,temp,JJASO,Mon
24.25_100.75,-1.958220430107529,-1.7964577956989238,-0.5809685483870979,-3.3491641666666663,,-1.434887096774192,-3.2034365591397886,-2.534720161290325,temp,JJASO,Mon
24.25_99.75,-1.1170806451612911,-1.3026215053763437,-2.362717741935482,-2.225224462365592,,-3.0284919354838706,-2.8768805376344098,-1.6072564516128995,temp,JJASO,Mon
24.75_100.25,-1.6509930107526873,-1.9633373655913964,-1.114193548387096,-2.5167016129032262,,-1.212337096774192,-3.068705107526881,-2.200733064516128,temp,JJASO,Mon
24.75_99.75,-1.1208182795698924,-0.7891188172043009,-1.3411362903225825,-2.009491666666669,,-1.7386344086021488,-2.405825000000002,-1.235681989247313,temp,JJASO,Mon
25.25_99.75,-1.0045467741935479,-1.3645548387096778,-0.6310403225806471,-2.631461021505377,,-1.4377413978494626,-2.644529032258064,-1.6429558333333318,temp,JJASO,Mon
25.75_100.25,0.8161161290322596,0.2786062365591384,1.2079274193548386,0.08493997311827783,,1.1894341666666683,-0.30470241935483955,-0.007166935483870596,temp,JJASO,Mon
25.75_99.25,0.4557666666666673,-0.5290737096774212,-1.047881666666667,-1.3882177419354829,,-1.441537903225809,-1.72385806451613,-1.304103763440862,temp,JJASO,Mon
25.75_99.75,0.2836774193548397,-0.5514582526881728,-0.7987459677419357,-1.0398833333333322,,-0.9858145161290324,-1.422089381720431,-0.814374220430107,temp,JJASO,Mon
26.25_99.25,0.6182326881720437,-1.222330967741934,-2.136417043010753,-0.5579626881720445,,-2.546081451612902,-1.7993026344086038,-1.293436290322581,temp,JJASO,Mon
26.25_99.75,0.7301499999999983,-0.585774731182795,-1.2599112903225809,0.25303911290322567,,-1.2413525000000005,-1.1607592741935493,-0.6239435483870963,temp,JJASO,Mon
26.75_99.25,0.7333129032258059,-1.5011064516129027,-3.4968138709677423,0.42393000000000036,,-3.665107069892474,-1.6512677419354844,-1.0904431720430097,temp,JJASO,Mon
27.25_99.25,-0.2766616666666666,-1.9426923655913972,-3.108617741935486,-0.37095500000000037,,-3.4370312096774187,-2.34937177419355,-1.8061360483870974,temp,JJASO,Mon
27.75_98.75,-1.5354666666666663,-2.7411313172043004,-4.324178346774194,-1.778067715053763,,-3.8847625268817207,-2.847399193548388,-2.017689354838709,temp,JJASO,Mon
28.25_98.75,-0.08249999999999957,-3.6907191397849464,-3.251332177419355,-1.7342190080645157,,-3.550429972419355,-3.0789483870967738,-1.5983349999999996,temp,JJASO,Mon
28.75_98.75,0.041583709677419645,-2.1000143279569894,-1.5439857473118286,-2.192175403225807,,-1.0566661290322585,-2.815874333333334,-1.5824744516129032,temp,JJASO,Mon
29.25_98.25,0.11670183870967632,-2.2414589408602152,0.5505816559139776,-3.1403192701612905,,-0.5781475446236564,-3.2319399005376344,-1.0661693333333333,temp,JJASO,Mon
29.75_98.25,-1.2006512903225803,-3.005624943548388,-0.8532649462365587,-4.119900930376343,,-0.2592959677419353,-5.401735508064515,-1.7858497231182802,temp,JJASO,Mon
30.25_97.75,-0.814615069892473,-2.6640835868279575,-3.4723260591397853,-2.7669976935483875,,-3.7529322499999997,-5.0376058666666665,-1.269330509408602,temp,JJASO,Mon
30.25_98.25,-1.296628494623656,-2.5717467043010753,-2.7474399370967753,-4.291892908333333,,-2.957572266129033,-5.1183062029569895,-1.3054613440860203,temp,JJASO,Mon
30.75_97.25,-2.3990818279569894,-2.838875161290323,-7.546056080645161,-3.179177681720431,,-7.636618105645161,-5.6675945540322585,-3.6880688360215053,temp,JJASO,Mon
30.75_97.75,-2.537131666666666,-3.116790322580645,-5.372484358333333,-3.7839185483870983,,-4.917584483870968,-5.772709628494624,-3.365029101612903,temp,JJASO,Mon
31.25_96.25,-1.5621241935483878,-2.2000035793010744,-6.812898709677419,-2.2933793889784955,,-7.091949911290323,-4.230535983870967,-2.610533357526881,temp,JJASO,Mon
31.25_96.75,-2.155795698924731,-2.15066064516129,-7.72075197795699,-2.8224679032258075,,-7.892402408333333,-4.845044483333333,-2.9097875016129024,temp,JJASO,Mon
31.25_97.25,-3.231062430107527,-2.2817265916666667,-9.086484533333334,-3.572035161290323,,-9.228916137096775,-5.980049265053763,-4.027511161290323,temp,JJASO,Mon
31.75_95.75,-0.15954193548387074,-1.1344284083333334,-3.9472663453225802,-1.1849637446236558,,-5.051722083333333,-3.83589205,-1.7387285322580648,temp,JJASO,Mon
31.75_96.25,-1.7032190322580654,-1.7189896747311817,-5.903553943548387,-2.813300190860216,,-6.260341254032259,-4.56375296639785,-2.5382287155376337,temp,JJASO,Mon
31.75_96.75,-2.0564677419354833,-1.4371302956989256,-6.295944728494623,-3.5634597489247315,,-6.418866949999999,-4.929717396774192,-2.4137306290322593,temp,JJASO,Mon
31.75_97.25,-1.7078066666666665,-1.239612688172043,-6.071486209677419,-2.8285889516129035,,-6.343507733870968,-4.4451588231182795,-1.9921569411290325,temp,JJASO,Mon
31.75_97.75,-1.3588925913978493,-2.1948424083333333,-6.489472782258064,-2.519782025,,-6.40952515,-4.427003537634407,-2.4822825483870954,temp,JJASO,Mon
32.25_94.75,-1.08095,-1.7460534094086022,-2.056429731182795,-2.09666230188172,,-3.340266633064517,-3.8838445340322583,-2.326556454032257,temp,JJASO,Mon
32.25_95.25,-1.6306397849462364,-2.0400738279569888,-1.6708298870967742,-2.555128217204301,,-0.8312406693548384,-4.168338664247312,-2.7978525250000006,temp,JJASO,Mon
32.25_95.75,-2.1702050602150535,-1.7999057016129028,-2.9113371333333333,-3.2932237913978493,,-2.2446941424731173,-4.547735064516129,-3.115703258064516,temp,JJASO,Mon
32.25_96.25,-2.223867731182795,-0.9684225000000009,-4.913635967741935,-3.3679220478494623,,-4.599638316666667,-4.488267225806451,-2.468188387096774,temp,JJASO,Mon
32.25_96.75,-2.0525716666666667,-1.1447508064516123,-5.820429806451614,-3.8736278725806454,,-6.058482912634409,-4.642539080107526,-2.1534845887096776,temp,JJASO,Mon
32.25_97.25,-1.1503196236559141,-1.0544721075268808,-5.402828064516129,-2.9376013709677413,,-5.779764752956989,-3.671079306451614,-1.2752790306451613,temp,JJASO,Mon
32.25_97.75,-0.5628016129032254,-0.7412162416666668,-4.48262943204301,-2.269224799462365,,-4.885970806451613,-3.2291408951612897,-1.4404612258064515,temp,JJASO,Mon
32.75_94.75,-1.506072419354838,-1.604031403225807,-2.4832701733333336,-2.8927906809139783,,-3.3620532678225805,-4.0582437830645155,-2.8465296883655915,temp,JJASO,Mon
32.75_95.25,-2.850278064516129,-1.87193911,-4.247104392473118,-3.9736154333333333,,-5.176304625,-4.935327203225807,-3.995919441666667,temp,JJASO,Mon
32.75_95.75,-1.8359699999999997,-1.2011839623655907,-5.5182661596774185,-3.1338007405913975,,-6.511928479032258,-4.135681333333332,-2.854418891935483,temp,JJASO,Mon
32.75_96.25,-1.853735215053763,-1.0691169999999999,-5.482170599462366,-3.267877475806451,,-5.662054271505376,-4.061624175268817,-2.457187550537634,temp,JJASO,Mon
32.75_96.75,-0.42668629032258043,-0.35708919086021407,-5.574524427419355,-2.471854575268817,,-5.899216498333333,-3.180401756989247,-1.242830626344087,temp,JJASO,Mon
33.25_94.25,-1.2743580645161283,-0.8639383870967747,-4.349478874193549,-2.480415403225806,,-4.768856766666666,-3.3517665322580643,-2.1186901774193547,temp,JJASO,Mon
33.25_94.75,-1.9170429999999998,-1.119513629032258,-4.873323274193549,-3.299292077956989,,-5.153790927419354,-4.332147365591398,-2.8993505467741936,temp,JJASO,Mon
33.25_95.25,-1.1990000000000003,-1.1669076424731177,-5.527223017204301,-2.411672101666667,,-5.451290778736559,-3.4915591451612897,-2.2220088446774193,temp,JJASO,Mon
33.25_95.75,-0.458658016129032,-0.7552727494623652,-5.221566645161291,-1.307244281666667,,-9.453440916666667,-2.613284997311828,-1.364968675537634,temp,JJASO,Mon
9.25_105.25,0.0839354838709685,1.8797295698924756,0.6615905913978501,0.2659870967741913,,0.4161091397849468,-0.10100833333333092,0.40789516129032144,temp,JJASO,Mon
9.25_105.75,-0.07665161290322509,1.8308698924731175,0.6611693548387105,0.08372499999999938,,0.24758064516128897,0.12497499999999917,0.43247580645161143,temp,JJASO,Mon
9.75_105.25,-0.3350833333333334,1.6766637096774204,0.4097822580645172,-0.7028666666666652,,-0.04787311827957019,-0.5317741935483848,0.10148387096774236,temp,JJASO,Mon
9.75_105.75,-0.32337096774193697,2.1298379032258055,0.3424938172043017,-0.8241266129032248,,0.09613333333333607,-0.1706997311827969,0.029749999999999943,temp,JJASO,Mon
9.75_106.25,-0.2502569892473119,1.9503526881720408,0.6867580645161286,-0.7791669354838682,,0.42332607526881816,0.21007258064515888,-0.08198306451612858,temp,JJASO,Mon
10.25_104.75,-0.692346405228756,1.4528382352941183,-0.025047385620913687,-0.5518970588235277,,-0.38769281045751747,-0.2196225490196113,-0.368611111111111,temp,JJASO,Yr
10.25_105.25,-0.7556176470588234,1.5582434640522873,0.08580228758169994,-1.3525522875816982,,-0.3330130718954205,-0.6117254901960756,-0.48573202614379163,temp,JJASO,Yr
10.25_105.75,-0.6543202614379098,1.873496732026144,0.3163022875816974,-1.5666650326797402,,0.07271568627450975,-0.27822875816993786,-0.5135310457516322,temp,JJASO,Yr
10.25_106.25,-0.5250849673202627,1.7963169934640515,0.5124150326797388,-1.6008839869281069,,0.1917369281045751,-0.11804575163398567,-0.5329084967320235,temp,JJASO,Yr
10.25_106.75,-0.25231045751634085,1.550715686274506,0.9360016339869297,-1.251017973856209,,0.5709852941176496,0.20019281045751747,-0.03238562091503283,temp,JJASO,Yr
10.75_104.75,-1.1464934640522895,1.7462516339869278,-0.10570751633987108,-1.6702352941176457,,-0.5190882352941184,-0.15631045751634076,-1.0705898692810454,temp,JJASO,Yr
10.75_105.25,-1.1487973856209166,1.7326797385620942,0.004526143790846149,-2.167259803921569,,-0.3566405228758178,-0.6188169934640495,-1.0467957516339865,temp,JJASO,Yr
10.75_105.75,-0.8961078431372567,1.5377500000000026,0.017694444444444457,-2.2161437908496744,,-0.2719967320261443,-0.739421568627451,-1.058362745098039,temp,JJASO,Yr
11.25_104.25,-1.1076111111111118,1.637725490196079,0.255964052287581,-2.3254754901960784,,-0.36102941176470793,-0.28110947712418444,-1.271166666666666,temp,JJASO,Yr
11.25_104.75,-1.2997124183006523,1.9355408496732007,0.2768480392156878,-2.699732026143792,,-0.38345751633987035,-0.5420326797385631,-1.4648529411764688,temp,JJASO,Yr
11.25_105.25,-1.1073333333333348,1.8010049019607859,0.19866993464052563,-2.756483660130721,,-0.1592009803921588,-0.7269803921568627,-1.2530522875816974,temp,JJASO,Yr
11.75_104.25,-1.2550522875817016,1.2985473856209122,0.6837107843137247,-3.1162303921568615,,0.07902287581699241,-0.7272124183006579,-1.483281045751637,temp,JJASO,Yr
11.75_104.75,-1.4151960784313768,1.7462712418300672,0.7667957516339836,-3.1583039215686295,,-0.02799346405228853,-0.8474656862745089,-1.2670964052287577,temp,JJASO,Yr
11.75_105.25,-1.0940326797385627,1.5131960784313705,0.3531552287581672,-3.060741830065359,,-0.05979738562091619,-0.9167516339869266,-1.191017973856212,temp,JJASO,Yr
12.25_103.25,0.49326797385620935,0.9695784313725486,0.7125882352941169,-1.6978300653594758,,-0.16663071895424864,-0.42825980392156815,-0.4314967320261438,temp,JJASO,Yr
12.25_103.75,-1.100228758169937,0.7463447712418283,0.35080718954248447,-3.341343137254901,,-0.13719607843137283,-0.8827254901960799,-1.5266683006535935,temp,JJASO,Yr
12.25_104.25,-0.7222124183006553,1.837209150326796,0.8205964052287591,-2.9568071895424843,,0.16661764705882298,-0.4421290849673216,-0.559066993464052,temp,JJASO,Yr
12.25_104.75,-1.1957450980392128,1.645274509803924,0.25178104575163474,-3.235517973856208,,-0.242882352941173,-1.0345065359477132,-0.8563366013071878,temp,JJASO,Yr
12.25_105.25,-0.8707287581699354,1.395944444444451,0.22079248366013005,-3.268151960784312,,-0.10973856209150235,-1.0369183006535962,-1.1292826797385622,temp,JJASO,Yr
12.25_105.75,-0.8841666666666672,1.1778594771241817,0.13636274509804203,-3.3763578431372583,,-0.10477450980392078,-1.0086650326797404,-1.5142205882352968,temp,JJASO,Yr
12.25_106.25,-0.7214999999999989,1.4012483660130712,0.3719477124183026,-3.186457516339871,,0.18402941176470122,-0.661400326797386,-1.3971960784313726,temp,JJASO,Yr
12.25_106.75,-0.25872875816993535,1.4494689542483652,0.6546356209150304,-3.0146258169934654,,0.7039346405228741,-0.446573529411765,-1.1895637254901956,temp,JJASO,Yr
12.25_107.25,1.4374575163398688,0.9407679738562109,0.6275816993464058,-1.170375816993463,,1.0591862745098037,0.8155833333333344,0.011575163398690691,temp,JJASO,Yr
12.25_107.75,1.145852941176468,0.7963153594771253,1.4569395424836635,-1.0505522875816986,,0.9909689542483662,0.414143790849673,-1.1466225490196056,temp,JJASO,Yr
12.25_108.25,2.085098039215687,0.7010915032679712,1.2242467320261454,-0.3172189542483661,,1.1744934640522882,0.46034803921568823,-0.339926470588237,temp,JJASO,Yr
12.75_102.75,0.1540947712418319,1.6172205882352948,0.18375326797385405,-2.7031568627450966,,-0.5750767973856217,-0.2699101307189533,-1.1270016339869287,temp,JJASO,Yr
12.75_103.25,-0.5952091503268004,1.6897826797385633,0.9030882352941152,-3.560509803921571,,0.7126879084967328,0.04152614379084696,-1.5760130718954208,temp,JJASO,Yr
12.75_103.75,-0.9092483660130721,2.0509787581699346,1.5199035947712431,-3.6775326797385652,,1.0738169934640496,-0.08459477124183223,-1.2114166666666666,temp,JJASO,Yr
12.75_104.25,-0.8546274509803915,1.9004624183006555,0.9089428104575195,-3.6685147058823535,,0.3598464052287582,-0.6386846405228734,-0.9510767973856193,temp,JJASO,Yr
12.75_104.75,-0.9922450980392163,1.7362450980392126,0.3396258169934647,-3.5088447712418294,,-0.081184640522876,-1.0161486928104573,-1.1906568627450973,temp,JJASO,Yr
12.75_105.25,-0.8404183006535924,1.0885147058823552,0.17385620915032973,-3.6034542483660132,,-0.19337254901960854,-1.113772875816995,-1.5195424836601301,temp,JJASO,Yr
12.75_105.75,-0.7360882352941189,0.8905506535947705,0.21091339869281,-3.6473039215686267,,0.04101307189542247,-0.9339640522875836,-1.697272875816994,temp,JJASO,Yr
12.75_106.25,-0.6363300653594752,1.475905228758167,0.4125130718954253,-3.3513284313725507,,0.1801372549019593,-0.7383660130718965,-1.7307745098039238,temp,JJASO,Yr
12.75_106.75,-0.05761111111111106,1.6507254901960753,0.5541062091503246,-3.03092973856209,,0.375034313725493,-0.31709967320261434,-1.298803921568629,temp,JJASO,Yr
12.75_107.25,0.5459411764705866,2.0982483660130704,0.6830277777777773,-2.5282369281045742,,0.18546568627451165,0.09959803921568522,-0.9729003267973866,temp,JJASO,Yr
12.75_107.75,0.028843137254900952,1.9058611111111112,0.4738447712418292,-2.9301715686274505,,0.08088725490196147,-0.32325490196078555,-1.9428251633986928,temp,JJASO,Yr
12.75_108.25,0.8613562091503297,1.7494803921568636,1.2001013071895432,-2.011227124183007,,-0.03226633986927929,-0.5523382352941173,-1.2251584967320284,temp,JJASO,Yr
13.25_102.75,-0.7571307189542509,1.676259803921571,0.4068937908496739,-3.627104575163399,,0.4939199346405232,-0.21233496732026147,-1.9102026143790862,temp,JJASO,Yr
13.25_103.25,-0.5756568627451006,2.312890522875813,1.1387467320261457,-3.5662826797385616,,0.5197565359477139,-0.08847875816993422,-1.4100179738562097,temp,JJASO,Yr
13.25_103.75,-0.39942483660130534,1.9587107843137268,1.0020016339869287,-3.313815359477122,,0.5407222222222234,-0.2367499999999989,-0.9690506535947723,temp,JJASO,Yr
13.25_104.25,-0.31945424836601255,1.758596405228758,0.5319428104575152,-3.399815359477124,,0.05167483660130756,-0.6077385620914999,-1.0904117647058857,temp,JJASO,Yr
13.25_104.75,-0.5127320261437909,1.5608137254901955,0.32227450980391836,-3.494099673202612,,-0.1794787581699353,-0.8784787581699334,-1.5238218954248364,temp,JJASO,Yr
13.25_105.25,-0.5551307189542491,1.13456045751634,0.4342303921568629,-3.708642156862746,,-0.07368464052287749,-1.0376601307189528,-1.6833415032679753,temp,JJASO,Yr
13.25_105.75,-0.402120915032679,0.8873366013071884,0.4740245098039182,-3.5931617647058847,,0.2532728758169913,-0.7516143790849679,-1.50341666666667,temp,JJASO,Yr
13.25_106.25,-0.41205228758169987,1.4431176470588234,0.40825000000000244,-3.365274509803921,,0.09189215686274643,-0.5699640522875828,-1.4315784313725484,temp,JJASO,Yr
13.25_106.75,-0.2886960784313697,1.7844460784313707,0.6714820261437886,-3.1152647058823533,,0.21112091503268182,-0.30774673202614267,-1.3004248366013087,temp,JJASO,Yr
13.25_107.25,-0.435549019607846,2.2867614379084955,0.8585996732026171,-3.327643790849672,,0.3874035947712411,-0.09276470588235597,-1.5503807189542478,temp,JJASO,Yr
13.25_107.75,-0.3189084967320266,2.283135620915031,0.6515000000000004,-3.2450800653594776,,0.7211911764705903,-0.23462581699346607,-1.7253055555555559,temp,JJASO,Yr
13.25_108.25,1.0883006535947732,2.8257941176470567,1.207083333333335,-1.8086993464052288,,0.4419542483660148,0.05164542483660206,-0.30965849673202683,temp,JJASO,Yr
13.75_102.75,-0.6830196078431374,1.6124460784313719,0.2595980392156889,-3.9445718954248363,,-0.15813235294117867,-0.6488088235294143,-2.3543611111111087,temp,JJASO,Yr
13.75_103.25,-0.4476176470588218,2.0278986928104583,0.5986421568627449,-3.702473856209151,,0.1284656862745095,-0.4759313725490202,-1.9420114379084943,temp,JJASO,Yr
13.75_103.75,-0.14192156862745264,1.978184640522878,0.7448284313725466,-3.443034313725491,,0.2375408496732021,-0.567924836601307,-1.597009803921571,temp,JJASO,Yr
13.75_104.25,0.007032679738561143,1.7859460784313708,0.6979558823529395,-3.2751846405228786,,0.1915816993464059,-0.5387434640522866,-1.5713513071895413,temp,JJASO,Yr
13.75_104.75,-0.33757843137254717,1.722331699346407,0.6405065359477149,-3.3618807189542483,,0.05162418300653293,-0.8113496732026153,-1.829962418300651,temp,JJASO,Yr
13.75_105.25,-0.5048398692810458,1.4271339869281068,0.6696045751633992,-3.6534068627450953,,0.18486601307189687,-1.0289575163398705,-1.8364820261437895,temp,JJASO,Yr
13.75_105.75,-0.38451960784313677,1.203880718954247,0.6787990196078386,-3.5342761437908496,,0.262683006535946,-0.7110245098039236,-1.473480392156862,temp,JJASO,Yr
13.75_106.25,-0.6192614379084933,1.4145751633986947,0.27607843137255195,-3.556661764705881,,0.09206209150327282,-0.6687516339869237,-1.4569264705882343,temp,JJASO,Yr
13.75_106.75,-0.5170882352941177,1.6572369281045773,0.33988071895424987,-3.5054428104575166,,0.0019101307189526295,-0.8051601307189564,-1.3797826797385646,temp,JJASO,Yr
13.75_107.25,-0.31146078431372537,1.9959591503267973,0.17116339869281205,-3.406717320261439,,0.2163447712418307,-0.4934787581699336,-1.4619591503267966,temp,JJASO,Yr
13.75_107.75,0.4038529411764671,2.066787581699348,0.23013398692810583,-2.715800653594771,,0.16798529411764918,-0.4325800653594776,-1.3025424836601314,temp,JJASO,Yr
14.25_102.25,0.2803431372549028,0.16733333333333533,-0.1727745098039204,-2.98409640522876,,-0.27700163398692723,-0.5058611111111109,-1.5447450980392166,temp,JJASO,Yr
14.25_102.75,-0.2106732026143785,0.7374493464052279,0.19722058823529487,-3.6896732026143813,,-0.43652777777777807,-0.6268839869281013,-1.9578741830065347,temp,JJASO,Yr
14.25_103.25,-0.3705784313725484,1.3230947712418324,0.24125490196078303,-3.7596519607843177,,-0.18675326797385772,-0.7423055555555536,-2.172571895424836,temp,JJASO,Yr
14.25_103.75,-0.24073856209150435,1.262127450980394,0.2794787581699332,-3.5982026143790833,,-0.22786601307189436,-1.001754901960787,-2.1361388888888904,temp,JJASO,Yr
14.25_104.25,-0.017797385620914596,1.0938316993464063,0.5260179738562059,-3.2522532679738543,,-0.08916830065359527,-0.8113137254901961,-1.7266323529411771,temp,JJASO,Yr
14.25_104.75,-0.34638562091503644,1.416354575163398,0.5535571895424845,-3.2826633986928098,,0.035454248366011853,-1.0324133986928157,-1.819039215686276,temp,JJASO,Yr
14.25_105.25,-0.07587581699346302,1.3373823529411766,0.709738562091502,-3.0125931372549015,,0.28693790849673384,-0.7061405228758151,-1.339289215686275,temp,JJASO,Yr
14.25_105.75,-0.8555980392156854,1.6164967320261407,0.4665718954248348,-3.465387254901964,,0.044589869281047356,-0.891482026143791,-1.7715310457516367,temp,JJASO,Yr
14.25_106.25,-1.2230915032679732,1.141217320261438,-0.008676470588236285,-3.787312091503267,,-0.3750343137254877,-1.2244084967320266,-1.8901748366013074,temp,JJASO,Yr
14.25_106.75,-0.266601307189541,1.6919967320261406,0.22153758169934612,-2.9594330065359493,,0.16798856209150514,-0.584655228758173,-1.0041519607843163,temp,JJASO,Yr
14.25_107.25,-0.40446078431372534,1.1455898692810464,-0.299088235294116,-3.0206323529411776,,-0.1990702614379085,-0.9561029411764679,-1.6079297385620919,temp,JJASO,Yr
14.25_107.75,0.23889869281045684,0.8792532679738567,-0.4039738562091486,-2.67182026143791,,-0.43391339869281076,-1.0066862745098053,-1.8398594771241807,temp,JJASO,Yr
14.25_108.25,1.3865490196078447,0.9114035947712438,0.5061617647058814,-1.1571568627450954,,0.033602941176472,-0.09586601307189468,-0.4840277777777775,temp,JJASO,Yr
14.75_101.75,0.009970588235299616,0.8181977124182982,-0.15961111111111137,-3.199740196078432,,-0.9258431372549012,-0.9538529411764713,-2.1852205882352926,temp,JJASO,Yr
14.75_102.25,-0.7592483660130718,0.9824885620915023,0.2232009803921553,-4.03544117647059,,-0.6929934640522895,-0.8080833333333342,-2.66752450980392,temp,JJASO,Yr
14.75_102.75,-0.452287581699343,1.0809232026143807,0.22896568627450797,-3.868617647058821,,-0.521696078431372,-0.7712303921568591,-2.311709150326795,temp,JJASO,Yr
14.75_103.25,-0.25782026143791015,1.148833333333334,0.2994722222222226,-3.662352941176467,,-0.4389003267973841,-0.9179117647058845,-2.195454248366012,temp,JJASO,Yr
14.75_103.75,-0.12643137254902115,1.1867598039215679,0.43144281045751676,-3.411232026143791,,-0.26371078431372474,-0.9288316993464072,-2.049808823529414,temp,JJASO,Yr
14.75_104.25,-0.27450980392156943,1.1063169934640555,0.37758823529411956,-3.2708905228758187,,-0.3085686274509776,-0.9728169934640505,-1.8803480392156864,temp,JJASO,Yr
14.75_104.75,-0.3168725490196085,1.3641209150326805,0.3537303921568604,-3.0881960784313733,,-0.2231617647058819,-0.9610326797385618,-1.6491062091503252,temp,JJASO,Yr
14.75_105.25,-0.35781699346405205,1.4749199346405266,0.31208006535947774,-3.0758464052287575,,-0.19545915032679595,-0.7556601307189528,-1.6268284313725498,temp,JJASO,Yr
14.75_105.75,-0.8917450980392125,1.3834264705882369,0.004462418300654747,-3.65905882352941,,-0.3694395424836596,-1.302017973856211,-2.0028120915032677,temp,JJASO,Yr
14.75_106.25,-1.1700261437908495,0.3227205882352937,-0.5958676470588262,-4.132968954248366,,-0.938308823529411,-2.1956372549019623,-2.226470588235294,temp,JJASO,Yr
14.75_106.75,-1.014702614379086,0.3346650326797409,-0.6293366013071893,-4.004308823529412,,-0.7922303921568616,-1.7381486928104568,-2.4442271241830067,temp,JJASO,Yr
14.75_107.25,-1.0938954248366013,0.35986764705882557,-0.4750326797385611,-3.9780653594771227,,0.009066993464053041,-1.7043218954248367,-2.949482026143791,temp,JJASO,Yr
14.75_107.75,1.1769313725490207,0.046101307189543306,-0.43638562091503275,-2.2109003267973826,,-0.6629346405228755,-1.0874035947712422,-1.3374444444444435,temp,JJASO,Yr
14.75_108.25,2.1332287581699347,0.6493562091503282,0.7697009803921571,-0.7771290849673207,,0.015006535947714283,-0.11290359477124134,0.22696732026143884,temp,JJASO,Yr
15.25_101.75,-0.034660130718952686,1.3055964052287568,0.2967728758169912,-3.772106209150328,,-0.4512712418300655,-0.6150310457516355,-2.566419934640523,temp,JJASO,Yr
15.25_102.25,-0.43481372549019426,1.500392156862743,0.45938071895425026,-4.1068267973856205,,-0.10977450980392334,-0.4310473856209178,-2.5358251633986946,temp,JJASO,Yr
15.25_102.75,-0.1327810457516332,1.502898692810458,0.36504738562091354,-3.868604575163399,,-0.3802222222222209,-0.5854509803921584,-1.9325179738562106,temp,JJASO,Yr
15.25_103.25,-0.14578431372548906,1.3866437908496732,0.3265408496732025,-3.7833790849673186,,-0.4175653594771216,-0.8288267973856236,-1.800568627450982,temp,JJASO,Yr
15.25_103.75,-0.09919607843137257,1.522968954248368,0.2939362745098073,-3.6465147058823533,,-0.3753676470588214,-0.8759869281045791,-1.8373529411764675,temp,JJASO,Yr
15.25_104.25,-0.32495424836601394,1.5774673202614338,0.17636928104575134,-3.621354575163398,,-0.4113529411764709,-1.0221748366013088,-1.9659297385620906,temp,JJASO,Yr
15.25_104.75,-0.6097516339869262,1.4691356209150346,0.028758169934642197,-3.5049150326797402,,-0.44939379084967435,-1.2086911764705857,-2.0230032679738574,temp,JJASO,Yr
15.25_105.25,-0.714192810457515,1.705799019607845,0.14385947712418456,-3.4802614379084957,,-0.3869477124183014,-1.222862745098043,-1.9775343137254886,temp,JJASO,Yr
15.25_105.75,-1.290310457516341,0.6845228758169899,-0.495517973856213,-4.159419934640523,,-0.609387254901959,-1.755638888888889,-2.405057189542479,temp,JJASO,Yr
15.25_106.25,1.749401960784315,1.8994803921568622,1.0190196078431377,-1.2144330065359465,,1.142513071895424,0.2423730392156873,0.6433856209150335,temp,JJASO,Yr
15.25_106.75,-0.8918039215686271,0.024570261437908414,-1.3819591503267965,-4.04091339869281,,-1.4443807189542497,-1.735823529411764,-2.6556781045751645,temp,JJASO,Yr
15.25_107.25,0.6586045751633982,1.2888513071895424,0.7710588235294136,-2.2905490196078446,,0.5682369281045752,-0.7056029411764708,-1.0975490196078432,temp,JJASO,Yr
15.75_101.75,0.032915032679737166,1.076150326797384,0.42888562091503246,-3.739088235294119,,-0.1871486928104602,-0.5896846405228757,-2.3748692810457523,temp,JJASO,Yr
15.75_102.25,-0.21620588235294314,1.605138888888888,0.40649836601306966,-3.8595147058823525,,-0.05522549019607936,-0.20323202614378744,-2.051547385620916,temp,JJASO,Yr
15.75_102.75,0.015591503267975426,1.7554869281045722,0.38437908496731943,-3.6706029411764707,,-0.2811732026143794,-0.3864297385620912,-1.5736388888888868,temp,JJASO,Yr
15.75_103.25,-0.054238562091503795,1.6236274509803916,0.3191862745098053,-3.6705114379084964,,-0.38910294117647304,-0.8258954248366024,-1.583856209150328,temp,JJASO,Yr
15.75_103.75,-0.10803267973856201,1.6680408496732042,0.23046078431372408,-3.7108823529411765,,-0.40666013071895435,-0.9774003267973868,-1.8906290849673173,temp,JJASO,Yr
15.75_104.25,-0.36404901960784386,1.6352745098039225,0.09625490196078701,-3.693276143790847,,-0.48973366013072095,-1.1391568627450965,-2.082629084967321,temp,JJASO,Yr
15.75_104.75,-0.6335457516339869,1.4104068627451003,-0.10113235294118006,-3.6170359477124165,,-0.5314019607843132,-1.2513676470588226,-1.956933006535948,temp,JJASO,Yr
15.75_105.25,-0.8548888888888886,1.412921568627448,-0.2337647058823542,-3.708027777777774,,-0.5754509803921586,-1.3870686274509811,-1.9033627450980415,temp,JJASO,Yr
15.75_105.75,-1.0563137254901953,1.3907156862745094,-0.11409150326797146,-4.113614379084966,,-0.5748807189542511,-1.6231650326797364,-2.085210784313725,temp,JJASO,Yr
15.75_106.25,-1.6728071895424854,1.0526078431372543,-0.4215473856209151,-4.654504901960786,,-1.0001993464052283,-2.1729787581699345,-3.006977124183006,temp,JJASO,Yr
15.75_106.75,-0.3179117647058831,0.23987254901960675,-1.3417140522875837,-3.8836535947712427,,-1.3498382352941167,-1.866470588235293,-2.6436225490196072,temp,JJASO,Yr
16.25_101.75,1.1196470588235314,1.0454836601307207,1.7875000000000014,-3.120325163398693,,1.1910245098039205,-0.4239967320261435,-1.5055898692810459,temp,JJASO,Yr
16.25_102.25,0.10909803921568617,1.6518970588235327,0.2482924836601299,-3.7040392156862723,,-0.22590196078431113,-0.15545588235293906,-1.6743447712418327,temp,JJASO,Yr
16.25_102.75,0.09151633986927976,1.7049068627450978,0.2474150326797382,-3.635147058823531,,-0.33615359477123974,-0.3991879084967316,-1.4398660130718905,temp,JJASO,Yr
16.25_103.25,-0.04020261437908346,1.59850490196078,0.2958676470588273,-3.653887254901962,,-0.43022385620915315,-0.8394313725490203,-1.6814330065359488,temp,JJASO,Yr
16.25_103.75,-0.07800980392156909,1.6023333333333305,0.09031699346405375,-3.6259754901960797,,-0.47159477124182736,-1.08998366013072,-2.1446617647058837,temp,JJASO,Yr
16.25_104.25,-0.09022549019607773,1.3341862745098059,-0.09882189542483388,-3.43977450980392,,-0.5541699346405231,-1.1404052287581692,-1.9732222222222227,temp,JJASO,Yr
16.25_104.75,-0.531578431372548,1.224125816993464,-0.2846454248366008,-3.5890473856209137,,-0.6860326797385614,-1.2749509803921608,-1.8094199346405233,temp,JJASO,Yr
16.25_105.25,-1.1837385620915004,1.1756732026143801,-0.3899640522875849,-4.011040849673202,,-0.8192532679738544,-1.562978758169935,-1.972707516339872,temp,JJASO,Yr
16.25_105.75,-1.444967320261437,1.3404509803921574,-0.4132075163398685,-4.270243464052289,,-0.6296127450980382,-1.6872058823529397,-2.2787450980392148,temp,JJASO,Yr
16.25_106.25,-0.9125228758169932,1.2321437908496744,-0.7045000000000012,-3.805911764705881,,-0.5670800653594767,-1.5311666666666657,-2.125498366013071,temp,JJASO,Yr
16.25_106.75,0.7557712418300664,0.9447532679738551,-0.5460016339869256,-2.4819477124183003,,-1.007630718954248,-0.8428986928104578,-0.6835310457516321,temp,JJASO,Yr
16.25_107.25,0.8313333333333333,0.4207745098039215,-0.04935620915032679,-2.7977957516339877,,-0.6712973856209139,-0.8475964052287583,-0.26635294117647135,temp,JJASO,Yr
16.75_101.75,1.0716470588235296,1.581176470588236,1.5488774509803935,-3.3852696078431403,,0.8769019607843127,-0.2426241830065372,-1.0258398692810466,temp,JJASO,Yr
16.75_102.25,-0.3123562091503249,1.6083137254901931,0.059846405228757504,-4.0653643790849685,,-0.42917647058823505,-0.5035576797385648,-1.4851062091503273,temp,JJASO,Yr
16.75_102.75,0.034833333333331495,1.5735212418300666,0.3235326797385625,-3.6696993464052294,,-0.37025490196078614,-0.6879869281045732,-1.2313774509803928,temp,JJASO,Yr
16.75_103.25,-0.01597712418300823,1.4124199346405213,0.3451111111111125,-3.5475980392156856,,-0.3745947712418314,-0.8125457516339907,-1.579158496732024,temp,JJASO,Yr
16.75_103.75,0.16038235294117875,1.1544983660130725,0.05090196078431575,-3.327887254901963,,-0.5118431372549015,-0.9561094771241816,-1.8172369281045757,temp,JJASO,Yr
16.75_104.25,0.21092810457516187,1.295655228758168,0.15009803921568654,-2.9906748366013094,,-0.31749673202614836,-0.872263071895425,-1.3997238562091532,temp,JJASO,Yr
16.75_104.75,-0.8558692810457504,1.4168447712418288,-0.09186437908496892,-3.6862941176470603,,-0.6903774509803924,-1.4052026143790837,-1.7867156862745102,temp,JJASO,Yr
16.75_105.25,-1.318362745098037,1.3150604575163385,-0.23946732026143813,-4.1764754901960774,,-0.7515065359477138,-1.6108398692810457,-2.123027777777777,temp,JJASO,Yr
16.75_105.75,-1.4612712418300653,1.3419624183006533,-0.2748970588235249,-4.269955882352939,,-0.7105147058823515,-1.7069509803921559,-2.517565359477123,temp,JJASO,Yr
16.75_106.25,-0.0065882352941173394,1.2602336601307211,-0.3699526143790859,-3.4714084967320264,,-0.9457957516339857,-1.2889493464052268,-1.7827107843137249,temp,JJASO,Yr
17.25_101.75,0.390248366013072,1.4935326797385624,0.0024428104575164866,-4.304228758169934,,-0.6882859477124192,-0.6002715686274502,-1.315294117647058,temp,JJASO,Yr
17.25_102.25,-0.185088235294117,1.9569558823529416,0.7367990196078402,-4.085031045751633,,0.02550816993464089,-0.46006143790849663,-0.8870539215686275,temp,JJASO,Yr
17.25_102.75,0.002385620915035247,1.7471633986928143,0.6199673202614377,-3.6042630718954225,,-0.046537581699347186,-0.7362565359477138,-0.7521944444444433,temp,JJASO,Yr
17.25_103.25,-0.21212745098038965,1.3003415032679708,0.29348366013072,-3.4516045751633975,,-0.3199003267973879,-0.8223333333333365,-1.1273611111111084,temp,JJASO,Yr
17.25_103.75,-0.19092156862745036,1.2269362745098,0.11423529411764655,-3.3142532679738554,,-0.5128725490196064,-0.930990196078433,-1.3198807189542485,temp,JJASO,Yr
17.25_104.25,-0.7749117647058821,1.4478905228758183,0.16864215686274342,-3.490983660130718,,-0.4599052287581724,-1.0382859477124171,-1.5548562091503264,temp,JJASO,Yr
17.25_104.75,-1.3088071895424847,1.9272679738562086,0.20593954248365876,-3.770617647058822,,-0.336454248366012,-1.2594787581699318,-1.883264705882354,temp,JJASO,Yr
17.25_105.25,-1.2595392156862761,1.5019950980392167,-0.21998692810457854,-4.36048366013072,,-0.6094967320261464,-1.5784934640522863,-2.438736928104575,temp,JJASO,Yr
17.25_105.75,-0.4384836601307178,0.970202614379085,-0.514947712418298,-4.033727124183008,,-0.8564444444444437,-1.621254901960782,-2.25387091503268,temp,JJASO,Yr
17.25_106.25,1.0026535947712407,1.2871225490196068,0.02022549019607922,-2.6254656862745076,,-0.8699869281045736,-0.7092745098039206,-0.9849428104575164,temp,JJASO,Yr
17.75_101.25,0.30929084967320364,1.6461830065359493,0.10604248366013103,-3.9818888888888893,,-0.5895931372549015,-0.7351323529411768,-1.260683006535949,temp,JJASO,Yr
17.75_101.75,-0.14122549019607789,1.9919101307189564,0.43275490196078437,-4.411564869281047,,-0.05619281045751556,-0.315336601307191,-1.126230392156863,temp,JJASO,Yr
17.75_102.25,-0.20684313725490178,2.6613055555555523,0.8409117647058792,-3.9523741830065386,,0.1206960784313722,-0.19001307189542338,-0.573558823529412,temp,JJASO,Yr
17.75_102.75,-0.3655718954248357,2.45926960784314,0.7936307189542511,-3.818960784313724,,0.02968954248365563,-0.4467205882352907,-0.7870915032679751,temp,JJASO,Yr
17.75_103.25,-0.5784281045751669,1.9919738562091514,0.42995588235294235,-3.5849215686274487,,-0.1309738562091507,-0.49561437908496764,-0.8237107843137252,temp,JJASO,Yr
17.75_103.75,-0.8158431372549053,2.07228431372549,0.30286111111111325,-3.625387254901961,,-0.2105375816993469,-0.5640408496732032,-1.2114509803921578,temp,JJASO,Yr
17.75_104.25,-1.2008921568627429,2.0932352941176475,0.3314918300653602,-4.020235294117649,,-0.13209150326797747,-1.0820767973856213,-1.8646960784313702,temp,JJASO,Yr
17.75_104.75,-0.5510751633986928,1.5213986928104575,0.02485784313725503,-3.5477849673202613,,-0.30423366013071806,-1.310039215686274,-1.6454509803921553,temp,JJASO,Yr
17.75_105.25,0.6687712418300666,1.2086503267973825,0.24746732026143725,-2.7770245098039226,,-0.3643660130718942,-1.0095866013071895,-0.8689722222222205,temp,JJASO,Yr
18.25_101.25,0.1732254901960797,1.8254999999999981,-0.09154084967320308,-3.7872653594771215,,-0.4042352941176457,-0.7846699346405241,-1.023300653594772,temp,JJASO,Yr
18.25_101.75,-0.4451078431372544,2.0428349673202604,0.13041993464052304,-4.368526470588236,,-0.09499509803921669,-0.2777156862745116,-1.3629362745098046,temp,JJASO,Yr
18.25_102.25,-0.6896241830065346,2.848683006535948,0.9166225490196069,-4.380970588235293,,0.19579084967320703,-0.10127777777777958,-1.4311274509803908,temp,JJASO,Yr
18.25_102.75,-0.4066928104575158,2.127251633986928,0.6420294117647067,-3.8963333333333328,,0.27584640522876036,-0.23189215686274522,-1.0220784313725506,temp,JJASO,Yr
18.25_103.25,-1.063718954248369,2.4671911764705854,0.19241666666666646,-4.220931372549018,,-0.6943611111111121,-0.981375816993463,-1.3721388888888892,temp,JJASO,Yr
18.25_103.75,-1.5720620915032661,2.537946078431373,0.29438725490196127,-4.563307189542483,,-0.43142810457516134,-1.0377156862745078,-1.9976176470588225,temp,JJASO,Yr
18.25_104.25,-0.7905098039215677,1.8440539215686265,0.015178104575165108,-3.9057821895424816,,-0.31690196078431576,-1.01438071895425,-1.510848039215686,temp,JJASO,Yr
18.25_104.75,0.7695294117647045,0.9085964052287583,-0.3204787581699353,-2.6943321895424823,,-0.7511503267973847,-0.8882124183006539,-0.3350086601307183,temp,JJASO,Yr
18.25_105.25,1.6899019607843133,1.1041029411764711,0.3608186274509819,-1.3645179738562092,,-0.888745098039216,0.00967647058823573,0.6900915032679755,temp,JJASO,Yr
18.75_101.25,0.7873986928104593,0.7383692810457525,-0.5122385620915022,-2.9445975490196084,,-0.8231437908496719,-0.850500000000002,-0.09221078431372653,temp,JJASO,Yr
18.75_101.75,-0.9098790849673222,1.2792336601307195,-0.27652614379084994,-4.475058823529412,,-0.8022565359477127,-0.6646464052287566,-1.5540571895424833,temp,JJASO,Yr
18.75_102.25,-1.7361339869281025,1.6740294117647085,0.412192810457519,-5.122929901960786,,-0.6008366013071882,-1.27824183006536,-2.3226895424836584,temp,JJASO,Yr
18.75_102.75,-0.9370947712418296,0.6363941176470593,-0.4074820261437928,-4.213540032679736,,-0.7069281045751623,-1.1687026143790842,-1.2845343137254925,temp,JJASO,Yr
18.75_103.25,0.7103006535947713,0.4559656862745083,0.1498480392156889,-2.5620230392156866,,0.2993676470588227,0.14368464052287422,0.38333660130718883,temp,JJASO,Yr
18.75_103.75,-1.823761437908498,1.4911650326797385,-0.16845261437908476,-5.041089705882351,,-1.3545147058823517,-1.6906339869281037,-2.357642156862747,temp,JJASO,Yr
18.75_104.25,-0.15300980392157015,0.9513104575163389,-0.4642434640522879,-3.447392810457517,,-0.6462745098039235,-0.9883954248366003,-0.6134183006535938,temp,JJASO,Yr
18.75_104.75,1.7833562091503268,1.5340245098039222,0.659774509803924,-1.697532679738563,,-0.5207271241830078,0.2322718954248355,1.31689705882353,temp,JJASO,Yr
19.25_101.25,1.5919542483660116,0.6829019607843119,0.5304297385620913,-2.581656862745101,,0.002751633986928681,-0.7483794117647058,0.5444934640522874,temp,JJASO,Yr
19.25_101.75,-0.9031307189542499,0.6511650326797387,-0.37784313725490115,-4.968299509803922,,-0.9240277777777788,-1.3206388888888885,-1.7132826797385619,temp,JJASO,Yr
19.25_102.25,0.5436078431372557,0.855860620915033,-0.02895424836601279,-3.465324999999998,,-0.6171535947712421,-0.9795923202614372,-0.18713888888889052,temp,JJASO,Yr
19.25_102.75,1.0643758169934632,0.07673039215686295,-0.07134967320261332,-2.6542488562091506,,-0.4770849673202626,-0.856654738562094,0.2542950980392167,temp,JJASO,Yr
19.25_103.25,1.1771143790849692,-0.0686849673202623,-0.4718790849673198,-2.5616232026143777,,-0.7877777777777766,-0.9439098039215672,-0.11833447712418277,temp,JJASO,Yr
19.25_99.75,0.35498366013072236,1.7297026143790841,0.9470784313725513,-3.1387509803921567,,0.1768774509803901,-0.5787107843137242,-1.2384297385620933,temp,JJASO,Yr
19.75_100.25,-0.314274509803921,1.8891519607843126,0.24428921568627437,-3.843670424836601,,0.021285947712415876,-0.6174281045751648,-1.0374558823529405,temp,JJASO,Yr
19.75_100.75,0.2781339869281041,1.0911388888888887,-0.14846732026143883,-4.101088398692809,,-0.5193562091503292,-1.1292352941176471,-0.7578169934640542,temp,JJASO,Yr
19.75_101.25,-0.016614379084966657,0.1878202614379081,-0.5628235294117676,-4.411681209150327,,-1.0123888888888892,-1.5047526143790844,-0.9614313725490167,temp,JJASO,Yr
19.75_101.75,-0.9311437908496707,0.8658362745098014,-0.3722385620915052,-5.049493790849674,,-0.9550522875816974,-1.5958794117647077,-1.5766960784313735,temp,JJASO,Yr
19.75_102.25,-0.8576470588235292,0.40470866013071927,-1.3679542483660114,-4.6454982026143785,,-1.905124183006535,-1.7139839869281044,-1.0659264705882343,temp,JJASO,Yr
19.75_102.75,-0.4348267973856199,0.638498366013069,-0.39677777777777656,-3.8280782679738543,,-0.8219444444444424,-1.6511596405228754,-0.4049651960784342,temp,JJASO,Yr
19.75_103.25,-0.005313725490195154,0.8855563725490185,0.2506944444444432,-3.14990245098039,,-0.1318823529411759,-1.2765594771241844,-0.34982712418300643,temp,JJASO,Yr
19.75_99.25,0.022954248366010788,1.0110718954248359,-0.07884967320261715,-3.0264862745098053,,-0.46647549019608014,-1.1005261437908498,-1.2436029411764693,temp,JJASO,Yr
19.75_99.75,-0.26794771241829984,1.9419264705882338,0.7801846405228776,-3.6061949346405218,,-0.013870915032679676,-0.5958807189542465,-1.3865277777777774,temp,JJASO,Yr
20.25_100.25,-1.4022941176470596,1.603960784313724,0.04245751633987105,-4.995593464052288,,-0.13990522875816858,-1.0204460784313714,-1.4423594771241834,temp,JJASO,Yr
20.25_100.75,-0.7343856209150328,0.7660163398692816,-0.0686666666666671,-4.924093300653595,,-0.7785767973856199,-1.6499852941176485,-0.9611732026143809,temp,JJASO,Yr
20.25_101.25,-0.17093464052287466,0.7423186274509792,-0.34368790849673125,-4.567091013071895,,-0.7431045751633967,-1.4786753267973864,-0.659537581699345,temp,JJASO,Yr
20.25_101.75,0.0833464052287578,1.1415372549019622,0.3001764705882355,-3.8013869281045753,,-0.29104901960784346,-0.9482372549019598,0.011534313725491074,temp,JJASO,Yr
20.25_102.25,-1.2830784313725498,1.42256209150327,-0.30577941176470524,-4.790515196078433,,-1.0960964052287583,-1.545345098039217,-0.6951405228758158,temp,JJASO,Yr
20.25_102.75,-0.7139836601307206,1.7891388888888855,0.21087254901960684,-3.894231045751635,,-0.7150898692810461,-1.029842483660131,0.06762418300653295,temp,JJASO,Yr
20.25_103.25,0.37175163398692845,2.055254738562091,1.0290179738562095,-2.660449019607844,,-0.43954901960784376,-0.8989178104575171,0.7205392156862747,temp,JJASO,Yr
20.25_99.25,0.45274183006536006,0.8237957516339893,-0.5477728758169924,-2.652778431372548,,-0.8290915032679749,-1.0559722222222234,-0.5237663398692831,temp,JJASO,Yr
20.25_99.75,-0.5200294117647051,1.777970588235295,0.3644101307189551,-3.808814215686274,,-0.621357843137254,-0.8702679738562082,-1.1481781045751625,temp,JJASO,Yr
20.75_100.25,-0.4870490196078432,1.1172042483660132,0.2655016339869274,-4.226129248366014,,0.04163888888888856,-1.032163398692811,-0.8198856209150325,temp,JJASO,Yr
20.75_100.75,-0.34553921568627644,0.9482026143790883,-0.03284477124183205,-4.481389052287582,,-0.7124493464052275,-1.6911692810457541,-0.23344444444444434,temp,JJASO,Yr
20.75_101.25,0.04242156862745183,0.5798267973856213,-0.08820915032679544,-4.136231862745097,,-0.629183006535948,-1.5767705882352931,0.1268137254901962,temp,JJASO,Yr
20.75_101.75,-0.43842156862745085,0.6923954248366009,0.10616503267973876,-4.312238725490197,,-0.8131209150326804,-1.61284640522876,-0.2459444444444454,temp,JJASO,Yr
20.75_102.25,-0.2966535947712412,1.856625816993466,0.07283333333333353,-3.7206648692810464,,-0.10303431372548921,-0.6496779411764688,0.4673970588235292,temp,JJASO,Yr
20.75_102.75,-0.7875882352941144,1.9249624183006535,0.26916993464052474,-3.9187289215686256,,-0.40651470588235306,-0.9433310457516342,0.42448202614379227,temp,JJASO,Yr
20.75_103.25,0.8880947712418283,1.906418300653593,0.9559722222222202,-2.027496895424836,,0.4136797385620916,0.04522385620915159,2.0596367647058837,temp,JJASO,Yr
20.75_99.75,0.32505228758169835,0.829436274509801,-0.24603104575163393,-3.0376483660130713,,-1.5522352941176472,-1.3220699346405222,-0.4768676470588247,temp,JJASO,Yr
21.25_100.25,-0.1396307189542494,0.545267973856209,1.3246650326797376,-3.575542483660131,,0.1001176470588252,-1.6624968954248356,-0.8239084967320256,temp,JJASO,Yr
21.25_100.75,-0.23252941176470543,0.8827042483660126,0.022705882352939355,-3.9658676470588237,,-0.47963888888888917,-1.5305602941176453,0.08864705882353086,temp,JJASO,Yr
21.25_101.25,-0.2751993464052287,0.5780359477124168,-0.12154738562091438,-4.055871895424836,,-0.6905310457516354,-1.6734746732026142,0.36168790849673194,temp,JJASO,Yr
21.25_101.75,0.3937549019607829,0.5954133986928092,0.2360522875817015,-3.294974836601307,,-0.25578431372549204,-0.9471568627450981,0.9665408496732013,temp,JJASO,Yr
21.25_102.25,0.2819313725490211,1.982924836601308,0.03047875816993617,-3.0166403594771243,,-0.5285996732026153,-0.48965375816993273,1.1642516339869289,temp,JJASO,Yr
21.25_102.75,-0.09018627450980432,2.026535947712418,0.3597635620915032,-3.138916013071894,,-0.5785506535947711,-0.26663415032679794,1.1231993464052294,temp,JJASO,Yr
21.25_99.75,0.604653594771241,0.04702549019607716,-1.5917222222222236,-2.2782181372549033,,-2.327382352941175,-1.739934803921571,-0.5101209150326795,temp,JJASO,Yr
21.75_100.25,0.8327908496732039,0.2862289215686289,0.34920751633987024,-2.5111952614379085,,0.054375816993465165,-1.2562140522875804,0.46683823529412116,temp,JJASO,Yr
21.75_100.75,-0.5840522875816987,0.6467205882352971,0.019593137254901194,-4.183173202614379,,-0.7445408496732,-1.7069032679738552,-0.02849346405228559,temp,JJASO,Yr
21.75_101.25,-0.4250490196078438,1.7912026143790865,1.0814820261437923,-3.9460950980392138,,0.40135130718954315,-1.0991392156862734,0.45970098039215834,temp,JJASO,Yr
21.75_101.75,0.6228104575163425,1.3199281045751654,0.8576192810457517,-2.548714705882354,,0.1953578431372538,-0.6260544117647076,1.6670555555555548,temp,JJASO,Yr
21.75_102.25,0.07695098039215686,2.0319967320261423,0.5469640522875796,-2.701982026143792,,-0.3142352941176494,-0.4578620915032694,1.2075702614379065,temp,JJASO,Yr
21.75_99.25,0.4164836601307176,0.02164379084967294,-2.113022875816993,-1.8444302287581689,,-2.2736339869281057,-1.8163464052287583,-0.09794607843137015,temp,JJASO,Yr
21.75_99.75,-0.12228104575163457,0.20870980392157001,-1.1334232026143827,-2.721803921568629,,-2.496151470588238,-2.104401470588236,-0.8274983660130708,temp,JJASO,Yr
22.25_100.25,1.0691470588235301,0.8481238562091509,0.021413398692809338,-2.4447184640522863,,-0.5462109477124191,-1.1262767973856214,0.8550980392156848,temp,JJASO,Yr
22.25_100.75,-0.33486274509804126,1.444261437908498,1.118660130718954,-4.102721568627453,,-0.017862745098039312,-1.222451960784312,0.026096405228759778,temp,JJASO,Yr
22.25_101.25,0.3258398692810456,1.9270702614379065,1.6799575163398703,-3.209501960784312,,0.970470588235294,-0.6157096405228746,0.8943513071895435,temp,JJASO,Yr
22.25_101.75,0.3854901960784307,1.7727352941176466,0.9237924836601312,-2.6666960784313734,,0.24917483660130735,-0.5809269607843142,1.2336535947712424,temp,JJASO,Yr
22.25_102.25,0.021764705882352686,1.8896372549019613,0.9203124183006555,-2.7723387254901954,,0.3452205882352928,-0.429497549019608,1.059869281045751,temp,JJASO,Yr
22.25_99.75,-0.01928104575163303,0.29334575163398746,-0.893563725490198,-2.7137598039215707,,-1.224230392156862,-2.013215522875816,-0.32106535947712445,temp,JJASO,Yr
22.75_100.25,-0.8067516339869254,-0.6294707516339866,-0.8249493464052282,-4.01113774509804,,-0.6864297385620937,-2.083206209150326,-0.7195294117647073,temp,JJASO,Yr
22.75_100.75,-0.8283627450980386,0.6630859477124194,0.5963415032679755,-4.065867973856209,,0.22820261437908407,-1.833017156862745,-0.28173366013072076,temp,JJASO,Yr
22.75_101.25,0.6919444444444434,1.187761437908497,0.1796519607843141,-2.5471575163398708,,-0.4026542483660105,-0.7500629084967336,1.3602352941176488,temp,JJASO,Yr
22.75_99.75,0.5287843137254917,-0.10611437908496946,0.09336601307189518,-2.5488923202614373,,-1.024231535947715,-1.6925653594771237,0.27209918300653335,temp,JJASO,Yr
23.25_100.25,-1.5775261437908483,-1.0433550653594779,-1.7017116013071902,-4.52865506535948,,-2.155526470588235,-2.512065522875817,-1.4324099673202646,temp,JJASO,Yr
23.25_100.75,-1.9882189542483673,-0.8695049019607861,-1.6322478758169918,-5.068685784313725,,-2.88434297385621,-2.863586274509803,-1.315943464052289,temp,JJASO,Yr
23.25_99.25,-0.20347058823529274,-0.08192189542483952,-0.9677679738562066,-3.353387581699346,,-1.1616617647058831,-2.093910784313726,-0.3863671568627449,temp,JJASO,Yr
23.25_99.75,-0.005496732026143647,-0.5963761437908506,-1.0834133986928123,-3.016793300653596,,-1.2561929738562068,-1.8815460784313736,-0.1809870915032672,temp,JJASO,Yr
23.75_100.25,-2.0107679738562094,-2.5555665032679755,-2.80831699346405,-4.475363235294118,,-3.079594281045752,-3.5871676470588216,-2.335866830065358,temp,JJASO,Yr
23.75_100.75,-1.583117647058824,-1.0467001633986932,-1.7459950980392147,-4.3161016339869285,,-2.414518790849673,-2.7787723856209148,-1.4946720588235323,temp,JJASO,Yr
24.25_100.25,-1.8364542483660156,-2.4271995098039234,-1.6301357843137243,-3.255170261437911,,-2.1244125816993478,-3.6726080065359454,-2.37065751633987,temp,JJASO,Yr
24.25_100.75,-1.9188856209150327,-1.9839459150326793,-0.6268643790849673,-3.507435620915034,,-1.3974584967320247,-3.274641339869282,-2.339835130718953,temp,JJASO,Yr
24.25_99.75,-1.1033398692810454,-1.488468954248365,-2.337830065359478,-2.4782578431372553,,-3.008267320261435,-2.9902486928104572,-1.3156310457516351,temp,JJASO,Yr
24.75_100.25,-1.6301993464052291,-2.0357586601307176,-1.112068464052287,-2.847253758169934,,-1.1978714052287582,-3.1985787581699334,-2.071731372549019,temp,JJASO,Yr
24.75_99.75,-1.137078431372549,-0.9814437908496743,-1.3569431372549001,-2.179086437908495,,-1.6973978758169928,-2.5171993464052296,-1.0840039215686286,temp,JJASO,Yr
25.25_99.75,-0.9915882352941203,-1.3697782679738566,-0.6880718954248373,-2.786216503267976,,-1.4569616013071922,-2.7601544117647077,-1.7435929738562077,temp,JJASO,Yr
25.75_100.25,0.8503398692810471,0.1664591503267978,1.1203222222222227,-0.15058120915032447,,1.1210921568627459,-0.46911143790849685,-0.22122859477124202,temp,JJASO,Yr
25.75_99.25,0.5416852941176469,-0.40143970588235334,-0.862188562091502,-1.4327167794117646,,-1.3766743464052293,-1.6205560947712438,-1.3578676470588231,temp,JJASO,Yr
25.75_99.75,0.33084967320261427,-0.586093790849672,-0.8141437908496716,-1.1047860620915042,,-0.9825194444444438,-1.5011766339869288,-0.9305900326797403,temp,JJASO,Yr
26.25_99.25,0.668906209150328,-1.1628794117647052,-1.9339508169934634,-0.4778982843137243,,-2.420712076143791,-1.7252697875816985,-1.3370723398692812,temp,JJASO,Yr
26.25_99.75,0.7285650326797404,-0.6414839869281055,-1.2986651960784306,0.21220947712418425,,-1.2330345816993473,-1.1268013398692798,-0.7465100163398697,temp,JJASO,Yr
26.75_99.25,0.7955196078431372,-1.4744931372549006,-3.3775921209150326,0.37005960784313885,,-3.6696916944444427,-1.667166560457515,-1.1802619281045752,temp,JJASO,Yr
27.25_99.25,-0.3120643790849682,-1.8661464869281046,-3.0183093464052284,-0.5174517973856201,,-3.4974907205882353,-2.310116461111111,-1.7998415032679738,temp,JJASO,Yr
27.75_98.75,-1.561808169934639,-2.644845849673205,-4.248418785947712,-1.9332794199346406,,-4.1512271813725485,-2.747337040849673,-1.9106528624183001,temp,JJASO,Yr
28.25_98.75,-0.07504084967320335,-3.686679318627451,-3.346613204248366,-1.8460304950980388,,-3.7480635392156856,-3.0482927124183004,-1.5723777712418308,temp,JJASO,Yr
28.75_98.75,0.12185130718954262,-2.49334041993464,-1.5240959869281046,-2.184231431977124,,-1.309216783986928,-2.855356420261438,-1.580299305392158,temp,JJASO,Yr
29.25_98.25,0.13399480392156882,-2.5568426617647058,0.5819163872549007,-3.020605592320261,,-0.8555641820261428,-3.303759395424837,-1.0799133668300653,temp,JJASO,Yr
29.75_98.25,-1.2252119934640522,-3.30984669117647,-0.851244029411764,-4.063333079248365,,-0.43991564869280975,-5.479074932026145,-1.8065715285947714,temp,JJASO,Yr
30.25_97.75,-0.8149728558823526,-2.9543310784313714,-3.4501918785947705,-2.6701569169117647,,-3.861544958496731,-5.3780477021078426,-1.3726094346405224,temp,JJASO,Yr
30.25_98.25,-1.2618039215686268,-2.910521052614379,-2.8866062941993476,-4.20064347875817,,-3.113723609477125,-5.308686094771243,-1.4284758477124182,temp,JJASO,Yr
30.75_97.25,-2.394184274509803,-2.855228527777778,-7.43882208496732,-3.196397104575164,,-7.590118332679738,-5.677942640196079,-3.8365801949346405,temp,JJASO,Yr
30.75_97.75,-2.5638841339869294,-3.238044946405229,-5.259211382026145,-3.7625332908496736,,-4.882277258169935,-5.874983236111111,-3.5180478431372553,temp,JJASO,Yr
31.25_96.25,-1.5695670915032682,-2.1435188797385627,-6.701660607843138,-2.2770120277777774,,-7.067383831699347,-4.164723753267975,-2.674366269934641,temp,JJASO,Yr
31.25_96.75,-2.1479827450980387,-2.064740648692811,-7.540778708169935,-2.7974363398692814,,-7.814896786601308,-4.806898698692811,-2.85320176372549,temp,JJASO,Yr
31.25_97.25,-3.1840310784313717,-2.2602592075163406,-8.923599939542484,-3.6499145588235296,,-9.206398820261438,-6.006167181372549,-4.051948712418301,temp,JJASO,Yr
31.75_95.75,-0.18123395424836586,-1.1283775915032677,-3.8463058635620913,-1.2248939390522877,,-4.970163280857189,-3.8446354330065358,-1.6620282223856204,temp,JJASO,Yr
31.75_96.25,-1.7095941830065362,-1.7278257885620918,-5.890400021241831,-2.8639475098039213,,-6.165493949019609,-4.553070487254902,-2.541515752941177,temp,JJASO,Yr
31.75_96.75,-2.018150326797385,-1.4705966617647057,-6.236364003267973,-3.5764489117647056,,-6.3740550277777785,-4.946756812745097,-2.4833266830065353,temp,JJASO,Yr
31.75_97.25,-1.8255439869281052,-1.2865192222222226,-5.912775750653594,-2.833825761437909,,-6.2524057091503265,-4.522889632352941,-2.013529132352941,temp,JJASO,Yr
31.75_97.75,-1.5387789901960778,-2.3238420833333326,-6.458762031535947,-2.6689119232026144,,-6.376135275816992,-4.496294875,-2.4485371356209145,temp,JJASO,Yr
32.25_94.75,-1.1540381741830066,-1.7203732758169938,-2.011754101372549,-2.073729736928105,,-3.4509730016339875,-3.9857756764705883,-2.2652297707026143,temp,JJASO,Yr
32.25_95.25,-1.696973823529412,-2.048866434640524,-1.5688373519607843,-2.5611534372549025,,-0.8519447107843137,-4.087378928431373,-2.6963816274509806,temp,JJASO,Yr
32.25_95.75,-2.214285488888889,-1.8289338928104582,-2.722686948366013,-3.3565012875817,,-2.22692398627451,-4.434968651960784,-2.9768634460784322,temp,JJASO,Yr
32.25_96.25,-2.261339911764706,-1.0410657516339876,-4.824812964705882,-3.366968343137255,,-4.4760451506535945,-4.21241943496732,-2.3695295751633987,temp,JJASO,Yr
32.25_96.75,-2.224191111111111,-1.3263972287581698,-5.822276723856209,-3.943539542483661,,-5.993296939542484,-4.589562646732027,-2.1424093764705887,temp,JJASO,Yr
32.25_97.25,-1.338960065359477,-1.152215359477124,-5.418490986928105,-3.046531277777778,,-5.685844332679739,-3.7085996895424835,-1.2129407326797392,temp,JJASO,Yr
32.25_97.75,-0.7406882647058826,-0.8359395929738564,-4.366002386437909,-2.3034324661764702,,-4.770559967320262,-3.2432665993464056,-1.3007387465686278,temp,JJASO,Yr
32.75_94.75,-1.6137562254901963,-1.6551856519607844,-2.295175064705883,-2.9115851405228756,,-3.327170650980392,-4.037891316013072,-2.732187058986928,temp,JJASO,Yr
32.75_95.25,-2.898573725490196,-1.9748641382352936,-4.072908377777777,-4.040167856209151,,-5.040105259477125,-4.859517488235294,-3.8324859934640525,temp,JJASO,Yr
32.75_95.75,-1.9657473758169939,-1.2715621911764696,-5.351458952941176,-3.062321542810457,,-6.3241091111111105,-4.013789586601307,-2.688859112745098,temp,JJASO,Yr
32.75_96.25,-1.994665483660131,-1.2336659852941185,-5.324010075653595,-3.2727648359477124,,-5.388737233660131,-3.9299480326797385,-2.4167452594771244,temp,JJASO,Yr
32.75_96.75,-0.6564361928104581,-0.5944606707516349,-5.58983649003268,-2.4386394281045756,,-5.771768572875817,-3.107380583986928,-1.1146616883986926,temp,JJASO,Yr
33.25_94.25,-1.2970448692810457,-0.8932240151307189,-4.198105576797386,-2.4489376230392157,,-4.736451213725491,-3.3130556519607843,-2.051745505228758,temp,JJASO,Yr
33.25_94.75,-1.9152473202614377,-1.2045168660130718,-4.774043225490196,-3.3293370277777776,,-5.156565192810458,-4.3222263516339865,-2.7894541967320268,temp,JJASO,Yr
33.25_95.25,-1.256294117647059,-1.230763841503268,-5.4235109919934645,-2.3945733333333337,,-5.492092449346405,-3.358496524509804,-2.0892756609477123,temp,JJASO,Yr
33.25_95.75,-0.5557839520294119,-0.9631059754901963,-5.217858216993465,-1.2249942374183007,,-9.667108323529412,-2.4815234004738564,-1.2111327173202615,temp,JJASO,Yr
9.25_105.25,0.13684313725489972,1.8952647058823526,0.7123790849673206,0.3092696078431363,,0.45629575163398783,-0.04496078431372652,0.38733660130719016,temp,JJASO,Yr
9.25_105.75,-0.0552320261437913,1.866039215686273,0.7077696078431348,0.10675000000000345,,0.2603464052287574,0.2129199346405244,0.42855882352941244,temp,JJASO,Yr
9.75_105.25,-0.33447058823529474,1.675302287581701,0.4570310457516342,-0.5501192810457489,,-0.024331699346403113,-0.4473839869281022,0.03952614379085162,temp,JJASO,Yr
9.75_105.75,-0.315124183006537,2.119529411764706,0.39024509803921603,-0.7049869281045744,,0.11173529411764527,-0.06165032679738047,0.03331372549019562,temp,JJASO,Yr
9.75_106.25,-0.23154248366012808,1.9499918300653576,0.7742810457516356,-0.7109934640522884,,0.4344509803921568,0.34054248366012985,-0.0303251633986914,temp,JJASO,Yr
